nom_du_projet,resume_du_projet,montant_engage,numero_dossier_ds,numero_ej,numero_operateur,operateur,demarche,nom_region,nom_departement,code_departement,siret_beneficiaire,raison_sociale_beneficiaire,forme_juridique_beneficiaire,code_commune,nom_commune
Création d’une Zone de Mouillage et d'Équipements Légers au Gosier,"Face à l’augmentation du nombre de plaisanciers sur le territoire de la CARL, le mouillage des navires représente un enjeu environnemental, d’attractivité maritime et de développement économique pour la CARL et ses communes membres.

L’établissement d’une ZMEL consiste à délimiter et aménager, sur le domaine public maritime naturel, une aire d’accueil et de stationnement temporaires pour les navires et bateaux, avec des installations mobiles et relevables qui garantissent la réversibilité de l’affectation du site occupé.

Afin de répondre à ces enjeux, il apparaît nécessaire que la ville du Gosier s’engage, en lien avec les services de l’Etat, sur la conduite d’opérations d’aménagement de zone de mouillage et d’équipements légers (ZMEL) sur le littoral communautaire.
",950000.00,11735188,2104799551,,,SN Biodiversité,Guadeloupe,Guadeloupe,971,21971113200015,COMMUNE DU GOSIER,Commune et commune nouvelle,97113,Le Gosier
Oasis Urbaine de Biodiversité ,"Le projet d’Oasis Urbaines de Biodiversité mené par l’ADLVP vise à régénérer les derniers îlots de mangrove à Fort-de-France, menacés par l’anthropisation, le tout dans le contexte de montée des eaux. 3 sites vulnérables sont ciblés via des actions de connaissance, de restauration, de protection et de valorisation. Ces actions d’éco-responsabilité, par la sensibilisation, l’insertion, la gestion citoyenne et éducative, suivent un fil rouge : la résilience.
Nous visons également à  positionner ces sites en Aires Maritimes Educatives et/ou Aires Maritimes protégées pour y développer des projets éducatifs pérennes, adaptés et partagés, qui intègrent des actions souples et innovantes de protection et de valorisation. Cette démarche permettra de sensibiliser tout un chacun sur l’importance de cet écosystème tout en renforçant notre culture environnementale qui ne cesse de disparaître, de génération en génération.
",355400.03,11745400,2104861033,,,SN Biodiversité,Martinique,Martinique,972,82972296600019,AGENCE DE DEVELOPPEMENT LOCAL DE VOLGA PLAGE (ADLVP),Association déclarée,97209,Fort-de-France
"Restauration et revitalisation des étangs du Scamandre, du Charnier et du Crey.","L'écocomplexe Crey-Scamandre est un site majeur pour la biodiversité. Il fut longtemps la plus grande roselière exploitée de France, la sagne étant une activité traditionnelle importante notamment pour l'entretien et la valorisation de la roselière. La dégradation des milieux, lente, constante, irréversible, due au dérèglement climatique, à la transformation ou abandon de certaines activités et aux nombreux conflits d'usage autour de l'eau, a mis en péril cet écosystème. La faune inféodée à ces habitats est en voie de disparition, les activités socio-économiques traditionnelles ont déserté et le patrimoine culturel/paysager est dévalorisé. Ce constat doit déclencher des actions pour restaurer la qualité de l'eau, la refaire circuler dans les milieux complètement eutrophisés, réduire la salinité, restaurer les populations d'espèces sauvages menacées, rétablir des habitats et une continuité écologique, assurer surveillance et suivi sur le long terme.",110641.13,11963087,2104795151,,,SN Biodiversité,Occitanie,Gard,30,24300059300034,COMMUNAUTE DE COMMUNES DE PETITE CAMARGUE,Communauté de communes,30341,Vauvert
Mesures de protection et d’accompagnement des usages compatibles avec la préservation du gîte majeur à Chiroptères de l’Adaouste,"La grotte de l’Adaouste bénéficie depuis peu, par l’action du GCP et ses partenaires, d’un périmètre physique de protection et d’un APB destinés à protéger ce gîte en faveur des Chiroptères. Afin de compléter et renforcer sa préservation, il est nécessaire de mettre en place des mesures complémentaires de protection et de surveillance. 
Les actions suivantes seront mises en oeuvre:
- Evaluer l'impact des mesures de protection sur la population de chiroptères, via la pose d'un enregistreur acoustique automatique
- Etablir un cadre de surveillance et de contrôle des activités :
•	Outils de surveillance renforcée du gîte
•	Entretien du périmètre de fermeture
- Accompagner les usages compatibles avec la conservation des chauves-souris : 
•	Installation d’un cheminement dans la grotte en concertation avec les spéléologues
•	Pose d’une barrière de piste donnant accès à la cavité
•	Conception et pose de panneaux d’information
",49110.00,11970100,2104775600,,,SN Biodiversité,Provence-Alpes-Côte d'Azur,Bouches-du-Rhône,13,42037692300025,ASSO GROUPE CHIROPTERE DE PROVENCE,Association déclarée,04178,Saint-Étienne-les-Orgues
Renforcement de la connectivité et de la résilience des réserves naturelles forestières,"Ce projet vise à renforcer la résilience et la connectivité de 3 réserves naturelles nationales gérées ou co-gérées par l'ONF : RNN Trinité, Nouragues et Mont Grand Matoury.
Ce renforcement passe par la sécurisation des zones périphériques de trois zones de protections fortes, en identifiant les menaces qui pèsent sur celles-ci, et en trouvant les éléments juridiques ou de médiations qui permettent de limiter ces menaces.",130000.00,12010640,2104773142,,,SN Biodiversité,Guyane,Guyane,973,66204311600497,OFFICE NATIONAL DES FORETS,Établissement public national à caractère industriel ou commercial doté d'un comptable public,97301,Régina
Plan écologique pour les forêts alluviales et ripisylves de Durance,"Ce projet vise à définir une stratégie spatio-temporelle à l’échelle du bassin de la Durance. Il permet la préservation d’un réseau de ripisylve et de forêt alluviale en connexion tout en s’assurant de la persistance des habitats clefs à une échelle fonctionnelle à définir lors du projet. Ce travail permettra aux divers acteurs des milieux aquatiques de mettre en œuvre des actions allant dans le sens de la préservation des équilibres entre conservation de la biodiversité et nécessité d’aménagements visant d’autres objectifs. Ainsi, les syndicats mixtes, structures environnementales, collectivités, parcs, entreprises privées et Représentants de l’Etat auront accès à une base décisionnaire pour la mise en œuvre de leurs politiques.",51792.00,12274714,,900202469,Agence de l'eau,SN Biodiversité,Provence-Alpes-Côte d'Azur,Alpes-de-Haute-Provence,04,42037692300025,ASSO GROUPE CHIROPTERE DE PROVENCE,Association déclarée,04112,Manosque
"ÉVALuation des menaces sur les populations de plantes menacées en milieux NATurel, et actions de conservation, au travers la réalisation d’un réseau de micro-arboretums pour alimenter en diaspores les futurs projets de restauration, plantation d’espèces indigènes protégées. ","Reconnue pour la richesse et l’originalité de sa flore, l’île de La Réunion abrite de nombreuses espèces qui n'existent nulle part ailleurs au monde. Un récent état des lieux (UICN 2023) réalisé sur l’ensemble de la flore vasculaire réunionnaise montre que 395 espèces sont menacées et 31 autres quasi menacées, tandis que 41 espèces ont déjà disparu. Le bilan dressé met en évidence les pressions croissantes qui pèsent sur la flore de l’île (UICN 2023).
En lien avec une concertation locale (Baret et al. 2012) et la récente stratégie de conservation ex situ (CBNM 2024), la SPL EDDEN souhaite développer un réseau de micro-arboretums de plantes protégées sur des terrains du Conseil Départemental. Pour cela EDDEN a déjà obtenue une autorisation de récolte et de production pour le projet et établi une convention de partenariat avec le CBNM Mascarin.",102885.00,12318430,2104909257,,,SN Biodiversité,La Réunion,La Réunion,974,85065445000046,SOCIETE PUBLIQUE LOCALE EDDEN (ECOLOGIE ET DEVELOPPEMENT DURABLE DES ESPACES NATURELS),SA à conseil d'administration (s.a.i.),47222,La Réunion
Zones de tranquillité pour les espèces emblématiques au sein d’un domaine skiable,"Le projet vise à créer des Zones de Tranquillité (ZT) pour favoriser la préservation du tétras-lyre, une espèce emblématique des Alpes, au sein des espaces de loisirs hivernaux des 3 Vallées. Ces ZT permettront à la faune de trouver la tranquillité nécessaire à son cycle de vie. Des travaux d'aménagement forestier, notamment la plantation d'une haie dense de résineux locaux, serviront à matérialiser les ZT et à limiter les intrusions des skieurs. pour favoriser l'appropriation et le respect des ZT par les utilisateurs des domaines skiables.",69997.90,12621964,2104822316 | 2104827444,,,SN Biodiversité,Auvergne-Rhône-Alpes,Savoie,73,35306596400010,SOCIETE D'EXPLOITATION DE LA VALLEE DES BELLEVILLE,"SAS, société par actions simplifiée",73257,Les Belleville
Travaux de restauration des continuités écologiques sur les talus routiers,"Action B2 : Travaux de restauration des continuités écologiques sur les talus routiers
Maître d’ouvrage : Conseil Départemental des Ardennes (CD08)
Acteurs associés :
➢ Parc naturel régional des Ardennes 
➢ Conservatoire Botanique National du Bassin Parisien (CBNBP)
➢ Association les Amis du Parc
➢ Etablissement Public d’Aménagement de la Meuse et de ses Affluents (EPAMA)

Objectifs : Restauration des continuités écologiques, reconstruction de corridors entre les réservoirs de biodiversité.
Description détaillée : l’implantation d’éléments naturels sur la D20 permet d’améliorer la biodiversité et de lutter contre l’érosion et les inondations sur le territoire du PNR.
Travaux prévus : plantations de haies.
",10000.00,13372287,2104775048,,,SN Biodiversité,Grand Est,Ardennes,08,22080004900011,DEPARTEMENT DES ARDENNES,Département,08071,Blombay
"Protection, préservation et mise en valeur du Bois de MOUGNO",Préemption ayant pour but de préserver l'espace forestier bordant la Commune tout en y assurant un cadre et un suivi plus régulier. La biodiversité y sera également protégée et préservée. La gestion sera assurée par l'ONF. ,24000.00,13490377,2104647700,,,SN Biodiversité,Occitanie,Hérault,34,21340053400011,COMMUNE DE CARLENCAS-ET-LEVAS,Commune et commune nouvelle,34053,Carlencas-et-Levas
"Opération ""J'éteins la nuit!"" ","Cette action a pour objectif de réaliser des inventaires sur trois ordres faunistiques : les chiroptères, les rapaces nocturnes et les hétérocères car ils sont fortement impactés par la pollution lumineuse et de sensibiliser les collectivités, entreprises et citoyens à l'impact des éclairages la nuit. Pour cela, des études et suivis scientifiques sur ces populations seront réalisés dans le cadre d'inventaire, mais également de manière participative avec l'implication des habitants par le biais de visites chez le particulier, de réunions publiques, permanences téléphoniques et ateliers de sciences participatives.
Nous accompagnerons de manière plus spécifiques des collectivités intéressés dans la pose et le suivi de nichoirs pour les rapaces. Des mesurer sur la pollution lumineuse présente sur chaque secteur inventorié sera réalisé pour établir l'impact que peut avoir cette pollution lumineuse sur la biodiversité nocturne.",119987.00,14142993,,41667,Agence de l'eau,SN Biodiversité,Hauts-de-France,Pas-de-Calais,62,32942464200034,CENTRE INITIATION ENVIRONNEMENT URBAIN,Association déclarée,62041,Arras
Mise en place d'une mesure de protection de l'Effraie des clochers dans les communes par la mise en place de nichoirs dans les bâtiments communaux et suivi par baguage des populations,"L'effraie des clochers (Tyto alba) est un des rapaces nocturnes les plus courants de France. Son abondance relative ne doit pas faire oublier les menaces qui pèsent sur l'espèce : diminution de sa ressource alimentaire via l'intensification des pratiques agricoles, raréfaction des sites de reproduction, sensibilité aux épisodes climatiques extrêmes, notamment les vagues de froid, mortalité routière élevée…La pose de nichoirs permettrait le développement des populations. Le protocole de suivi est coordonné par le muséum d’histoires naturelles à travers le Centre de recherche et de suivi des populations d’oiseaux.  Il sera effectué par un bagueur agrée par le CRBPO salarié du CPIE Villes de l’Artois.  Le CPIE propose de mettre en place des nichoirs dans les églises ou exploitations et de les suivre chaque année.  Une journée de sensibilisation aura lieu pour les habitants des communes concernées ainsi qu'une rencontre avec les élus pour expliquer le projet.",44998.00,15308655,,41663,Agence de l'eau,SN Biodiversité,Hauts-de-France,Pas-de-Calais,62,32942464200034,CENTRE INITIATION ENVIRONNEMENT URBAIN,Association déclarée,62041,Arras
Centre de soins à la faune sauvage du Var,"Notre association souhaite ouvrir un centre de soins à la Faune sauvage dans le Var. En effet le manque de structures à l'échelle régionale et les nombreux appels reçus sur notre ligne téléphonique varoise dédiée à la faune sauvage en détresse pour sa première année de fonctionnement (900 appels) démontrent le besoin urgent d'une telle structure. Notre équipe est composée de personnes formées et compétentes (assistants vétérinaires, vétérinaires, professionnels du milieu associatifs...) et en lien avec les différents acteurs du milieu, dont les institutions, dans le cadre de la création de ce projet. Ce centre sera basé sur la commune du Pradet, en partenariat avec le Conservatoire du littoral qui est propriétaire du terrain. 
                                                                                                                                                                                               ",60000.00,15479260,2104917802,,,SN Biodiversité,Provence-Alpes-Côte d'Azur,Var,83,92399334900011,TOTEM,Association déclarée,83098,Le Pradet
Atlas de la Biodiversité Intercommunale de la CARL,"La CARL est un territoire fortement attractif et réputé pour ses plages et son cadre de vie. Il possède également un riche patrimoine naturel qui est  menacé par diverses pressions exercées sur lui.

L’Atlas de la Biodiversité Intercommunale permet de mettre en exergue toute la richesse faunistique et floristique du territoire. Il vient compléter les connaissances déjà acquises lors de l’élaboration des ABC de trois communes membres (Gosier, Saint-Anne et Saint-François). 

Ce projet se situe dans la continuité des engagements de la CARL et représente un outil opérationnel supplémentaire pour l’intégration de la biodiversité dans les politiques d’aménagement et de gestion du territoire. Il permet également d’articuler la connaissance et la mobilisation à l’échelle locale à des objectifs mondiaux de reconquête de la biodiversité à travers l’élaboration d’un plan d’actions pertinent pour le territoire.
",200480.00,16345997,,,,SN Biodiversité,Guadeloupe,Guadeloupe,971,20004150700027,"COMMUNAUTE D'AGGLOMERATION ""LA RIVIERA DU LEVANT""",Communauté d'agglomération,97110,La Désirade
Remise en pâturage d'anciennes prairies de bord de Loire,"L'association foncière pastorale Bords de Loire en Saumurois a pour vocation de faciliter la mise en valeur des prairies de bord de Loire par le pâturage ou la fauche. Le projet vise à remettre en pâture un ensemble de 7ha sur la commune de Montsoreau. Les travaux consistent en de l'élagage et des abattages raisonnés pour pouvoir poser une clôture et à la réalisation d'un accès à l'eau pour les animaux. Un éleveur local fera ensuite pâturer son troupeau en accord avec les objectifs de biodiversité et de maintien de l'ouverture du site (mise en défens des annexes fluviales, pression de pâturage moindre sur les zones humides, ralentissement et stabilisation de la dynamique ligneuse)",18982.00,16513960,,REG-2025-03484,Agence de l'eau,SN Biodiversité,Pays de la Loire,Maine-et-Loire,49,20009870500011,ASSOCIATION FONCIERE PASTORALE BORDS DE LOIRE EN SAUMUROIS,Association syndicale autorisée,49219,Montsoreau
Réalisation d'un Atlas de la biodiversité communale,"Dans le cadre de l'appel à projets « Atlas de la biodiversité communale »  lancé par 
l'Office français de la biodiversité (OFB), la ville de Bram a souhaité prendre attache avec 
l’association naturaliste locale Ecodiv afin de réaliser des inventaires faunistique et 
floristique sur le territoire communal. 
3 secteurs seront privilégiés : parc des Essars, lac de la Gabache, La Seignoure. 
L'association Nature en Jeux animera avec les enfants des écoles des inventaires participatifs.
L'association Grains d'Art portera la mise en œuvre d'un jeu concours dans les écoles de la ville avec la création d'une mascotte. Une exposition et un parcours naturaliste illustrés des espèces animales et végétales emblématiques de la commune seront créés. Un livret pédagogique sur la biodiversité de la commune qui inclura une fiche inventaire verra le jour. Il sera composé de fiches d'identification, de conseils de préservation, d'activités ludiques et pédagogiques.",44790.00,16530977,,,,SN Biodiversité,Occitanie,Aude,11,21110049000013,COMMUNE DE BRAM,Commune et commune nouvelle,11049,Bram
"Espace Naturel Sensible de la montagne de Miélandre - Plan de préservation, de gestion et d'interprétation 2024 - 2028","Suite à une aide du Département de la Drôme et de la Région AURA, la commune de Vesc a acheté le site de la montagne de
Miélandre en vue de créer un Espace Naturel Sensible (255ha). La gestion de ce site a été confiée à la communauté de communes
Dieulefit-Bourdeaux. Suite à un travail important de concertation et coconstruction, un projet de plan de préservation, de gestion et d'interprétation, avec une méthodologie proche des réserves naturelles, a été validé par le comité de gestion du site. D'une durée de 5 ans, il se traduira en différentes actions en matière de connaissance, de gestion, d'ouverture au public et d'animation, répondant à la stratégie définie. Ce plan, ainsi que la demande de labellisation du site en ENS ont été validés par le conseil communautaire et sont en instance de l'être par le Département de la Drôme. 
Le présent dossier Fonds vert porte sur le volet ouverture au public et sur une action du volet connaissance.",19904.00,16558847,2104672357,,,SN Biodiversité,Auvergne-Rhône-Alpes,Drôme,26,24260049200019,CC DIEULEFIT-BOURDEAUX,Communauté de communes,26373,Vesc
Acquisition du site et lancement des études dans le cadre de la Renaturation de l'ancien camping du Phare,"La commune a récemment acquis le site de l'ancien camping du Phare de Pontusval (partie sur la commune de Plounéour-Brignogan-Plages et partie sur la commune de Kerlouan) afin de le renaturer. Ce lieu abandonné fait l'objet d'un projet de restauration de la biodiversité et des zones humides. Le site présente un fort potentiel d’aménagement naturel avec notamment la présence d’une roselière. Ce travail se veut également pédagogique pour sensibiliser, éduquer à la prise de conscience de la fragilité du littoral, aux risques naturels et notamment celui de submersion marine et de l’érosion, et de fait, à la nécessité du repli de l’activité humaine et la restauration des espaces naturels. Il permettrait de restaurer le cordon dunaire. Le projet va de l'acquisition à l'aménagement naturel en passant par le retrait des nombreuses caravanes, mobil homes et cabanons qui l'encombrent, des études relatives à la restauration de la faune et la flore locale, des études de restauration d'une zone humide et de sa capacité de rétention des eaux pluviales.
A ce stade nous sollicitions le Fonds Vert pour une aide sur l'acquisition foncière et l'étude faune-flore.
",95000.00,16696896,,REG-2025-03010,Agence de l'eau,SN Biodiversité,Bretagne,Finistère,29,20006305500012,COMMUNE DE PLOUNEOUR-BRIGNOGAN-PLAGES,Commune et commune nouvelle,29021,Plounéour-Brignogan-plages
REPIC : REstaurer la Posidonie Impactée par l'anCrage - Projet 2025 -,"Posidonia oceanica est une espèce protégée, endémique de la mer Méditerranée, qui forme de vastes prairies. Les rôles écologiques et économiques des herbiers de posidonie sont fondamentaux. Avec une croissance lente et une très forte vulnérabilité aux pressions anthropiques, ils sont en sérieux déclin. Depuis 2019, le programme REPIC permet de replanter des fragments d’herbiers arrachés par les ancres. L’expérience acquise lors des six années d'expérimentation a permis d’atteindre une efficacité de restauration de 80%, avec une surface en voie de restauration de 3800 m² replantée de 273500 faisceaux. En 2025, nous poursuivrons la restauration (et le suivi) de cet écosystème-clé sur 1700 m² supplémentaires. Cela contribuera à rétablir les services écosystémiques, à atténuer le changement climatique grâce à la séquestration en carbone opérée par la posidonie et à décliner l’adoption du règlement européen sur la restauration de la nature.",136184.00,16717061,2104733350,,,SN Biodiversité,Provence-Alpes-Côte d'Azur,Alpes-Maritimes,06,50312241800026,ANDROMEDE OCEANOLOGIE,Société à responsabilité limitée (sans autre indication),06011,Beaulieu-sur-Mer
"Développement et mise en œuvre d'un programme d'éradication du Gecko tokay, Gekko gecko, en Martinique (GEKKOMAR)","Les écosystèmes insulaires des Caraïbes sont menacés par l'introduction croissante d'espèces exotiques envahissantes, nécessitant des efforts de gestion malgré la complexité de leur contrôle. Le Gecko Tokay, Gekko gecko, représente une menace sérieuse en Martinique, par sa prédation sur d'autres animaux et insectes autochtones, et sa capacité à transmettre des bactéries résistantes aux antibiotiques. Pour contrer cette menace, un projet d'éradication sur deux ans est proposé, utilisant une méthode de capture combinant refuges artificiels et aveuglement éphémère. Une campagne de sensibilisation du public accompagnera ces mesures pour renforcer la surveillance du territoire et l'adhésion locale. L'évaluation de l'efficacité se fondera sur la diminution du taux d'occupation du Gecko Tokay, la réhabilitation des espèces natives, et l'acceptation sociale des actions de contrôle.",74034.00,16776754,2104845503,,,SN Biodiversité,Martinique,Martinique,972,81133454900045,ASSOCIATION CARIBAEA INITIATIVE,Association déclarée,97230,La Trinité
Caractérisation de l'impact de la chasse sur la dynamique de renouvellement forestière,"L’ONF, avec 6 millions d’ha de forêts domaniale, est le premier gestionnaire d’espaces naturels en Guyane. L'exploitation à faible impact l’amène à développer un réseau de dessertes forestières qui s’accompagne l’extension spontanée d’autres activités, et notamment la chasse. Hors la régénération forestière repose sur la zoochorie. Il a été démonté que l’impact de la diminution des populations animales en raison de la chasse sur le renouvellement forestier est réel. L’ONF souhaite investir le champ cynégétique en conduisant une étude caractérisant les pratiques de la chasse sur deux zones à forts enjeux et en modélisant de l’impact de la chasse sur la dynamique de régénération forestière. Cette étude anticipe la mise en place participative de mesures de gestion de la chasse et l’optimisation de la planification des dessertes forestières. Elle préfigure la création de plans de gestion de la chasse sur d’autres forêts gérées.
",147911.00,16777299,2104635107,,,SN Biodiversité,Guyane,Guyane,973,66204311600497,OFFICE NATIONAL DES FORETS,Établissement public national à caractère industriel ou commercial doté d'un comptable public,97301,Régina
Étude et actions de conservation sur les gites d'espèces de chauves-souris annexe II de Camargue,"La Camargue a la spécificité d'abriter de nombreux gîtes de mise bas de chiroptères, notamment de Murins à oreilles échancrées et de Grands rhinolophes (espèce Annexe II), à forts enjeux de conservation. Or les dernières années de suivi des colonies connues mettent en évidence une baisse inquiétante des effectifs. Face à ce constat, il est urgent d’agir. Ce projet porte donc sur l’amélioration des connaissances et la mise en œuvre d'actions concrètes de conservation et d'aménagement des gites pour la conservation d’espèces annexe II de Camargue.",158563.00,16808308,2104775601,,,SN Biodiversité,Provence-Alpes-Côte d'Azur,Bouches-du-Rhône,13,42037692300025,ASSO GROUPE CHIROPTERE DE PROVENCE,Association déclarée,13004,Arles
Actions de conservation en faveur de l'avifaune de montagne,"Le projet se concentre sur des actions pouvant ainsi améliorer les habitats favorables pour la faune et la flore sauvage de montagne et se focalise plus particulièrement sur la trame aérienne. Pour cela, des espèces parapluies emblématiques des Alpes ont été choisis pour cibler nos actions (le Tétras-lyre, la perdrix bartavelle, le lagopède alpin, le Gypaète barbu, l’Aigle royal…). Le projet vise à réduire la mortalité par percussion de l’avifaune dans les câbles de remontées mécanique. Selon une étude menée sur le Tétras-lyre, la percussion dans ces câbles représente 20 % des causes de mortalité, soit autant que la prédation (POIA BIRDSKI). A ce jour, plus de 700 cas de mortalités d’oiseaux dans ces câbles ont été recensés dans les bases de données de l'OGM. Il est donc essentiel de sensibiliser les domaines skiables à cet enjeu et de leur proposer des outils pour rendre les câbles plus visibles pour l'avifaune de montagne.
",27000.00,16836607,2104820072,,,SN Biodiversité,Auvergne-Rhône-Alpes,Haute-Savoie,74,41946094400012,OBSERVATOIRE DES GALLIFORMES DE MONTAGNE,Association déclarée,74267,Sevrier
Lacustris 2024-2026,"Ce projet collaboratif « Lacustris » sur les lacs de montagne des Pyrénées françaises a pour objectifs, dans la dynamique instituée au sein du GIS Lacs des Pyrénées, de permettre des actions de conservation des écosystèmes lacustres. Le projet vise à consolider le cadre scientifique et technique de ces actions en fournissant des référentiels et des retours d’expériences. Il s’articule suivant trois axes :
(1) consolider les connaissances et les référentiels scientifiques et naturalistes nécessaires et préalables à la mise en œuvre d’actions de conservation maitrisée,
(2) expérimenter de nouvelles actions de gestion pour une amélioration de l’état de conservation des lacs de montagne dans les Pyrénées,
(3) communiquer sur la fragilité de ces écosystèmes et leur vulnérabilité face aux pressions anthropiques malgré une perception d’immuabilité de ces lacs par le grand public.
",367850.00,16865230,2104702772,,,SN Biodiversité,Occitanie,Hautes-Pyrénées,65,25650215400014,CONSERVATOIRE BOTANIQUE PYRENEEN,Syndicat mixte ouvert,65059,Bagnères-de-Bigorre
Un toit pour les chauves-souris,"L’objectif du projet est de ré-ouvrir des bâtiments abritant des chauves-souris, et en particulier les clochers des églises, en faisant des travaux et/ou aménagements sur des édifices préalablement identifiées pour réhabiliter des accès/habitats pour les chiroptères.  Le projet cible plus spécifiquement 5 espèces dont 3 trois sont classées espèces prioritaires à l’échelle nationale dans le PNAC 2016 -2025: le petit rhinolophe, le grand rhinolophe et le petit murin(cf. Tableau 2 : espèces prioritaires. P9). Les aménagements dépendront des espèces découvertes lors des inventaires réalisés dans et autour des bâtiments. Ce sont les espèces inventoriées et le potentiel d'accueil des sites qui permettront d’affiner ensuite les projets d'ouvertures.",48750.00,16916992,2104769687,,,SN Biodiversité,Occitanie,Hérault,34,33146693800056,ASSOCIATION DE GESTION DU CENTRE PERMANENT D'INITIATIVES POUR L'ENVIRONNEMENT DU HAUT LANGUEDOC,Association déclarée,34107,Fraisse-sur-Agout
Restaurer les mosaïques d’habitats et les milieux ouverts sur la zone de non-chasse du Banc herbeux en complément du pâturage équin.,"La Maison de l'Estuaire gère la réserve naturelle de l'estuaire de la Seine, où la roselière montre des signes de vieillissement et d'homogénéisation. Cette vaste zone, protégée depuis 1997, a subit de profondes modifications au cours du temps avec un impact sur les habitats naturels. Sans aucune action la roselière colonise toute la surface en homogénéisant l’habitat et en rendant difficile l’accueil des oiseaux de milieux ouverts et l’existence d’habitats à enjeux comme les prés-salés. C’est pourquoi à l’automne 2021, le gestionnaire a entrepris des actions sur la roselière mono-spécifique du banc herbeux, dans le but d’y restaurer des surfaces ouvertes. L’idée est d’exercer une pression mécanique quelques années, afin d’aider les chevaux dans les actions d’ouverture du milieu et qu’ensuite la pression de pâturage soit suffisante et qu’elle puisse prendre le relais pour que cette restauration soit pérenne dans le temps.",64500.00,16926746,2104715795,,,SN Biodiversité,Normandie,Seine-Maritime,76,39905496400032,MAISON DE L'ESTUAIRE,Association déclarée,76657,Saint-Vigor-d'Ymonville
Animation et mise en place d’une lutte collective par piégeage contre le ragondin et le rat musqué dans le département de la Loire (42) et amélioration de la connaissance de leur impact sanitaire notamment de la leptospirose sur la santé publique et l’élevage.,"Le département de la Loire, de par ses innombrables zones d’eaux stagnantes (étangs, plans d’eau, canaux…), ses régions d’élevages (bovins, équins…), ses activités de loisirs est un département particulièrement sensible à la présence du ragondin (conséquences hydrologiques, économiques, environnementales et risque sanitaire). 
Ce projet a pour but de mobiliser des personnes ressources et des piégeurs en collaboration avec le Groupement de lutte contre le ragondin et le rat musqué afin d'arriver à maîtriser les populations dans une démarche à long terme, de réduire la pression du ragondin sur les écosystèmes des étangs afin de favoriser le développement naturel d’habitats favorables à la faune, d'informer et de sensibiliser plus largement les acteurs du territoire, et d'améliorer nos connaissances concernant les risques de transmission de la leptospirose par ces espèces sur notre territoire.",13547.00,16969585,2104769022,,,SN Biodiversité,Auvergne-Rhône-Alpes,Loire,42,78161951500039,FEDERATION DEPARTEMENTALE CHASSEURS,Autre personne morale de droit privé,42094,Feurs
Valorisation et accueil du public sur la Réserve naturelle régionale Jasseries de Colleigne 2024,"Le projet consiste sur 3 ans à opérer les phases finales de restauration de la jasserie « Le Berre » et de profiter des équipements installés pour renforcer l’accueil du public de la jasserie « Fayard-Rozier ».
Pour compléter ces aménagements et finaliser l’outil d’accueil du public, des aménagements et infrastructures complémentaires sont prévues en 2024 : restauration des pistes d’accès, aménagements des zones de stationnement et de la signalétique, parcours pédagogiques entre le parking et les jasseries.
",54100.00,17047314,2104644722,,,SN Biodiversité,Auvergne-Rhône-Alpes,Loire,42,39853422200037,CONSERVATOIRE RH ALP ESPACES NATURELS,Association déclarée,42298,Sauvain
"Mallette pédagogique sur les papillons de jour, sensibiliser pour mieux conserver les papillons menacés","La mallette pédagogique est à destination de tous les adultes « Passeurs de nature » : enseignants, animateurs, parents… désireux de transmettre des connaissances naturalistes sur le sujet des papillons de jour à un public d’enfants et de jeunes et qui recherchent des outils pédagogiques clés en main. 
Objectifs liés au PNA Papillons de jour :
- Faire découvrir aux enfants, sur le terrain, les spécificités des Lépidoptères diurnes : morphologie, cycle de vie, écologie etc.
- Leur faire étudier la formidable diversité des espèces de papillons.
- Les sensibiliser aux menaces pesant sur leurs plantes hôtes et leurs habitats.
- Les inciter à agir concrètement, en proposant des actions de protection.
La prise en compte de la biodiversité commence dès le plus jeune âge et présente de meilleurs résultats lorsque la sensibilisation se réalise tôt dans le cycle de l’apprentissage. 
",15000.00,17075207,2104661903,,,SN Biodiversité,Auvergne-Rhône-Alpes,Puy-de-Dôme,63,38348071200025,FEDER NAT CONNAISSANCE PROTECTION NATURE,Association déclarée,08341,Poix-Terron
Mise en oeuvre de la Stratégie Aires Protégées en Drôme,"L'objectif de ce projet est double :
- accompagner la réalisation d'inventaires pour les territoires qui concourent à la mise en oeuvre de la SAP
- financer les panneaux de signalétique sur sites APPB / APPHN pour sensibiliser au mieux le public",23265.00,17131461,2104664821 | 2104664824,,,SN Biodiversité,Auvergne-Rhône-Alpes,Drôme,26,13000775000016,DIRECTION DEPARTEMENTALE DES TERRITOIRES DROME,Service déconcentré de l'État à compétence (inter) départementale,26105,Cornillon-sur-l'Oule
Mise en œuvre des ACTIONS de la déclinaison régionale du Plan National d'Actions en faveur de l'Aigle de Bonelli de 2024 à 2025,"Déclinaison en Région AuRA du PNA Aigle de Bonelli ciblant les actions prioritaires de ce dernier. Assurer une veille des sites de reproduction et domaines vitaux des 4 couples d'Ardèche, des sites vacants et potentiels : relever les activités humaines perturbantes (Travaux, Sport, survol) et les réactions des aigles à travers la phénologie de leur reproduction et leurs comportements face aux perturbations. Ceci est réalisé à l'aide de méthodes et outils permettant d'identifier les aigles : 1/Le baguage des jeunes au nid, 2/la lecture des bagues de chaque individu observé (cantonnés ou erratique), 3/la pose de GPS sur des aigles cantonnés, 4/la visualisation et l'analyse des localisations GPS permettant de préciser le domaine vital utilisé par chacun et d’identifier les secteurs à risque (menaces : lignes électriques, artificialisation des sols). Animations/Interventions grand public et cible (pratiquant sports, élus, résidents).",27000.00,17175934,2104645473,,,SN Biodiversité,Auvergne-Rhône-Alpes,Ardèche,07,30112510000158,LPO AUVERGNE RHONE-ALPES,Association déclarée,07330,Vallon-Pont-d'Arc
Restauration de corridors écologiques pour la petite faune arboricole : pose d’écuroducs Route du Tour de France aux Sables d'Olonne,"Face au constat régulier d’écrasements d’écureuils roux sur la Route du Tour de France aux Sables d'Olonne, la municipalité a décidé d’agir et de reconnecter les habitats boisés (trame verte)  grâce à la pose de ""ponts"" aériens sous la forme de cordes adaptées au passage de la petite faune arboricole, appelés écuroducs. En novembre 2023, une étude de faisabilité a été confiée à l’association COHAB spécialisée dans la pose d’écuroducs. Cette étude a permis d’identifier deux passages aériens à connecter permettant aux écureuils de réaliser les déplacements indispensables à leur cycle de vie.  Le qualité des arbres existants ne permettant pas d’accueillir un dispositif d'aéroduc, il a été retenu d’utiliser des mâts pour soutenir l’écuroduc principal traversant la route et de le prolonger par des aéroducs secondaires reliés aux arbres situés de part et d'autres de la voie, offrant une connexion optimale du corridor. 

",17805.00,17290223,,,,SN Biodiversité,Pays de la Loire,Vendée,85,20008213900011,COMMUNE LES SABLES-D'OLONNE,Commune et commune nouvelle,85194,Les Sables-d'Olonne
Valorisation écologique du bassin du Carouge. ,"Le projet de valorisation écologique du bassin du Carouge à Brétigny-sur-Orge vise à enrichir la biodiversité, à réduire la prolifération en cyanobactéries sur le site  et augmenter la capacité de rétention du site par la création d'habitats diversifiés, dont des roselières et des herbiers. En effet, le site manque aujourd’hui d’habitats caractéristiques des zones humides et est fortement eutrophisé en été. Des travaux de terrassement et des plantations limités encourageront une colonisation naturelle de la végétation de zones humides et milieux aquatiques. Le projet prévoit aussi de sectoriser les espaces pour minimiser les perturbations et améliorer l'attractivité du site pour les usagers. Le Syndicat de l’Orge, propriétaire du site, mènera un suivi pour évaluer l'impact du projet. La demande de financement auprès du Fonds Vert porte sur les travaux de terrassement liés au volet écologique du projet.",223421.00,17504084,,1110881,Seine-Normandie,SN Biodiversité,Île-de-France,Essonne,91,20008774000011,"SYNDICAT DE L'ORGE, DE LA REMARDE ET DE LA PREDECELLE (SYORP)",Syndicat mixte fermé,91103,Brétigny-sur-Orge
Mieux concilier usages et protection des réserves naturelles de Haute-Savoie,"Toutes les réserves de Haute-Savoie sont ainsi soumises à une très forte pression de fréquentation été comme hiver. En effet, depuis quelques années, cette pression devient de plus en plus constante au fil des saisons, n’offrant plus de période de quiétude à la faune. 
Les réserves abritent également des activités « traditionnelles » (Alpages, chasse, exploitation forestière) que le gestionnaire cherche à intégrer de façon à permettre de pérenniser ces activités tout en réduisant au mieux les impacts sur la biodiversité. Un équilibre peut être trouvé entre usages et protection afin que la nature puisse perdurer tout en restant accessible aux activités humaines.  
Face aux constats de l’évolution des pratiques, des nouveaux défis doivent être relevés pour maintenir cet équilibre.",280880.00,17735942,2104667537,,,SN Biodiversité,Auvergne-Rhône-Alpes,Haute-Savoie,74,32635617700179,ASTERS CONSERVATOIRE D'ESPACES NATURELS DE HAUTE-SAVOIE,Association déclarée,74010,Annecy
"Mise en œuvre d'actions ""Loutre et pisciculture"" du PNA en faveur de la Loutre d'Europe","La Loutre d’Europe fait actuellement l’objet d’un second PNA (2019-2028). Dans le cadre de l'Action 5, un animateur « Loutre et pisciculture » a été nommé depuis le premier PNA afin de sensibiliser et de conseiller les exploitants aquacoles sur les mesures de protection à mettre en place face a la prédation de la Loutre. Les objectifs du projet visent à favoriser la cohabitation entre la Loutre et les activités piscicoles à travers la poursuite de la réalisation d’expertises, la formation de nouveaux animateurs à la médiation dans les régions, la mise en place de mesures de protection (clôtures et grilles) au sein de piscicultures en bassin, l’expérimentation d’une méthode de protection des grands étangs de pisciculture par effarouchement lumineux et la rédaction d'un guide technique à destination des pisciculteurs.",74995.00,17782943,2104682848,,,SN Biodiversité,Nouvelle-Aquitaine,Haute-Vienne,87,34839837100024,SOC FRANC ETUDE PROTECTION MAMMIFERES,Association déclarée,87085,Limoges
Atlas de la Biodiversité de la Commune de St Laurent d'Agny,"Située en zone péri-urbaine de Lyon, la commune de Saint Laurent d’Agny a conscience de la qualité de son environnement mais aussi de sa fragilité et de la nécessité de la préservation.
L’ABC de Saint Laurent d’Agny est une suite logique des actions déjà engagées par la commune dans le domaine de l’environnement et du développement durable, et ambitionne de parvenir à élargir sa dynamique à l’échelle des autres communes du Plateau Mornantais. 
L’ambition est de faire progressivement de la biodiversité l’affaire de tous : citoyens, élus, associations, écoles, agents, acteurs économiques, agriculteurs en les associant aux diverses actions.  L’Atlas de la Biodiversité s’attachera à mettre en place une démarche participative.
Les restitutions publiques des résultats et des cartographies réalisées viseront à développer une culture communale de la biodiversité, elles devront mobiliser et fédérer l’ensemble des acteurs autour des actions qui seront mises en place à l’issue de l’ABC.
Cet ABC vient s’intégrer au Label “Territoire Engagé pour la Nature” de la communauté de communes COPAMO.",38000.00,17808976,,,,SN Biodiversité,Auvergne-Rhône-Alpes,Rhône,69,21690219700013,COMMUNE DE SAINT LAURENT D AGNY,Commune et commune nouvelle,69219,Saint-Laurent-d'Agny
Rédaction du 3ème plan de gestion de la Réserve Naturelle Nationale De l’Amana (RNNA) 2025-2030 ,"La RNNA s’étend sur 14800 ha de biotopes divers.   Ses plages accueillent la ponte de 4 espèces de tortues marines. La zone littorale est un haut lieu de vie de l’avifaune. Les mammifères, dont le jaguar y évoluent sans compter les nombreux reptiles.  

Missions: préservation/surveillance; études afin d'améliorer les connaissances ; la diffusion des connaissances acquises au grand public, aux scolaires. Une convention renouvelée en 2024 entre la Préfecture de la Guyane et le Syndicat Mixte du Parc Naturel de la Guyane (SMPNRG), confie la gestion au SMPNRG.  

L'absence de Conservateur à ce jour, et les compétences de l'équipe de 6 agents techniciens, motivent l'externalisation de la rédaction du nouveau plan de gestion 2025-2030. 

Le SMPNRG propose de faire appel à une expertise externe, spécialisée dans l'élaboration des plans de gestion. La prestation sera suivie en collaboration étroite avec le Conservateur, le pouvoir adjudicateur, et la DGTM. 
",40500.00,17854991,2104903831,,,SN Biodiversité,Guyane,Guyane,973,25973108100016,SYNDICAT MIXTE PARC NATUREL REGIONAL DE GUYANE,Syndicat mixte fermé,97302,Cayenne
Aménagements de gestion et d'acceuil du public sur les îles et Lônes du Rhône ,"Le projet vise à réfection et à l'amélioration des aménagements de découverte de l'espace naturel des îles et lônes du Rhône. Cette refonte du schéma d'accueil des publics vise également à mieux maîtriser les flux dans un contexte d'augmentation récente de la fréquentation et des usages sur le site (doublement en 5 ans). L'espace naturel est inscrit dans le plan d’action départemental 2022-2024 de la Stratégie des Aires Protégées. Un processus de concertation avec les acteurs du territoire est en cours, animé par la DDT du Rhône, afin de définir conjointement un projet d’amélioration du ou des statuts règlementaires de préservation.
Le cofinancement de la refonte des aménagements d'accueil du public est également inscrit dans le cadre du contrat métropolitain « pour une ville perméable en harmonie avec ses ressources en eu et ses milieux aquatiques 2022-2024 » (cofinancement de 30%). Le projet a été présenté une première fois au fond vert 2023.",89598.00,17861846,2104672857,,,SN Biodiversité,Auvergne-Rhône-Alpes,Rhône,69,25690198400029,S.M. DU RHONE DES ILES ET DES LOSNES,Syndicat mixte ouvert,69296,Solaize
Restauration et entretien d'un réseau de pelouses sèches dans l'ouest de la Touraine,"Dans l’Ouest de la Touraine, nombreux sont les territoires composés de coteaux avec des affleurements de craie, notamment dans le val de Vienne, val de Loire, le Bourgueillois et le Richelais. On retrouve également des zones sableuses alluvionnaires sur les bords de Loire, qui avec les coteaux calcaires, sont à l’origine de la formation d’habitats originaux appelés pelouses. Le CPIE Touraine val de Loire, grâce à son expérience de l'entretien et la restauration des pelouses sèches dans le val de Vienne, a pour objectif de restaurer et entretenir 18 sites abritant des pelouses sèches d'intérêts pour les rhopalocères. ",36192.00,17886870,2104674497,,,SN Biodiversité,Centre-Val de Loire,Indre-et-Loire,37,31656993800020,VAL DE VIENNE,Association déclarée,37147,Marcilly-sur-Vienne
Valorisation des paysages et préservation des espaces naturels boisés accueillant du public dans la forêt de Huelgoat,"La commune de Huelgoat est propriétaire de 5 ha à l’entrée de la forêt et son chaos rocheux (Ménage de la Vierge). C'est un site emblématique dont les valeurs écologiques et paysagères sont reconnues. La fréquentation croissante (120 000 visiteurs par an) entraine en effet une dégradation des stations d'espèces protégées (plaque d'hyménophylles), des problèmes de sécurité et une dégradation de la qualité paysagère. La forêt a fait l’objet de différentes études stratégiques dont un schéma d'accueil porté par l'ONF (2018) et un plan de paysage. Les objectifs de ce projet sont: de canaliser et sécuriser la fréquentation, préserver les patrimoines naturels et paysagers et requalifier les sites dégradés, sensibiliser les visiteurs en valorisant les richesses patrimoniales. La commune souhaite engager une étude avec une équipe pluridisciplinaire pilotée par un paysagiste concepteur, accompagné d'un écologue et d'un scénographe.",30000.00,17899264,,REG-2025-03014,Agence de l'eau,SN Biodiversité,Bretagne,Finistère,29,21290081500011,COMMUNE DE HUELGOAT,Commune et commune nouvelle,29081,Huelgoat
"Acquisition et restauration d'une parcelle cabanisée au fil du temps, en bordure de Louet.","La commune mène une politique foncière active (préemption, acquisition, information) et s'est associée au CEN Pays de la Loire pour gagner en efficacité. Son objectif étant de stopper la cabanisation, la détérioration des milieux mais aussi et surtout de remédier  à certaines situations dégradées sur des habitats d'intérêt communautaire. Une parcelle cabanisée, clôturée et aménagée en bord de rivière a été mise en vente, la SAFER a étudié une préemption avec révision de prix, prix refusé par les vendeurs, la commune est donc entrée dans une phase de négociation à l'amiable afin d'aller au bout de la démarche, à savoir acquérir et restaurer cette partie de ripisylve et en faire un dossier exemplaire.",6400.00,17972258,,A358699,Agence de l'eau,SN Biodiversité,Pays de la Loire,Maine-et-Loire,49,21490223100148,COMMUNE DE MURS-ERIGNE,Commune et commune nouvelle,49223,Mûrs-Erigné
Plan Départemental d’Actions en faveur des Chiroptères du Gard Période 2025 - 2027 ,"Le présent projet s’inscrit dans les actions portées par le Plan National d’Actions Chiroptères et sa déclinaison régionale et porte les objectifs suivants : 
Action 1 : Acquérir les connaissances nécessaires permettant d'améliorer l'état de
conservation des espèces
Action 4 : Protéger les gîtes souterrains et rupestres
Action 8 : Améliorer la prise en compte des Chiroptères dans la gestion forestière
publique et privée",48000.00,18015361,2104716138,,,SN Biodiversité,Occitanie,Gard,30,38778978700042,CENTRE ORNITHOLOGIQUE GARD,Association déclarée,30311,Sauve
Acceptation gîte à chauves-souris d’importance régionale en vue de rendre la cohabitation humains - chauves-souris possible dans un contexte de changement climatique – Groupe scolaire Rondreux - Durtal,"Des travaux ont été réalisés en 2024 qui ont permis de maintenir un gîte à chauves-souris (Grands Murins) d’importance régionale situé dans le bâtiment de l'école René Rondreux, où un Arrêté de Protection de Biotope est en place de puis 2018.

Ces travaux ont été réalisés avec l'aide du Fonds vert, à la suite d'un dossier qui comprenait une intervention pluriannuelle pour 2024 mais également 2025. Les services compétents ont néanmoins attribué une aide financière pour 2024 seulement, invitant la collectivité à déposer un nouveau projet pour l'année 2025. 

C'est donc l'objet de cette demande, en cohérence avec le projet initial et afin de répondre de manière intégrale à cet enjeu complexe de cohabitation (sensibilisation des usagers), tout en améliorant les conditions d'accueil de la colonie (légers ajustements de travaux) et en suivant le gite (accompagnement naturaliste, matériel d'observation).",7140.00,18063398,2104829728,,,SN Biodiversité,Pays de la Loire,Maine-et-Loire,49,21490127400016,COMMUNE DE DURTAL,Commune et commune nouvelle,49127,Durtal
Mise en œuvre des actions du Plan National d'Actions en faveur du Vautour percnoptère de 2024 à 2025 en Drôme-Ardèche,"Déclinaison en Drôme-Ardèche du PNA Vautour percnoptère de 2024 à 2025. Suivi et veille sur les sites de reproduction (4 couples en Ardèche et 1 couple en Drôme en 2024), recherche de nouveaux sites en cas d'observation d'individus erratiques (observation visuelle ou photographique). Alimentation d'une à deux placettes de recyclage spécifiques au Vautour percnoptère, à raison de 2 passages par semaine, de début mars à mi-septembre. Accompagnement des éleveurs (entretien/création des placettes d'équarrissage). Baguage des jeunes au nid. Suivi visuel et photographique des placettes spécifiques et des placettes éleveurs afin de détecter le passage ou le stationnement/cantonnement de nouveaux individus (identification par les bagues). Capture et pose de GPS sur des oiseaux nicheurs pour appréhender l'utilisation du territoire (utilisation des placettes / alimentation hors placettes). Animations/interventions grand public et cible (sportifs, résidents...).",35000.00,18078326,2104646316,,,SN Biodiversité,Auvergne-Rhône-Alpes,Ardèche,07,30112510000158,LPO AUVERGNE RHONE-ALPES,Association déclarée,07126,Lagorce
Réaliser la signalétique de plusieurs espaces naturels sous protection forte (APPB),"L’Isère compte 95 arrêtés préfectoraux de protection de biotopes dont le plus ancien date de 1984 et le plus récent, de 2023.
A ce jour, à peu près un tiers de ces sites en APPB ne possède pas de signalétique du tout ; et environ un dixième des sites possède une signalétique obsolète et/ou très dégradée.
L’absence de signalétique affaiblit l’information du grand public sur les limites des APPB et peut générer des infractions involontaires ou « de bonne foi » aux interdictions ou prescriptions fixées par le règlement du site.",94585.20,18083235,1513332943,,,SN Biodiversité,Auvergne-Rhône-Alpes,Isère,38,13001096000016,DIRECTION DEPARTEMENTALE DES TERRITOIRES ISERE,Service déconcentré de l'État à compétence (inter) départementale,38001,Les Abrets en Dauphiné
Aménagements en faveur des espèces PNA dans les milieux agricoles d’Auvergne-Rhône-Alpes,"La région AURA abrite un nombre important d’espèces bénéficiant de plans nationaux d’actions dont bon nombre sont présentes dans les milieux agricoles, notamment les milans royaux, pies-grièches, chiroptères, sonneur à ventre jaune, odonates, papillons, flore messicole, vipères (en cours rédaction). Afin de renforcer les populations sur les secteurs agricoles à enjeux, nous souhaitons mettre en place des aménagements adaptés.
Notre projet comprend un diagnostic pour 240 fermes accompagnées permettant d'identifier et de hiérarchiser les enjeux et les aménagements à mettre en œuvre. Nous accompagnerons ensuite les fermes, dans l'implantation de bosquets, haies, mares, aménagements en pierres, gites à chiroptères, semis de messicoles, ... 
Notre projet s'appuiera sur notre réseau (associatif et partenarial) et contribuera à l'information et la sensibilisation à la préservation de ces espèces.",319918.20,18137595,2104645399,,,SN Biodiversité,Auvergne-Rhône-Alpes,Rhône,69,30112510000158,LPO AUVERGNE RHONE-ALPES,Association déclarée,69014,Aveize
Construction d'une grande volière de réhabilitation pour le centre de soins de la faune sauvage de l'ENVT,"Le centre de soins de la faune sauvage de l’ENVT fait partie des rares structures en France à accueillir toutes les espèces de la faune sauvage autocthone. Son activité est donc placée au centre de la protection et de la gestion de la faune sauvage française, et sur un large secteur géographique. Il s’agit d’une structure qui participe pleinement aux enjeux de préservation de la biodiversité, en prenant en charge notamment de nombreuses espèces protégées ou faisant l’objet d’un PNA. 

Actuellement, le centre de soins reçoit plus de 3500 animaux par an, avec un pic d’activité à plus de 200 animaux hébergés simultanément au moins de juin. Or, actuellement, le centre de soin dispose d’une capacité d’accueil en volières équivalente à environ 60 animaux. Nous souhaiterions donc augmenter fortement cette capacité en construisant 3 grandes volières supplémentaires. Le projet ici soumis correspond au financement de l’une de ces volières. 
",18091.12,18192763,2104646217,,,SN Biodiversité,Occitanie,Haute-Garonne,31,19310153200011,ECOLE NATIONALE VETERINAIRE DE TOULOUSE,Autre établissement public national d'enseignement,31555,Toulouse
"Contribution au PNA en faveur des pelouses sableuses continentales : localiser, identifier et améliorer la connaissance des sites favorables en vue d’actions de conservation","Les pelouses sablonneuses continentales sont des milieux très patrimoniaux. Un plan national d’actions a récemment été élaboré afin de faire face aux multiples menaces qui pèsent sur ces habitats. Gentiana prend part à certaines des actions du PNA aux côtés des différents partenaires impliqués.
Le projet présent s’articule en trois actions. La première porte sur le développement d’un outil cartographique sur le territoire du PNA prédisant les sites potentiellement favorables pour les pelouses sableuses. Cet outil permet d’orienter les prospections de l’ensemble des partenaires afin d’identifier de nouveaux sites à préserver. La seconde action consiste à réaliser une expertise de terrain pour localiser les sites et améliorer la connaissance en matière de phytosociologie. Enfin, le troisième volet du travail est une contribution à la priorisation des enjeux et des sites à la lumière des connaissances acquises.",39680.00,18268941,2104660517,,,SN Biodiversité,Auvergne-Rhône-Alpes,Isère,38,40819272200028,GENTIANA SOCIETE BOTANIQUE DAUPHINOISE DOMINIQUE VILLARS,Association déclarée,38298,Le Péage-de-Roussillon
Maison de la Nature Bassée-Montois - Phase 2,"Le projet de la Maison de la Nature consiste à réhabiliter une ancienne longère sur la commune de Jaulnes afin de promouvoir l’environnement et la biodiversité locale, d'éduquer à sa préservation et de mettre en valeur la Réserve Naturelle Nationale de la Bassée. Le bâtiment accueillera à titre gracieux l’Association de Gestion de la Réserve Naturelle de la Bassée (AGRENEBA) car elle occupe actuellement des locaux exiguës ne répondant plus aux normes incendies, et qui ne permettent pas d'accueillir convenablement du public. Cet espace permettra donc d’accueillir l’AGRENABA et proposera un lieu adapté à l’accueil du public, notamment des jeunes enfants afin de les sensibiliser à la biodiversité mais aussi de développer l’éco-tourisme sur le territoire. Dans l'état actuel et avec un projet d'extension de la réserve, il est essentiel de mettre à disposition un équipement répondant au besoin d'animation et de recherche scientifique sur le territoire.",175000.00,18285244,2104856784,,,SN Biodiversité,Île-de-France,Seine-et-Marne,77,20004025100023,"""BASSEE-MONTOIS""",Communauté de communes,77236,Jaulnes
Décideurs et gestionnaire de l'Arc Alpin : Quels indicateurs et protocoles pour renforcer les synergies et coopération transfrontalières et nationale pour une vue d’ensemble de la biodiversité transalpine ,"Les Alpes sont un hotspot de la biodiversité mondiale menacé par les changements climatiques et d'utilisation des terres. Cependant, un manque de coordination des politiques transalpines réduit l'efficacité des efforts de conservation actuels et futurs.
Le principal défi de ce projet réside dans la diversité des programmes de surveillance (monitoring) de la biodiversité mis en œuvre par les autorités alpines à différents niveaux, ce qui rend difficile l'obtention d'une vue d'ensemble complète de la situation transalpine.
Cette vue d'ensemble est essentielle pour établir des priorités ou des politiques et des mesures communes en matière de conservation.

Les indicateurs écologiques sont des outils essentiels pour identifier les zones prioritaires pour les efforts de restauration ou de conservation et pour guider les décideurs politiques ou les gestionnaires d’espaces protégés dans leurs processus de prise de décision. 
",141068.00,18319933,2104667558,,,SN Biodiversité,Auvergne-Rhône-Alpes,Haute-Savoie,74,32635617700179,ASTERS CONSERVATOIRE D'ESPACES NATURELS DE HAUTE-SAVOIE,Association déclarée,74010,Annecy
Contribution à la préservation et renforcements des populations de plantes messicoles – dans le cadre du Plan régional d’actions Auvergne Rhône-Alpes,"Les plantes messicoles ou ""plantes des moissons"" constituent un cortège floristique patrimonial et menacé. Ainsi, elles font l'objet d'un plan régional d'actions (PRA) en Auvergne Rhône-Alpes. Plusieurs structures travaillent à sa mise en œuvre.
Gentiana travaille depuis plusieurs années sur la préservation de ces espèces. Dans la continuité, nous souhaitons nous impliquer sur deux actions spécifiques du PRA. La première consiste à renforcer et préserver les populations de messicoles en contexte agricole (recherche d'agriculteurs volontaires, adaptation des pratiques, semis de réintroduction...). La seconde porte sur l'évaluation des actions afin d'améliorer les opérations de réintroduction (création d'un protocole de suivi commun, réalisation des suivis...).
Ces actions sont réalisées de façon complémentaire, dans une démarche concertée avec les partenaires du PRA (CBNA, CBNMC, CEN...) dont certains sollicitent également des financements ""Fond Vert"".",40920.00,18356111,2104660518,,,SN Biodiversité,Auvergne-Rhône-Alpes,Isère,38,40819272200028,GENTIANA SOCIETE BOTANIQUE DAUPHINOISE DOMINIQUE VILLARS,Association déclarée,38113,Clelles
Lutte contre une espèce végétale exotique envahissante sur l'île de Mezu Mare : carpobrotus edulis,"Le Syndicat mixte, gestionnaire du Grand Site des Iles Sanguinaires-pointe de la Parata mène des actions de préservation et de gestion sur ce site naturel fragile depuis 2016.
Doté de nombreuses mesures de protection, ce Grand Site de France a engagé depuis sa première labellisation un travail de terrain visant à lutter contre les espèces végétales exotiques envahissantes.
Une première opération de grande envergure a pu être menée dans le cadre de l'opération ""coup de poing"" visant à lutter contre les EEE en 2022-2023 sur la partie terrestre de la pointe de la Parata.
Le syndicat souhaite poursuivre cette dynamique, qui porte ses fruits, en engageant une opération d'arrachage manuel des Carpobrotus edulis sur l'île principal de l'archipel des Iles Sanguinaires. Cette action contribuera à la préservation de la biodiversité de l’île de Mezu Mare et contribuera à la réussite de l’éradication du rat noir prévue à partir de fin août 2025.
",96572.00,18602070,,239362,Agence de l'eau,SN Biodiversité,Corse,Corse-du-Sud,2A,20006136400010,SYNDICAT MIXTE DU GRAND SITE DES ILES SANGUINAIRES ET DE LA POINTE DE LA PARATA,Syndicat mixte ouvert,2A004,Ajaccio
ÉTUDE PRÉALABLE À L’ÉLABORATION D’UN PLAN DE GESTION DE L’ARRÊTÉ PREFECTORAL DE PROTECTION DE BIOTOPE DE LA NARSE DE LASCOLS (15),"La narse de Lascols ( Cantal, 15) fait l'objet d'un Arrêté Préfectoral de Protection de Biotope (APPB) visant au maintien de la zone humide. Un premier plan de gestion a été mis en œuvre (2016-2020) permettant une première approche de la gestion du site et la mise en œuvre de travaux et d’études permettant de restaurer certaines fonctionnalités de la zone humide.
Aussi, il semble nécessaire de poursuivre ces effort et de viser une gestion plus durable et donc la réalisation d'un nouveau plan de gestion permettant de résoudre les impacts sur la zone humide à la source. Ce projet permettrait donc la mise en place d'études préalable (hydrologie, hydrogéologie et naturaliste) à la rédaction ainsi que la mise en œuvre d'un second plan de gestion concerté sur ce site.",20904.00,18637473,2104672412,,,SN Biodiversité,Auvergne-Rhône-Alpes,Cantal,15,20006666000016,SAINT-FLOUR COMMUNAUTE,Communauté de communes,15059,Cussac
Elaboration d’un plan d’actions des  Battures de Malmanoury,"Les Battures de Malmanoury situées entre les embouchures des Criques Malmanoury et Karouabo se composent d’un ensemble de rochers et d’îlots granitiques de très faibles superficies au cœur de la zone de balancement des marées. Seuls cinq îlots émergent suffisamment pour posséder une végétation herbacée clairsemée.
Les substrats rocheux des battures représentent de véritables nurseries pour de nombreuses espèces aquatiques et un intérêt ornithologique majeur en offrant des zones de nidification, de repos et d’alimentation pour de nombreuses espèces. Le projet vise donc à réaliser un plan d’action
(après réalisation de suivis de la reproduction des oiseaux marins).  Celui-ci comprendra des propositions d’actions de gestion, une réflexion sur les moyens réglementaires de protection et d'éventuels suivis complémentaires à mettre en place.",57000.00,18862830,2104891005,,,SN Biodiversité,Guyane,Guyane,973,39171118100043,GROUPE ETUDE PROTECTION OISEAUX GUYANE,Association déclarée,97304,Kourou
Atlas de la Biodiversité Communale,"L’Atlas de la Biodiversité Communale est un des outils pour connaître, préserver et valoriser son patrimoine naturel. Ainsi, Vitré souhaite poursuivre une dynamique enclenchée en 2010, en faveur de la préservation de la biodiversité en s'engageant dans un projet collaboratif.
L'ABC de Vitré a pour but de mettre en place des actions de sensibilisation, de mobiliser le plus grand nombre d’acteur sur le sujet, et de prendre en compte cette donnée lors de l’élaboration de nouveaux projets d’aménagement et de valorisation du territoire .
Cette connaissance, ensuite intégrée aux documents d’urbanisme, permettra une meilleure anticipation dans les projets communaux et pour l’évolution de la trame verte et bleue à l’échelle communale. 
Une meilleure connaissance de la biodiversité du plus grand nombre facilitera la mise en œuvre d’actions de protection et de reconquête de la biodiversité.
Connaître ce qui nous entoure nous permet de mieux le préserver.

",114600.00,18881892,,,,SN Biodiversité,Bretagne,Ille-et-Vilaine,35,21350360000016,COMMUNE DE VITRE,Commune et commune nouvelle,35360,Vitré
Un toit pour la biodiversité 3,"Le programme « Un toit pour la biodiversité » vise à engager les propriétaires de bâtiments de la région Centre-Val de Loire sur l’opportunité de reconquête de la biodiversité qu’offre la rénovation énergétique du bâti par l’extérieur. Aujourd’hui, certaines opérations de rénovation énergétique ont un impact négatif sur la faune abritée dans les bâtiments. Le réseau FNE régional s’appuiera sur les démonstrations de retour d’expériences pour faire comprendre aux propriétaires de bâtiments qu’il est nécessaire d’inclure dans chaque étude technique et budgétaire d’un projet, un volet d’analyse faunistique. Notre objectif correspond à celui du plan régional d’action « Prendre en compte les Chiroptères dans les aménagements et les politiques publiques ». Il s’inscrit dans l’action 5 Protéger les gites dans les bâtiments et relève d’une priorité 1.",135135.00,18931871,2104674949,,,SN Biodiversité,Centre-Val de Loire,Loiret,45,32218896200060,FRANCE NATURE ENVIRONNEMENT CENTRE-VAL DE LOIRE,Association déclarée,45234,Orléans
OBJECTIF MARES 3,"Le projet présenté est un renouvellement d’Objectif MARES afin de pouvoir lancer de nouvelles vagues de restauration, de suivre la gestion des mares restaurées dans le temps, de poursuivre la saisie en ligne qui alimente la construction cartographique du réseau de mares adossé et le pilotage régional entre acteurs de la restauration des mares. Le projet ambitionne donc de poursuivre les démarches visant à rétablir la continuité des fonctionnalités écologiques de la trame mare régionale en portant des opérations d’inventaires, de restaurations, de créations et de suivis concertés entre acteurs territoriaux du local au régional. ",250105.50,18931880,2104674948,,,SN Biodiversité,Centre-Val de Loire,Loiret,45,32218896200060,FRANCE NATURE ENVIRONNEMENT CENTRE-VAL DE LOIRE,Association déclarée,45234,Orléans
Espace Naturel Sensible – Montagne de Chamouse et forêt de la Tussie - Elaboration du plan de gestion ,"L’opération consiste à élaborer le plan de gestion de l’ENS Montagne de Chamouse – Forêt de la Tussie, prioritairement sur les parcelles sous maîtrise foncière publique. Le secteur d’étude couvre près de 500 Ha.
A l’instar des recommandations de l’OFB sur l’élaboration de plan de gestion d’espaces naturels, le processus se déroulera en quatre étapes :
Étape 1 : réalisation d’un diagnostic et identification des enjeux
Étape 2 : élaboration d’une stratégie partagée avec les acteurs concernés des deux secteurs
Étapes 3 et 4 : élaboration du plan d’action et du dispositif de suivi-évaluation de la stratégie et du programme d’actions

La cinquième étape (suivi-évaluation de la stratégie et du programme d’actions) relève ensuite du processus d’animation du site, qui n’est pas intégré à la présente opération.
",15706.00,18937841,2104672361,,,SN Biodiversité,Auvergne-Rhône-Alpes,Drôme,26,20005936800031,SYNDICAT MIXTE DU PARC NATUREL REGIONAL DES BARONNIES PROVENCALES,Syndicat mixte ouvert,26189,Montauban-sur-l'Ouvèze
"Projet PAS Noisettes : La zone portuaire de Strasbourg est entourée d’espaces remarquables dont la forêt de la Robertsau au Nord. Afin de maintenir ou recréer les connexions entre les espaces remarquables et les espaces verts de son domaine, conformément aux objectifs définis dans sa stratégie biodiversité, le Port autonome de Strasbourg (PAS) en partenariat avec l'Eurométropole de Strasbourg souhaitent expérimenter un aménagement en faveur du déplacement des écureuils.","Projet réalisé en partenariat avec le Port Autonome de Strasbourg (18966960) : il est complémentaire et indissociable.
Projet retenu lors de la phase 1 de l'AAP TVB 2024.

Le projet consiste à poser un poteau en bois, puis une corde élastique de 10 à 12 mètres entre un chêne pédonculé identifié dans la Réserve Naturelle Nationale de la Robertsau et le poteau, afin de constituer un pont aérien permettant aux écureuils de traverser la route en toute sécurité, sans descendre au sol et d’éviter ainsi les écrasements. Afin d’évaluer le dispositif, un suivi est prévu sur 3 années avec piège photographique : des analyses mensuelles, avec passage sur place pour recherche d’indices de présence d’écureuils et exploitation des photos du piège, seront réalisées.",12720.00,18966852,2104775688,,,SN Biodiversité,Grand Est,Bas-Rhin,67,24670048800017,EUROMETROPOLE DE STRASBOURG,Métropole,67482,Strasbourg
"Projet PAS Noisettes : La zone portuaire de Strasbourg est entourée d’espaces remarquables dont la forêt de la Robertsau au Nord.  Afin de maintenir ou recréer les connexions entre les espaces remarquables et les espaces verts de son domaine, conformément aux objectifs définis dans sa stratégie biodiversité, le Port autonome de Strasbourg (PAS) en partenariat avec l'Eurométropole de Strasbourg souhaitent expérimenter un aménagement en faveur du déplacement des écureuils. ","Projet réalisé en partenariat avec l'Eurométropole de Strasbourg (18966852) : il est complémentaire et indissociable. 
Projet retenu lors de la phase 1 de l'AAP TVB 2024

Le projet consiste à poser un poteau en bois, puis une corde élastique de 10 à 12 mètres entre un chêne pédonculé identifié dans la Réserve Naturelle Nationale de la Robertsau et le poteau, afin de constituer un pont aérien permettant aux écureuils de traverser la route en toute sécurité, sans descendre au sol et d’éviter ainsi les écrasements. Afin d’évaluer le dispositif, un suivi est prévu sur 3 années avec piège photographique : des analyses mensuelles, avec passage sur place pour recherche d’indices de présence d’écureuils et exploitation des photos du piège, seront réalisées.    ",14800.00,18966960,2104777055,,,SN Biodiversité,Grand Est,Bas-Rhin,67,77564141800014,PORT AUTONOME DE STRASBOURG,Établissement public national à caractère administratif,67482,Strasbourg
Réalisation d'un Atlas de la Biodiversité Communale,"La Ville de Bourg-la-Reine dispose d'une première partie de l'Atlas de la Biodiversité Communale, réalisée en 2023 avec le soutien de la Métropole du Grand Paris via l'AMI ""Inventaires écologiques métropolitains"".
En 2025, la collectivité souhaite compléter les inventaires initiés en y intégrant des observations sur l'ensemble des saisons.
L'Atlas sera accompagné d'un plan biodiversité composé de fiches actions à mettre en œuvre.
Les habitants avaient manifesté un grand intérêt pour les premiers inventaires. Poursuivre ce projet constitue donc un enjeu majeur pour sensibiliser le grand public à la biodiversité urbaine.",60893.00,19038218,,,,SN Biodiversité,Île-de-France,Hauts-de-Seine,92,21920014400018,COMMUNE DE BOURG LA REINE,Commune et commune nouvelle,92014,Bourg-la-Reine
Restauration des habitats naturels et de leurs fonctionnalités à travers l’éviction des infrastructures d’un gabion de chasse à proximité directe de la RNR Marais de la Vacherie,"L’association LPO a acquis un domaine de chasse en 2023 (chasse au gibier d’eau) en bordure immédiate de la Réserve Naturelle Régionale (RNR) Marais de la Vacherie, et inclus dans le périmètre d’extension de la réserve. Le site a été déstructuré et aménagé dans le début des années 90 pour l’activité de loisir cynégétique nocturne et diurne.
Le projet doit permettre de restaurer des habitats naturels originels et les fonctionnalités écologiques associées à travers :
-	Eviction des infrastructures et déchets (gabions, garage, poste de tir, tôles, pieux, matériels et infrastructures de camouflage, système de pompage, buttes artificielles, ferrailles, moquettes plastiques, etc.) ;
-	Restauration de la topographie avec reprofilage du plan d’eau (paléo-chenal originel) ;
-	Restauration du fossé central originel ;
-	Aménagement pour une gestion hydraulique favorable aux habitats et espèces ;
-	Aménagement pour une gestion pastorale extensive.",92585.00,19040669,2104773193,,,SN Biodiversité,Pays de la Loire,Vendée,85,78426328700103,LIGUE FRANCAISE PROTECTION OISEAUX,Association déclarée,85049,Champagné-les-Marais
Amélioration de la connaissance et de la prise en compte des Chiroptères en forêts privées d'Ile-de-France ,"Dans la poursuite du premier volet (2023-2024) d'une action du Plan Régional d'Actions Ile-de-France pour les Chiroptères, le CNPF souhaite poursuivre les travaux de connaissance et d'amélioration de la prise en compte de ses espèces dans les forêts privées de l'Est Ile-de-France. Dans le cadre d'une analyse effectuée entre les partenaires locaux (ONF, CPIE, AZIMUT 230, Biotope) des sites à enjeux ont été identifiés et il est nécessaire de mettre en place une animation particulière pour entrainer et accompagner les propriétaires forestiers privés dans la démarche. ",22307.00,19048395,2104872545,,,SN Biodiversité,Île-de-France,Seine-et-Marne,77,18009235500478,CNPF SERVICES GENERAUX,Établissement public national à caractère administratif,77229,La Houssaye-en-Brie
"Gestion conservatoire des habitats pour le Râle des genêts, le Phragmite aquatique et le cortège de l’avifaune prairiale sur un secteur à fort enjeu du site des Basses Vallées Angevines","Depuis plusieurs années, la LPO Anjou avec l’appui de la LPO France œuvrent à la conservation de ces espèces en s’appuyant sur un réseau de plus de 430 ha de prairies en propriété, dont la majorité est exploitée via des baux environnementaux.
Face à l’évolution des pratiques agricoles, aux cessations d’activité et à la fragilité des équilibres écologiques, la LPO souhaite porter un projet ambitieux de restauration écologique, d’expérimentation de pratiques conservatoires, et de concertation territoriale pour répondre aux enjeux de conservation les plus urgents.
Objectif général :
Améliorer, restaurer et sécuriser les habitats prairiaux à haute valeur écologique dans les BVA pour assurer la viabilité à long terme des populations de Râle des genêts et de Phragmite aquatique.

",25694.00,19100641,2104825049,,,SN Biodiversité,Pays de la Loire,Maine-et-Loire,49,39065122200049,LIGUE POUR LA PROTECTION DES OISEAUX,Association déclarée,49055,Cantenay-Épinard
Consolidation des laboratoires à ciel ouvert : acquisition de données bio-climatiques,"Renforcer le réseau de stations météo dans les RNC,afin de mieux comprendre les dynamiques climatiques locales et leurs impacts sur la biodiversité. Depuis 20 ans,la FRNC a commencé à installer des stations,mais la couverture géographique est insuffisante.L’objectif est d’obtenir des données précises pour adapter les stratégies de gestion,notamment pour préserver des espèces sensibles comme le desman et le calotriton.Le projet s'inscrit également dans la gestion de la ressource en eau et en soutien à la recherche scientifique.Les actions incluent l’acquisition de nouvelles stations, le renouvellement des équipements vieillissants et la collaboration avec des acteurs locaux.Des actions de sensibilisation seront déployées pour informer le public sur l'importance de ces données dans la gestion des RN.Les objectifs sont une meilleure connaissance des impacts climatiques,l’adaptation des pratiques de gestion et un soutien renforcé à la recherche scientifique.",99101.86,19150267,2104770015,,,SN Biodiversité,Occitanie,Pyrénées-Orientales,66,39092382900043,FEDERATION DES RESERVES NATURELLES CATALANES,Association déclarée,66149,Prades
Mission de lancement d’un centre de soin faune sauvage en Ille-et-Vilaine,"L’étude sur la faune sauvage en détresse bretonne, financée par la Région en 2020/2021 et pilotée par la LPO
Bretagne, a mis en évidence les zones blanches existantes en termes de centres de soin, à commencer par l’Ille-et-
Vilaine où la situation est chaque année de plus en plus compliquée, au regard notamment de la densité
d’activités humaines sur le bassin rennais. Sensible à cette cause, et après différents échanges avec la LPO Bretagne, la collectivité de Montfort Communauté envisage aujourd’hui de créer une telle structure sur son territoire, soit un projet visant dans un premier temps à accueillir environ 1 000 animaux par an, différentes espèces confondues. En parallèle, il s’agit donc de travailler aussi sur une mission de lancement qui permettra à ce futur centre de soin généraliste d’assoir son activité durablement, une fois installé son territoire.",300000.00,19164150,2104769700,,,SN Biodiversité,Bretagne,Ille-et-Vilaine,35,52956213400013,LPO BRETAGNE,Association déclarée,35238,Rennes
Paysans de Nature Bretagne (Année 2025),"Paysans de Nature Bretagne génère un réseau de fermes engagées et actives pour la restauration des milieux naturels en cohérence avec les trames vertes et bleues afin de favoriser les continuités écologiques et la biodiversité avec des spécificités dans chaque ferme comme dans chaque territoire. Pour ce faire, les groupes de fermes présentes sur un territoire resserré (EPCI, Bassin Versant...) sont animées par une structure naturaliste et/ou une structure agricole et mettent en relation paysans, naturalistes et citoyens. Ceux-ci échangent sur comment la ferme s’inscrit dans son écosystème et comment favoriser la biodiversité et la restauration des continuités écologiques sur ces espaces agricoles notamment à travers les trames vertes et bleues. Ensuite, ces échanges donnent lieu à des travaux concrets de restauration et de gestion agricole des espaces naturels. Il s’agira donc d’un réseau technique, d’un réseau écologique et d’un réseau social.
",200000.00,19176554,,,,SN Biodiversité,Bretagne,Finistère,29,77750963900061,BRETAGNE VIVANTE SEPNB,Association déclarée,29019,Brest
Plan de protection de la posidonie pour favoriser la biodiversité,"La Ville de Marseille s’est dotée d’un Plan Posidonie qui vise à renforcer l’action de la Ville de Marseille pour la préservation de son patrimoine marin et à mobiliser des leviers pour le restaurer.
Les objectifs du Plan Posidonie sont de :

•	Étudier et protéger cette plante marine aux multiples atouts et services rendus ;
•	Définir et expérimenter des solutions fondées sur la nature pour la restauration de l’herbier ;
•	Communiquer et sensibiliser les Marseillaises et Marseillais ainsi que les visiteurs à l’importance écologique et patrimoniale des herbiers marins ;
•	Sensibiliser et former les citoyens de demain aux enjeux environnementaux.
",192611.70,19389497,2104759437,,,SN Biodiversité,Provence-Alpes-Côte d'Azur,Bouches-du-Rhône,13,21130055300016,COMMUNE DE MARSEILLE,Commune et commune nouvelle,13055,Marseille 2e Arrondissement
L’ATLAS DE LA BIODIVERSITÉ COMMUNALE DE SUCY-EN-BRIE,"Depuis 2022, la ville de Sucy-en-Brie a mis en place des inventaires faune, flore et patrimoine arboré. Ils concernent différents taxons dont : les oiseaux, les papillons, les amphibiens, ainsi que des diagnostics sur les différents espaces naturels de la ville. Leur objectif est de connaitre l'ensemble du patrimoine naturel de la commune, afin de mieux les préserver. 

Le projet sera mené de manière globale en partenariat avec des professionnels de l’écologie pour être à la fois un outil scientifique et populaire, construit selon deux axes :
1) Compiler des données naturalistes (INPN et ville) pour créer une base de données exhaustive, identifier les taxons peu représentés et mettre en place des protocoles spécifiques pour compléter les inventaires déjà réalisés.
2) Sensibiliser tous les publics par des évènements dédiés, par la réalisation d’une cartographie des habitats écologiques, et par la création d’un livret « Atlas de la Biodiversité ».",47360.00,19396724,,,,SN Biodiversité,Île-de-France,Val-de-Marne,94,21940071000014,COMMUNE DE SUCY EN BRIE,Commune et commune nouvelle,94071,Sucy-en-Brie
Sentier de découverte de la tourbière de Morcourt,"Le projet consiste à aménager la tourbière de Morcourt pour sensibiliser le public à la préservation des écosystèmes tourbeux en proposant un sentier d’interprétation du patrimoine naturel, paysager, historique et culturel du site.
Le projet comprend deux boucles piétonnes, de 2,6 et 3,4 kilomètres, reliées à la Véloroute « Vallée de Somme » et au village de Morcourt.
Le projet comprend plusieurs aménagements pour d’une part permettre la circulation dans la tourbière (passage surélevé, débroussaillage, passerelle, renforcement de chemin), et d’autre part pour renforcer son attrait et son potentiel de sensibilisation (panneau d’interprétation, belvédère, racks à vélo, bancs panneaux, éco-compteur etc.)
Le choix des aménagements tient compte des objectifs de préserver le caractère sauvage du site et de réduire les coûts d’investissement et d’entretien.
",216124.00,19446066,,41672,Agence de l'eau,SN Biodiversité,Hauts-de-France,Somme,80,40320217900087,CONSERVATOIRE D ESPACES NATURELS DES HAUTS DE FRANCE,Association déclarée,80569,Morcourt
Plan de gestion de la Réserve Naturelle Nationale des Forêts de Mayotte,"La Réserve Naturelle Nationale des forêts de Mayotte (RNN FM) a été créée par le décret ministériel n°2021-545 du 3 
mai 2021 afin de renforcer la protection des îlots de forêts naturelles particulièrement riches en espèces indigènes et 
fortement menacées par les pressions anthropiques. 
La RNN FM couvre 2 801 ha de forêts publiques relevant du régime forestier - 2059 ha en forêts départementales et 
742 ha en forêts domaniales - réparties sur 6 massifs difficile d’accès, autour des monts et crêtes de Grande Terre
(carte en annexe). Cette réserve représente 51% des forêts domaniales et départementales et 7,5% de la superficie 
de l’île. Cette mission a été confiée au GIP en juin 2023.
La première phase de mise en place du gestionnaire de la RNN est consacrée à l’établissement des moyens humains 
et matériels du GIP et à l’élaboration du premier plan de gestion de la RNN. ",65200.00,19482064,2104624131,,,SN Biodiversité,Mayotte,Mayotte,976,13003094300018,RESERVE NATURELLE NATIONALE DES FORETS DE MAYOTTE,Groupement d'intérêt public (GIP),97611,Mamoudzou
Déclinaison du CBN Massif central du PRA Messicoles,"Les plantes messicoles et les plantes inféodées aux vignes et vergers font l’objet d’un Plan national d’actions, décliné en Auvergne-Rhône-Alpes en 2022. Le plan régional d’actions (PRA) vise 89 taxons dont certains représentent un enjeu de conservation très important et prévoit la mise en œuvre d’actions de préservation de ces taxons. Le présent projet, multi-partenarial, permettra de mettre en place plusieurs de ces actions.",51472.00,19492922,2104662092,,,SN Biodiversité,Auvergne-Rhône-Alpes,Puy-de-Dôme,63,25430117900027,SYNDICAT MIXTE DU CONSERVATOIRE BOTANIQUE DU MASSIF CENTRAL,Syndicat mixte ouvert,43067,Chavaniac-Lafayette
Diagnostic de la franchissabilité des ouvrages de SNCF Réseau et suivi par pièges photographiques sur la région AURA ,"Ce projet s'inscrit dans les ambitions régionales de préservation des continuités écologiques terrestres d'importance régionale. SNCF Réseau, gestionnaire d'infrastructures de transport, souhaite concrétiser ses engagements, qui sont ""d'augmenter la transparence écologique du réseau ferroviaire en restaurant les principales continuités écologiques terrestres et en mettant en œuvre des mesures d'atténuation du risque de collision avec la faune sauvage"". Pour cela, SNCF RESEAU a réalisé un diagnostic de la franchissabilité de son réseau, sur des zones traversées par des corridors linéaires d'importance régionale et à proximité de réservoirs de biodiversité. Cette évaluation de la franchissabilité sera complétée par des suivis photographiques permettant d'affiner les préconisations d'aménagements afin de rétablir les corridors écologiques pour le déplacement des espèces de la petite à la grande faune.",12200.00,19506045,2104817468,,,SN Biodiversité,Auvergne-Rhône-Alpes,Ardèche,07,41228073720375,SNCF RESEAU,SA à conseil d'administration (s.a.i.),69123,Lyon 3e Arrondissement
ETUDE D’AVANT-PROJET POUR LA RESTAURATION DE LA DYNAMIQUE ALLUVIALE DE LA RESERVE NATURELLE NATIONALE DU DELTA DE LA SAUER ,"La Réserve Naturelle Nationale du delta de la Sauer s'étend sur 486 ha répartis sur les communes de Seltz et de Munchhausen (67). Le Conservatoire d'Espaces Naturels d'Alsace en est le gestionnaire depuis sa création en 1997. Localisé dans le Rhin supérieur, le delta de la Sauer correspond à un ancien méandre du Rhin court-circuité lors des travaux de rectification de Tulla au XIXème siècle et aujourd'hui emprunté par la Sauer. Les anciens bras déconnectés du Rhin sont actuellement dans une dynamique générale de fermeture et de colmatage, constituant une menace à moyen terme pour la conservation de la biodiversité du site, ses habitats et espèces. Face à ce constat, le plan de gestion 2023-2032 de la RNN prévoit de mener des opérations ambitieuses de restauration. L'étude de restauration hydraulique est une opération prioritaire. Concrètement dans le delta de la Sauer, l'objectif est de reconnecter le plus en amont possible l'ancien méandre avec le fleuve.",44000.00,19543406,2104809820,,,SN Biodiversité,Grand Est,Bas-Rhin,67,33060680700031,CONSERVATOIRE DES SITES ALSACIENS,"Association déclarée, reconnue d'utilité publique",67308,Munchhausen
Aménagement écologique des bâtiments en faveur de la faune dite anthropophile,"Le projet a pour objectif de réaliser des aménagements en faveur des espèces dites anthropophiles qui nichent, ou s'abritent dans le bâti en lien avec la trame verte et bleue du Parc.
Ces espèces sont fortement impactées par les travaux réalisés dans le cadre de la sobriété énergétique.
Dans le cas présent, il s'agirait d'aménager des bâtiments du territoire du Parc naturel régional de l'Avesnois et notamment des églises, mairies, ..) qui abritent des chauves-souris, des Martinets ou des Chouettes.
Pour les chauves-souris, il s'agit d'aménager des sites de reproduction (grenier,..) et d'hibernation (caves), et pour les Martinets noirs et l'Effraie des clochers de disposer des nichoirs.
Ce programme s'appuiera sur les diagnostics écologiques des bâtiments communaux et privés réalisés ces dernières années notamment dans le cadre des atlas de la biodiversité communale et des sos chauves-souris.",20161.60,19556771,2104668143,,,SN Biodiversité,Hauts-de-France,Nord,59,25590271000011,SYNDICAT MIXTE DE GESTION DU PARC NATUREL REGIONAL DE L AVESNOIS,Syndicat mixte ouvert,59384,Maroilles
Atlas de la biodiversité communale de Nice,"La ville de Nice, commune centre de la Métropole Nice Côte d’Azur, abritant une importante richesse écologique mais soumises à de nombreuses pressions anthropiques (étalement urbain, tourisme, etc.), souhaite se doter d’un atlas de la biodiversité communale (ABC) afin de mieux connaître, de mieux faire connaître et de mieux prendre en compte la biodiversité de son territoire. 
Par conséquence, le service Biodiversité et Économie circulaire de la Métropole Nice Côte d’Azur, met son expertise au service de la commune afin de réaliser cet ABC, appuyé par les différents services de la Ville de Nice et de la Métropole, ainsi que par le Conservatoire d’Espaces Naturels de PACA et la Ligue pour la Protection des Oiseaux de PACA. 
La réalisation de l’ABC débutera en 2025, pour une période de 3 ans, et aboutira à un plan d’actions qui sera mis en œuvre par la Ville de Nice permettant la préservation et la restauration de la biodiversité communale. ",250000.00,19595334,,,,SN Biodiversité,Provence-Alpes-Côte d'Azur,Alpes-Maritimes,06,20003019500115,METROPOLE NICE COTE D AZUR,Métropole,06088,Nice
Élaboration de la démarche Natur’Adapt et intégration dans l’évaluation à mi-parcours du Plan de gestion 2021-2030 de la Réserve Naturelle Nationale de l’Étang de la Mazière,"Comprendre les aléas climatiques impactant la RNN (inondation et sécheresse notamment) et les intégrer dans la gestion de la RNN seront deux axes essentiels afin de questionner le devenir du site sur le long terme.
Ainsi, le lancement de la démarche Natur'Adapt, opération prévue au plan de gestion 2021-2030 (EI2), arrive à point nommé, en amont de l'évaluation à mi-parcours du plan envisagée en 2025 (évaluation intégrée à l’opération MS12). C’est à cette étape qu’il convient d’évaluer l’efficacité de la gestion au travers des indicateurs de pression (P) et moyens mis en place, afin de redéfinir, si besoin, la stratégie opérationnelle du plan de gestion.
Les nouvelles pressions, potentiellement identifiées dans le cadre de Natur'Adapt, pourront donc être intégrées à cette évaluation.
La temporalité et la complémentarité de ces deux opérations conduisent le gestionnaire à présenter un dossier commun au financement Fonds vert.
",53087.00,19622445,2104677826,,,SN Biodiversité,Nouvelle-Aquitaine,Lot-et-Garonne,47,38305332900025,SEPANLOG RESERVE NATURELLE LA MAZIERE,Association déclarée,47325,Villeton
Atlas de la biodiversité communale,"Engagée dans un PCAET et dans son projet de territoire, la Communauté de communes du Pays des Herbiers en lien avec ses communes membres souhaite mettre en œuvre un Atlas de la Biodiversité Communale à l’échelle du territoire communautaire. La collectivité souhaite avec l’ensemble des usagers du territoire s’engager dans un programme d’actions visant à augmenter la connaissance de la biodiversité et la sensibilisation des habitants, accompagner, notamment dans ses compétences en urbanisme, les gestionnaires d’espaces à intégrer davantage les enjeux de préservation de la biodiversité, et à conduire des actions de restauration pour conforter les continuités écologiques. Forte de son dynamisme économique, le territoire du Pays des Herbiers souhaite plus que jamais, placer le sujet de biodiversité comme un élément compris par tous, véritable levier pour l’attractivité du territoire.",213410.00,19657520,,,,SN Biodiversité,Pays de la Loire,Vendée,85,24850062100011,COMMUNAUTE DE COMMUNES DU PAYS DES HERBIERS,Communauté de communes,85109,Les Herbiers
Atlas de la biodiversité communale de Megève,"La commune de Megève souhaite répondre à l’appel à projet FONDS VERT 2024 pour la réalisation d’un atlas communal de la biodiversité qui pour elle, est la suite logique des actions déjà engagées.
La démarche qui sera suivie s’articulera autour de 3 actions principales :
- Améliorer la connaissance, par des inventaires menés par des équipes de partenaires spécialistes que sont ASTERS CEN, la Fédération mycologique et botanique Dauphiné Savoie, la fédération de chasse 74, la LPO, le Conservatoire Botanique National Alpin.
- Faire découvrir la biodiversité locale, au travers de la communication et des animations aussi bien grand public qu’à un public spécifique.
- Impliquer les citoyens dans la connaissance et la préservation de la biodiversité locale, au travers des sciences participatives ou par des actions concrètes de protection. Ce travail débouchera sur un plan d’actions et la dynamique d’animations et d’actions se poursuivie post ABC.",32967.72,19691051,,,,SN Biodiversité,Auvergne-Rhône-Alpes,Haute-Savoie,74,21740173600012,COMMUNE DE MEGEVE,Commune et commune nouvelle,74173,Megève
"Garantir et restaurer la tranquillité des Chiroptères dans les mines de Montalba-le-Château et de la grotte de la Désix, en particulier pour les colonies de mise-bas","Ce projet a pour but de renforcer la mise en défens des mines de Montalba-le-Château et de la grotte de la Désix, en réponse aux problèmes d'accès non autorisés et de détérioration de ces sites d'enjeu national et international. 
Pour la mine de Montalba-le-Château, il convient d'améliorer le dispositif de fermeture en ajoutant une « casquette » en métal pour empêcher l'entrée principale par escalade. De plus, un élagage des branches obturantes facilitera cet accès aux Chiroptères. Une grille supplémentaire devra également être installée pour fermer l'entrée secondaire située au fond de la cavité. 
Concernant la grotte de la Désix, une intervention est nécessaire pour réduire la chatière agrandie par l'Homme, en posant une petite grille et en réaménageant quelques pierres pour diminuer l'ouverture. 
Ces mesures visent à protéger et à préserver ces sites sensibles, en s'alignant sur la stratégie nationale de gestion des aires protégées.",2800.00,19716915,2104915964,,,SN Biodiversité,Occitanie,Pyrénées-Orientales,66,22660001300016,DEPARTEMENT DES PYRENEES-ORIENTALES,Département,66111,Montalba-le-Château
Atlas de la Biodiversité Communale : commune de Beaulieu sur Loire,"La mise en place de l’Atlas de la Biodiversité Communale de Beaulieu sur Loire par la commune est née de l’intérêt que portent, les écoles, les citoyens, les membres du personnel communal et les associations locales à l’observation et la préservation de leur environnement.

Les objectifs sont d’acquérir les connaissances et d’améliorer les pratiques dans la sauvegarde de la biodiversité. C’est un outil pour favoriser la compréhension et l’appropriation des enjeux de la biodiversité lors de diverses opérations et aménagement communaux. Une cartographie de la faune, de la flore et des milieux naturels présents sur la commune sera réalisée par plusieurs associations naturalistes. 

La population locale, les services techniques, les écoles, les associations, les élus seront invités à participer à des animations, des inventaires participatifs et seront informés régulièrement de l’évolution par le biais de différents supports.",59839.20,19720526,,,,SN Biodiversité,Centre-Val de Loire,Loiret,45,21450029000017,COMMUNE DE BEAULIEU SUR LOIRE,Commune et commune nouvelle,45029,Beaulieu-sur-Loire
Travaux d'éradication des Jussies au niveau de la retenue du barrage de la Rouvière,"Dans le cadre du plan de gestion des invasives sur le Vidourle, l'EPTB Vidourle souhaite procéder à l'arrachage mécanique des Jussies présentes dans la retenue en amont du barrage de la Rouviere.

Le but de cette opération est de stopper la colonisation de la plante dans cette partie encore peut touchée par cette espèce.

Un suivi va être fait par les agents de l'EPTB consécutivement à ces travaux.",16218.00,19735216,2104817845,,,SN Biodiversité,Occitanie,Gard,30,25300253900034,SM ETABLISSEMENT PUBLIC TERRITORIAL DE BASSIN VIDOURLE,Syndicat mixte fermé,30150,Logrian-Florian
"Travaux de restauration sur les réserves naturelles des Dauges et des Sauvages (Haute-Vienne, 87) (2025)","RNN Dauges : Il concerne la mise en place de restauration de prairies tourbeuses par l’installation de clôtures
fixes électriques, afin de rendre possible le pâturage des prairies concernées, par les bœufs Highlands qui sont déjà présents sur le site.
Ces travaux seront réalisés par l’équipe technique du CEN Nouvelle Aquitaine.
RNR Sauvages : Les travaux visent à restaurer des milieux naturels qui tendent à se boiser par défaut et/ou manque de pression de pâturage, débroussaillage ou bûcheronnage.",17179.61,19741774,2104662056,,,SN Biodiversité,Nouvelle-Aquitaine,Haute-Vienne,87,38857596100031,CONSERVATOIRE D'ESPACES NATURELS DE NOUVELLE-AQUITAINE,Association déclarée,87183,Saint-Sylvestre
Renaturation des berges sur la zone endiguée de la basse vallée du Vidourle,"Les digues du Vidourle sont constituées de 3 zones :
-la berge, elle est végétalisée et constitue la ripisylve
-le ségonnal, plus ou moins large, il est parfois végétalisé ou pas selon les zones
la digue, elle constitue un ouvrage hydraulique et est gérée à ce titre (absence de végétalisation, surveillance et contrôle par l'EPTB).
L'objectif du projet est de renaturer la berge sur 1 zone  érodée et dégradée  après basculement de la végétation dans le lit du fleuve. Il est prévu de renaturer la berge par techniques végétales, plantation de végétaux adaptés aux conditions du milieu, création d'habitats favorables aux espèces présentes sur sites et notamment les odonates, chiroptères et castors",40396.00,19741810,2104884014,,,SN Biodiversité,Occitanie,Gard,30,25300253900034,SM ETABLISSEMENT PUBLIC TERRITORIAL DE BASSIN VIDOURLE,Syndicat mixte fermé,30003,Aigues-Mortes
Assistance technique pour la création de deux APB en Haute-Vienne sur des sites gérés par CEN Nouvelle- Aquitaine qu'il est important de mieux protéger (2025),"Proposition 1 : création d'un APB sur le site de Vénachat, commune de Compreignac : un plan de gestion validée en 2024 par le Conseil Scientifique du CEN Nouvelle-Aquitaine va servir de base à ce travail. Le site de Vénachat abrite la station la plus occidentale de France de Cordulie arctique, libellule des tourbières, inscrites au PNA Odonates.
Proposition 2 : création d'1 APB pour l'ancienne carrière de Rancon dans la vallée de la Gartempe. Il s'agit de compléter le réseau de sites d'anciennes carrières de la vallée de la Gartempe. Il pourrait s'agir de la troisième carrière en APB puisque la LPO travaille sur deux projets en amont et en aval de Rancon.
Partenariat et concertation à prévoir avec l 'OFB, la DDT 87, les associations naturalistes locales, les élus, les propriétaires et usagers des sites.",22907.20,19742824,2104791980,,,SN Biodiversité,Nouvelle-Aquitaine,Haute-Vienne,87,38857596100031,CONSERVATOIRE D'ESPACES NATURELS DE NOUVELLE-AQUITAINE,Association déclarée,87121,Rancon
Déclinaison Nouvelle-Aquitaine du Plan National d'Actions en faveur des papillons de jour - 2025,"En 2017, le Conservatoire d’Espaces Naturels d’Aquitaine a rédigé la déclinaison aquitaine du
PNA en faveur des Maculinea élargie aux lépidoptères patrimoniaux. Entre 2017 et 2019, des
actions ont été mises en œuvre autour des 4 grands axes du PNA :
- Amélioration des connaissances ;
- Protection et gestion ;
- Information et Sensibilisation ;
- Gestion du Plan et des données.
Suite à la publication du nouveau PNA en faveur des papillons de jour et à la fusion des régions en Nouvelle-Aquitaine, la DREAL Nouvelle-Aquitaine a souhaité la mise en place d’une déclinaison à l’échelle Nouvelle-Aquitaine à partir de 2021. La déclinaison a été rédigée, validée en CSRPN et publiée en 2021. Un programme d’actions a été défni pour l’année 2025 avec une coordination à l’échelle régionale et des actions locales à l’échelle des 3 ex-régions par le biais de référents territoriaux.",156139.75,19764377,2104682298,,,SN Biodiversité,Nouvelle-Aquitaine,Pyrénées-Atlantiques,64,38857596100031,CONSERVATOIRE D'ESPACES NATURELS DE NOUVELLE-AQUITAINE,Association déclarée,64513,Sauveterre-de-Béarn
Déclinaison régionale PNA libellules (2025),"Suite à la publication du deuxième PNA en faveur des libellules en 2021 pour la période
2020-2030, la DREAL Nouvelle-Aquitaine a chargé les animateurs des Plans Régionaux d'Actions
Odonates des anciennes régions de la rédaction de la déclinaison régionale du PNA libellules en
Nouvelle-Aquitaine. L'année 2025 constitue la quatrième année de mise en œuvre des actions à
l'échelle de la Nouvelle-Aquitaine. Le CEN Nouvelle-Aquitaine assure la coordination du PNA en
région avec la DREAL NA, et les référents techniques que sont les animateurs des anciennes
régions sont chargés de la mise en place des actions (CEN Nouvelle-Aquitaine pour l’Aquitaine et
le Limousin, Poitou-Charentes Nature pour le Poitou-Charentes).",131217.67,19769430,2104682303,,,SN Biodiversité,Nouvelle-Aquitaine,Pyrénées-Atlantiques,64,38857596100031,CONSERVATOIRE D'ESPACES NATURELS DE NOUVELLE-AQUITAINE,Association déclarée,64129,Billère
"Plan de gestion multisites ""Gîtes de chiroptères"" Nouvelle-Aquitaine (2025)","Le CENNA cible un axe prioritaire d’intervention sur la conservation des principaux gîtes de chiroptères en Région.

Préservation, conservation et restauration d'un réseau de gîtes de chiroptères présentant un intérêt majeur pour la conservation des espèces de chauves-souris en Nouvelle-Aquitaine.

-Mise en œuvre de mesures de protection forte (acquisition, protection réglementaire)
-Restauration de gîtes à fort intérêt
-Définition d'une stratégie d'intervention spécifique du CEN en Nouvelle-Aquitaine 2026-2035

Appui de la mise en œuvre des Stratégie Départementale des aires Protégées
Complémentarité des actions de la Mise en œuvre du PRAC et des résultats du programme régional Chiroptères Cavernicoles prioritaires en Nouvelle-Aquitaine (CCPNA)",72123.50,19771927,2104765054,,,SN Biodiversité,Nouvelle-Aquitaine,Pyrénées-Atlantiques,64,38857596100031,CONSERVATOIRE D'ESPACES NATURELS DE NOUVELLE-AQUITAINE,Association déclarée,24554,La Tour-Blanche-Cercles
Réhabilitation de bâtiments sur le site de l'Étang des Landes,"Depuis son classement en réserve naturelle nationale en 2004, l'importance du site en matière de préservation de la biodiversité et d'accueil du public n'a cessé de croître. Il constitue aujourd'hui un hot-spot de biodiversité majeur. Il s'agit d'un site structurant pour le tourisme départemental (plus de 20 000 visiteurs/an) ce qui constitue une opportunité pour sensibiliser à la Nature le plus grand nombre (grand public, scolaires). Pour répondre à l'ensemble des enjeux, le Conseil Départemental de la Creuse a renforcé son équipe gestionnaire en 2023. Mais aujourd'hui, les locaux administratifs ne sont plus adaptés et certaines fonctionnalités manquent. La présence de bâtiments départementaux aux abords immédiats du site est un atout et le projet vise à réhabiliter ces bâtiments pour créer notamment des locaux administratifs adaptés. In fine, c'est l'ensemble des opérations du plan de gestion de la réserve qui verront leur mise en œuvre améliorée.",143425.11,19790875,2104686282,,,SN Biodiversité,Nouvelle-Aquitaine,Creuse,23,22230962700016,DEPARTEMENT DE LA CREUSE,Département,23096,Guéret
Actions sur les sites Marais Poitevin 79-17 (2025),"Le projet concerne la mise en oeuvre sur les sites d'intervention du CEN en Marais Poitevin (Deux-Sèvres et Charente-Maritime) d'actions inscrites dans 3 Contrats Territoriaux (CT)  :  CT Cadre Marais Poitevin (EPMP), et les CTMA opérationnels ""Guirande-Courance-Mignon"" et ""Marais Mouillés de la Sèvre Niortaise et du Mignon"". Ces actions consistent en :
- maîtrise foncière et d'usage (acquisition et location par bail emphytéotique) ;
- diagnostic écologique préalable à l'élaboration de plans de gestion, et suivis scientifiques ;
- restauration et gestion écologique du parcellaire en maîtrise foncière et d'usage ;
- actions de valorisation-sensibilisation auprès du grand public et des scolaires.",82018.12,19790926,2104823819,,,SN Biodiversité,Nouvelle-Aquitaine,Deux-Sèvres,79,38857596100031,CONSERVATOIRE D'ESPACES NATURELS DE NOUVELLE-AQUITAINE,Association déclarée,79220,Prin-Deyrançon
Programme d’actions en faveur des pelouses sèches du Lot-et-Garonne (2025),"Le Conservatoire d’espaces naturels de Nouvelle-Aquitaine travaille à la restauration et la valorisation des trames sèches du département de Lot-et-Garonne depuis 1992. Ce programme contribue à sauvegarder les paysages, les habitats et les espèces spécifiques de ces milieux. Par ses actions de gestion, le CEN participe à la valorisation économique et touristique des territoires ruraux. En parallèle, il intervient à la prévention des risques d’incendies en favorisant des actions de réouverture de milieux souvent abandonnés et enfrichés.
Ce programme vise à recréer des corridors pour des espèces rares et protégées, protéger de futurs sites incluent à la stratégie nationale pour les aires protégées.",97151.71,19814333,2104788011,,,SN Biodiversité,Nouvelle-Aquitaine,Lot-et-Garonne,47,38857596100031,CONSERVATOIRE D'ESPACES NATURELS DE NOUVELLE-AQUITAINE,Association déclarée,47307,Thézac
Suivi de la population de Lézard ocellé de l'île d'Oléron dans le cadre de la mise en place d'un projet de réintroduction,"La population de Lézard ocellé du Sud-Ouest de l’île d’Oléron est actuellement en déclin et fait l’objet d’un projet de réintroduction pour sauvegarder cette dernière population insulaire française. Un suivi de la population est proposé en 2025 afin d’orienter les actions de gestion et de sauvegarde nécessaires au maintien d’une réserve d’individus pour un élevage conservatoire, dans le cadre du projet de réintroduction de l'espèce au Nord de l'île d'Oléron.",12825.00,19816095,2104671245,,,SN Biodiversité,Nouvelle-Aquitaine,Charente-Maritime,17,50354054400015,OBJECTIFS BIODIVERSITES,Association déclarée,17485,Le Grand-Village-Plage
Projet de restauration et de préservation du corridor écologique de Darboussier,"La ville, marquée par une forte fragmentation urbaine et un déficit d'espaces végétalisés, a engagé un projet de restauration des continuités écologiques pour renforcer sa résilience, et améliorer le cadre de vie. En ce sens, un projet  de restauration des espèces natives du corridor écologique de Darboussier a été présenté dans le cadre de l'appel à projet BESTLIFE 2030, dont la ville est lauréate.
Ce projet BESTLIFE 2030 vise à la restauration de quatre espèces menacées (Bois noyer, Courbaril, Gaïac officinal, Acomat).
Cette opération intègre également la reconstitution du fond floristique théorique du secteur, à partir d'espèces sélectionnées selon des critères écologiques précis: Adaptation aux conditions littorales, résilience en milieux dégradés, production locale maîtrisée, fonctionnalité écologique. Et, afin d'amplifier ce projet de restauration (en partenariat avec l'ARBIG), nous soumettons une demande complémentaire de financement.",45000.00,19828181,2104915395,,,SN Biodiversité,Guadeloupe,Guadeloupe,971,21971120700015,COMMUNE DE POINTE A PITRE,Commune et commune nouvelle,97120,Pointe-à-Pitre
Amélioration des continuités écologiques via la restauration de mares,"La Fédération des Chasseurs de l'Allier souhaite proposer ses actions en termes de reconquête des continuités écologiques par la restauration des éléments fixes naturels tels que les mares qui constituent le bocage bourbonnais, un des premiers de France. Tout en hiérarchisant les zones à enjeux, une recherche de projets sera faite afin de répondre aux objectifs du SRADDET AuRA: préserver et remettre en bon état le maillage bocager et favoriser le maintien d’infrastructures agroenvironnementales : haies, mares, bandes enherbées, arbres isolés, bosquets et ripisylves. Les mares à restaurer seront donc choisies prioritairement dans les corridors écologiques identifiés dans le SRADDET ou à proximité immédiate de ceux-ci afin de renforcer les continuités écologiques.",50000.00,19865998,2104917978,,,SN Biodiversité,Auvergne-Rhône-Alpes,Allier,03,77904030200035,FEDER DEPARTEM DES CHASSEURS DE L ALLIER,Association déclarée,03286,Toulon-sur-Allier
Amélioration de l'accessibilité de la Réserve Naturelle Nationale du Marais de Lavours pour les usagers et le gestionnaire,"Le marais de Lavours est un milieu qui a toujours connu une forte fréquentation humaine, autrefois pour des activités traditionnelles et aujourd’hui pour son intérêt pédagogique et touristique. Le terrain marécageux a toujours posé des problèmes d’accès au centre du marais et les villageois ont depuis longtemps aménagé des voies pour eux-mêmes et pour le bétail. Aujourd’hui, la gestion écologique de la réserve naturelle se heurte au même problème d’accès, tant pour les troupeaux de bovins que pour les tracteurs qui viennent faucher le marais. La dimension touristique apporte une contrainte supplémentaire avec de nécessaires infrastructures d’accueil du public, la plus importante étant le sentier sur pilotis. Le projet vise à créer ou restaurer les accès aux prairies pour assurer leur conservation, ainsi que la restauration du sentier sur pilotis et de ses observatoires qui sont essentiels pour l'accueil du public.",145655.00,19873763,2104672856,,,SN Biodiversité,Auvergne-Rhône-Alpes,Ain,01,25730125900020,ENTENTE INTERDEPARTEMENTALE RHONE-ALPES POUR LA DEMOUSTICATION,Institution interdépartementale ou entente,01138,Culoz-Béon
Gestion des espèces végétales exotiques envahissantes du Domaine du Canavérier,"Le domaine du Canavérier est un vaste domaine en zone humide de 650 ha acquis par le Conservatoire du littoral en 2015 et géré par le Syndicat Mixte de la Camargue gardoise depuis 2016. Les actions menées jusqu’en 2022 ont permis de réaliser le premier plan de gestion du site, élaboré en application et selon les termes de l’article R 322-13 du Code de l’Environnement, qui fixe les modalités de gestion des propriétés du Conservatoire. En application de la mise en œuvre de ce plan de gestion, des actions de gestion des espèces végétales exotiques envahissantes font l'objet du présent projet : coupes d'oliviers de Bohème sur les milieux sableux propices à la Canne d'Italie, contrôle du Séneçon en arbre ou Baccharis au sein des habitats naturels halophiles et étangs, éradication de l'herbe de la pampa au sein des différents habitats naturels présents.",33600.00,19903207,2104915987,,,SN Biodiversité,Occitanie,Gard,30,25300258800015,SYNDICAT MIXTE POUR LA PROTECTION ET LA GESTION DE LA CAMARGUE GARDOISE,Syndicat mixte ouvert,30276,Saint-Laurent-d'Aigouze
"Travaux d'éradication d'une plante invasive, la renouée du Japon.","Le chantier vise à éradiquer plusieurs massifs de renouées du Japon par une technique d'éradication mécanique par concassage-bâchage déjà testée sur le Vidourle.
Contrairement à certains bassins gardois, la renouée est encore peu présente sur le bassin du Vidourle. Des travaux d'éradication des plants de renoués du Japon ont déjà été mis en œuvre sur Cros et St Hippolyte du fort et en aval, avec une bonne réussite du traitement.
Un inventaire mené en 2022 a permis de repérer quelques massifs isolés de petites taille qu'il convient de traiter rapidement avant que l'invasion ne s'étende.",17424.00,19945498,2104818411,,,SN Biodiversité,Occitanie,Gard,30,25300253900034,SM ETABLISSEMENT PUBLIC TERRITORIAL DE BASSIN VIDOURLE,Syndicat mixte fermé,30263,Saint-Hippolyte-du-Fort
Transparence écologique des infrastructures routières : Réduire la mortalité de la faune sauvage par collisions sur les routes départementales,Réduire les pressions sur la biodiversité de votre territoire / Phase pré opérationnelle d’un projet global de suppression des obstacles à la faune. Cette première phase vise à identifier les points noirs de collision entre faune sauvage et circulation routière sur les routes départementales. L’objectif étant in fine d’adapter les équipements afin de réduire les impacts négatifs de la circulation routière sur la biodiversité. ,8000.00,19959645,2104910251,,,SN Biodiversité,Occitanie,Pyrénées-Orientales,66,22660001300016,DEPARTEMENT DES PYRENEES-ORIENTALES,Département,66008,Argelès-sur-Mer
Réhabilitation de la digue du Bourdelet,"La réserve biologique du Bourdelet est une tourbière située sur la commune de Riols (34). Cette tourbière a la particularité d'être située à l'amont d'une petite retenue d'eau de moins d'un hectare. Cette retenue semble permettre la conservation des habitats de la tourbière en maintenant le niveau d'humidité nécessaire. Cette retenue d'eau est possible grace à la présence d'une ancienne digue d'environ 4m de haut sur 30m de long. Cette digue vieillissante est endommagée et n'est plus étanche, en été le niveau de la retenue baisse drastiquement, menaçant ainsi la tourbière. Afin de limiter ce phénomène, accentué par le changement climatique, il est nécessaire de rénover cette digue afin de retrouver une étanchéité satisfaisante. Toute la réserve biologique et ses aménagements pédagogique sont menacés. Ce projet sera compléter par une passe a poisson afin de rétablir la continuité écologique, notamment en faveur de la moule perlière située en aval.",120000.00,19962997,2104870579,,,SN Biodiversité,Occitanie,Hérault,34,21340229000018,COMMUNE DE RIOLS,Commune et commune nouvelle,34229,Riols
ABC de la Motte d'Aveillans,"La Motte d’Aveillans, à une trentaine de kilomètres au Sud de Grenoble, entre le Vercors et les Ecrins, s’inscrit dans un territoire naturel et paysager remarquable. Sa situation particulière, à des altitudes variant de 637 à 1616m regroupant à la fois les étages montagnard, subalpin et alpin, entraîne la présence d’une grande variété d’habitats naturels (forêts de pente d’expositions différentes, prairies sèches, pâtures et alpages, dont certains patrimoniaux et d’importance pour la trame verte et bleue, et d’espèces, avec à ce jour 1446 espèces observées dont 104 espèces protégées et 36 menacées. La richesse et la diversité de son patrimoine naturel n’étant donc plus à démontrer aujourd’hui, la commune a décidé de se lancer dans la démarche d’ABC afin de les préciser, cartographier, compléter et valoriser grâce à l’appui de trois associations naturalistes locales et de l’ensemble des acteurs et des habitants du territoire.",35820.00,19973622,,,,SN Biodiversité,Auvergne-Rhône-Alpes,Isère,38,21380265500018,COMMUNE DE LA MOTTE D AVEILLANS,Commune et commune nouvelle,38265,La Motte-d'Aveillans
Favoriser les insectes pollinisateur du Conservatoire et l'Ecole des Beaux-Arts de Carcassonne Agglo,"Ce projet a pour objectif de promouvoir les insectes pollinisateurs sur les terrains entourant le Conservatoire de Carcassonne. Pour atteindre cet objectif, nous prévoyons de planter des haies composées de différentes strates végétales, d'aménager des couverts faunistiques, et d'installer divers micro-habitats pour les insectes. Une gestion différenciée de la zone sera également mise en place pour optimiser les conditions écologiques.

Les aménagements proposés visent à offrir plusieurs services écosystémiques, tels que la réduction des îlots de chaleur pour le confort des usagers du Conservatoire et une meilleure infiltration des eaux pluviales. En outre, le site sera utilisé comme support pédagogique pour les écoles voisines et les associations, contribuant ainsi à l'éducation environnementale et à la sensibilisation à la biodiversité.",9640.00,19980399,2104771114,,,SN Biodiversité,Occitanie,Aude,11,20003571500016,CARCASSONNE AGGLO,Communauté d'agglomération,11069,Carcassonne
Préfiguration d'un projet de création d'une aire protégée sous statut de protection forte en forêt communale des Salces,"L'aménagement forestier de la commune et des sections de la commune des SALCES a été renouvelé en 2022. Cette propriété publique bénéficie du Régime Forestier depuis 19ème siècle. Elle a connu un enrésinement important via le Fond Forestier National. Une surface significative de la forêt n'a pas fait l'objet de sylviculture depuis à minima 50 ans en raison de son isolement et de l'absence d’accès mécanisable. Cette zone se présente comme une mosaïque de milieux remarquables : tourbières, forêts anciennes, chaos rocheux, landes sèches. La richesse patrimoniale de ce site est fortement pressentie par les acteurs du territoire.
Le présent dossier vise à engager une discussion pour tendre vers la préservation de ce
site grâce à une intégration sous protection forte dans le cadre de la SNAP.
Ce qui suppose au préalable de mieux identifier les enjeux écologiques afin d'engager une phase de concertation avec le propriétaire (commune des Salces).",55016.00,19985019,2104657416,,,SN Biodiversité,Occitanie,Lozère,48,20004869200012,SYNDICAT MIXTE D'AMENAGEMENT ET DE GESTION DU PARC NATUREL REGIONAL DE L'AUBRAC,Syndicat mixte ouvert,48187,Les Salces
Création d’un label biodiversité à destination des propriétaires privés ruraux de l’Indre,"Le projet vise à débuter une démarche expérimentale auprès des propriétaires fonciers volontaires pour s’engager dans des démarches qui s'inscrivent dans la Stratégie Nationale Biodiversité. Le Syndicat de la Propriété Privée Rurale de l’Indre souhaite s’engager dans cette démarche, conscient de la nécessité de préserver le foncier et sa durabilité, notamment avec l'enjeu de la biodiversité associée à ce foncier. 
Ainsi, le SPPR souhaite accompagner cette volonté, en mettant en place des activons visant à identifier des propriétaires volontaires, à travailler sur les caractéristiques de leurs propriétés et ouvrir des perspectives sur la mise en œuvre d'ORE ou de tout autre type labellisation de territoires. 
Cette première phase vise à lancer cette labellisation, et à porter, auprès des propriétaires, les différents outils à leur disposition, y compris les ORE.",49140.00,19985613,2104674507,,,SN Biodiversité,Centre-Val de Loire,Indre,36,40419999400017,SYND DEPT PROPRIETE AGRICOLE INDRE,Ordre professionnel ou assimilé,36044,Châteauroux
Inventaire des populations et des gîtes de Chiroptères sur les causses et contreforts méridionaux du Larzac,"Les sites Natura 2000 ""Causses du Larzac"" et ""Contreforts du Larzac"" ont été désignés pour leur richesse en terme d'habitats naturel et d'espèces patrimoniale avec notamment une forte diversité Chiroptérologique. Néanmoins, les Chiroptères ont été très peu étudié sur ces sites malgré la présence de nombreux gîtes potentiels (cavités souterraines et vieux bâtiment). 
Le projet proposé à l'ambition de mener un inventaires acoustique des chiroptères sur l'ensemble des 2 sites, un recensement des gîtes de ces espèces ainsi qu'une modélisation de la dispersion des chiroptères à partir des gîtes découvert.
 Une campagne de sensibilisation avec édition d'un livret et animations pour la population locale est prévue.
Les perspectives de ce projet sont la mise en place de mesure de conservation sur les gîtes découvert, la sensibilisation de la population aux menaces qui pèsent sur ces espèces ainsi que la restauration/création de corridors de déplacement.",44916.40,19993914,2104803088,,,SN Biodiversité,Occitanie,Hérault,34,42857961900050,ASS. DES CAUSSES MERIDIONAUX,Association déclarée,34064,Le Caylar
"Projet de geopark transmanche - une démarche en faveur de la mise en valeur et de la préservation de la géodiversité, de la biodiversité associée et du paysage ","Le Parc naturel régional des Caps et Marais d'Opale, en collaboration avec les Kent Downs National Landscape (Angleterre), postule pour obtenir le label UNESCO Geopark mondial. Le projet Geopark Transmanche, de portée transfrontalière, met en lumière un patrimoine géologique remarquable partagé entre la France et l’Angleterre, façonné par la formation du détroit du Pas de Calais. Il deviendrait ainsi le premier Geopark transfrontalier maritime au monde. Ce projet vise à valoriser et préserver ce patrimoine, sensibiliser le public et promouvoir un développement local durable. La candidature sera déposée à l’automne 2025, avec une évaluation en 2026 et une décision finale attendue au printemps 2027. Ce Geopark agira également comme un laboratoire pour des initiatives de conservation régionales, renforçant la valorisation du patrimoine naturel, culturel et géologique.",199600.00,20034213,2104652041,,,SN Biodiversité,Hauts-de-France,Pas-de-Calais,62,25620384500134,SYNDICAT MIXTE DU PARC NATUREL REGIONAL DES CAPS ET MARAIS D'OPALE,Syndicat mixte ouvert,62880,Le Wast
"Acquisition d'une tourbière pour conservation, protection forte et valorisation","La tourbière a cessé son exploitation depuis près d'un siècle. Elle est dans un assez bel état de conservation et protégée par un arrêté de protection d'habitat naturel. Son propriétaire actuel l'a mise en vente, ne pouvant plus l'entretenir. Le Groupement foncier rural et écologique du Ruban Vert souhaite l'acquérir pour la préserver, en réhabiliter le fonctionnement hydrologique apparemment dégradé (expertise en préparation) puis l'entretenir dans un état de bon fonctionnement hydrologique et préserver la faune et la flore associées et la valoriser par des actions pédagogiques limitées. L'acquisition sera accompagnée d'une ORE avec le Ruban Vert et le CENB, et suivie d'études pour envisager les aménagements légers nécessaires et les conditions d'entretien et de gestion. Le projet d'ORE accepté par le Conseil d'Administration du CENB et l'AG de l'association Le Ruban Vert est joint au dossier.
",26200.00,20035327,2104759397,,,SN Biodiversité,Bourgogne-Franche-Comté,Yonne,89,97838599500011,GROUPEMENT FONCIER RURAL ECOLOGIQUE DU RUBAN VERT,Groupement foncier et rural,89239,Malay-le-Grand
Accompagnement à l'adaptation et au suivi du volet biodiversité du Plan de paysage du bassin carrier de Marquise,"Le projet proposé vise à intégrer la biodiversité dans l'aménagement du bassin carrier de Marquise. Depuis 1994, des efforts ont été faits pour harmoniser les activités d'extraction avec le paysage. En 2011, une étude sur la biodiversité a révélé la présence d'espèces rares sur le territoire. Le Plan de paysage du Bassin carrier de Marquise, actualisé en 2014, intègre ces enjeux, mais des actions concrètes sont encore nécessaires.
Les principaux objectifs du projet sont :
-Actualiser les connaissances naturalistes
-Redéfinir les zones de suivi protocolé
-Réaliser des opérations de restauration écologique
-Adapter les principes de végétalisation des dépôts
-Actualiser les outils de suivi (SIG et observatoire photographique)
-Sensibiliser le public et encourager l'adhésion citoyenne
Le projet s'inscrit dans une dynamique territoriale de transition écologique avec un cofinancement des carriers et leur groupement.",86986.96,20038278,2104815610,,,SN Biodiversité,Hauts-de-France,Pas-de-Calais,62,25620384500134,SYNDICAT MIXTE DU PARC NATUREL REGIONAL DES CAPS ET MARAIS D'OPALE,Syndicat mixte ouvert,62560,Marquise
Valorisation et restauration écologique du Marais de Lumbres-Setques,"Le projet de valorisation du Marais de Lumbres – Setques vise à restaurer et à gérer efficacement cette zone humide de 60 hectares jusque-là peu investie pour son patrimoine naturel. Il prévoit l’établissement d’un plan de gestion sur 10 ans, des travaux de restauration écologique dont l'abattage d'une peupleraie, l’aménagement de l’accès au public et la protection réglementaire et foncière durable de la zone.  Le projet s’inscrit dans une dynamique de transition écologique locale avec des financements adaptés. Le calendrier prévoit une phase d'études en 2025, et un démarrage de la phase opérationnelle dès 2026. Une initiative clé pour préserver et valoriser cet espace naturel!",140500.00,20039175,2104813106,,,SN Biodiversité,Hauts-de-France,Pas-de-Calais,62,25620384500134,SYNDICAT MIXTE DU PARC NATUREL REGIONAL DES CAPS ET MARAIS D'OPALE,Syndicat mixte ouvert,62534,Lumbres
RESTAURATION DE LA BIODIVERSITE NOCTURNE,"A l’heure du lancement de la révision de la Charte du Parc, il parait opportun de franchir une marche dans les travaux et d'inscrire la Trame noire dans la prochaine Charte 2028, et dans le futur Plan de Parc qui en sera la traduction cartographique. L’enjeu réside en une transcription concrète en terme d’orientations, révélant la transversalité du sujet et une acculturation des partenaires de la Charte et du grand public.
Depuis septembre 2023, de nombreux axes de travail ont déjà été explorés et confortés en termes de connaissance et de sensibilisation, ouvrant ce sujet encore méconnu vers des cibles variées.
Le présent dossier de sollicitation du Fonds vert pour la période 2025-2028 vise à systématiser les pratiques vertueuses (sobriété), à appuyer plus concrètement de nouveaux acteurs et à acculturer l’ensemble des publics aux enjeux de préservation de la biodiversité nocturne.",75170.00,20039802,2104805154,,,SN Biodiversité,Hauts-de-France,Pas-de-Calais,62,25620384500134,SYNDICAT MIXTE DU PARC NATUREL REGIONAL DES CAPS ET MARAIS D'OPALE,Syndicat mixte ouvert,62880,Le Wast
PLAN DE RECONQUETE DES PAYSAGES ET DE LA BIODIVERSITE SUR LE TERRITOIRE DU PARC ,"Le  parc naturel régional des Caps et Marais d’Opale a engagé depuis 2013 un vaste plan de reconquête des paysages et de la Biodiversité, qui a conduit à la plantation de plus de 20 Kms de haies par an, pour un total de plus de 175km. Ces projets sont conçus avec les bénéficiaires (agriculteurs et domaine public) afin de concilier enjeux écologiques, contraintes d'entretien et objectifs de valorisation, afin de s'assurer de leur durabilité et de leur capacité à jouer pleinement leur rôle écologique et paysager de manière durable. Ils prennent de ce fait plusieurs formes: haies, bandes boisées, alignements d’arbres, agroforesterie, sur les parcelles à vocation agricole. Le portage par le Parc permet d'inscrire les projets dans les trames écologiques du territoire, et d'en assurer un suivi, en coordination avec les autres démarches locales, notamment à vocation hydrologiques et économiques. Le Fonds Vert viendrait conforter ce programme.
",144800.00,20039882,2104728463,,,SN Biodiversité,Hauts-de-France,Pas-de-Calais,62,25620384500134,SYNDICAT MIXTE DU PARC NATUREL REGIONAL DES CAPS ET MARAIS D'OPALE,Syndicat mixte ouvert,62880,Le Wast
Création d’une annexe alluviale sur la commune de Pont-sur-Sambre (59) sur la Sambre canalisée,"Le projet consiste à recréer une zone humide en bordure de la Sambre canalisée sur la commune de Pont-Sur-Sambre (59), sur un terrain appartenant à la Communauté d'Agglomération Maubeuge Val de Sambre. Cette ancienne peupleraie a fait l'objet d'un défrichement et le terrain sera terrassé pour restaurer une annexe alluviale en connexion directe avec la Sambre canalisée. L'objectif premier est de recréer une zone de frayère pour l'espèce repère Brochet mais bénéficiera plus largement aux autres espèces piscicoles (Accueil et/ ou reproduction) ainsi qu'aux autres cortèges de faune et de flore inféodés à ce type de milieu naturel.",118482.00,20040792,2104712172,,,SN Biodiversité,Hauts-de-France,Nord,59,41934995600021,FEDER DEPART ASSOC PECHE PISCICULT NORD,Association déclarée,59467,Pont-sur-Sambre
"Mise en oeuvre de la stratégie nationale pour les aires protégées - Acquisition de parcelles de prairies humides au lieu-dit ""Censes-Maubert"" à Rocroi","Le projet d’acquisition se situe dans le département des Ardennes, dans la région naturelle de l’Ardenne primaire, un secteur riche en prairies humides acidiclines sur le plateau de Rocroi, dénommées localement « Rièzes ». Le projet concerne quatre parcelles de prairies humides et d’un jeune boisement (taillis de recolonisation), pour une surface totale de 12,6118 hectares.
Suite à une longue phase de négociation qui avait abouti dans un premier temps à l’acquisition d’une part indivise majoritaire de l’indivision, celle-ci a finalement changé d’avis et proposé la vente de l’entièreté de la propriété. 
=> Le CENCA se porte donc acquéreur de la pleine propriété de ces 4 parcelles. Le CENCA deviendra ainsi l’unique propriétaire et le gestionnaire écologique des parcelles.
Ces parcelles feront l’objet d’un plan de gestion écologique, d’une demande de reconnaissance du statut de “protection forte” (décret n°2022-527 du 12/04/2022). ",7000.00,20099928,2104724903,,,SN Biodiversité,Grand Est,Ardennes,08,78025548500119,CONSERVATOIRE D ESPACES NATURELS DE CHAMPAGNE-ARDENNE,Association déclarée,08367,Rocroi
Amélioration de la signalétique et de la communication sur les Réserves Naturelles Régionales du réseau de cavités à chiroptères + Réfection du grillage de protection sur la Réserve Naturelle Nationale de la grotte du Carroussel,"Des démarches ont été effectuées pour l’extension de la RNR Grotte de Chenecey. Cette extension concerne une autre cavité de la même commune, le Gouffre des Granges Mathieu. Elle devrait aboutir en 2025 à la création de la RNR des Grottes de Chenecey, de 21,35 ha. Pour permettre la matérialisation de cette extension et la bonne information des usagers du site, des travaux de mise en place d’une signalétique adaptée s’avèrent nécessaires, dès le classement de l’extension. 
En parallèle, une mise à jour de la signalétique sur l’ancien périmètre du site classé doit être réalisée, ainsi qu'un renforcement de la signalétique existante sur 4 autres RNR du réseau.
La RNN grotte du Carroussel à Port-sur-Saône (70)  est mise en défens par un grillage limitant les intrusions humaines à l’intérieur du site. En 2024, des chûtes d'arbres ont dégradé le grillage. Celui-ci nécessite donc à présent une réparation.",35438.00,20110507,2104759394,,,SN Biodiversité,Bourgogne-Franche-Comté,Doubs,25,37816663100010,COMMISS PERMAN ETUDE PROTEC EAU SOUS-SOL,Association déclarée,25149,Chenecey-Buillon
Réhabilitation écologique et paysagère de l’emprise de la « Maison dite Cabodi »,"Le site des lacs de Bellefontaine et des Mortes, entre le Doubs et le Jura, est internationalement reconnu pour la qualité de ses écosystèmes remarquables (sites Ramsar et Natura 2000) et de ses paysages emblématiques (site inscrit). Les lacs constituent également une ressource d’eau potable très fragile alimentant environ 6000 habitants.
Pour préserver ces enjeux, les communes de Bellefontaine et Chapelle-des-Bois, la Communauté de communes Arcades Haut-Jura et le Parc du Haut-Jura mènent un projet commun en vue de réhabiliter écologiquement et paysagèrement une partie du site dégradé par des bâtiments d’habitations, en désartificialisant les parcelles et en restaurant une gestion agricole encadrée.
Les communes ont acquis les parcelles pour les protéger durablement par une ORE conclue entre les communes et le Parc du Haut-Jura.
Le Parc du Haut-Jura mettra en œuvre les travaux de réhabilitation écologique et paysagère, objet du présent dossier.",59740.00,20117841,,239342,Agence de l'eau,SN Biodiversité,Bourgogne-Franche-Comté,Jura,39,25390166400016,SYNDICAT MIXTE DU PARC NATUREL REGIONAL DU HAUT JURA,Syndicat mixte ouvert,39047,Bellefontaine
Nouvelle acquisition de parcelles boisées Forêt de l’Appentis du Canada ,"Le Conservatoire d'espaces naturels de Bourgogne souhaite acheter ces parcelles, situées sur la commune de Tintry dans le département de la Saône-et-Loire (71), car elles présentent des enjeux forestiers caractérisés dans le DOCOB du site « Forêt de ravin et landes du vallon de Canada, barrage du Pont du Roi ». De plus, ces parcelles sont limitrophes de 5 parcelles, d’une superficie totale de 8.5 hectares, récemment acquises par le Conservatoire. Ce qui augmente la superficie de l'ensemble du site et créer une belle entité pour préserver le patrimoine forestier bourguignon et les espèces faunistiques associées.",37136.00,20257037,2104663493,,,SN Biodiversité,Bourgogne-Franche-Comté,Saône-et-Loire,71,38165327800089,CONSERVATOIRE D'ESPACES NATURELS DE BOURGOGNE,Association déclarée,21263,Fénay
"Atlas de la biodiversité communale d’Aubry-du-Hainaut, Condé-sur-l’Escaut, Crespin, Quarouble, Quiévrechain, Saint-Aybert et Thivencelle, sur le territoire du Parc naturel régional Scarpe Escaut – édition n°3","Fort de l'expérience de deux premières éditions d'Atlas de la Biodiversité Communale, le Parc naturel régional Scarpe-Escaut (PNRSE) souhaite poursuivre le déploiement de ce dispositif avec l'ambition d'une couverture intégrale des communes du Parc.
Dans une logique d'amélioration continue, chaque édition porte son lot d'évolutions et de nouveautés identifiées par des pictogrammes dans la fiche-projet. Nous pouvons citer l'ajout d'une action à destination des collégiens, la complétude des inventaires entomologiques et surtout l'implication de l'Agglomération de Valenciennes Métropole, partenaire incontournable pour l'intégration des résultats de ces atlas dans la politique locale d'aménagement et de renaturation. Cette édition concerne sept communes : Aubry-du-Hainaut, Quiévrechain, Quarouble, Crespin, Saint-Aybert, Condé-sur-l'Escaut et Thivencelle, les six dernières étant traversées par le corridor écologique majeur repris au Scot du Valenciennois. ",142870.20,20303058,,,,SN Biodiversité,Hauts-de-France,Nord,59,25590074800021,SYNDICAT MIXTE DE GESTION DU PARC NATUREL REGIONAL SCARPE-ESCAUT,Syndicat mixte ouvert,59526,Saint-Amand-les-Eaux
Animation du plan régional d’action relatif au frelon à pattes jaunes,"FREDON Hauts-de-France est chargé de l’animation du plan régional d’action relatif au frelon à pattes jaunes. Les objectifs sont de faire connaître et promouvoir ce plan régional d’action aux acteurs de la région ; d'inciter et guider les acteurs du territoire à mettre en place des actions en cohérence avec ce plan régional d’action ; de veiller à la cohérence des actions (communiquées à FREDON Hauts-de-France) mises en place sur le territoire pour lutter contre le frelon à pattes jaunes; de répondre aux interrogations des différents acteurs sur cette thématique ; de réunir le groupe de travail relatif au frelon à pattes jaunes; de mettre à jour le plan régional d’action en fonction des évolutions techniques, scientifiques et réglementaires; d'inciter les acteurs du territoire à remonter leurs données à FREDON ; de réaliser le suivi des actions mises en place en région ; de réaliser le bilan intermédiaire du plan régional d’action. 

",56000.00,20321830,2104680928,,,SN Biodiversité,Hauts-de-France,Pas-de-Calais,62,78371457900043,FEDERATION REGIONALE DE DEFENSE CONTRE LES ORGANISMES NUISIBLES HAUTS DE FRANCE,Syndicat patronal,62528,Loos-en-Gohelle
Restauration et entretien de milieux ouverts par moyens mécaniques et manuels,"La Communauté de Communes de l’île de Ré dans le cadre de sa compétence « Environnement » est gestionnaire depuis 2012 des parcelles propriétés du Conservatoire de Littoral. Les milieux naturels concernés regroupent des habitats variés tels que des pelouses arrière dunaires, des friches, des dunes grises, des boisements à pins et chênes verts etc…
Ce projet a pour objectif objet restaurer et d’entretenir les espaces naturels gérés par la Communauté de Communes en luttant contre les espèces exotiques envahissantes végétales, en atténuant ou supprimant les impacts de ces espèces sur la biodiversité, sur une période de 4 ans.",69972.00,20323869,2104748947,AID-2025-04526,Agence de l'eau,SN Biodiversité,Nouvelle-Aquitaine,Charente-Maritime,17,24170045900043,COMMUNAUTE DE COMMUNES DE L ILE DE RE,Communauté de communes,17161,La Flotte
Actions de l'Atlas de la Biodiversité Communale 2024-2025,"La commune d'ARGELES-GAZOST mène une politique en faveur de la biodiversité via les actions de l'Atlas de la Biodiversité Communale, dont :
> 1 - Contrat de culture d'arbres pour les avenues Hector Sassère et Henri d'Agrain
Ces deux avenues comptent 71 platanes souvent en mauvais état sanitaire. Afin de prévoir leur renouvellement, un contrat de culture est prévu sur 3 ans auprès d'un pépiniériste.
> 2 - Plantations de haies champêtres et de vergers
Afin de répondre à la nécessité de maintenir des bio-corridors, les élus ont travaillé sur la planification de plusieurs projets de plantations de haies champêtres et vergers.
> 3 – Étude chauve-souris Villa Suzanne
La présence de trace d'occupation de chauve-souris et de chouettes dans le comble de la villa Suzanne (futur Tiers Lieu) nécessité la mission d’un écologue, avec phases d’observations et de préconisations  est donc prévue.

",22199.00,20332176,2104887712,,,SN Biodiversité,Occitanie,Hautes-Pyrénées,65,21650025600013,COMMUNE DE ARGELES GAZOST,Commune et commune nouvelle,65025,Argelès-Gazost
Atlas de la biodiversité communale de Montreuil,"Établir un portrait de la biodiversité communale pour en estimer les richesses et les fragilités dans l'objectif de les faire connaitre et de mettre en synergie tous les acteurs du territoire autour d'un plan d'action concerté, piloté et évalué, pour mieux comprendre, protéger et valoriser le patrimoine naturel de la ville. Bien que certains inventaires aient été réalisés par le passé, ce projet permettra d’établir une vision globale, d’identifier les priorités d’action et de sensibiliser habitants et décideurs aux enjeux de préservation de la biodiversité. Montreuil, avec ses Murs à Pêches, ses parcs (dont un classé Natura 2000 et un autre en cours de reconnaissance « Refuge LPO »), pourra ainsi s'appuyer sur une base solide de connaissances et un plan d’action structuré pour rendre la ville plus résiliente et accueillante pour le vivant. Les résultats de cet ABC seront traduits dans les documents d'urbanisme.",94480.00,20376731,,,,SN Biodiversité,Île-de-France,Seine-Saint-Denis,93,21930048000015,COMMUNE DE MONTREUIL,Commune et commune nouvelle,93048,Montreuil
Mise en place d'un crapauduc sur une route départementale,"Le Conseil départemental du Val d’Oise réalise, au travers de sa politique en faveur des Espaces Naturels Sensibles (ENS), ainsi que d’un réseau de partenaires scientifiques et techniques très actifs sur le territoire, des opérations de protection des amphibiens lors de la migration nuptiale. Cette protection s’illustre par la mise en place de dispositifs temporaires quand le nombre de bénévoles est suffisant (exemple : crapaudrome de Marines). Dans les autres cas, où les routes sont trop dangereuses, le milieu peu accessible, le linéaire concerné trop long, ou encore qu’il n’est pas possible d’assurer une présence quotidienne, le Département met en place des dispositifs permanents ou « crapauducs » sur son domaine routier. Le Département souhaite donc poursuivre cette action sur d’autres secteurs en sollicitant l’appui du Fonds vert, afin de remettre en liaison les trames écologiques de migration des amphibiens.
",96378.00,20398553,,1116434,Seine-Normandie,SN Biodiversité,Île-de-France,Val-d'Oise,95,22950127500015,DEPARTEMENT DU VAL D OISE,Département,95446,Nesles-la-Vallée
Contribution du Cen CVL à la SAP – Intégration des aires protégées du Cen en Zones de Protection Forte,"Au 31 décembre 2024, le Cen Centre-Val de Loire gère un réseau de 189 aires protégées représentant 5 236 hectares.
En application de son plan d'actions quinquennal 2023-2027, approuvé par l'Etat et la Région, il met en place une stratégie territoriale avec pour objectif de développer ce réseau en préservant de nouvelles aires protégées ou en renforçant la protection des aires actuelles.
L’objectif du projet est de faire aboutir des projets de protection forte d’espaces naturels à haute valeur patrimoniale en Centre-Val de Loire au sein du réseau des aires protégées du Cen Centre-Val de Loire et ainsi contribuer significativement aux objectifs de la stratégie aires protégées.",31886.80,20401009,2104836627,,,SN Biodiversité,Centre-Val de Loire,Loiret,45,38509631800170,CONSERVATOIRE D ESPACES NATURELS CENTRE-VAL DE LOIRE,Association déclarée,45234,Orléans
Atlas de la Biodiversité Communale de DROUE-sur-DROUETTE,"Préserver et valoriser le patrimoine naturel de notre commune et actualiser des données anciennes, car Droue-sur-Drouette a fait l'objet d'un classement ZNIEFF de type 1 sur 167 hectares jusqu'en 2014, avec absence de suivi depuis. Sur cette zone, au niveau du site de la Palombe, un plan de renaturation de la Drouette est en cours avec création d'une zone humide pour lequel l'ABC permettra de faire l'état des lieux.
Par ailleurs, nous sommes en pleine réalisation d'un PLUi pour la communauté de communes des PEIDF, cet ABC pourra intégrer ce nouveau document d'urbanisme et aider à la protection des sites naturels et de la biodiversité de notre village.
Notre volonté sera d'utiliser l'ABC dans nos différents outils de communication, et qu'il soit le document de base aux sorties nature, tant avec les enfants de nos écoles, qu'avec les familles et les adultes afin de sensibiliser nos citoyens à la préservation de la biodiversité et à son importance.",22008.00,20402537,,,,SN Biodiversité,Centre-Val de Loire,Eure-et-Loir,28,21280135100017,COMMUNE DE DROUE SUR DROUETTE,Commune et commune nouvelle,28135,Droue-sur-Drouette
Restauration et aménagement écologique de l'Ecopole du Val d'Allier,"L'Ecopôle du Val d'Allier est un ensemble de gravières d’une superficie de 135 ha (dont 35 ha en eau) et se situe en zone alluvionnaire sur la rive droite de l'Allier. Ce secteur a fait l’objet d’une exploitation artisanale dans les années 50, puis intensive et industrielle à partir des années 70, de granulats par de nombreux exploitants. Dès 2004, le Syndicat mixte d'Étude et d'Aménagement Touristique de l’Ecopôle du Val d’Allier (SEAT) a missionné la LPO en Auvergne afin qu'elle mène en collaboration avec les acteurs du territoires, la réactualisation du plan de gestion de l’Ecopôle. L'objectif de ce programme est de concilier la protection de la biodiversité et l'aménagement du territoire, pour maintenir le site attractif pour la faune sauvage, en particulier les oiseaux, tout en assurant la sensibilisation du public. La situation du site sur un axe migratoire important à l'échelle régionale pour les oiseaux d'eaux renforcent l'intérêt du projet.",41546.00,20449493,2104814679,,,SN Biodiversité,Auvergne-Rhône-Alpes,Puy-de-Dôme,63,25630352000017,SYNDICAT MIXTE D ETUDES ET D'AMENAGEMENTS TOURISTIQUES (SEAT) ECOPOLE DU VAL D'ALLIER,Syndicat mixte fermé,63273,Pérignat-sur-Allier
Gestion des zones humides autour du lac du Der,"Ce projet concerne la réalisation d'aménagements en faveur des zones humides autour du Der sur des espaces où la LPO Champagne-Ardenne intervient directement comme gestionnaire. Trois sites sont identifiés :
- marais du petit Broué (propriété du CDL) : création et restauration d'aménagement hydraulique (vanne de vidange, clapet anti-retour, digue, lit filtrant)
- RNR de Larzicourt et gravières adjacentes (propriété LPO) : réfection de la clôture pour mise en place pâturage, réouverture de milieux embroussaillés et diagnostics écologiques en vue de l'extension de la RNR et de la réalisation de son plan de gestion
- bocage d'Outines et Saint-Rémy (propriété CDL et privée) : création et restauration de 7 mares",12107.00,20463360,2104891576,,,SN Biodiversité,Grand Est,Marne,51,34305593500047,LIGUE PROTECTION OISEAUX CHAMPAGNE ARDEN,Association déclarée,51316,Larzicourt
Animer la Réserve naturelle régionale Mont des Avaloirs 2025/2026 - Travaux de restauration et médiation,"Située, sur les communes de Boulay-les-Ifs et de Pré-en-Pail-Saint-Samson, la réserve naturelle régionale Mont des Avaloirs (321ha) regroupe autour du point culminant du Massif armoricain, trois unités paysagères (Souprat, Marais du Fourneau, Vallée du Buisson de Malheur) abritant plus de 2 000 espèces dont de nombreuses sont rares ou protégées. 

De 2018 à 2024, le projet européen LIFE Avaloirs (LIFE17 NAT/FR/000007) a permis l'engagement de nombreux travaux de restauration des landes et tourbières fortement dégradées présentes sur le Mont des Avaloirs et la Corniche de Pail. Le bilan fait état de la restauration de 13 hectares de landes humides, 117 hectares de landes sèches ainsi que 4 hectares de tourbières et 8 hectares de prairies. Bien que les travaux de grande ampleur soient terminés, des travaux d'entretiens doivent être réalisés pour maintenir les actions entreprises tels que des travaux de gestion des rejets ou de fauche.",60534.00,20526402,2104808130,,,SN Biodiversité,Pays de la Loire,Mayenne,53,25610222900018,SYNDICAT MIXTE DU PARC NATUREL REGIONAL NORMANDIE MAINE,Syndicat mixte ouvert,53185,Pré-en-Pail-Saint-Samson
Restauration écologique d'éléments du réseau hydrographique de la vallée du ru d'Arthelon,"Le bassin versant du ru d'Arthelon comprend deux Zones Naturelles d'intérêt Ecologique, Floristique et Faunistique (ZNIEFF). Plusieurs espaces naturels sensibles sont présents dans le bassin versant comme les coteaux et la forêt domaniale de Meudon.  Dans cette forêt, cinq étangs sont présents mais seulement deux sont reconnus zones humides du notamment au fait d'avoir été mis à mal par plusieurs décennies de présence anthropique. Ils rencontrent aujourd'hui des difficultés à assurer leurs missions écologiques et spécifiquement de corridor écologique.  
Espaces propose par ce projet la restauration d'un linéaire situé sur l'étang de la Garenne et de deux autres linéaires situés sur l'étang de Trivaux, en mettant en œuvre des techniques issues du génie végétal ainsi que deux mares à proximité de l'étang de la Garenne et de Meudon, des zones cruciales pour la reproduction de certaines espèces. ",105863.00,20544575,,1113519,Seine-Normandie,SN Biodiversité,Île-de-France,Hauts-de-Seine,92,39924109000063,ASSOCIATION ESPACES,Association déclarée,92048,Meudon
Travaux en faveur de la restauration écologique de milieux naturels et de la trame verte et bleue,"Le Parc naturel régional souhaite confier au Chantier d’insertion (Un Château pour l’Emploi) des travaux de restauration écologique de milieux naturels :

Les études menées par le PNR et ses partenaires ont identifié les enjeux « pelouses sèches » de différents secteurs. Des actions de fauche, débroussaillage et arrachage de ligneux seront réalisée,  notamment : des pelouses et ourlets à Orry-la-Ville, Avilly-Saint-Léonard, Gouvieux, Asnières-sur-Oise, Villeneuve-sur-Verberie, Aumont-en-Halatte...

Des actions d’arrachage d'espèces invasives sont envisagées, notamment concernant le Prunus Serotina , l'Aster lanceolatus, le Phytolacca americana et le Robinia pseudoacacia. 

Enfin, des milliers d’amphibiens meurent écrasés sur les routes au cours de leur migration. Des associations locales sont impliquées dans des opérations de protection de ces amphibiens. Le chantier d’insertion contribue à l’installation des bâches le long des routes.

",14574.00,20600210,,1112809,Agence de l'eau,SN Biodiversité,Hauts-de-France,Oise,60,25600563800034,SYND MIXTE GESTION PARC NATUREL REG OISE,Syndicat mixte ouvert,60482,Orry-la-Ville
Etude en vue de l’adaptation de la forêt de Chantilly au changement climatique ,"Lors de la révision du document d’aménagement forestier, l’ONF et l’Institut de France ont constaté une accélération spectaculaire du dépérissement des chênes, couplée à un échec des nouvelles plantations. L’Institut de France a constitué un Comité exécutif avec des partenaires (ONF, INRAe, PNR, Conservatoire botanique, …) qui a validé un vaste programme de recherche scientifique.
Dans le cadre de ce programme, le PNR souhaite confier au Conservatoire botanique national de Bailleul une étude pour : 
- Contribuer à la spatialisation des stations forestières : lien végétations actuelles – sols - essences potentielles adaptées au réchauffement actuel. 
- Obtenir une cartographie assez précise des stations favorables aux couples sols-séries de végétation intégrant les évolutions en cours et potentielles de ces séries de végétations, afin de guider les plantations et le renouvellement forestier à venir.
",32000.00,20604738,,1112810,Agence de l'eau,SN Biodiversité,Hauts-de-France,Oise,60,25600563800034,SYND MIXTE GESTION PARC NATUREL REG OISE,Syndicat mixte ouvert,60141,Chantilly
TRAVAUX DE RESTAURATION ECOLOGIQUE DES PELOUSES CALCICOLES SUR 5 ESPACES NATURELS SENSIBLES (ENS) DEPARTEMENTAUX,"Dans le cadre de sa politique en faveur des Espaces Naturels Sensibles (ENS), le Département du Val d'Oise va entreprendre des travaux de génie écologique sur 5 sites afin d'en restaurer les pelouses calcicoles. En effet, les corridors calcaires constituent une trame écologique identifiée au Schéma régional de cohérence écologique (SRCE). Sur le territoire du Val d'Oise, le Département a confié au Conservatoire botanique national du Bassin parisien (CBNBP) une étude en 2019, qui a pointé la régression et la fragmentation des pelouses sèches et des landes, du fait de la déprise agricole, ainsi que leur enfrichement généralisé conduisant à une perte de diversité floristique. Dès lors, les opérations envisagées consistent en du débroussaillage manuel ou mécanisé avec exportation, associé à des étrépages ou grattages du sol manuels et localisés, afin de rajeunir les milieux et de préserver les espèces végétales et animales qui leur sont inféodées. ",161008.00,20614154,,1116436,Seine-Normandie,SN Biodiversité,Île-de-France,Val-d'Oise,95,22950127500015,DEPARTEMENT DU VAL D OISE,Département,95142,Chars
Valorisation de la Vallée du Vau Madec et du sentier littoral (Phases 2 à 4),"La Ville de Pordic bénéficie d’un linéaire côtier d’environ 5 km, ainsi que de plusieurs rivières débouchant directement sur la mer. La commune est notamment traversée par le Vau Madec, dont la vallée traverse la quasi intégralité du centre de Pordic avant de se jeter dans la Manche au niveau de la Pointe de Bréhin. L’ensemble est classifié par le Conservatoire du Littoral comme « zone de vigilance » dans sa stratégie d’intervention 2015-2020.
C’est dans ce cadre qu’un partenariat a été engagé avec le Conservatoire pour penser la mise en valeur et la préservation de la vallée du Vau Madec et des rivages de la Pointe de Bréhin à la Pointe de Pordic. L’objectif de cette opération est de mettre en œuvre un aménagement de l’ensemble de ces sites protégés en y favorisant la renaturation et la protection de la biodiversité tout en favorisant une plus large ouverture au public.",17158.00,20687240,,,,SN Biodiversité,Bretagne,Côtes-d'Armor,22,20005670300016,COMMUNE DE PORDIC,Commune et commune nouvelle,22251,Pordic
Réalisation des plans de gestion des Espèces Exotiques Envahissantes - réseau et dépendances de la DIRNO en Normandie ,"Dans le cadre de l’entretien des dépendances vertes,  la gestion des espèces végétales exotiques envahissantes (EEE) présente des enjeux sanitaires, sécuritaires et environnementaux importants, en raison de leur constante augmentation.
Suite au recensement des espèces exotiques envahissantes sur son réseau, la DIRNO prévoit de mettre en œuvre une gestion spécifique à chaque espèce pour limiter voir éradiquer les foyers d'EEE présents le long de son réseau routier. 
Un plan de gestion relatif à l’entretien et au suivi  sera ainsi réalisé afin d'une part de traiter les EEE mais également de limiter leur prolifération et contribuer ainsi à la restauration écologique des dépendances vertes.",106462.50,20731996,,,,SN Biodiversité,Normandie,Seine-Maritime,76,13000169600017,DIRECTION INTERDEPARTEMENTALE DES ROUTES NORD-OUEST,Service déconcentré de l'État à compétence (inter) départementale,76540,Rouen
Programme de conservation de la flore menacée ,"Cette action vise à sécuriser in situ et ex situ une partie du patrimoine floristique le plus menacé du territoire du Parc selon la typologie suivante :
•	Récolte active/renforcement : Pour les espèces dont les populations sont de faible taille ou qui sont très menacées sur le territoire : campagne de récolte de semences complémentaire à la mise en œuvre d’opérations de gestion in situ et multiplication ex situ de manière à envisager rapidement un renforcement de population in situ ;
•	Récolte préventive : Pour les espèces dont les populations ne sont actuellement pas parmi les plus menacées mais qui pourraient le devenir  : campagne de récolte destinée à assurer un stock de semences viables ;
•	Suivi : Pour les espèces devant faire l’objet d’un suivi régulier  ;
•	Recherche : Pour les espèces devant faire l’objet d’une recherche de populations sur le territoire s.
",16000.00,20738824,,1112798,Agence de l'eau,SN Biodiversité,Hauts-de-France,Oise,60,25600563800034,SYND MIXTE GESTION PARC NATUREL REG OISE,Syndicat mixte ouvert,60494,Plailly
Rénovation du centre de soins à la faune sauvage de la LPO Hérault,"La délégation Hérault de la LPO Occitanie gère une des plus importantes unités françaises de soins à la faune sauvage en détresse avec pour perspective son relâcher en milieu naturel sans dépendance à l’homme. Depuis son ouverture en 2012, cette unité a accueilli plus de 28 000 animaux, principalement des oiseaux, mais aussi des mammifères, en provenance des différents départements de la Région.
Après 12 ans de fonctionnement et compte tenu du nombre croissant d'accueils d'animaux, dont de nombreuses espèces PNA, plusieurs structures sont à rénover afin d’accueillir les animaux dans les meilleures conditions possibles. Tout d’abord des structures intérieures, qui ne sont plus adaptées pour garantir la sécurité du personnel et des animaux tout en respectant le bien être animal. Mais également des structures extérieures qui doivent être rénovées pour les mêmes raisons. Certains enclos ayant détruits doivent même être entièrement reconstruits.
",32074.10,20750202,2104870776,,,SN Biodiversité,Occitanie,Hérault,34,49258320800078,LIGUE POUR LA PROTECTION DES OISEAUX OCCITANIE,Association déclarée,34341,Villeveyrac
Atlas de la biodiversité communale de Eternoz-Vallée-du-Lison,"La commune Éternoz-Vallée-du-Lison, peuplée de 342 habitants sur une superficie de 3 528 ha (10 hab/km²) se compose d’une association de 6 communes : Éternoz, Coulans-sur-Lison, Refranche, Doulaize, Alaise et Saraz. Son réseau hydrographique, la diversité de ses forêts, des coteaux marneux (ZNIEFF), son relief, des espèces emblématiques floristiques et faunistiques en font un territoire singulier et particulièrement représentatif des écosystèmes des plateaux et vallées du centre de la Franche-Comté. La démarche ABC permettra de mieux connaître la biodiversité des espèces et des milieux de la moyenne montagne jurassienne, ce qui participera à sa préservation. Elle visera aussi à sensibiliser tous les publics (habitants, élus, acteurs locaux), à développer un tourisme vert de qualité; à réaliser/diffuser des outils attractifs (cartographie interactive, livrets, fiches portraits, panneaux pédagogiques, ...) et de finaliser un ambitieux programme d'actions.",107801.00,20750380,,,,SN Biodiversité,Bourgogne-Franche-Comté,Doubs,25,21250223100013,COMMUNE D'ETERNOZ,Commune et commune nouvelle,25223,Éternoz
Atlas de la biodiversité communal de la ville D'ajaccio,"
La commune d’Ajaccio, soucieuse de préserver la biodiversité de son territoire, souhaite engager un Atlas de la Biodiversité Communale (ABC).
Ces études faune-flore permettront de mieux cerner la richesse et le potentiel naturaliste de notre territoire et d’identifier les principaux enjeux environnementaux.
Ajaccio, capitale régionale de la Corse, doit se positionner comme une commune à forte identité environnementale.
La finalité de notre ABC est d’obtenir un diagnostic de la biodiversité de la commune suffisamment exhaustif, mais aussi stratégique pour répondre aux enjeux du territoire afin de concilier les actions communales avec les enjeux de préservation de la biodiversité.
",137040.00,20751385,,,,SN Biodiversité,Corse,Corse-du-Sud,2A,21200004600012,COMMUNE D AJACCIO,Commune et commune nouvelle,2A004,Ajaccio
Restauration des mares dans le Cher et ses espèces à enjeux associées,"Cette action consiste à poursuivre la restauration et la préservation écologique des mares sur le département du Cher.  Ceci afin de rétablir des réservoirs et des continuités écologiques sur le territoire pour la trame bleue ; de contribuer à l’objectif du SRADDET de faire de la région, une région à biodiversité positive ; de maintenir, favoriser des espèces menacées, rares et protégées dont les amphibiens (Sonneur à ventre jaune, espèce PNA ; Triton crêté ; de nombreuses odonates liés à un PNA…) ; de sensibiliser les propriétaires... Depuis plusieurs années, un grand travail a permis de recenser les mares communales du département ; Nature 18 dispose d'une vision de l’état écologique de toutes ces mares et nous avons enclenché des travaux de restauration pour certaines (5 mares dans le cadre du plan de relance ; une quarantaine de mares - projet autofinancé par Nature 18 en 2022 et 2023 ; 18 mares via l’action Fonds vert de 2024). ",53000.00,20761152,2104674499,,,SN Biodiversité,Centre-Val de Loire,Cher,18,34080467300044,NATURE 18,Association déclarée,18089,Épineuil-le-Fleuriel
CONSERVATION PARTICIPATIVE DES CHAUVES SOURIS  IN SITU 2025,"Ce nouveau dossier intitulé “CONSERVATION PARTICIPATIVE DES CHAUVES-SOURIS IN SITU, RÉDUIRE LES PRESSIONS SUR LES SITES AVEC LES HABITANTS ET LES ÉLUS” est présenté pour la période 1er janvier 2025 au 31 décembre 2025. Grâce à cette perspective, il vient donner de la matière pour approfondir des sujets sur les chauves-souris et espèces anthropophiles dans le but de les conserver.
Ses actions sont :
1. Conserver in situ des chauves-souris Médiation & Aménagement de sites chauves-souris 
2. Projets spécifiques :Etude sur des sites emblématiques  Accompagnement de partenaires pour des actions locales
3. Développement et mobilisation : Interpellation de porteurs de projets : les sensibiliser et les encourager au passage à l’action , Mobiliser et sensibiliser  les acteurs experts sur ce sujet pour vivre avec les espèces protégées 
",147338.00,20857861,2104681916,,,SN Biodiversité,Hauts-de-France,Somme,80,38178512000043,PICARDIE NATURE,Association déclarée,60241,Fontaine-Chaalis
Gestion des SOS Chauves-souris en Maine-et-Loire,"La LPO Anjou a mis en place tout d'un système pour traiter les questions de médiation envers les chiroptères avec la gestion des sollicitations de particuliers et collectivités. Il en découle souvent des problèmes de cohabitation ou de travaux sur nurseries, individus blessés. Il permet de travailler à la préservation des individus et des colonies qui pour certains cas présente des problèmes très complexes avec de forts enjeux de conservation. Ce travail de fond a permis de désamorcer des problème de cohabitation, découvrir ou de retrouver plusieurs colonies majeures. Il est indispensable pour la préservation des espèces communes et la sensibilisation de la population à ces espèces menacées. Cela consiste à :
- animer le réseau de bénévoles
- accompagner les propriétaires de colonies pour assurer la protection des nurseries sur le long terme en impliquant directement les propriétaires
- restituer les résultats (auprès des réseaux et des propriétaires).",8090.00,20865347,2104764309,,,SN Biodiversité,Pays de la Loire,Maine-et-Loire,49,39065122200049,LIGUE POUR LA PROTECTION DES OISEAUX,Association déclarée,49007,Angers
Protection des gîtes majeurs à chauves-souris en Maine-et-Loire 2025,"Avec 84 des 143 sites majeurs à chiroptères d'importance nationale ou régionale (méthode de hiérarchisation nationale, PNAC 2013) identifiés au niveau des Pays de la Loire, le Maine-et-Loire abrite de très forts enjeux de conservation pour ces espèces.
La LPO Anjou est gestionnaire de la quasi-totalité de ces sites et y assure la mise en œuvre des actions 4 et 5 du 3ème PNA Chiroptères.
Le programme de protection des gîtes majeurs a bénéficié ces dernières années du soutien conséquent de la DREAL Pays de la Loire, du Conseil départemental de Maine-et-Loire et du Plan France Relance, permettant le développement des multiples actions menées par la LPO Anjou : mise en protection réglementaire (APB), aménagements, maîtrise foncière, relations avec les propriétaires...
Le présent projet concrétise la poursuite de ces actions, nécessaires à la préservation des populations de chiroptères, envers lesquelles notre territoire a une forte responsabilité.",68272.00,20886403,2104808129,,,SN Biodiversité,Pays de la Loire,Maine-et-Loire,49,39065122200049,LIGUE POUR LA PROTECTION DES OISEAUX,Association déclarée,49007,Angers
Diagnostic et programme d’actions sur les milieux humides d’intérêt pour la biodiversité sur le territoire du Syndicat Chère Don Isac,"Ce projet a pour objectifs d’améliorer les connaissances sur ces milieux (tourbières, mares, zones humides oligotrophes, etc) pour proposer des actions concrètes de restauration en préfiguration, entre autres, du futur CT Eau 2027-2030 porté par le SCDI. Ce projet sera mené en partenariat avec le CEN Pays-de-la-Loire sur les années 2025 et 2026. Il s’inscrit également dans la continuité du programme d’actions portée par le SCDI sur 2 communes pilotes : Plessé et Saint-Vincent-des-Landes. Il se découpe en plusieurs grandes actions : diagnostic du territoire sur ces milieux via une analyse cartographique et des vérifications de terrain, diagnostics de 2 tourbières, définition d’un programme d’actions à partir de 2027, restauration de 10 mares en 2025-2026, animations de réunions techniques et institutionnelles, actions de communication et de sensibilisation (chantiers participatifs, organisation d’événements et réalisation de panneaux de communication).",40626.00,20888492,,,,SN Biodiversité,Pays de la Loire,Loire-Atlantique,44,20009129600018,SYNDICAT MIXTE CHERE DON ISAC,Syndicat mixte fermé,44051,Derval
Opérations d’acquisition ENS,"Selon les dispositions du code de l’urbanisme (articles L215-1 et suivants), le Département de la Gironde est compétent pour élaborer et mettre en œuvre la stratégie une politique de protection des Espaces Naturels Sensibles (ENS). A ce titre, le Département de la Gironde acquiert des Espaces Naturels Sensibles  avec un rythme moyen d'acquisition de 79 hectares par an.
Au vu du contexte financier de l'année 2024 et afin de ne pas perdre d'opportunité d'acquisitions d'ENS sur des sites à enjeux écologiques, la présente demande porte sur un soutien financier des acquisitions d'Espaces Naturels Sensibles départementaux en Gironde sur l'année 2024. Ces ENS viennent étendre le réseau des aires protégées ; certains d'entre eux ont été présentés pour un classement en aire sous protection forte (en cours d'instruction depuis 2022).",380857.43,20903728,2104893624,,,SN Biodiversité,Nouvelle-Aquitaine,Gironde,33,22330001300016,DEPARTEMENT DE LA GIRONDE,Département,33006,Anglade
"Déclinaison régionale du Plan National d'Actions (DRPNA) en faveur des Chiroptères sur le territoire lorrain : actions 4.1, 4.3, 5.5, 10.2 et 10.4","Il s'agit de mettre en œuvre les actions suivantes de la DRPNA sur le territoire lorrain en 2024 :
4.1 Mettre en place des protections adaptées (foncières et physiques) et suivre les protections mises en place (souterrains)
4.3 Prendre en compte les chauves-souris dans les sécurisations de souterrains 
5.5 Mettre en place des protections adaptées (foncières et physiques) et suivre les protections mises en place (bâtiments)
10.2 Mettre en œuvre le service Chauve-souris Info
10.4  Créer et diffuser des outils pédagogiques",23750.00,20915115,2104779004,,,SN Biodiversité,Grand Est,Meuse,55,45046504200023,COM PERM ETUD PROTEC EAUX S SOL CAVERNES,Association déclarée,57463,Metz
Restauration des scirpaies de l'Estuaire de la Loire,"Le programme LIFE AWOM (Phragmite aquatique Acrocephalus paludicola en mouvement) est prévu sur une durée de 5 ans, de 2025 à 2030. Les principaux pays acteurs sont la Belgique, la France, l'Espagne, le Portugal et le Sénégal. Le projet  (LIFE AWOM) est développé pour soutenir la mise en œuvre du plan d'action international pour l'espèce approuvé par le Comité ORNIS de l'UE.
En France le projet LIFE AWOM contribuera à la mise en œuvre du deuxième Plan National d'Action à travers la restauration d'habitats favorables à l'espèce dans trois sites de halte migratoire (Estuaire de la Loire, Estuaire de la Seine et les Basses Vallées du Cotentin et Baie des Veys. 
Dans l'Estuaire de la Loire le projet est porté par l'association ACROLA, qui œuvre depuis 2006 à l'étude et la préservation du Phragmite aquatique à travers la restauration de ses habitats. L'objectif est de restaurer au minimum 4 ha de prairies humides grâce à la méthode de l'étrépage.",39984.00,21020796,,,,SN Biodiversité,Pays de la Loire,Loire-Atlantique,44,49886222600012,ASSOCIATION CONNAISSANCE ET RECHERCHE ORNITHOLOGIQUE LOIRE ET ATLANTIQUE,Association déclarée,44019,Bouée
Corridors écologiques dans l'Artois -Réduire les pressions sur la biodiversité-,"En lien avec la Trame Verte et Bleue du territoire et à la suite du projet (plan de relance) de 2021/2022 « Restauration écologique et aires protégées » de la DREAL et le Fonds Vert biodiversité 2024/2025, Noeux Environnement propose de poursuivre la mise en place de corridors écologiques par l’aménagement et la gestion écologique de différents sites.
Pour ce volet, restauration écologique, de nombreux sites du territoire de l’Artois seront restaurés. Ils se situent sur les communes de : Commune Vaudricourt, Verquin, Verquigneul, Marles-les-Mines, Lillers, La Couture, Loos-en-Gohelle, Labourse, Calonne-Ricouart.
Les travaux de chaque site se dérouleront ainsi :
- Ingénierie écologique : étude écologique du site
- Chantiers de restauration écologique en régie
- Chantier nature participatifs avec les habitants de la commune et alentours
- Animations pédagogiques et ludiques en lien avec l’habitat à restaurer",186048.00,21038718,2104714777,,,SN Biodiversité,Hauts-de-France,Pas-de-Calais,62,39185068200025,ASS NOEUX ENVIRONNEMENT,Association déclarée,62252,La Couture
"Concertation pour la création de deux Réserves Naturelles Nationales sur le site de la grotte de la Balme d’épy et la mine d’Ougney-Vitreux + Améliorer et actualiser les connaissances sur les déplacements, gîtes, terrains de chasse et régime alimentaire des chiroptères fréquentant les gîtes à Minioptère de Schreibers de Franche-Comté","Dans le cadre de la SNAP, la CPEPESC FC propose la poursuite de la concertation préalable au classement en RNN de la grotte de la Balme d'épy et de la mine d’Ougney-Vitreux, 2  sites d’intérêt nationale pour la protection des chauves-souris avec des colonies de reproduction de Minioptère de Schreibers, de Rhinolophe Euryale et de Petit murin (statut de protection fort). 
Le Minioptère de Schreibers, menacé en France et dans plusieurs régions (classé Vulnérable sur les listes rouges nationale) et étroitement dépendant d'un nombre limité de refuges, où il y établit des colonies de plusieurs centaines, voire milliers, d’individus. Depuis les années 2000 cette espèce continue de voir ces effectifs diminués de façon drastique.
C’est pourquoi la CPEPESC se propose également d'étudier le swarming sur un site à Minioptère de Schreibers connus. L’étude du comportement des populations est essentiel afin de chercher les solutions d’enrayer cette érosion. ",23806.88,21067300,2104759396,,,SN Biodiversité,Bourgogne-Franche-Comté,Jura,39,37816663100010,COMMISS PERMAN ETUDE PROTEC EAU SOUS-SOL,Association déclarée,70279,Gray
Atlas de la biodiversité communale de Le Perrier,"La commune du Perrier est une commune rurale située au cœur du Marais breton vendéen. Riche de son patrimoine naturel et de son identité maraîchine, son territoire de 3 322 ha est situé à 90 % dans le site Natura 2000 « Marais Breton, baie de Bourgneuf, île de Noirmoutier et forêt de Monts ». Principalement composée de prairies humides et d’un important réseau de fossés et d’étiers doux ou salés, la responsabilité de cette vaste zone humide de la façade atlantique pour la conservation de la biodiversité n’est plus à démontrer. 
En 2025 la commune, accompagnée par la CDC Océan-Marais de Monts, se lance dans une démarche d’Atlas de la Biodiversité Communale. Ce projet collaboratif de 3 ans permettra de sensibiliser les habitants sur la richesse des espèces et des milieux qui les entourent mais aussi de les impliquer dans une démarche participative  d’amélioration des connaissances. 
",44608.75,21076777,,,,SN Biodiversité,Pays de la Loire,Vendée,85,24850025800046,COMMUNAUTE DE COMMUNES OCEAN MARAIS DE MONTS,Communauté de communes,85172,Le Perrier
Plan National d'Action en faveur de l'Apron 2025 / 2026,"200 géniteurs constituent la population captive souche Durance du Muséum pour 2025 et 2026. 300 juvéniles ont été conservés pour subvenir aux différents besoins prévus (OFB, CNRS, Réserve des Ramières…). Les nouvelles installations pourront certainement répondre aux interrogations soulevées depuis 2022 à savoir quels habitats préfèrent les alevins de 0 à 3 mois. Les animations et la sensibilisation vont se poursuivre en 2025 et 2026, mais aussi avec la mise à disposition de 2 aquariums mobiles équipés spécifiquement pour l’Apron de manière à répondre aux demandes d’interventions et d’animations. Une collaboration avec l’aquarium Aquatis de Lausanne se poursuivra pour envisager le prêt de géniteurs pour leur élevage conservatoire.",26100.00,21087260,2104775352,,,SN Biodiversité,Bourgogne-Franche-Comté,Doubs,25,21250056500016,COMMUNE DE BESANCON,Commune et commune nouvelle,25056,Besançon
Atlas de la biodiversité communale (ABC) de Nueil-Les-Aubiers,"Nueil-Les-Aubiers est engagée depuis déjà plusieurs années sur les questions d’environnement. Cet engagement a notamment été reconnu au travers de l’obtention des labels Ville Nature en 2018, et Territoire Bio Engagé en 2019. La commune souhaite aller plus loin et a placé le développement durable et la valorisation de la nature au cœur du projet communal adopté fin 2023. Deux axes de travail complémentaires ont ainsi été priorisés :
À l'échelle de l'espace urbain et des interfaces ville-campagne : un travail sur le développement de la nature dans la ville.
À l'échelle du territoire communal : la réalisation d'un Atlas de la biodiversité communale, pour améliorer la connaissance de la biodiversité communale, partager cette connaissance avec l’ensemble des acteurs du territoire, et se donner des clés pour mieux valoriser et protéger la biodiversité, à travers l’action publique et au-delà, par la mobilisation de tous. 
",48000.00,21096036,,,,SN Biodiversité,Nouvelle-Aquitaine,Deux-Sèvres,79,21792008100254,COMMUNE DE NUEIL LES AUBIERS,Commune et commune nouvelle,79195,Nueil-les-Aubiers
Projet Mares Réseau A.R.B.R.E 49,"L'objectif de ce projet est de créer 3 mares et de restauration de 8 mares dans les fermes du réseau A.R.B.R.E. (Agriculteurs Respectueux de la Biodiversité et des Richesses de l’Environnement). Les partenaires d’A.R.B.R.E portent l’idée de dynamiser l’action des membres du réseau sur les petits milieux aquatiques que sont les mares et sollicite un soutien financier pour catalyser sa mise en œuvre. Le potentiel et la motivation existent chez les membres du réseau mais l'investissement financier n'est pas prioritaire sur les exploitations. Ce projet est une vitrine potentielle pour le reste du monde agricole, sur un habitat à fort intérêt écologique.",6300.00,21107255,,A358703,Agence de l'eau,SN Biodiversité,Pays de la Loire,Maine-et-Loire,49,13003148700015,CHAMBRE D'AGRICULTURE DE REGION PAYS DE LA LOIRE,Organisme consulaire,49007,Angers
Animation du plan d'actions pour les aires protégées d'Occitanie,Rédiger et animer le  deuxième plan d'actions pour les aires protégées d'Occitanie,114233.22,21176933,2104646818,,,SN Biodiversité,Occitanie,Hérault,34,20008307900018,AGENCE REGIONALE DE LA BIODIVERSITE OCCITANIE,(Autre) Établissement public administratif local,34172,Montpellier
atlas biodiversité communal,"La commune de Chapelle-Royale souhaite solliciter l’association Eure-et-Loir Nature pour réaliser un Atlas biodiversité communal.
Cet atlas (ABC) consiste à procéder à un état des lieux du patrimoine naturel (faune, flore et milieux) sur 3 ans. Cet état des lieux permet d’améliorer les connaissances pour identifier les enjeux principaux liés à la biodiversité remarquable ou ordinaire. Puis les acteurs locaux sont sensibilisés à la conservation et à la restauration du patrimoine naturel communal (restitutions publiques, sorties nature, conférences, animations scolaires). 
A terme, l’ABC a pour ambition d’intégrer la biodiversité dans tout projet d’urbanisme et de faire évoluer les documents d’urbanisme. 
",19607.00,21198163,,,,SN Biodiversité,Centre-Val de Loire,Eure-et-Loir,28,21280079100015,COMMUNE DE CHAPELLE ROYALE,Commune et commune nouvelle,28079,Chapelle-Royale
Actions en faveur des pollinisateurs sauvages  sur l’agglomération de Lons-le-Saunier ,"Jura Nature Environnement souhaite agir en faveur des pollinisateurs sauvages sur le secteur de Lons-le-Saunier dans le cadre d'un programme d'action sur 3 ans (2025-2027). Il s'agit de créer des zones de ressources alimentaires et de gîtes (habitats naturels/sub-naturels) pour les espèces pollinisatrices à travers divers aménagements : semis de surfaces enherbées en herbacées locales, écopaturage, gestion différenciée extensive, aménagements floraux, plantation de haies champêtres et d'arbres isolés, aménagements sableux et pierreux thermophiles, arbres d’intérêt biologique, tas de bois, etc. 
Il s'agit également de développer la sensibilisation et la formation des acteurs et de la population sur les pollinisateurs sauvages : sensibilisation des élus et agents, organisation des chantiers participatifs, animation de séances scolaires, accompagnement des entreprises, communication, etc. ",40000.00,21212303,,239324,Agence de l'eau,SN Biodiversité,Bourgogne-Franche-Comté,Jura,39,31191638100081,JURA NATURE ENVIRONNEMENT,Association déclarée,39300,Lons-le-Saunier
Aménagement paysager de l'aire de la Madeleine,"L'aménagement paysager de l'aire de la Madeleine consiste à préserver et à développer la biodiversité grâce à :
- La mise en valeur de la zone humide
- La mise en valeur du ruisseau du Pontvillain et du lavoir
- La mise en valeur de l’entrée du bourg par un jardin / une aire de repos autour de la thématique des 5 sens
- La création d'un cheminement naturel en connexion avec le bourg",2063.00,21268096,,A358700,Agence de l'eau,SN Biodiversité,Pays de la Loire,Sarthe,72,21720213400011,COMMUNE DE MULSANNE,Commune et commune nouvelle,72213,Mulsanne
Aménagement des anciennes lagunes et actions pour l'accueil de la biodiversité,"Dans le cadre du reméandrage de l'Illet dont les travaux sont portés par l'EPTB et la réhabilitation des anciennes lagunes, la commune de Mouazé souhaite développer un espace nature pour l'accueil du public et de la biodiversité. Les enjeux et objectifs de ce projet sont triples. Enjeux écologiques: améliorer les possibilités d'alimentation des passereaux, permettre et améliorer le refuge et la reproduction des amphibiens et des chiroptères. Enjeux socio-culturels: Permettre l'accueil et l'usage du site (habitants, école), assurer la protection, et le respect des aménagements et de la biodiversité. Enjeux hydrauliques: assurer le maintien des fonctionnalités hydrauliques de l'Illet.",10946.00,21328491,,REG-2025-03650,Agence de l'eau,SN Biodiversité,Bretagne,Ille-et-Vilaine,35,21350197600012,COMMUNE DE MOUAZE,Commune et commune nouvelle,35197,Mouazé
"Recherche scientifique, valorisation et protection du géopatrimoine Quaternaire (projet de Géopark ""Transmanche"" UNESCO)","Ce projet s'inscrit dans le cadre du projet de Géopark ""Transmanche"" (PNR Caps et Marais d'Opale) et vise à réaliser des recherches scientifiques (thèse en cours, Univ. Paris 1 Panthéon-Sorbonne, LGP-UMR8591-CNRS) sur le patrimoine géologique Quaternaire puis mettre en place des actions de valorisation de ce géopatrimoine.
La thèse en cours présente : 1) un enjeu scientifique fondamental qui a pour but la reconstitution et la datation des grands changements environnementaux qui ont marqué le Pléistocène moyen (450 000 ans) dans la région transmanche, en lien avec la question de l’ouverture du détroit du Pas de Calais, à partir de l'étude d'archives sédimentaires originales du Boulonnais par ailleurs menacées en raison de l'érosion accélérée du trait de côte ; 2) Un fort enjeu de valorisation, protection et médiation tout public de ce géopatrimoine comme ressource pour le tourisme et la pédagogie (panneaux, expos, visites-guidées, animations) (Géopark).
",28840.00,21334200,2104893858,,,SN Biodiversité,Hauts-de-France,Pas-de-Calais,62,18008901307812,CENTRE NATIONAL DE LA RECHERCHE SCIENTIFIQUE,Établissement public national à caractère administratif,62893,Wimereux
Études et Protection des Phoques  en Baie de Somme 2.0,"La baie de Somme est l’habitat de nombreuses espèces, dont le Phoque veau-marin et le Phoque gris. Ces phoques s’y reposent et utilisent également les bancs de sable émergés à marée basse pour leur mue, la mise bas et d'allaitement de leur jeune. Mais ces espèces attrayant pour le grand public, sont victimes de leur succès. Les activités humaines réalisées dans le non-respect de la tranquillité de la faune sauvage peuvent engendrer des impacts non négligeables sur eux, dont une sur-mortalité chez les jeunes individus. C’est ainsi que le programme d’études et de protection des phoques en baie de Somme, mené par l’association Picardie Nature, a vu le jour dès 1986. Il a pour objectifs majeurs d’étudier ces deux espèces, de les protéger des dérangements d’origine anthropique et de sensibiliser le grand public sur la sensibilité de ces espèces. C’est ce programme qui fait l’objet de cette présente demande de financement afin de le faire perdurer",410075.00,21346252,2104724786,,,SN Biodiversité,Hauts-de-France,Somme,80,38178512000043,PICARDIE NATURE,Association déclarée,80182,Cayeux-sur-Mer
  Sylvae : réseau de vieilles forêts en Auvergne - animation transversale 2025,"Depuis 2018, le CEN Auvergne a initié le projet ""Sylvae : réseau de vieilles forêts en Auvegrne"". Le principe est simple : acquérir des parcelles de forêts anciennes, si possible matures et les laisser en libre évolution.
Afin de mener à bien ce programme plusieurs actions de coordination et animation transversale sont nécessaires :
- animation globale du projet et participation aux démarches régionales, Massif central et nationales,
- lien avec des partenaires techniques. Il s’agira notamment de faire connaitre l’avancement du projet SYLVAE auprès de partenaires œuvrant dans le domaine de la forêt (CNPF, REFORA…) et échanges dans le cadre de la SRSSE.
- poursuite des actions de communication autour du projet avec l’animation de la communauté vieilles branches » permettant d’impliquer des citoyens volontaires autour du projet,
- poursuite de la recherche de mécènes et fonds privés pour le financement d’au moins une partie des acquisitions.",15840.00,21374818,2104798254,,,SN Biodiversité,Auvergne-Rhône-Alpes,Cantal,15,34489699800046,CONSERVATOIRE D ESPACES NATURELS D AUVERGNE,Association déclarée,15141,Neussargues en Pinatelle
PRESERVATION DES MILIEUX HUMIDES DES BASSINS VNF DE MONT-BERNENCHON ET HINGES,"Les 6 bassins VNF de Mont-Bernenchon et d'Hinges représentent 51.6 hectares de terrains à vocation naturel.
Véritables réservoirs de biodiversité, ils sont classés en ZNIEFF, et abritent une diversité floristique et faunistique remarquable et notamment des habitats humides  (roselières, Busard des roseaux, Fauvettes paludicoles...). Ils sont sans cesse soumis aux aléas climatiques, à la dynamique naturelle et aux pressions humaines. Aussi les associations (RéAgir, Lestrem Nature, CAP ORNIS BAGUAGE /GON, Geotopia, la societé de chasses, CEN...) et les 2 communes se sont associés via un comité de pilotage pour préserver ces milieux humides dès 2003 avec la mise en place de plans de gestion et de programmes d'actions. C'est l'association RéAgir qui intervient sur l'entretien avec des personnes en insertion.
Aujourd'hui, des mesures de restauration s'avèrent nécessaire face à la progression des ligneux dans les roselières et à la fermeture d'une grande mare.",27300.00,21376008,2104809197,,,SN Biodiversité,Hauts-de-France,Pas-de-Calais,62,39069503900029,ASSOCIATION REAGIR,Association déclarée,62584,Mont-Bernanchon
Déclinaison du plan de lutte national contre le frelon asiatique à pattes jaunes en région Normandie,"Le frelon asiatique à pattes jaunes est une espèce figurant sur la liste des espèces exotiques envahissantes préoccupantes pour l’Union Européenne (règlement d’exécution 2016/1141). C'est un prédateur des insectes avec un impact important sur la biodiversité. C'est une espèce agressive avec un impact sur les populations humaines.
Conscients de ces enjeux, GDS France et FREDON France (fédérations nationales des organismes à vocation sanitaire (OVS) respectivement dans le domaine animal et végétal) ont élaboré un plan national de lutte contre cette espèce envahissante. 
Le projet présenté est une déclinaison régionale s’adaptant aux spécificités de la Normandie. Il est porté par les OVS respectivement dans le domaine animal (Union Normande des GDS) et végétal (Fredon Normandie). Il est déposé au titre du « Fonds Vert » dans le cadre de la « Stratégie Nationale biodiversité », dans la partie « 1.2.3 Réduction des pressions ».",91000.00,21377736,,1115186,Agence de l'eau,SN Biodiversité,Normandie,Calvados,14,84033890900012,UNION NORMANDE DES GROUPEMENTS DE DEFENSE SANITAIRE,Association déclarée,14327,Hérouville-Saint-Clair
Accompagner la prise en compte de la faune du bâti dans les projets de rénovation écologique des bâtiments du territoire,"Dans la poursuite du projet initié en 2025, le CPIE propose de poursuivre son accompagnement territorial à la prise en compte de la faune, notamment protégée et menacée, dans les projets de rénovation thermique des bâtiments. En effet, encore trop souvent, cette rénovation ne prend pas suffisamment en compte la présence de la faune vivant sur et dans le bâti. Pour que ces projets soient pleinement des projets de rénovation écologique, la prise en compte de cette faune est pourtant un pré-requis indispensable.
Ce projet s’inscrit en lien direct avec le projet de coordination, soutenu par le fonds vert, et mené par le CPIE Chaîne des Terrils pour le Nord et le Pas-de-Calais, et également en partenariat avec Picardie Nature pour la partie sud du bassin versant de l’Authie situé en Picardie.",127717.94,21380866,2104837091,,,SN Biodiversité,Hauts-de-France,Pas-de-Calais,62,31683074400025,ASSOCIATION POUR LE DEVELOPPEMENT ET LA PROMOTION DE L'ENVIRONNEMENT DANS LE VAL D'AUTHIE,Association déclarée,62060,Auxi-le-Château
Atlas de la biodiversité intercommunale de l’EPT Boucle Nord de Seine ,"Dans le cadre d’une politique globale visant à renforcer la place donnée à la nature en ville, l’EPT Boucle Nord de Seine a réalisé une analyse des trames écologiques du territoire. Cela a conduit à la mise en place d’un Plan Nature dont l’objectif est de préserver les trames existantes et de les renforcer. D’autre part l’analyse des trames écologiques a soulevé des interrogations, notamment sur l’impact du bruit pour les espèces. C’est pourquoi l’EPT Boucle Nord de Seine souhaite aujourd’hui affiner ses connaissances via l’élaboration d’un Atlas de la Biodiversité qui permettra de mieux cibler les actions favorables à la nature en ville sur le territoire.",100000.00,21384197,,,,SN Biodiversité,Île-de-France,Hauts-de-Seine,92,20005799000034,BOUCLE NORD DE SEINE,Syndicat intercommunal à vocation multiple (SIVOM),92036,Gennevilliers
Contribution à la mise en œuvre des mesures d'urgence pour la protection du Râle des genêts (Crex crex) en région Hauts-de-France,"Il s'agit de permettre la mise en place des mesures d'urgence sur les parcelles où la présence d'un râle est avérée (prise de contact auprès de l'agriculteur, piquetage sur la parcelle d'une zone qui ne sera pas fauchée jusqu'au 1er septembre permettant de protéger l'éventuel nid ainsi qu'une surface minimale servant d'habitat au Râle, notamment les poussins). Ce budget servira pour dédommager les agriculteurs en contrepartie de leur engagement et sera utilisé sur une période de 3 ans (2025-2027) en fonction du nombre de râle détecté chaque année. ",20000.00,21387829,2104647697,,,SN Biodiversité,Hauts-de-France,Aisne,02,40320217900087,CONSERVATOIRE D ESPACES NATURELS DES HAUTS DE FRANCE,Association déclarée,80131,Boves
"Programme d’accompagnement pour le dispositif « Territoires engages pour la nature » et la mobilisation des collectivites en faveur de la biodiversite en Hauts-de-France Mobilisation, information/ sensibilisation, formation, animation de réseau","Le programme s’adresse à un public varié : élus, agents de collectivités, acteurs socioprofessionnels, représentants d'associations et partenaires des collectivités. La plupart des « catégories » citées peuvent être des acteurs « relais », dont l'activité professionnelle comme personnelle leur permet d’interagir avec d'autres acteurs par des logiques de réseaux ou de transmission d’information, de savoir-faire, ...",21469.60,21406092,2104634369,,,SN Biodiversité,Hauts-de-France,Aisne,02,83916105600016,UNION REGIONALE DES CENTRES PERMANENTS D'INITIATIVES POUR L'ENVIRONNEMENT NORD-PAS DE CALAIS-PICARDIE,Association déclarée,59350,Lille
ATLAS DE LA BIODIVERSITE INTERCOMMUNALE DU TERRITOIRE SUD,"La CAESM a fait de la transition écologique et de la lutte contre les effets du réchauffement climatique, deux enjeux phares de sa politique publique. 
Depuis 10 ans, nous sommes gestionnaires d’espaces naturels relevant de la propriété du Conservatoire du littoral. La CAESM est le premier EPCI de Martinique à avoir embrassé ce rôle. Notre expertise et notre implication nous permettent de contribuer à l’effort commun, à savoir préserver et valoriser la biodiversité.
L’adaptation du territoire aux effets du changement climatique, la valorisation du patrimoine naturel et de la biodiversité sont essentiels. Nous souhaitons bonifier et poursuivre notre engagement par le biais de l’atlas de la biodiversité intercommunale. Cet outil d’aide à la décision facilitera la mise en œuvre de programmes de valorisation et de protection de la biodiversité, sur le territoire sud. 
",250000.00,21408687,,,,SN Biodiversité,Martinique,Martinique,972,24972005300084,COMMUNAUTE AGGLOMERATION ESPACE SUD,Communauté d'agglomération,97221,Rivière-Salée
PNA - Râle des genets en Caps et Marais d'Opale,"Au printemps 2024, la présence de râles des genêts a été constaté dans les prairies de fauche du marais de la Slack, sur le territoire du parc naturel régional des caps et Marais d'Opale. Un premier dispositif d'urgence a été mis en place au début de l'été. 3 éleveurs, sur une surface d'environ 10 ha, ont effectué une fauche tardive au 31 juillet.  Pour les années 2025 et suivantes, Il est proposé que le Syndicat mixte du parc puisse assurer la recherche annuelle des individus potentiellement présents sur le territoire du parc, assurer le contact avec les exploitants concernés et  définir les modalités de sauvegarde  et procéder au versement des indemnisation éventuelles. A ce titre, il est proposé de solliciter les services de l’État afin de déposer un dossier de financement pluriannuel sur la période 2025-2028.",24576.00,21415890,2104652045,,,SN Biodiversité,Hauts-de-France,Pas-de-Calais,62,25620384500134,SYNDICAT MIXTE DU PARC NATUREL REGIONAL DES CAPS ET MARAIS D'OPALE,Syndicat mixte ouvert,62894,Wimille
"Mise en œuvre des actions de conservation et de restauration des espèces végétales menacées et de leurs milieux naturels, issues du Plan National d’Actions « parois et pieds de parois calcaires liguro-provençales »","La stratégie régionale de conservation de la flore ainsi que les documents stratégiques établis au niveau national mettent en exergue les espèces végétales et milieux naturels à fort et très fort enjeu de conservation. Pour répondre à ces enjeux, un plan national d’actions (PNA) relatif aux espèces et aux habitats des parois et pieds de parois calcaires liguro-provençales a été élaboré sur le territoire de la région Provence-Alpes-Côte d'Azur par les Conservatoires botaniques nationaux alpin et méditerranéen.
Afin de permettre une meilleure prise en compte de la vulnérabilité de ces taxons et habitats de la région face aux changements globaux et d’aboutir à la mise en œuvre d’actions de préservation permettant leur persistance, ce projet a vocation à réaliser les actions prioritaires identifiées dans ce PNA. Notamment celles relatives à la conservation in situ, la communication, la sensibilisation et l'accompagnement des services de l’État.",173696.00,21419139,2104741034,,,SN Biodiversité,Provence-Alpes-Côte d'Azur,Hautes-Alpes,05,25050101200026,SYNDICAT MIXTE POUR LA GESTION DU CONSERVATOIRE BOTANIQUE NATIONAL ALPIN,Syndicat mixte ouvert,05061,Gap
La détection canine au service de la surveillance des insectes,"L’objectif est de développer une technique innovante de recherche des insectes à enjeux grâce à l’incroyable nez des chiens : la détection canine.
L’objectif ici est de tester et d’améliorer la surveillance de deux papillons à enjeux : le Damier de la Succise et la Laineuse du Prunellier. En effet, ces espèces sont difficilement détectables par les techniques traditionnelles et chronophages. Ces espèces nécessitent un meilleur suivi en tant qu’espèce inscrite au Plan national d’action en faveur des papillons menacés pour l’une ou en tant qu’espèce d’intérêt communautaire dont les données sont insuffisantes pour l’autre. L’originalité du projet réside dans le développement d’une technique éprouvée dans d’autres pays mais sous utilisée en France. 
Le développement de la détection canine en France permettrait d’améliorer la surveillance de ces deux espèces de papillons dans un premier temps.
",31880.00,21425787,2104852863,,,SN Biodiversité,Auvergne-Rhône-Alpes,Puy-de-Dôme,63,34489699800046,CONSERVATOIRE D ESPACES NATURELS D AUVERGNE,Association déclarée,63116,Combronde
"Mise en œuvre des actions de conservation et de restauration des espèces végétales menacées et de leurs milieux naturels, issues du Plan National d’Actions « parois et pieds de parois calcaires liguro-provençales » en région SUD Provence-Alpes-Côte d’Azur","Un plan national d’actions relatif aux espèces et aux habitats des parois et pieds de parois calcaires liguro-provençales a été élaboré sur le territoire de la Région, co-animé par les Conservatoires botaniques nationaux alpin et méditerranéen. Afin de permettre une meilleure prise en compte de la vulnérabilité de ces taxons et habitats face aux changements globaux et d’aboutir à la mise en œuvre d’actions de préservation permettant leur persistance, ce projet consiste en la réalisation d’actions identifiées comme prioritaires dans ce plan national d’actions. Parmi celles-ci, les actions relatives à la conservation in situ ainsi que les actions de communication, sensibilisation et accompagnement des services de l’Etat sont ciblées dans ce projet.
Pour répondre aux objectifs spécifiques de ce projet, les acteurs de chaque territoire seront associés afin de mettre en oeuvre les actions de préservation des espèces et des milieux.
",145887.00,21436107,2104759433,,,SN Biodiversité,Provence-Alpes-Côte d'Azur,Alpes-Maritimes,06,18830005700091,PARC NATIONAL DE PORT CROS,Autre établissement public national administratif à compétence territoriale limitée,06163,Tende
Restauration de la mare pédagogique de l'INSPE de Laon,L'objectif du projet est de restaurer une mare pédagogique située dans l'enceinte de l'INSPE de Laon. Cette mare aujourd'hui imperméabilisée par une bâche plastique fuit et le niveau d'eau ne peut être maintenu. Il est proposé de renaturer cette mare par la pose d'argile dans le fond et l'aménagement des abords afin que la mare retrouve sa vocation pédagogique (pour les élèves du secteur de Laon ainsi que pour la formation des enseignants de l'INSPE).,18042.00,21436602,,1112825,Agence de l'eau,SN Biodiversité,Hauts-de-France,Aisne,02,38179693700039,ASS DEVELOP RECH ENSEIG ENVIRONNEMENT,Association déclarée,02408,Laon
Restauration/recréation de corridors écologiques favorables aux abeilles sauvages – Région Nouvelle-Aquitaine 2021-257 (année 2025),"Le Parc naturel régional du Marais poitevin s’est engagé en tant que co-bénéficiaire du projet LIFE Wild bees dans la démarche de participation au projet collectif sur le sujet de la préservation des pollinisateurs, notamment des abeilles sauvages.
L’une des actions spécifiques de ce projet est la recréation de corridors écologiques favorables aux abeilles sauvages (action C2). Pour cela, les espaces ciblés en premiers sont les Surfaces Agricoles (SA) qui permettront de retrouver une connexion de larges zones d’habitat favorables.
Cette action consiste concrètement à des travaux de plantation de haies et de pose de clôtures de protection sur le territoire Nouvelle-Aquitaine.",36010.00,21436934,2104748947,AID-2025-03517,Agence de l'eau,SN Biodiversité,Nouvelle-Aquitaine,Charente-Maritime,17,25790220500018,SYNDICAT MIXTE DU PARC NATUREL REGIONAL DU MARAIS POITEVIN,Syndicat mixte ouvert,17267,Nuaillé-d'Aunis
Entretien des zones humides du SMOA par pâturage extensif à l’aide de buffles,"Le SMOA porte des projets de réouverture de zone humide sur l’ensemble de son territoire. Ces zones humides ont besoin d’être entretenues afin d’éviter le reboisement ce qui assure le développement des hélophytes et qui filtrent naturellement l’eau. 
Cette opération va permettre d’entretenir 10.4 hectares de zones humides.
",31506.00,21442230,,1099582,Agence de l'eau,SN Biodiversité,Hauts-de-France,Oise,60,20002420600035,SYNDICAT MIXTE OISE ARONDE,Syndicat mixte fermé,60156,Clairoix
POURSUITE DU DEPLOIEMENT ET COORDINATION PLURIANNUELLE DU PLAN DE LUTTE REGIONAL CONTRE LE FRELON ASIATIQUE A PATTES JAUNES EN REGION BFC,"Les Espèces Exotiques Envahissantes (EEE) sont reconnues par la Convention sur la diversité biologique comme la quatrième cause d’appauvrissement de la biodiversité mondiale. Elles sont favorisées par les perturbations et les activités anthropiques (dégradation environnementale, commerce international, changement climatique).
Par leurs multiples impacts, elles menacent les espèces indigènes, les habitats naturels et les services rendus par les écosystèmes, mais également les activités économiques et la santé humaine.
C'est par exemple le cas du frelon asiatique à pattes jaunes, arrivés en métropole en 2004 dans le Lot-et-Garonne, et qui s'est depuis largement répandu pour coloniser une grande partie du territoire national.
L'objectif de ce projet 2025-2027 est de poursuivre le déploiement et renforcer le plan de lutte à l'échelle régionale et départementale, initiée en 2024 avec déjà des résultats encourageants.
",116760.00,21446418,,239891,Agence de l'eau,SN Biodiversité,Bourgogne-Franche-Comté,Côte-d'Or,21,42860273400025,FEDER.REGION.DEFENSE CONTRE ORGANIS.NUIS,Ordre professionnel ou assimilé,21054,Beaune
Protection pollinisateur et PNA Pollinisateurs et pollinisation - Réalisation d’animations nature en faveur des insectes pollinisateurs et organisation des rencontres nationales bourdons dans les Hauts-de-France en 2025,"Ce projet qui s'inscrira dans la feuille de route du PRA pollinisateurs comporte deux volets:
- Organisation des rencontres nationales Bourdon ""les bumblegeeks"" à l'automne 2025 dans l'Aisne par le CEN HDF et Picardie Nature. Ces rencontres annuelles organisées le temps d'un week-end sont un temps d'échange entre les experts, les naturalistes locaux et diverses structures autours des bourdons : présentations des travaux en cours dans les différentes régions de France et un temps de formation/échanges/validations de données lors d'ateliers de détermination. 
- Organisation de sorties natures sur la thématique des insectes pollinisateurs par le CEN HDF. Il est prévu de réaliser deux sorties ""grand public"" et une sortie scolaire par département dans l’année 2025, soit 15 sorties au total. Ces sorties se dérouleront sur les sites préservés par le Conservatoire d’espaces naturels des Hauts-de-France. Elles seront réalisées par les animateurs.trice du CEN HDF.",16028.32,21451964,2104706408,,,SN Biodiversité,Hauts-de-France,Somme,80,40320217900087,CONSERVATOIRE D ESPACES NATURELS DES HAUTS DE FRANCE,Association déclarée,80131,Boves
Mise en œuvre du plan régional d’action en faveur des tourbières des Hauts-de-France (PRAT) - 2025,"Inventaire des tourbières régionales 
- Travail d’adaptation et paramétrage de la méthode d’inventaire des tourbières et d’évaluation des stocks de tourbe 
- Finaliser la cartographie surfacique 

Démultiplier le travail d’inventaire par l’implication d’autres structures 
- Poursuivre l'intégration dans les documents d’aménagements 
- Accompagner à l’inventaire des tourbières
- Améliorer la prise en compte des tourbières dans les inventaires zones humides 

Maintenir en eau les tourbières pour leur préservation
- Poursuivre la recherche  des partenariats avec le monde universitaire
- Communiquer sur la nécessité et l’intérêt de maintenir en eau les tourbières auprès des élus 
- Communiquer sur les problématiques tourbières et ressources en eau auprès des acteurs du monde agricole.
- Former les acteurs territoriaux au fonctionnement éco-hydrologique des tourbières, 

Gestion et coordination du projet",30535.52,21452089,2104725770,,,SN Biodiversité,Hauts-de-France,Somme,80,40320217900087,CONSERVATOIRE D ESPACES NATURELS DES HAUTS DE FRANCE,Association déclarée,80131,Boves
Restauration d'un réseau de mares,"Restauration d'un réseau de chapelets d'une dizaine de mares jalonnant la voie verte de l'Ailette pour aider à la reconstitution, au maintien et au développement des habitats des amphibiens et des odonates en forte régression sur le secteur depuis 2017. Dans le cadre de classes d'eau, certaines mares seront valorisées d'un point de vue pédagogique pour les élèves de tous niveaux. En parallèle, des actions de sensibilisation seront menées auprès du grand public afin de mettre en valeur la biodiversité et la fragilité de ces milieux.",10330.00,21456474,,1112822,Agence de l'eau,SN Biodiversité,Hauts-de-France,Aisne,02,40495059400030,MAISON NATURE OISEAU NEUVILLE-AILETTE,Association déclarée,02550,Neuville-sur-Ailette
Réalisation d'un atlas de la biodiversité communale,"Un Atlas de Biodiversité est un outil propulsé par l’Office Français de la Biodiversité qui permet à une commune ou une intercommunalité d’identifier, de valoriser et de protéger son patrimoine naturel. 
Un ABC est une démarche généralement initiée au niveau communal ou intercommunal pour acquérir et partager une meilleure connaissance de la biodiversité du territoire concerné. Il constitue une aide à la décision pour la (les) collectivité(s) territoriale(s) afin de préserver et valoriser leur patrimoine naturel et sensibiliser les habitants à la nécessaire prise en compte de ces enjeux. Véritable outil stratégique de l’action locale, un ABC se traduit donc concrètement par des inventaires naturalistes précis et une cartographie des enjeux de la biodiversité à l'échelle du territoire de la collectivité.

",99600.00,21462029,,,,SN Biodiversité,Nouvelle-Aquitaine,Gironde,33,21330185600018,COMMUNE DE GENISSAC,Commune et commune nouvelle,33185,Génissac
Appui à la création d'une plateforme numérique partenariale pour la biodiversité en Hauts-de-France,"La création d’une plateforme numérique partenariale pour la biodiversité en Hauts-de-France permettra de centraliser et diffuser les informations sur la biodiversité régionale par l'ARB HDF. Elle recensera les milieux naturels, les espèces et les sites protégés, mettra disposition des ressources pédagogiques. Elle promouvra les initiatives et dispositifs d’action de mobilisation autour de la biodiversité. Elle facilitera la mise en réseau des acteurs régionaux, leur coordination et le partage des connaissances. Elle offrira aussi des outils pratiques pour les collectivités, associations et citoyens, en simplifiant l’accès aux aides financières et en facilitant les démarches d’engagement. La traduction de ces ambitions en outil(s) numérique(s) nécessite en première phase le recours à une assistance à maitrise d'ouvrage spécialisée, tant pour aider à traduire techniquement et budgétairement ces ambitions que pour nous accompagner dans la réalisation.",40924.00,21486796,2104791158,,,SN Biodiversité,Hauts-de-France,Nord,59,25590291800036,SYNDICAT MIXTE DES PARCS NATURELS REGIONAUX DU NORD-PAS DE CALAIS,Syndicat mixte ouvert,59350,Lille
Renforcement de la lutte contre les EEE végétales invasives et ou interdites par l'accompagnement de la population dans l'action,Ce projet s’inscrit dans la continuité des actions de lutte contre les espèces interdites menées par l’AVE2M de 2019 à 2025. Il a pour objectif de mettre en relation un réseau d’élagueurs professionnels et des particuliers afin de les impliquer dans une lutte active contre les Espèces Exotiques Envahissantes (EEE) présentes dans leur jardin. L’AVE2M sollicite le dispositif «fonds vert» de l’Etat ainsi que l’appui financier de l’OFB sur une période de 36 mois à partir de juin 2025 afin de mettre en place cet accompagnement. La lutte concerne 11 EEE (8 espèces interdites et 3 non interdites) et les individus seront remplacés par des espèces indigènes. Le travail complexe d’abattage des arbres sera confié à des professionnels de l’élagage et tout le travail d’accompagnement de la population ainsi que la lutte contre les jeunes arbres et les espèces herbacées et grimpantes seront mis en œuvre par une brigade d’intervention de l’AVE2M.,360011.65,21509822,2104684094,,,SN Biodiversité,La Réunion,La Réunion,974,75298383300027,ASSOCIATION POUR LA VALORISATION DE L'ENTRE-DEUX MONDE,Association déclarée,97422,Le Tampon
"Restauration et valorisation de 32 sites naturels dans l'Aisne, le Nord, l'Oise et le Pas-de-Calais.","Le projet comprend 35 opérations mises en œuvre sur 32 sites naturels gérés par le Conservatoire. Les opérations sont réalisées par des prestataires du CEN.
 
Un grand nombre d'opérations portent sur des volets de restauration des milieux : lutte contre les espèces exotiques envahissantes, restauration de la fonctionnalité hydraulique, restauration de milieux ouverts ou aquatiques, restauration de fonctionnalité pour les chiroptères, démantèlement d'aménagements anthropiques.

Quelques opérations portent sur la valorisation des sites et l'accueil du public : restauration de mobilier / signalétique, entretien de cônes de vue, comptabilisation des visiteurs.

Enfin, quelques opérations portent sur l'amélioration de la connaissance de groupes peu connus (araignées et chiroptères) dans une visée opérationnelle de gestion des sites en faveur de ces espèces.
",132360.23,21513666,2104725688,,,SN Biodiversité,Hauts-de-France,Somme,80,40320217900087,CONSERVATOIRE D ESPACES NATURELS DES HAUTS DE FRANCE,Association déclarée,59271,Grande-Synthe
Accompagnement à la préservation des habitats de reproduction de l'outarde canepetière,"' - Animation des MAEC à destination des agriculteurs du territoire NA_GODS ; 
 - Contractualisation, renouvellement des contrats sur le territoire NA_GODS ; 
 - Réalisation de diagnostic parcellaire obligatoire pour le territoire NA_GODS ;",65602.10,21537521,2104682034,,,SN Biodiversité,Nouvelle-Aquitaine,Deux-Sèvres,79,40189117100035,GROUPE ORNITHOLOGIQUE DEUX SEVRES,Association déclarée,79191,Niort
Programme 2025 de restauration écologiques d'aires protégées,"Ces travaux vont concerner 39 aires protégées réparties sur  la région HDF et gérées par le CEN des Hauts de France et vont permettre de restaurer et maintenir des milieux ouverts et fonctionnalités des zones humides et de restaurer, par ces différentes actions, des habitats patrimoniaux tels que des pelouses calcicoles, marais alluviaux.
Description du projet / Les opérations consistent à rouvrir des milieux et les maintenir ouverts par diverses opérations :
 - Broyage de végétation, débroussaillage et fauche (avec ou sans exportation) sur 15,2269 ha et 1681 m linéaire
 - Déboisement et gestion des souches et des rejets (avec ou sans exportation) sur 8,1847 ha, 384 m linéaire et 30 arbres
 - Élagage sur 4468 m linéaire et 10 arbres
 - Fourniture et pose de 1435 m linéaire de clôture et de 2 parc de contention
 - Faucardage (avec exportation) sur 2,9921 ha
",103950.18,21549286,2104788102,,,SN Biodiversité,Hauts-de-France,Somme,80,40320217900087,CONSERVATOIRE D ESPACES NATURELS DES HAUTS DE FRANCE,Association déclarée,80131,Boves
"Mise en œuvre de l'action 2 du PNA3 Outarde : favoriser la mise en place, par les agriculteurs, de couverts herbacés favorable à la reproduction de l'outarde sur les zones de présence de l'espèce en Charente, Charente-Maritime et Vienne.","L'objectif est que les agriculteurs du territoire, pérennisent ou mettent en place de nouveaux couverts herbacés non traités et non fauchés en période de reproduction de l'outarde, dans les secteurs les plus favorables à l'espèce.",49398.00,21552107,2104672142,,,SN Biodiversité,Nouvelle-Aquitaine,Vienne,86,78426328700145,LIGUE FRANCAISE PROTECTION OISEAUX,Association déclarée,86177,Neuville-de-Poitou
Actualisation des APPB de la Vienne,"Dans le cadre du plan d'actions territorial Nouvelle-Aquitaine en déclinaison de la SNAP,  l'État a la volonté de renforcer le réseau d'aires protégées, dont la révision et la mise à jour des APPB existants dans la Vienne (en nombre de 15). La LPO contribue à ce travail d'actualisation par la mise à jour des connaissances ornithologiques des sites.",16735.00,21555572,2104748908,,,SN Biodiversité,Nouvelle-Aquitaine,Vienne,86,78426328700145,LIGUE FRANCAISE PROTECTION OISEAUX,Association déclarée,86165,Montmorillon
LARUS OPALUS : Partageons nos espaces avec les laridés,"La présence des laridés nicheurs dans les villes littorales et les ports des Hauts de France entraine des difficultés de cohabitation : gêne ressentie par la population (bruit, dégradations diverses...) ; cohabitation difficile entre les industriels et ces oiseaux (goélands sp. nichant sur les toits, Mouette tridactyle nichant sur les façades) ; présence de ces espèces ressentie comme un frein au développement économique, etc. 
Faute de considération plus globale, les seules réponses apportées à l'heure actuelle consistent à demander des arrêtés préfectoraux autorisant destruction de nids ou d'habitats d'espèces protégées. Cela s'avère peu efficace en termes de résolution des problématiques évoquées, et globalement très impactant sur des espèces globalement considérées comme étant en mauvais état de conservation. 
Ce projet vise à engager une réflexion plus générale et concertée permettant d'envisager des aménités entre oiseaux et humains.",90000.00,21556932,2104718508,,,SN Biodiversité,Hauts-de-France,Pas-de-Calais,62,42029413400036,GROUPE ORNITHOLOGIQUE ET NATURALISTE (AGREMENT REGIONAL HAUTS DE FRANCE,Association déclarée,59350,Lille
Projet de préservation de la Moule perlière du Massif central en Région Auvergne-Rhône-Alpes - Phase 2 - 2025-2027,"Il s'agit de mettre en œuvre les actions de la Phase 2 du ""Projet de préservation de la Moule perlière du Massif central en Région Auvergne-Rhône-Alpes"" sur la période 2025-2027. 
Au total, 10 actions sont proposées, réparties en 3 Volets de Connaissances, de Conservation et de Communication.
Ces actions s'inscrivent dans la suite logique des actions menées lors de la Phase 1  du projet et concernent une bonne partie des cours d'eau à Moule perlière de la Région Auvergne-Rhône-Alpes.
La Note de projet jointe décrit ces actions dans le détail.
Une action de coordination et de rendu du projet vient compléter ces actions.",72000.00,21560290,2104765139,,,SN Biodiversité,Auvergne-Rhône-Alpes,Puy-de-Dôme,63,34489699800046,CONSERVATOIRE D ESPACES NATURELS D AUVERGNE,Association déclarée,43234,Saugues
"Diagnostic et restauration de mares forestières sur les communes de Condamine, Courlaoux, Chilly-le-Vignoble et Frébuans (39)","Il s'agit de restaurer 13 mares forestières sur les communes de Condamine, Courlaoux, Chilly-le-Vignoble, Frébuans, situées dans le Jura. Ce projet vient en continuité d'un projet de restauration de mares réalisé en 2023 sur la commune de Villevieux, et s'explique par l'identification d'enjeux écologiques importants sur ce secteur (amphibiens notamment). Après un diagnostic écologique au printemps 2025 (notamment habitats, faune, flore), qui permettra d'identifier précisément les enjeux pour chaque site, la restauration des mares interviendra en septembre, principalement à travers des interventions de curage et de reprofilage de berges. L'objectif général est l'amélioration de la qualité écologique des mares et de la fonctionnalité du réseau de mares existant. Le projet s'accompagne d'actions de sensibilisation (scolaires, grand public), ainsi que de suivis post-travaux pour évaluer la pertinence de l'action menée.",7788.00,22945941,,238802,Agence de l'eau,SN Biodiversité,Bourgogne-Franche-Comté,Jura,39,33832991500064,ASSOCIATION MAISON DES ETANGS,Association déclarée,39162,Condamine
Atlas de la biodiversité communale LE PIN,"La réalisation de l'ABC, avec comme prestataires locaux, le CEN Occitanie, le COGard, le CPIE du Gard, le Syndicat Mixte des gorges du Gardon, l’association Gard Nature mais en partenariat avec les associations de chasse et les commissions communales a pour objectif d'aboutir à une connaissance approfondie de la biodiversité du territoire et des outils pour guider les réflexions sur l’aménagement du territoire. 
Il doit aussi sensibiliser les populations locales ainsi que les acteurs socio-économiques aux enjeux de la biodiversité.",44123.96,22948997,,,,SN Biodiversité,Occitanie,Gard,30,21300196900012,COMMUNE DE LE PIN,Commune et commune nouvelle,30196,Le Pin
Mise à disposition de services cartographiques WMS/WFS flore et habitat sur les aires protégées  des Hauts-de-France,"
•	Actualisation dans DIGITALE des périmètres des aires protégées des Hauts de France (PNR, RNN,Natura 2000).
•	Mise en place des traitements informatiques nécessaires à la création des données (nombre, liste de taxons et liste d’habitats) pour chacune des thématiques concernant la flore (plantes vasculaires, bryophytes, characées et lichens) et les habitats naturels. Les thématiques traitées sont les suivantes : pression d’inventaire, diversité, intérêt patrimonial, menaces, exotique envahissant, enjeux, protégé, intérêt communautaire, Carhab, etc.
•	Mise en place des services cartographiques WMS et WFS sur l’outil georchestra de Digitale2 avec les fiches de description des métadonnées (https://georchestra.cbnbl.org/geonetwork/srv/fre/catalog.search)
•	Mise à disposition des services cartographiques avec création des comptes utilisateurs pour les services de l’état, opérateurs et gestionnaires pour gérer l’accès aux données sensibles.",40000.00,22984458,2104789261,,,SN Biodiversité,Hauts-de-France,Nord,59,34402187800014,CENTRE REGIONAL DE PHYTOSOCIOLOGIE,Association déclarée,59045,Baives
Préservation de milieux naturels à enjeux via l’acquisition foncière,"Ce projet a pour objectif de contribuer à la déclinaison locale de la Stratégie Nationale des Aires Protégées via la consolidation d’un réseau de sites en protection forte en passant par l’acquisition de parcelles de milieux à enjeux (zones humides, milieux ouverts herbacés et écosystèmes forestiers) dans les 3 départements du Cantal, de la Haute-Loire et du Puy-de-Dôme.",99542.80,22998072,2104764317,,,SN Biodiversité,Auvergne-Rhône-Alpes,Puy-de-Dôme,63,34489699800046,CONSERVATOIRE D ESPACES NATURELS D AUVERGNE,Association déclarée,63416,Savennes
Atlas de la Biodiversité Communale du PNR de Chartreuse,"Ce projet d'ABC porté par le Parc naturel régional de Chartreuse prend place sur 15 communes volontaires du Parc entre 2025 et 2028. L’objectif est d’améliorer les connaissances sur de nombreux groupes naturalistes. Il est aussi question d’encourager l’implication citoyenne à travers des inventaires participatifs et de sensibiliser et mobiliser les publics et acteurs du territoire. Il a aussi pour but de favoriser la prise en compte des enjeux environnementaux dans les décisions publiques en termes de gestion et d’aménagement. Le déroulement du projet s’appuie sur un vaste réseau d’experts, d’animateurs et d’associations. Ce projet est aussi l’occasion de développer des thématiques encore peu abordées sur le territoire (insectes pollinisateurs par exemple). Il est aussi questions d’aborder des éléments paysagers remarquables et autres habitats d’exception ainsi que les trames naturelles et de faire le lien avec le changement climatique.",236650.56,23004463,,,,SN Biodiversité,Auvergne-Rhône-Alpes,Isère,38,25380436300013,SYND MIXTE PARC NATUREL REG CHARTREUSE,Syndicat mixte ouvert,38442,Saint-Pierre-de-Chartreuse
Atlas de la biodiversité intercommunale Grand Lac,"Grand Lac devrait prochainement être désignée « Réserve de Biosphère » de l’UNESCO. Parmi les différentes actions du plan de gestion de la Réserve de Biosphère, la réalisation d’un atlas de la biodiversité communale a été identifiée comme une priorité. 
Cet ABC est structuré selon deux échelles complémentaires : l’échelle intercommunale pour les enjeux structurants du territoire et l’échelle communale, où les 9 communes volontaires pour cette période 2025-2028 bénéficieront d’un programme d’inventaires et d’animations renforcées.
Un programme d’inventaire a été défini suivant différents critères : enjeux et lacunes de connaissances, attentes des communes volontaires, adéquation avec le plan de gestion de la Réserve de Biosphère, débouchés et valorisations dans les politiques de l’agglomération. 
Un plan d’actions sera engagé dès le début du projet et alimenté durant toute sa durée afin d'assurer un atterrissage opérationnel. Notamment, cet ABC s’insère particulièrement bien dans le calendrier de révision du PLUi de Grand Lac, devant aboutir en 2030 et dont les premières phases seront lancées dès 2025.
A travers sa participation à l’expérimentation sur la « transformation des relations entre humains et non-humains », Grand Lac poursuit son objectif de changer le regard des habitants du territoire sur les interrelations entre l’homme et la nature. 
",96480.00,23010289,,,,SN Biodiversité,Auvergne-Rhône-Alpes,Savoie,73,20006867400015,"GRAND LAC, COMMUNAUTE D'AGGLOMERATION",Communauté d'agglomération,73008,Aix-les-Bains
"Atlas de la biodiversité communale, Channay-sur-Lathan, Coteaux-sur-Loire et Rillé","Le projet d’Atlas de la Biodiversité Communale (ABC) Channay-sur-Lathan, Coteaux-sur-Loire et Rillé (CCR) s’inscrit dans le programme d’actions Territoire engagé pour la nature 2023-2025 de la Communauté de communes Touraine Ouest Val de Loire (CCTOVAL). Il permet de poursuivre et renforcer la dynamique qui avait été lancée grâce à l’ABC Benais, Bourgueil, Château-la-Vallière et Langeais (BBCVL) en 2023.
Trois axes érigent ce projet : l’amélioration des connaissances de la biodiversité locale et des continuités écologiques des trois pôles principaux du territoire, la valorisation du patrimoine naturel local auprès des habitants, élus et acteurs socio-économiques locaux et sa prise en compte dans la gestion et l’aménagement de la commune et du territoire de la CCTOVAL. L’ABC CCR sera porté par la CCTOVAL et se déroulera de juillet 2025 à juin 2028. ",73860.00,23012635,,,,SN Biodiversité,Centre-Val de Loire,Indre-et-Loire,37,20007298100018,TOURAINE OUEST VAL DE LOIRE,Communauté de communes,37081,Cléré-les-Pins
Programme de lutte contre les plantes envahissantes sur le réseau d’amenée d’eau de l’UNIMA - Année 2025,"Compte tenu des dysfonctionnements que peut engendrer la présence de la jussie sur un réseau hydrographique (hydraulique, qualité d’eau), le Conseil Départemental de la Charente-Maritime a décidé de s’engager financièrement dans des travaux de contrôle de l’extension des foyers existants.
L’UNIMA travaille depuis 2002 sur cette problématique. Elle a participé à la mise en œuvre des premiers programmes de lutte contre la jussie sur le territoire de la Charente Maritime.
Sur le réseau de canaux, où elle est directement gestionnaire (réseau d’amenée d’eau des marais du Nord et Sud Rochefort), l’UNIMA a mis en place une stratégie de restauration et d’entretien, contre la jussie, qui lui permet à ce jour de contrôler cette espèce sur l’ensemble de son réseau.",18801.00,23014145,2104821856,,,SN Biodiversité,Nouvelle-Aquitaine,Charente-Maritime,17,25170130600051,SYND UNION MARAIS LA CHARENTE MARITIME,Syndicat mixte ouvert,17065,Breuil-Magné
Restauration écologique de 400m de ruisseau en arrêté de protection de biotope,"Restauration du ruisseau de la Fontaine-Robert à CLAIREGOUTTE par effacement d'un barrage de retenu de plan d'eau et restauration de 400m de lit mineur et majeur. La restauration inclue 0,5 Ha de zone humide en fond de vallée et concerne principalement les espèces truites fario, chabots et lamproies de Planer.",171889.00,23014597,,239331,Agence de l'eau,SN Biodiversité,Bourgogne-Franche-Comté,Haute-Saône,70,77854216700037,FEDER HTE SAONE POUR PECHE ET PROTEC AQU,Association déclarée,70513,Vaivre-et-Montoille
Atlas de la biodiversité intercommunal de Couesnon Marches de Bretagne,"Le territoire de Couesnon Marches de Bretagne (15 communes, 21 978 habitants) mène depuis plus de 20 ans des actions en faveur de la biodiversité. La création d’un Atlas de la Biodiversité Intercommunal vise à structurer ces démarches, identifier les enjeux, enrichir les connaissances et coordonner les actions avec les citoyens et acteurs locaux. Outil d’aide à la décision pour les élus, il servira de base à un plan d’actions à 10 ans. Le projet se distingue par une approche sensible autour des légendes, de la peur de la nature, et valorise le Gallo, langue locale. Il intègre les trames noires, brunes et blanches sur les communes volontaires. Des partenariats forts avec la Ligue Protection des Oiseaux, le Groupe Mammalogique Breton, Bretagne Vivante et le Réseau d’Éducation à l'Environnement du Pays de Fougères garantissent une expertise locale. L'objectif : faire de Couesnon Marches de Bretagne un Territoire Engagé pour la Nature.",238783.84,23018357,,,,SN Biodiversité,Bretagne,Ille-et-Vilaine,35,20007068800011,CC COUESNON MARCHES DE BRETAGNE,Communauté de communes,35257,Maen Roch
LIFE ABEILLES SAUVAGES,"Les pollinisateurs sauvages, essentiels à la pollinisation de 80 % des plantes à fleurs en Europe (450 M€ en 2010 en Nouvelle-Aquitaine), sont en fort déclin du fait de la perte d’habitats, des pesticides, du climat et de la fragmentation. En réponse aux plans national et régional, le projet LIFE Wild Bees (6,5 M€, coordonné par le PNR Périgord-Limousin avec 4 autres PNR et des partenaires scientifiques) agit pour enrayer ce déclin. Il s’articule autour de quatre axes : améliorer les connaissances, restaurer les habitats, produire des végétaux locaux adaptés et diffuser les bonnes pratiques. Deuxième LIFE français dédié aux abeilles sauvages, il se poursuit jusqu’en mai 2026, avec une demande d’extension à décembre 2027.
",174579.36,23018679,2104858765,,,SN Biodiversité,Nouvelle-Aquitaine,Dordogne,24,25872853400052,PARC NATUREL REGIONAL PERIGORD LIMOUSIN,Syndicat mixte ouvert,87027,Bussière-Galant
Réalisation d'un Atlas de la Biodiversité Communautaire axé sur l'enjeu bocage pour la Communauté urbaine de Le Mans Métropole ,"Le Mans Métropole est une Communauté urbaine de plus de 213 000 habitants qui se situe au cœur du département de la Sarthe, dans la région des Pays de la Loire. 
Cet Atlas de la Biodiversité Communautaire vise à améliorer la connaissance, la préservation et la valorisation de la biodiversité sur l’ensemble de ses 20 communes. Ce territoire présente une grande diversité, avec des communes à la fois majoritairement urbaines et d’autres très rurales.
Parmi les éléments naturels les plus représentatifs du territoire, la haie bocagère occupe une place importante. Présente sur l’ensemble des communes, la haie bocagère est un véritable marqueur de nos paysages, elle joue un rôle crucial pour la biodiversité. C’est pourquoi, le bocage est l’enjeu choisi pour cet Atlas de la Biodiversité Communautaire, lequel comprend les haies, les trognes et les mares bocagères. ",250000.00,23021892,,,,SN Biodiversité,Pays de la Loire,Sarthe,72,24720013200014,LE MANS METROPOLE COMMUNAUTE URBAINE,Communauté urbaine,72181,Le Mans
Lutte coordonnée contre les espèces exotiques envahissantes végétales 2025,"Le projet consiste à déployer sur le périmètre des sous bassin Marais nord de Rochefort et Vallée de la Charente une stratégie de lutte coordonnée contre les espèces exotiques envahissantes végétales.

Ces actions de lutte portées depuis la création du syndicat mixte (2019) par transfert de compétence de gestion des milieux aquatiques des 8 établissements publics membres doivent être intensifiées et rationalisées au regard de leur impact, tant sur le milieu, que sur les usages.",60000.00,23021913,2104798332,,,SN Biodiversité,Nouvelle-Aquitaine,Charente-Maritime,17,20008603100016,SYNDICAT MIXTE CHARENTE AVAL (SMCA),Syndicat mixte fermé,17299,Rochefort
Contribution française au programme de coopération transfrontalier France-Espagne: Sauvegarde du grand tétras des Monts Cantabriques (Année 3),"L'opération du programme de coopération transfrontalier consiste en la capture, l'équipement GPS et le relâché sur place de poules de grand tétras afin de localiser leur site de nidification et de prélever deux à trois pontes par an sur 3 ans à destination du centre de recherche et d'élevage de grand tétras de Valsemana. Cette opération est dans le cadre du programme espagnol de conservation de la population de grand tétras des Cantabriques (validation par courrier de la DEB du 24/05/2022). Six sites de capture ont été mis en place, deux en Haute-Garonne et quatre dans les Hautes-Pyrénées.
Ce programme de coopération est coordonné directement par la DREAL Occitanie pour ses composantes administratives, financières et les relations avec les partenaires espagnols du projet. La FDC65 pilote deux sites de capture (Hautacam et Massif du Bazès). Elle bénéficiera à ce titre de l'autorisation délivrée par la mise en place de deux arrêtés préfectoraux (Un premier arrêté pris le 23 février n°65-2023-02-23-00006 et un second arrêté portant modification au premier le 21 septembre 2023 n°65-2023-09-21-00001). Le travail proposé s'inscrit dans les actions 7.3.2 ""Collaborations internationales"" de la déclinaison pyrénéenne de la Stratégie Nationale Grand Tétras (SNGT) 2012-2021, en cours d'évaluation.",35432.00,23022524,2104686180,,,SN Biodiversité,Occitanie,Hautes-Pyrénées,65,34342424800023,FEDERATION DEPARTEMENTALE DES CHASSEURS DES HAUTES PYRENEES,Association déclarée,65440,Tarbes
Sonneur à ventre jaune : projet SAP,"Des campagnes de prospections menées par Nature 18 ces dernières années ont permis d’améliorer fortement la connaissance des populations sur le département, et d’identifier les secteurs à enjeux. ; ceci complété par une dynamique de restauration des habitats de Sonneur à ventre jaune.
La poursuite des connaissances des populations et des habitats permettra d’établir un diagnostic des milieux et de prévoir précisément les travaux à réaliser. Une fois les enjeux bien définis, le contact avec le propriétaire et l’exploitant aura lieu pour envisager des mesures de restauration des sites naturels ciblés, pour définir d’éventuelles mesures de gestion et/ou d’envisager un classement en « Aire Protégée », dans le cadre de la politique SAP. Sur le Saint-Amandois, des opportunités d'acquisitions foncières permettront de continuer la démarche de restauration des habitats à Sonneur à ventre jaune.",9000.00,23023085,2104674740,,,SN Biodiversité,Centre-Val de Loire,Cher,18,34080467300044,NATURE 18,Association déclarée,58155,La Marche
Protection des gîtes majeurs chiroptères en Sarthe,"Mise en place d'actions de suivi et de protection en faveur des Chiroptères en Sarthe en 2025 : Axe 1 : Veille et suivis scientifiques des sites majeurs d’hibernation et de parturition des Chiroptères en Sarthe (Année 8) ; Axe 2 : Appui aux structures départementales pour la conservation des Chiroptères - conventionnement, accompagnement et porter à connaissance auprès des Services de l’Etat - (Année 5) 
",14200.00,23025666,2104754521,,,SN Biodiversité,Pays de la Loire,Sarthe,72,34173003400053,LA SARTHE AU FIL DE L'EAU,Association déclarée,72154,La Flèche
Définition du mode de gestion du pré salé de la Réserve Naturelle Nationale de la baie de l'Aiguillon pour l'accueil du Phragmite aquatique en migration postnuptiale,Le phragmite aquatique est le passereau le plus menacé en Europe et fait l'objet d'un Plan National d'Action. La France accueille la totalité ou presque de la population mondiale en migration post-nuptiale et le pré salé de la baie de l'Aiguillon est un site majeur pour l'espèce en France. L’objectif de l’action est de définir le mode de gestion du pré salé favorable au phragmite en précisant la nature des proies consommées sur la baie de l’Aiguillon en lien avec la structure de la végétation et les pratiques de fauche. Il s’agit à terme de suivre les cortèges entomologiques et la végétation plutôt que de réaliser de la capture. Le protocole de suivi à long terme sera rédigé à l’issu de cette action.,27443.00,23026306,2104773192,,,SN Biodiversité,Pays de la Loire,Vendée,85,78426328700103,LIGUE FRANCAISE PROTECTION OISEAUX,Association déclarée,85297,Triaize
"Achat et gestion écologique de 17,3ha sur l'île Neuve au Cellier","Avec le soutien du Fonds vert et de l'agence de l'eau Loire-Bretagne, il s’agit de mobiliser des moyens financiers pour :
Volet 1 : Acquérir les parcelles pour en assurer la maîtrise foncière
Volet 2 : Doter le site acquis et géré par la LPO Loire-Atlantique de documents de gestion.
Volet 3 : Aménager et animer les sites gérés par la LPO Loire-Atlantique pour permettre l’appropriation des espaces protégés par les citoyens, habitants et usagers.
",15522.00,23034426,2104825791,,,SN Biodiversité,Pays de la Loire,Loire-Atlantique,44,38223359100041,LIGUE POUR LA PROTECTION DES OISEAUX DE LOIRE-ATLANTIQUE,Association déclarée,44028,Le Cellier
RENFORCEMENT DE LA PROTECTION ET DE LA GESTION DE DEUX SITES SOUS ORE DONT LA LPO LOIRE-ATLANTIQUE EST CO-CONTRACTANTE,"L'objectif est de doter deux sites sous ORE dont la LPO Loire-Atlantique est co-contractante de documents de gestion : ORE Ferme du Codeau au Cellier (signée le 19 décembre 2024) et ORE Ferme du Rublé à Saint Colomban (signature à venir le 09 janvier 2025).

",32800.00,23035454,2104822776,,,SN Biodiversité,Pays de la Loire,Loire-Atlantique,44,38223359100041,LIGUE POUR LA PROTECTION DES OISEAUX DE LOIRE-ATLANTIQUE,Association déclarée,44155,Saint-Colomban
Amélioration de la montaison et de la reproduction des poissons migrateurs par la régulation du Silure Glane – Rivière Dordogne – Phase 2025,"Sur la Dordogne, la prédation des poissons migrateurs par le Silure glane fait l’objet d’investigations depuis 2012. Elles ont montré un impact fort du Silure sur certaines espèces, notamment sur la Lamproie marine, et sur certains sites, notamment à l’aval des barrages et sur les frayères.

Des tests de régulation du Silure ont été réalisés de 2020 à 2023 au droit des barrages de Bergerac, Tuilières et Mauzac. Au cours de cette première phase, un peu plus de 600 silures ont été prélevés. En 2024, l’opération a été renforcée. En plus du secteur des trois barrages, deux sites localisés sur la partie basse de la Dordogne ont été ajoutés et l’effort de pêche a été augmenté. Lors de cette phase, ce sont 1600 silures qui ont été capturés.

Pour 2025, il s’agira de poursuivre les pêches de régulation du Silure selon la même méthodologie qu’en 2024, afin de pouvoir comparer les résultats et évaluer les effets de l’action.",68240.00,23036124,2104638159,,,SN Biodiversité,Nouvelle-Aquitaine,Dordogne,24,25246009200023,ETABLISSEMENT PUBLIC INTERDEPARTEMENTAL DE LA DORDOGNE,Syndicat mixte ouvert,24037,Bergerac
Lutte contre les frelons asisatiques (2025),"Pour lutter contre le développement du frelon asiatique et préserver les abeilles, Agglopolys a mis en place depuis 2016, un dispositif de signalement et de destruction systématique des nids de frelons asiatiques chez les particuliers. La totalité de ces frais de destruction est prise en charge par Agglopolys, afin que tous les habitants, quelles que soient leurs ressources, puissent faire détruire le nid présent sur leur propriété.
Agglopolys travaille en partenariat avec le Groupement de Défense Sanitaire de Loir-et-Cher et le Syndicat des Apiculteurs de Loir-et-Cher.",4750.00,23037909,2104674496,,,SN Biodiversité,Centre-Val de Loire,Loir-et-Cher,41,20003038500013,COMMUNAUTE D'AGGLOMERATION DE BLOIS AGGLOPOLYS,Communauté d'agglomération,41018,Blois
Projet d’acquisition de 5ha 27a 01ca sur la commune de Thoury-Férottes,"Le CEN IDF a répondu à un appel à candidature de la SAFER pour acquérir 5ha 27a 01ca sur la commune de Thoury Férottes (77). Il s’agit de parcelles agricoles, non exploitées depuis de nombreuses années, revenues à un stade prairiale ponctuée d’arbustes et d’arbres en voie de colonisation.
Le secteur du Bocage gâtinais dans lequel se trouve ces parcelles présente une belle population de Pie Grièche écorcheur, Lanius collurio, espèce parapluie témoignant de ces milieux prairiaux ponctués d’arbustes.
Par cette acquisition, le CEN IDF compte conforter les espèces associées à ce milieu en assurant une gestion favorable.",7901.38,23041864,2104820004,,,SN Biodiversité,Île-de-France,Seine-et-Marne,77,38779018100037,CONSERVATOIRE D'ESPACES NATURELS D'ILE-DE-FRANCE,Association déclarée,77465,Thoury-Férottes
"Projet de recherche, récoltes et semis de messicoles en Sud-Ouest Touraine","Dans le cadre du Plan National d'Action en faveur des plantes messicoles, le CPIE Touraine-Val de Loire à pour objectif de mener des actions concrète de terrain répondant à 10 actions du plan, allant de la recherche de nouvelles stations d'espèces, de la récolte, du semis en partenariat avec des collectivités et les acteurs de plusieurs filières agricoles. ",20800.00,23047154,2104674498,,,SN Biodiversité,Centre-Val de Loire,Indre-et-Loire,37,31656993800020,VAL DE VIENNE,Association déclarée,37072,Chinon
Lutte jussie 2025,"Lutte contre les espèces exotiques envahissantes végétales aquatiques, essentiellement jussie à grandes fleurs, par arrachage manuel.
Action réalisée en régie par saisonniers.",10710.00,23050029,,,,SN Biodiversité,Pays de la Loire,Loire-Atlantique,44,25440228200027,SYNDICAT DU BASSIN VERSANT DU BRIVET,Syndicat mixte fermé,44168,Saint-Joachim
Atlas de la biodiversité communale de Chaumont,"La Ville de Chaumont s’engage dans la préservation de la biodiversité avec la création de l’ABC (Atlas de la Biodiversité Communale), projet qui a pour ambition de mieux connaître et préserver le patrimoine naturel de la commune. En partenariat avec la LPO Champagne-Ardenne, qui fournira un appui technique, ce projet vise à élaborer un plan d'actions qui pourra, à terme, être intégré aux documents d'urbanisme. Un bilan de l’ABC sera également rédigé et rendu disponible sur la plateforme des ABC. Il a également pour objectif d'impliquer activement les citoyens dans cette démarche. S'inscrivant dans la démarche One Health portée par la Ville, ce projet met en lien la santé des écosystèmes, des espèces et des humains. À terme, il permettra à la Ville de Chaumont de prendre des décisions éclairées en matière d'aménagement, tout en sensibilisant la population à l'importance de la biodiversité pour un environnement sain et équilibré.",52800.00,23056329,,,,SN Biodiversité,Grand Est,Haute-Marne,52,21520083300014,COMMUNE DE CHAUMONT,Commune et commune nouvelle,52121,Chaumont
"Atlas de la biodiversité intercommunal - Bruz, Laillé, Pont-Péan et Orgères","Les communes de Bruz, Laillé, Pont-Péan et Orgères, sont quatre communes voisines localisées sur un territoire de 87 km2, faisant partie de Rennes Métropole. Les 4 communes se regroupent pour mener un projet et mobiliser les habitants et les acteurs du territoire sur les continuités écologiques, afin de répondre à leur forte ambition d'asseoir une stratégie sur la biodiversité. Seule la commune de Bruz sera bénéficiaire d’une aide financière de l’OFB, les autres communes ne recevront pas de quote-part de la subvention.
",58369.35,23076881,,,,SN Biodiversité,Bretagne,Ille-et-Vilaine,35,21350047300011,COMMUNE DE BRUZ,Commune et commune nouvelle,35047,Bruz
Accompagnement des gestionnaires de réserves naturelles de Bourgogne-Franche-Comté à la mise en œuvre de la démarche Natur’Adapt,"Le projet, proposé et porté par l’association Réserves Naturelles de France (RNF) et le Conservatoire d’espaces naturels (CEN) de Bourgogne est d’accompagner les gestionnaires de réserves naturelles de Bourgogne-Franche-Comté à la mise en œuvre de la démarche Natur’Adapt.",53080.80,23077551,2104695487,,,SN Biodiversité,Bourgogne-Franche-Comté,Côte-d'Or,21,38165327800089,CONSERVATOIRE D'ESPACES NATURELS DE BOURGOGNE,Association déclarée,58059,La Charité-sur-Loire
Atlas de la Biodiversité Communale du projet de PNR de l'Astarac,"L’ABIC répond à plusieurs objectifs :
-Améliorer les connaissances naturalistes du territoire et susciter l’intérêt du réseau des
naturalistes sur un territoire inégalement prospecté,
-Préserver et conforter le territoire dans son rôle clef de maillon de continuité
écologique entre Pyrénées/Atlantique et Pyrénées/Massif central, par l’inscription des
éléments structurants de la mosaïque écopaysagère dans les documents d’urbanisme,
-Sensibiliser les différents publics à la biodiversité présente et à sa prise en compte dans
les actions quotidiennes, créer une dynamique sociale autour de la biodiversité.
Pour répondre à ces objectifs, de nombreux inventaires naturalistes et actions de
sensibilisation seront développés. La vulgarisation des résultats scientifiques constituera
un autre volet fort du projet, avec derrière la volonté de mieux intégrer la biodiversité en
aménagement, urbanisme et dans les pratiques agricoles.",248424.00,23078327,,,,SN Biodiversité,Occitanie,Gers,32,93853998800015,SYNDICAT MIXTE DE PREFIGURATION DU PARC NATUREL REGIONAL DE L'ASTARAC,Syndicat mixte ouvert,32426,Seissan
Valorisation écologique de la Vallée de la Vallière,"Depuis 2019, Jura Nature Environnement accompagne les 4 communes de la Vallée de la Vallière et l'association Défi Vallée Vallière, en partenariat avec Terre de Liens, dans un projet de réouverture paysagère et de valorisation écologique de la Vallée.  
Sur les 3 ans à venir (2025-2027), une nouvelle phase du projet consistera à : 
-	Etudier le réseau hydrographique des anciens canaux, leur impact sur le ruissellement et les besoins et possibilités de restauration : identification de la trame turquoise, les écoulements naturels et anciens aménagements, identification des écoulements récents 
-	Inventorier et valoriser écologiquement les zones naturelles à enjeux (pelouses sèches, anciens vergers, etc), en poursuivant l’identification des terrains prioritaires et le contact des porteurs de projets, agriculteurs ou propriétaires d’animaux pour la mise en pâturage 
-	Poursuivre l’information et la mobilisation des élus et citoyen.ne.s autour du projet",51000.00,23079838,,239317,Agence de l'eau,SN Biodiversité,Bourgogne-Franche-Comté,Jura,39,31191638100081,JURA NATURE ENVIRONNEMENT,Association déclarée,39164,Conliège
Remplacement d'une pompe de relèvement pour la préservation du patrimoine naturel de la réserve naturelle des étangs et rigoles d'Yveline,"Sans l’usage des 2 pompes de relèvement, la fonctionnalité écologique des zones humides et la préservation des espèces patrimoniales de la réserve naturelle nationale des étangs et rigoles d’Yveline ne sont plus assurées sur son réseau de bassins d'eaux pluviales (12ha) à l'étang de Saint-Quentin (78). Initialement, ce complexe de 4 bassins avaient pour rôle la retenue des eaux en cas d'inondation et l'amélioration de la qualité d'eau. Leur gestion écologique par la réserve depuis 1998, a permis l'installation de gazons amphibies remarquables (Code Directive Habitats-3130), le stationnement de limicole, la nidification régulières d'espèces à enjeux comme le Râle d'eau et la Sterne pierregarin. Plusieurs services écosystémiques sont rendus par ce système hydraulique : la gestion quantitative et qualitative des eaux pluviales, la préservation et la sensibilisation des zones humides. Les pompes ont besoin d'être changées dès 2025 au risque de tout perdre.",5140.76,23086377,2104835406,,,SN Biodiversité,Île-de-France,Yvelines,78,25780207400035,SYNDICAT MIXTE D'AMENAGEMENT ET DE GESTION DES ETANGS ET RIGOLES,Syndicat mixte ouvert,78621,Trappes
Améliorer la cohérence et la protection de la RNR des coteaux du Fel,"La RNR des coteaux du Fel est située dans le nord de l'Aveyron et elle est l'unique Réserve naturelle du département. Classée initialement en 2011, elle a été reclassée en 2022 par la Région Occitanie sur un périmètre amélioré (123 ha). Aujourd'hui, une dynamique favorable à la Réserve est observée avec des propriétaires limitrophes qui souhaiteraient être intégrés au périmètre de l’aire protégée. Cela reflète la bonne acceptation locale du site protégé et son rayonnement positif sur le territoire. Le gestionnaire de la Réserve souhaiterait saisir l’opportunité de ce bon ancrage territorial et s’inscrire dans une stratégie d’extension de l’aire protégée. L’ambition écologique du projet permettrait d’améliorer : (1) la cohérence du périmètre actuellement morcelé et (2) la protection des habitats et des espèces patrimoniales pour lequel le site a été classé, notamment sur les milieux forestiers et les milieux prairiaux. 


",68254.00,23087344,2104700074,,,SN Biodiversité,Occitanie,Aveyron,12,49258320800037,LIGUE POUR LA PROTECTION DES OISEAUX OCCITANIE,Association déclarée,12097,Espeyrac
Atlas de la Biodiversité Intercommunale du Pays de Pouzauges,"Le territoire mène, depuis plus de 20 ans, des actions en faveur de la préservation et de la restauration des milieux naturels, du bocage et de la gestion durable des haies intégrant des actions concrètes en faveur de la biodiversité. La collectivité souhaite poursuivre sa politique volontariste en menant des actions fortes visant la mobilisation des acteurs, et notamment les citoyens. Ce projet a plusieurs objectifs : Compléter les connaissances sur la biodiversité existantes et potentielles du territoire; Embarquer les acteurs et la population : Malgré un engagement fort et un niveau d’investissement important, la collectivité se heurte à des difficultés d’appropriation des enjeux par les parties prenantes; Prendre en compte la biodiversité dans les stratégies territoriales; Poursuivre la politique engagée, permettre une continuité et faciliter la transmission en définissant un programme d’actions et des capacités financières adaptées à l’ambition.",205087.27,23091284,,,,SN Biodiversité,Pays de la Loire,Vendée,85,24850046400198,COMMUNAUTE DE COMMUNES DU PAYS DE POUZAUGES,Communauté de communes,85182,Pouzauges
"Projet d’acquisition de 17 hectares 91 ares et 17 centiares sur les vallée de la Juine, de la Chalouette et de l’Orge (91)","Le CEN IDF a l'opportunité d'acquérir 17ha 91a 17ca en 124 parcelles de bois, taillis et landes sur 11 communes (Boissy-la-Rivière, Boissy-le-Sec, Brières-les-Scellés, Chauffour-lès-Étréchy, Étampes, Étréchy, Marolles-en-Beauce, Mauchamps, Morigny-Champigny, Ormoy-la-Rivière, et Villeconin) situées dans les vallée de la Juine et de la Chalouette, en Essonne. Au fil des échanges, d’autres biens immobiliers intéressants ont été identifiés et inclus dans la vente.
Une part importante de ces biens sont mitoyens de parcelles appartenant au CEN IDF, notamment sur la commune d’Ormoy-la-Rivière. Cette acquisition lui permet de constituer des blocs fonciers sur les continuités calcaires de ces vallées dans un secteur concerné par la SAP.
",53470.18,23092156,2104820003,,,SN Biodiversité,Île-de-France,Essonne,91,38779018100037,CONSERVATOIRE D'ESPACES NATURELS D'ILE-DE-FRANCE,Association déclarée,91223,Étampes
Animations et acquisitions foncières de zones humides sur le bassin Rhône-Méditerranée - 2025,"Réaliser des acquisitions foncières dans un objectif pérenne de protection de la biodiversité, projets de protection forte contribuant aux actions définies dans les plans d’actions territoriaux de la stratégie nationale pour les aires protégées

Poursuivre la maîtrise foncière sur les zones humides prioritaires, en cohérence avec les plans de gestion stratégiques ZH des départements d’intervention du CEN Rhône-Alpes afin de maîtriser des parcelles stratégiques pour préparer les futurs travaux de restauration.

Poursuivre les acquisitions sur les zones humides historiques du Conservatoire. Les compléments de maîtrise foncière contribueront à conforter leur préservation ainsi que la faisabilité d’opérations de restauration de fonctionnalités de zones humides.

Etudier la faisabilité d’un engagement de sites/ parcelles en Zones de Protection Forte",74401.00,23092388,2104764952,,,SN Biodiversité,Auvergne-Rhône-Alpes,Rhône,69,39853422200037,CONSERVATOIRE RH ALP ESPACES NATURELS,Association déclarée,69268,Vourles
"Acquisition foncière de 25,0729 hectares de prairies paratourbeuses dans la vallée de la Sarthe Paillerotte (Orne)","Le CEN Normandie a été sollicité par le PNR Normandie Maine pour acquérir un ensemble de prairies de haute valeur patrimoniale. La Vallée de la Paillerotte, ensemble de prairies paratourbeuses de 25 hectares d’un seul tenant et appartenant à la même propriétaire constitue un des haut-lieu de la biodiversité de ce secteur. La richesse floristique et faunistique est exceptionnelle sur ces prairies humides.
Sous la menace d’une acquisition pouvant provoquer une destruction ou une dégradation de cet habitat, ces prairies ont besoin d’être gérées de façon extensive, comme elles le sont actuellement. Le CEN Normandie a donc sollicité une intervention de la SAFER dans le cadre d’une préemption environnementale et s’engage à maintenir l’agricultrice en place, cette dernière s’engageant à conserver ses pratiques extensives via la signature d’un bail rural environnemental. Cette vallée humide est entièrement intégrée dans le site Natura 2000 Haute Vallée de la Sarthe. 
Ces parcelles abritent une biodiversité exceptionnelle et ce projet d’acquisition permettrait au CEN Normandie de s’implanter sur le territoire.

",26839.95,23093558,2104822371,,,SN Biodiversité,Normandie,Orne,61,39409879200051,CONSERVATOIRE D ESPACES NATURELS DE NORMANDIE,Association déclarée,61499,Les Ventes-de-Bourse
Sauvegarde des amphihalins par la mise en œuvre de pêches de régulation locale de silures en Garonne et Dordogne,"L'objectif de ce projet est de maintenir une pression de pêche sur le silure afin de réduire localement la densité de silures sur des sites à enjeux pour les migrateurs et ainsi limiter son impact de prédation sur les espèces d’intérêt communautaire. Des pêches de régulation de silures seront mises en œuvre sur les sites suivants:
- Golfech
- Garonne aval
- Dordogne aval
- Isle/Dronne
- Zones de lâcher de juvéniles d'esturgeons européen. 

L'AAPPED Gironde est le maître d’œuvre de ce projet. L'AAPPED Gironde fera appel aux pêcheurs professionnels pour réaliser ces pêches. Tous les silures pêchés seront retirés du milieu. 

Trois types d'engins seront utilisés pour essayer de maximiser les captures sur les différents sites. ",59000.00,23101682,2104633971,,,SN Biodiversité,Nouvelle-Aquitaine,Gironde,33,39521023000037,ASSOCIATION AGREEE DES PECHEURS PROFESSIONNELS EN EAU DOUCE DE GIRONDE,Association déclarée,82072,Golfech
S'engager pour la Nature,"Depuis 2022 nous avons développé des projets porteurs de sens pour la jeunesse souhaitant répondre à des enjeux environnementaux et nous avons tissé des partenariats nous permettant d’intervenir sur des sites spécifiques. Dans la continuité nous souhaitons à travers cette nouvelle action permettre à 12 volontaires en Service Civique qui se relaient pendant 18 mois de réaliser des actions de chantiers nature (lutte contre les EEE, conservation de rus, conservation de landes acidiphiles...). Les actions seront menées sur les territoires protégés gérés par l'ONF (Halatte, Compiègne, Retz, Laigue...). mais aussi sur des terrains gérés par le CEN des Hauts-de-France particulièrement dans la Somme. Ces temps seront ponctués par des actions de sensibilisation auprès de publics variés et pourront prendre la forme d'ateliers, de jeux, de projections de films ou tout autre action permettant la promotion des chantiers favorisant la biodiversité. ",69999.00,23103367,,1114677,Agence de l'eau,SN Biodiversité,Hauts-de-France,Somme,80,78418044000355,ASSOCIATION CONCORDIA,Association déclarée,80021,Amiens
Évaluation quinquennale du Plan de Gestion 2020 - 2029 de la Réserve Naturelle Nationale de la Combe Lavaux - Jean Roland,"Le projet d'évaluation quinquennale du Plan de Gestion de la RNN de la Combe Lavaux consiste en une évaluation externalisée. Elle sera menée par le bureau d’études TerrOïko, expert dans la gestion des espaces naturels. L’évaluation quinquennale consistera à dresser le bilan des actions planifiées pour le Plan de Gestion de la Réserve Naturelle Nationale de la Combe Lavaux – Jean Roland couvrant la période 2020-2029. Cette évaluation, figurant comme un outil de gestion adaptative, permet éventuellement d’ajuster, de réorienter ou de créer de nouvelles actions en fonction de certaines difficultés rencontrés, évolution de milieux non prévu ou d’autres facteurs d’influence non identifier dans le tableau de bord. Elle permettra également de faire un bilan sur les ressources financières à mobiliser pour les 5 dernières années du plan de gestion.",11700.00,23104293,2104714832,,,SN Biodiversité,Bourgogne-Franche-Comté,Côte-d'Or,21,20007089400015,CC DE GEVREY-CHAMBERTIN ET DE NUITS-SAINT-GEORGES,Communauté de communes,21295,Gevrey-Chambertin
Connaître et protéger la biodiversité du quotidien,"La Ville de Huningue lance un Atlas de la Biodiversité Communale pour mieux connaître et protéger sa biodiversité du quotidien, sur un territoire fortement urbanisé. Ce projet s’appuie sur un diagnostic LPO, une étude de la Trame Verte et Bleue et un schéma des espaces verts. Des inventaires faune/flore seront réalisés par des associations naturalistes, complétés par un bureau d’étude. Des actions de sensibilisation cibleront habitants, scolaires, élus et entreprises. Les données collectées permettront d’alimenter le Plan Local d’Urbanisme et d’élaborer une OAP « continuités écologiques ». Le projet prévoit aussi des animations grand public et des démarches participatives. Il sera finalisé en 2028 avec un plan d’actions validé en Conseil municipal.",44595.83,23115361,,,,SN Biodiversité,Grand Est,Haut-Rhin,68,21680149800017,COMMUNE DE HUNINGUE,Commune et commune nouvelle,68149,Huningue
Atlas de la biodiversité communale de Warnécourt,"
En 2015, la commune de Warnécourt a initié un diag de la biodiversité communale, en partenariat avec la LPO. Vieilles de 10 ans, ces données nécessitent une mise a jour. Cet ABC, sera l'occasion d'approfondir les connaissances de la commune sur son patrimoine naturel. En parallèle de cet inventaire naturaliste, la commune souhaite engager des actions de sensibilisation et d'animation auprès du grand public.
",23822.00,23141554,,,,SN Biodiversité,Grand Est,Ardennes,08,21080455500014,COMMUNE DE WARNECOURT,Commune et commune nouvelle,08498,Warnécourt
2025-116 - Programme de restauration de la zone humide Marais poitevin / Programme Contrat territorial « eau » 2024 Vendée Longèves ,"Le projet s’inscrit dans le cadre du programme du CT eau mis en œuvre par le syndicat
mixte Vendée Sèvre Autise sur la partie occidentale de son territoire. Le Parc intervient en
tant maître d’ouvrage de travaux de restauration et d’aménagement d’habitats d’intérêt
communautaire (Natura 2000) de la zone humide du Marais poitevin.
La majorité des chantiers concernent des surfaces de prairie naturelle, habitat prioritaire
dans la zone humide du Marais poitevin.",5250.00,23158818,,,,SN Biodiversité,Pays de la Loire,Vendée,85,25790220500018,SYNDICAT MIXTE DU PARC NATUREL REGIONAL DU MARAIS POITEVIN,Syndicat mixte ouvert,85158,Mouzeuil-Saint-Martin
Étude préalable à la restauration de la trame turquoise en faveur de la Cistude d’Europe sur le bassin Rhône-Méditerranée-Corse 2025-27,"Depuis 2011, la Cistude d’Europe bénéficie d’un Plan national d’actions (PNA). Parmi les 9 actions du PNA II (2020-29), l'action n° 8 vise à « Accompagner une stratégie de reconnexion des populations », notamment en identifiant et en proposant des mesures de création/restauration de la trame turquoise, puisque cette espèce vit à l'interface entre les milieux terrestres et aquatiques. L'objectif premier est de faciliter la circulation de la
Cistude d'Europe à travers le paysage, afin qu'elle regagne, au moins en partie, son aire de répartition historique, et que son occurrence au sein de son aire de répartition soit renforcée. Les enjeux liés à la trame turquoise sont donc au cœur de ces actions.
Voir complément d'informations dans la note technique ci-jointe.",41538.46,23159191,2104826672,,,SN Biodiversité,Auvergne-Rhône-Alpes,Rhône,69,44224207900022,SOCIETE HERPETOLOGIQUE FRANCE,Association déclarée,69123,Lyon 1er Arrondissement
Restauration et préservation écologique des Près Neufs,"Le projet a pour objectif la valorisation du site des Près Neufs suite à l’abandon d’un projet de Zone d’Aménagement Concerté (ZAC) en 2018. Le secteur est constituée d’un écosystème d’une grande valeur écologique qui abrite un panel d’espèces d’intérêt notamment floristique. Ainsi, une partie du site fait l’objet d’un projet d’arrêté Préfectoral de Protection de Biotope (APPB) dans le but de préserver plusieurs espèces protégées à l’échelle régionale.
Par ailleurs, la commune souhaite acquérir des parcelles à enjeux pour les intégrer pour certaines dans l’APPB. Ce dernier est accompagné d’une notice de gestion visant la bonne conservation des habitats et espèces présentes. Afin d’améliorer les connaissances sur la faune et la flore présente, et optimiser la gestion, il est aussi prévu de mener des inventaires naturalistes.   Enfin, le projet comprend un volet sensibilisation et valorisation touristique. 
",18179.90,23159208,2104843718,,,SN Biodiversité,Pays de la Loire,Loire-Atlantique,44,20005645500013,COMMUNE DE MACHECOUL-SAINT-MEME,Commune et commune nouvelle,44087,Machecoul-Saint-Même
Restauration d’un ancien vendangeoir en faveur d’une colonie mixte de Grand Rhinolophe et Murin à oreilles échancrées dans le cadre du PNA 2016-2025,"L’ancien vendangeoir appartenant à M. Gauthier, situé à Cinq-Mars-la-Pile, accueil chaque année depuis 2018 une colonie mixte d’environ 140 Grands Rhinolophes et 200 Murins à oreilles échancrées. Ce bâtiment, composé d’un rez-de-chaussée et d’un étage, va faire l’objet d’une restauration fin 2026 afin de faire revivre le patrimoine viticole oublié du village. Afin de prendre en compte la présence des chauves-souris, seul le rez-de-chaussée sera accessible par le grand public. Le premier étage sera consacré à la colonie. Le but du projet est de rendre l’étage encore plus favorable à la colonie pour qu’elle puisse continuer de l’utiliser même en période de forte chaleur, ainsi que de sécuriser le plancher qui tombe en ruine. Le projet de restauration du plancher et d’aménagement de l’étage de l’ancien vendangeoir sera piloté par la LPO CVDL, tandis que la réhabilitation du rez-de-chaussée sera prise en charge par le propriétaire.",34688.93,23159358,2104674741,,,SN Biodiversité,Centre-Val de Loire,Indre-et-Loire,37,40783790500014,LIGUE POUR LA PROTECTION DES OISEAUX,Association déclarée,37077,Cinq-Mars-la-Pile
2025-118 - Programme de restauration de la zone humide Marais poitevin – programme Contrat territorial Aunis Océan 2025,"Le projet s’inscrit dans le cadre du programme du CT eau mis en œuvre par le syndicat
mixte du bassin versant de la Sèvre Niortaise. Le Parc intervient en tant maître d’ouvrage
de travaux de restauration et d’aménagement d’habitats d’intérêt communautaire
(Natura 2000) de la zone humide du Marais poitevin.
La majorité des chantiers concernent des surfaces de prairie naturelle, habitat prioritaire
dans la zone humide du Marais poitevin.",10500.00,23162394,2104748947,AID-2025-03558,Agence de l'eau,SN Biodiversité,Nouvelle-Aquitaine,Deux-Sèvres,79,25790220500018,SYNDICAT MIXTE DU PARC NATUREL REGIONAL DU MARAIS POITEVIN,Syndicat mixte ouvert,17267,Nuaillé-d'Aunis
Restauration d'un écosystème forestier mature par la création d'une  obligation réelle environnementale sur du foncier appartenant aux communes de Nohèdes et de Conat,"Pour résister, à sa modeste échelle, aux menaces que fait peser le changement climatique, la municipalité de Conat porte une stratégie en faveur de son environnement. Elle s'appuie sur l'existence dans la commune d'une réserve naturelle nationale dont elle est gestionnaire. Les volets de la stratégie sont l'extension de la réserve naturelle, la maîtrise foncière, la création d'une obligation réelle environnementale. Ce dernier volet est ici présenté.
Il s'agit d'un partenariat avec la municipalité voisine de Nohèdes qui accueille elle aussi une réserve naturelle nationale. Le projet vise à placer en libre évolution, pour une durée de 99 ans, un domaine forestier de mille hectares environ, à cheval sur les deux réserves naturelles, dont deux cent vingt sont à Conat. L'objectif peut être atteint par la signature d'un contrat volontaire d'ORE avec un co-contractant garant de l'engagement des municipalités.",5350.00,23164574,2104696780,,,SN Biodiversité,Occitanie,Pyrénées-Orientales,66,21660054400011,COMMUNE DE CONAT,Commune et commune nouvelle,66054,Conat
2025-117 - Programme de restauration de la zone humide Marais poitevin – Grand site de France : périmètre du CTMA des marais mouillés de la Sèvre et du Mignon,"Le projet s’inscrit dans le cadre du programme du CT eau mis en œuvre par le syndicat
mixte du bassin versant de la Sèvre Niortaise. Le Parc intervient en tant maître d’ouvrage
de travaux de restauration et d’aménagement d’habitats d’intérêt communautaire
(Natura 2000) de la zone humide du Marais poitevin.
La majorité des chantiers concernent des surfaces de prairie naturelle, habitat prioritaire
dans la zone humide du Marais poitevin.",26000.00,23173419,2104748947,AID-2025-03560,Agence de l'eau,SN Biodiversité,Nouvelle-Aquitaine,Deux-Sèvres,79,25790220500018,SYNDICAT MIXTE DU PARC NATUREL REGIONAL DU MARAIS POITEVIN,Syndicat mixte ouvert,79304,Sansais
SOS chauves-souris et protection des sites 2025,"En France, les espèces de chiroptères sont toutes protégées au niveau national et présentent un intérêt majeur dans le fonctionnement des écosystèmes. Plusieurs espèces trouvent le gîte au sein de nos habitations, des combles, des granges ou même des caves et se retrouvent proche de l’Homme. Cette proximité peut engendrer des conflits pouvant être un danger ponctuel ou permanent pour les espèces de chiroptères qui peuvent alors disparaitre localement.
Ainsi, la LPO Vendée travaille depuis plusieurs années sur les chauves-souris, elle mène des actions de sensibilisation et de sauvegarde chaque année notamment en répondant à des sollicitations de particuliers ou des collectivités ayant des colonies de chauves-souris chez eux.
Le projet concerne la reconduction de ces actions pour l'année 2025.",2737.00,23175565,2104866730,,,SN Biodiversité,Pays de la Loire,Vendée,85,40431392600044,LIGUE POUR LA PROTECTION DES OISEAUX,Association déclarée,85191,La Roche-sur-Yon
Hors-série de revue Espèces sur les espèces menacées de Corse ,"Le projet consiste à éditer un hors-série de la revue Espèces entièrement consacré aux espèces faisant l’objet d’un Plan national d’action (PNA) en Corse avec une douzaine d’articles portant chacun sur une espèce concernée par un PNA, rédigé par un professionnel local impliqué dans le projet. Ce numéro de 112 pages permettra de faire connaitre ces espèces menacées et les actions de conservation mises en œuvre pour les sauvegarder. Il sera destiné à un large public, grâce à un travail sur la vulgarisation des articles, une mise en page attractive et richement illustrée. Il inclura aussi une introduction générale sur les enjeux de la conservation en Corse et des compléments sur les dispositifs des PNA, des actualités et des recommandations de lecture. Il sera vendu en kiosque sur tout le territoire national mais aussi au Québec, Suisse, Belgique, Italie, Espagne, Portugal, Luxembourg (et dans le reste du monde par abonnement et correspondance). ",30000.00,23190879,2104708847,,,SN Biodiversité,Corse,Haute-Corse,2B,44968556900054,KYRNOS PUBLICATIONS,Association déclarée,2B033,Bastia
Protéger et restaurer les espaces naturels - Aires protégées en Indre-et-Loire,"L'objectif du projet est de restaurer les habitats de pelouses calcaires sèches sur deux aires protégées en Indre-et-Loire et de contribuer à la bonne mise en oeuvre des opérations de requalification et de valorisation de leur patrimoine naturel.
Ces deux aires protégées bénéficient de plusieurs statuts de préservation : site du Cen, ENS du Département 37, Natura 2000 et APPB.",29672.73,23212317,2104674502,,,SN Biodiversité,Centre-Val de Loire,Indre-et-Loire,37,38509631800170,CONSERVATOIRE D ESPACES NATURELS CENTRE-VAL DE LOIRE,Association déclarée,37107,Ferrière-Larçon
Mise en oeuvre des documents de gestion des Réserves Naturelles Régionales en Centre-Val de Loire - Année 2025,"En concertation avec la DREAL Centre-Val de Loire, le projet consiste à accompagner interventions prévues aux plans de gestion des Réserves Naturelles Régionales gérées par le Cen Centre-Val de Loire.
",33761.45,23212404,2104674501,,,SN Biodiversité,Centre-Val de Loire,Eure-et-Loir,28,38509631800170,CONSERVATOIRE D ESPACES NATURELS CENTRE-VAL DE LOIRE,Association déclarée,36173,Rosnay
Réalisation de plans de gestion de 5 aires protégées par le Cen Centre-Val de Loire,"Le projet consiste à réaliser les plans de gestion de 5 aires protégées du Cen Centre-Val de Loire selon la méthodologie CT88, et en prenant en compte également les projections de l'impact climatique issues de la méthodologie Natur'Adapt.
1 aire protégée est inscrite en Espace Naturel Sensible du Département du Cher.
2 aires protégées sont inscrites dans un projet de Réserve Naturelle Régionale polynucléaire dans le nord de l'Eure-et-Loir.
1 aire protégée est inscrite dans un projet de classement en APHN porté par la DDT d'Eure-et-Loir, et est également un Espace Naturel Sensible.
1 aire protégée est classée en APPB dans l'Indre.",56172.23,23212479,2104674505,,,SN Biodiversité,Centre-Val de Loire,Indre,36,38509631800147,CONSERVATOIRE D ESPACES NATURELS CENTRE-VAL DE LOIRE,Association déclarée,28103,Cloyes-les-Trois-Rivières
Travaux de restauration d'habitats naturels en aires protégées,"Le présent dossier vise à assurer la mise en oeuvre d'opérations de restauration sur deux aires protégées en pelouses calcicoles et de restaurer des landes humides en faveur de l'Azuré des mouillères.
Les opérations visent à restaurer 2,66 Ha sur 3 aires protégées.

Toutes les opérations découlent d’un plan de gestion pluriannuel, réalisé en déclinaison du CT88, approuvé par le conseil scientifique du Cen Centre-Val de Loire et validé par son conseil d’administration. A l'exception du site à Azuré, qui ne bénéficie pas encore de document de gestion mais nécessite pour autant une phase urgente de restauration.
",138192.76,23212540,2104674980,,,SN Biodiversité,Centre-Val de Loire,Loiret,45,38509631800170,CONSERVATOIRE D ESPACES NATURELS CENTRE-VAL DE LOIRE,Association déclarée,45191,Le Malesherbois
AMELIORER LES CONNAISSANCES SUR LA REPARTITION SPATIO-TEMPORELLE DU PUFFIN DES BALEARES (PUFFINUS MAURETANICUS) DANS LE SUD DU GOLFE DE GASCOGNE,"Dans le cadre du Plan National d’Actions (PNA) Puffin des Baléares, le secteur sud de la Nouvelle-Aquitaine, incluant le Gouf de Capbreton, le plateau landais et la côte basque, a été identifié comme important pour le Puffin des Baléares.
L’objectif de la présente étude est d’améliorer les connaissances sur la répartition spatiotemporelle du Puffin des Baléares pour une meilleure gestion de l’espèce. Le projet répond à 3 objectifs du PNA : 4.3, 2.5 et 3.1. Le Centre de la Mer de Biarritz, fort de sa longue expérience des suivis de la mégafaune marine par bateau, mettra en œuvre un protocole dédié pour le suivi de cette espèce. Ainsi, des campagnes dédiées seront réalisées à bord de navires selon un protocole de « line transect » standardisé et mis en œuvre par des observateurs scientifiques habilités.
Le présent projet, établi en collaboration avec l’OFB, animateur du PNA, propose de poursuivre le suivi pour les années 2025 et 2026.
",30760.00,23217697,2104668579,,,SN Biodiversité,Nouvelle-Aquitaine,Pyrénées-Atlantiques,64,47844512500022,CENTRE DE LA MER DE BIARRITZ,Association déclarée,64122,Biarritz
"Conservation des chauves-souris sur les exploitations agricoles en Corse : étude, diagnostics et restauration de milieu – période 2025/2026","En 2023-2024, une étude menée en Balagne sur sept exploitations viticoles, avec le soutien du Fonds Vert, a permis d’intégrer les chauves-souris dans les pratiques agricoles. Ce projet a été une réussite, tant pour les connaissances acquises sur leur présence et leurs déplacements que pour l’implication des agriculteurs. Grâce à une démarche collaborative, les viticulteurs ont pris conscience de leur rôle dans la préservation des chauves-souris et ont mis en place des mesures de conservation sur leurs exploitations. Forts de cette dynamique, nous souhaitons poursuivre l’approche agriculture et chauves-souris en Corse à travers un projet structuré en quatre axes : évaluer l’impact des aménagements réalisés en 2024, renforcer la sensibilisation des agriculteurs, poursuivre les diagnostics chiroptérologiques et engager des travaux d’amélioration des gîtes.
",49420.00,23220677,2104724644,,,SN Biodiversité,Corse,Haute-Corse,2B,39367953500012,GROUPE CHIROPTERES CORSE,Association déclarée,2B096,Corte
Travaux de restauration sur les sites du CEN NA en Gironde (2025),"Les sites en maîtrise foncière sont situés sur l'ensemble du territoire de la Gironde (Blayais, Médoc, Entre deux Mers, Sud Gironde). Plusieurs actions de restauration sont prévues en faveur de la biodiversité. 
Pour l'année 2025, les actions suivantes sont prévues :
- Restauration de zones humides par la réouverture d'une prairie et d'un cours d'eau, l'évasement de fossées
- Restauration de pelouses sèches par la réouverture de celles-ci 
- Mise en place d'infrastructure de pâturage 
- Mise en place de pâturage
- Mise en place de barrières pour la protection de la biodiversité
- Restauration de sites par l'arrachage d'espèces exotiques envahissantes et par des actions de dépollution",65474.19,23225196,2104859853,,,SN Biodiversité,Nouvelle-Aquitaine,Gironde,33,38857596100031,CONSERVATOIRE D'ESPACES NATURELS DE NOUVELLE-AQUITAINE,Association déclarée,33016,Asques
Réalisation de cartes régionales de sensibilité du Lézard Ocellé 2025-27,"Conformément aux recommandations du Plan national d’actions (PNA) 2020-2029 en faveur du Lézard ocellé, le présent projet prévoit la réalisation de cartes de sensibilité régionales sur les cinq régions où l’espèce est présente (Auvergne-Rhône-Alpes, Pays de la Loire, Nouvelle-Aquitaine, Occitanie et Provence-Alpes-Côte d'Azur). Ces cartes sont essentielles pour aiguiller les futures prospections et améliorer la carte de répartition de l’espèce en France, mais également pour identifier des secteurs à enjeux, voire des secteurs candidats pour des futurs projets de renforcements de populations ou de réintroductions de l’espèce. Les cartes de sensibilité sont ainsi des éléments clés contribuant à l’amélioration des connaissances de l’espèce et participent également à la stratégie nationale visant à améliorer le statut de conservation du Lézard ocellé.",53521.00,23228729,2104667785,,,SN Biodiversité,Nouvelle-Aquitaine,Vienne,86,44224207900022,SOCIETE HERPETOLOGIQUE FRANCE,Association déclarée,86194,Poitiers
 Atlas de la biodiversité communale de VILLEFORT et POURCHARESSES ,"L'Atlas de la biodiversité communale de Villefort et Pourcharesses, avec le Parc national des Cévennes, développera une connaissance scientifique et collective de la biodiversité et l’éveil des consciences pour le respect de la biodiversité.
Soutenus pat REELCPIE Lozère, nous multiplierons les angles d’approche pour toucher un large public et confronter les connaissances et les usages de la nature. Des compétences du territoire participeront aux animations autour de la biodiversité à travers les âges et la relation entre l’homme et la nature. Une approche sensible et culturelle est prévue pour mettre en valeur les productions humaines en lien avec la biodiversité. 
Les étapes d’inventaire, d’animation, de partage, de communication seront participatives pour produire une documentation livrée aux particuliers et aux mairies. Cette démarche sera l’occasion pour les deux communes de travailler ensemble et d’harmoniser la gestion de leurs espaces naturels.",32100.00,23233364,,,,SN Biodiversité,Occitanie,Lozère,48,21480198700014,COMMUNE DE VILLEFORT,Commune et commune nouvelle,48198,Villefort
Restauration des écosystèmes terrestres et marins dégradés : Opérations de restauration et valorisation,"La présente demande de subvention vise à la fois :
    • des travaux de restauration des écosystèmes, portant prioritairement sur des habitats d’intérêts communautaires et des habitats d’espèces d’intérêt communautaires,
    • des actions de valorisation des écosystèmes protégés ou restaurés.",132528.00,23241206,,240731,Agence de l'eau,SN Biodiversité,Bourgogne-Franche-Comté,Doubs,25,39211387400052,CONSERVATOIRE D ESPACES NATURELS DE FRANCHE COMTE,Association déclarée,39065,Bonnefontaine
Contrat territorial Cher Montluçonnais,"Le territoire de ce CT est majoritairement rural. La partie amont se caractérise par la présence de gorges encaissées qui, à l'entrée de la Ville de Montluçon, s'ouvrent sur le bocage bourbonnais où le paysage est vallonné, majoritairement bocager et marqué par une agriculture plutôt extensive, d'élevage et de polyculture-élevage. Le tissu urbain et industriel est localisé sur une partie du territoire avec la présence de l'agglomération Montluçonnaise.
A partir des résultats du diagnostic du territoire et en lien avec les enjeux du SAGE Cher Amont et des contrats territoriaux voisins, les grands enjeux suivants ont été identifiés :
.	Mettre en place une gestion quantitative de la ressource en eau concertée et adaptée face aux effets du changement climatique 
.	Préserver et restaurer les milieux aquatiques et humides pour qu'ils retrouvent un fonctionnement naturel 
.	Améliorer la qualité des eaux en luttant contre les rejets polluants 
.	Organiser la gouvernance locale autour du Contrat Territorial 
.	Communiquer et sensibiliser sur les actions du Contrat Territorial et sur les milieux aquatiques et humides 

Ainsi, afin de "" Préserver et restaurer les milieux aquatiques et humides pour qu'ils retrouvent un fonctionnement naturel "" une animation du volet zones humides ainsi qu'une promotion de ces milieux auprès des acteurs du territoire est nécessaire. Cette animation a pour objectif d'améliorer l'état hydrologique des masses d'eaux, l'état qualitatif des eaux par l'action phytoépuratrice des zones humides, de préserver la biodiversité ainsi que de limiter les phénomènes de crues par le maintien des zones d'expansion de crue.

Plus largement, il s'agit là du volet permettant de suivre l'ensemble des actions déployées par le Conservatoire dans le cadre de ce CT, soit de caractériser et hiérarchiser les zones humides préalablement identifiées afin de mieux les préserver et de pouvoir ensuite y mener des actions de maîtrise foncière et de restauration écologique. Il s'agit également de travailler avec les autres maîtres d'ouvrages sur des secteurs identifiés pour créer une synergie et une cohérence quant à la gestion de l'hydrosystème.",7140.00,23246604,,AID-2025-04490,Agence de l'eau,SN Biodiversité,Auvergne-Rhône-Alpes,Allier,03,39364958700044,CONSERVATOIRE D ESPACES NATURELS DE L ALLIER,Association déclarée,03185,Montluçon
Atlas de la biodiversité intercommunale de Challans Gois Communauté,"La communauté de communes Challans Gois Communauté a souhaité lancer son Atlas de la Biodiversité Intercommunale dans le cadre de son Plan Climat Air Energie Territorial (PCAET). Notre territoire présente deux grandes typologies de paysage : marais et bocage, comprenant chacune des enjeux bien distincts. 

L’ABI permettra :
-	D’une part, d’améliorer les connaissances naturalistes du territoire au travers la réalisation d’inventaires faunes (6 taxons) et flores ainsi que des inventaires participatifs (haies et mares, oiseaux du bâti etc.). Les résultats seront intégrés au PLUI ;
-	D’autre part, de susciter l’intérêt et sensibiliser à la fois les scolaires, le grand public, les élus et agents du territoire de part la mise en place de nombreuses animations : conférences, sorties natures, carnet naturaliste, Escape Game… ",183624.00,23250139,,,,SN Biodiversité,Pays de la Loire,Vendée,85,20007162900121,CC CHALLANS-GOIS COMMUNAUTE,Communauté de communes,85280,Sallertaine
Lutte rongeurs aquatiques envahissants,Lutte collective contre les ragondins et rats musqués sur le bassin versant du Brivet,45500.00,23250954,,,,SN Biodiversité,Pays de la Loire,Loire-Atlantique,44,25440228200027,SYNDICAT DU BASSIN VERSANT DU BRIVET,Syndicat mixte fermé,44129,Pontchâteau
"Gestion sur la réserve naturelle de l’estuaire de la Seine, d’une station de Jussie à grandes fleurs, Ludwigia grandiflora, espèce végétale exotique envahissante. ","Une station d’une nouvelle espèce exotique envahissante végétale a été découverte sur la réserve naturelle de l'estuaire de la Seine : la Jussie à grandes fleurs, Ludwigia grandiflora. Il s’agit de la première station connue dans la réserve naturelle. Du fait de son caractère très invasif, l’impact de la Jussie sur les milieux qu’elle colonise, est très important : elle entre en compétition avec la flore indigène, jusqu’à occuper l’intégralité de l’espace disponible. Elle entraine également des problématiques sur l’écoulement de l’eau et elle menace la faune aquatique en asphyxiant le milieu. Il est donc essentiel d’intervenir le plus rapidement et le plus efficacement possible sur cette station afin de limiter son expansion et les risques de colonisation du réseau hydraulique situé à proximité. 
Sans aucune action, cette espèce va continuer son expansion, l’objectif est donc l’éradication de cette station sur la réserve naturelle.",92280.00,23253323,2104715796,,,SN Biodiversité,Normandie,Seine-Maritime,76,39905496400032,MAISON DE L'ESTUAIRE,Association déclarée,76657,Saint-Vigor-d'Ymonville
Etats des lieux et restauration en Marais Poitevin et sur les landes de Montendre (2025),"Sur le Marais Poitevin, l'objectif premier est la restauration de la zone humide, la gestion écologique des prairies et de d'habitat y compris des boisements. Un deuxième objectif vise à la préservation et l'amélioration fonctionnelle des milieux aquatiques. Concernant les landes de Montendre, l'objectif est de réaliser l'état des lieux des parcelles récemment acquises en vue de rédiger un plan de gestion pour préserver les boisements, les habitats naturels et restaurer les milieux absorbés par l'activité sylvicole du territoire.
",23138.67,23256513,2104823821,,,SN Biodiversité,Nouvelle-Aquitaine,Charente-Maritime,17,38857596100031,CONSERVATOIRE D'ESPACES NATURELS DE NOUVELLE-AQUITAINE,Association déclarée,17472,Villedoux
Programme de Restauration Ecologique des Garrigues Ouvertes (PREGO) en faveur de la Pie-grièche méridionale,"En régression partout dans son aire de distribution, la Pie-grièche méridionale (PGM) est classée sur les listes rouges des espèces menacées d'extinction au niveau mondial, national et régional. Cette espèce fait l'objet d'un PNA animé par la LPO PACA en région Sud. Les garrigues ouvertes présentes dans la ZPS des Garrigues de Lançon, animée par la métropole Aix-Marseille-Provence (MAMP), accueillent les effectifs les plus importants connus au niveau national pour cette espèce (environ 10 % de la population nationale). La conservation et la gestion durable des garrigues basses de cette ZPS constituent donc un enjeu majeur pour l'avenir de la Pie-grièche méridionale tant au niveau régional que national. C'est l'objet du présent projet prévoyant la cartographie des territoires de reproduction de PGM, des travaux de réouverture sur les zones à enjeux, de la formation des agents intervenants dans la gestion du site et une large sensibilisation. ",101289.33,23272966,2104786960,,,SN Biodiversité,Provence-Alpes-Côte d'Azur,Bouches-du-Rhône,13,35032310100203,LIGUE PROTECTION DES OISEAUX PACA,Association déclarée,13009,La Barben
Réserve Naturelle Nationale de la baie et du marais d’Yves : actions d’investissement et d’adaptation pour la mise en place de l’extension de la réserve naturelle du marais d’Yves,"L'extension de la RNN du Marais d'Yves offre une opportunité majeure pour la préservation de la biodiversité et la valorisation du patrimoine naturel local, mais pose également des défis significatifs. L'augmentation de la surface à gérer nécessite une réévaluation des ressources (matérielles et équipements supplémentaires). Des infrastructures et aménagements (dont la signalétique et l'entretien des sentiers) sont essentiels pour accueillir le public et sensibiliser à la nouvelle réglementation. L'extension offre de nouvelles opportunités éducatives, nécessitant du matériel pédagogique. La gestion des ressources naturelles (dont la restauration des habitats et la lutte contre les espèces invasives) requiert du matériel spécialisé. La logistique et le transport doivent être adaptés pour couvrir de plus grandes distances. Enfin, la formation du personnel est cruciale pour utiliser les nouveaux équipements et se projeter sur la partie maritime.",49272.08,23276503,2104799500,,,SN Biodiversité,Nouvelle-Aquitaine,Charente-Maritime,17,78426328700103,LIGUE FRANCAISE PROTECTION OISEAUX,Association déclarée,17483,Yves
Contrat territorial Hautes Vallées du Cher ,"Le territoire de ce CT couvre environ 1 600 km² et concerne la tête de bassin versant du Cher jusqu’au barrage du Prat. Il est majoritairement rural et bocager et voit son activité agricole essentiellement tournée vers l’élevage bovin. Constituant l’extrême amont du Cher, il est fortement maillé de linéaires de cours d’eau et de zones humides. L’enjeu principal retenu par le comité de pilotage en fin de phase de diagnostic est d’enrayer la dégradation de la situation hydrologique sur le bassin des hautes vallées du Cher, amplifiée par le changement climatique, afin de limiter les dysfonctionnements des milieux aquatiques et réduire la vulnérabilité des usages y compris économiques. Les orientations stratégiques se déclinent via les principaux objectifs suivants :
•	Limiter l’impact sur les hydrosystèmes des étangs sur cours d’eau (ou sur source) notamment en tête de bassin
•	Protéger, restaurer et définir des modalités de gestion des zones humides notamment en tête de bassin afin de favoriser leur rôle important dans le soutien d’étiage
•	Porter une attention particulière à la préservation des réservoirs biologiques
•	Participer à la réduction des taux d’étament et de fractionnement en aidant les propriétaires qui souhaiteraient mettre leurs ouvrages hydrauliques aux normes
•	Accompagner les agriculteurs pour adapter leurs pratiques en lien avec l’élevage compte tenu du changement climatique et la raréfaction de la disponibilité en eau
•	Favoriser les économies et limiter les utilisations d’eau potable notamment pour l’abreuvement bovin.
•	Favoriser la rétention et l’utilisation des eaux pluviales
•	Travailler au maintien de la qualité des eaux
Ainsi, afin de « Protéger, restaurer et définir des modalités de gestion des zones humides notamment en tête de bassin afin de favoriser leur rôle important dans le soutien d’étiage » une animation du volet Zones humides ainsi que des réalisations de notices de gestion sont nécessaires. ",7039.00,23279871,,AID-2025-04492,Agence de l'eau,SN Biodiversité,Auvergne-Rhône-Alpes,Allier,03,39364958700044,CONSERVATOIRE D ESPACES NATURELS DE L ALLIER,Association déclarée,03161,Marcillat-en-Combraille
Restauration de la retenue de l'étang de la Réserve naturelle régionale de Joreau,Ce projet s’insère dans le cadre du plan de gestion de la RNR « Étang et boisement de Joreau ». Le programme de travaux retenu est le suivant : Gestion de la végétation sur le perré de la retenue par coupe et évacuation des arbustes implantés dans le perré côté étang et démontage/élagage sélectif des arbres les plus instables sur la retenue. Changement de la vanne de vidange avec mise en place d’un batardeau autour de l’ouvrage pour éviter la vidange de l’étang et pose d’une nouvelle vanne avec reprise des maçonneries de l’ouvrage. Reprise du perré maçonné de la retenue et reprise localisée du perré en « pierres sèches » avec reconstitution du profil du talus. Reprise de l’évacuateur de crue positionné sur la retenue avec le remplacement de l’actuel ouvrage de surverse par un ouvrage en dalot.,97720.00,23280079,2104773194,,,SN Biodiversité,Pays de la Loire,Maine-et-Loire,49,20007554700014,COMMUNE DE GENNES-VAL-DE-LOIRE,Commune et commune nouvelle,49261,Gennes-Val-de-Loire
Coordination du réseau « SOS Chauves-souris » en Loire-Atlantique en 2025,"La demande vise à l’obtention d’une aide financière afin de pouvoir coordonner et dynamiser le réseau de bénévoles actifs liés au ""SOS chauves-souris"" en Loire-Atlantique. L'objectif est également de pouvoir répondre et intervenir de manière efficace aux nombreuses sollicitations des particuliers ayant des questions, problèmes liés à la présence de chauves-souris chez eux. Un bilan des SOS réalisés durant l'année 2025 du programme sera proposé.
Synthétiser l'ensemble des sollicitations (rencontres, mail ou téléphone) et y répondre rapidement.
Transmettre localement au réseau de bénévoles actifs ces sollicitations.
Accompagner ces personnes en termes de conseil mais aussi de présence si besoin.",5250.00,23291958,2104828555,,,SN Biodiversité,Pays de la Loire,Loire-Atlantique,44,37960763300011,GROUPE MAMMALOGIQUE BRETON,Association déclarée,44109,Nantes
Protection foncière d'espaces naturels en Pays de la Loire,"Le projet vise à protéger par la maîtrise foncière et d'usage plus de 130 hectares d'espaces naturels répartis sur au moins 11 espaces naturels en Vendée, Loire-Atlantique, Maine-et-Loire et Sarthe. 
Les terrains ainsi acquis ou protégés par des obligations réelles environnementales ont vocation à être labellisés comme zones de protection forte au sens du décret du 12 avril 2022 et concourir ainsi à l'objectif du 1% du territoire national placé sous protection forte. 
Le projet vise aussi à soutenir les efforts engagés par le Conservatoire d'espaces naturels afin de renforcer la protection foncière du littoral et des zones humides des Pays de la Loire, en lien avec le Conservatoire du littoral. ",202680.40,23300697,2104754342,,,SN Biodiversité,Pays de la Loire,Loire-Atlantique,44,80944065400055,CONSERVATOIRE D'ESPACES NATURELS DES PAYS DE LA LOIRE,Association déclarée,44110,Nort-sur-Erdre
Travaux de restauration sur le réseau de sites gérés par le CEN Bourgogne,"Chaque site ou entité cohérente de gestion CEN fait l'objet du déploiement de plan de gestion validé par un conseil scientifique et technique. Ces plans de gestion comportent des actions de restauration, de gestion, de suivis, etc. 
Le présent dossier cible des actions de restauration dont le financement n'a pas pu être finalisé dans le cadre du soutien standard des partenaires du CEN. ",11058.00,23307002,,AID-2025-04442,Agence de l'eau,SN Biodiversité,Bourgogne-Franche-Comté,Côte-d'Or,21,38165327800089,CONSERVATOIRE D'ESPACES NATURELS DE BOURGOGNE,Association déclarée,21263,Fénay
Accompagnement des gestionnaires de Reserves Naturelles de Bourgogne-Franche-Comté à la mise en œuvre de la démarche d’adaptation au changement climatique Natur’Adapt,"Le projet proposé par RNF, prévu sur 4 ans (2025 à 2028),vise à accompagner les gestionnaires de RN de la Région Bourgogne Franche-Comté dans l'intégration du changement climatique dans la gestion de leur réserve. Les gestionnaires seront accompagné dans la mise en œuvre d'une démarche d'adaptation de leur gestion (basée sur la démarche Natur'Adapt) et réaliseront une analyse climatique de leur réserve, puis un diagnostic de vulnérabilité, afin de définir des mesures d'adaptation qui seront intégrées dans le document de gestion. L'accompagnement proposé aux gestionnaires comprend des temps d'ateliers collectifs et d'appuis individuels.  
Le projet répond à un besoin exprimé par les gestionnaires de BFC et aux attentes de la DREAL et de la Région BFC, ainsi qu'aux enjeux liés à leurs différentes politiques : Plan d’action territorial BFC de la SNAP, Stratégie régionale pour la biodiversité (SRB), etc. ",45006.00,23317719,2104752158,,,SN Biodiversité,Bourgogne-Franche-Comté,Côte-d'Or,21,42843483100031,RESERVES NATURELLES DE FRANCE,Association déclarée,21231,Dijon
Demande de reconnaissance en Zone de Protection Forte des sites protégés et gérés par le CEN Bourgogne,"La Stratégie nationale pour les aires protégées, adoptée en janvier 2021 par le gouvernement et traduite dans la législation par la loi n° 2021-1104 du 22 août 2021 portant lutte contre le dérèglement climatique et renforcement de la résilience face à ses effets prévoit notamment de placer 10 % de du territoire français sous protection forte. Les conditions d’atteintes de cet objectif sont précisées dans le décret n° 2022527 du 12 avril 2022 définissant la notion de protection forte et les modalités de sa mise en œuvre, qui distingue les zones de protection forte (ZPF) « automatiques » (ayant une portée réglementaire) et les ZPF au « cas par cas » pour un certain nombre d’espaces dès lors qu’ils remplissent certaines conditions. Les sites protégés et gérés par un CEN peuvent être dans ce dernier cas de figure. Ainsi le CEN Bourgogne par ce projet souhaite réaliser des demandes de reconnaissance ZPF dans le cadre du PAT 2 de la SAP (2025/2027).",151193.65,23321142,2104697671,,,SN Biodiversité,Bourgogne-Franche-Comté,Côte-d'Or,21,38165327800089,CONSERVATOIRE D'ESPACES NATURELS DE BOURGOGNE,Association déclarée,21263,Fénay
Sauvegarde des Chiroptères en détresse par la médiation auprès des propriétaires -SOS Chauves-souris,"Depuis presque une dizaine d'années, le CPIE fait partie du réseau national de médiation de la SFEPM : le réseau SOS Chiro. Ce réseau permet de venir en aide aux propriétaires qui rencontreraient des difficultés de cohabitation avec les chauves-souris. Il permet également de venir en aide aux chauves souris en détresse ou en difficulté. Depuis près de cinq ans, le CPIE assure une formation aux bénévoles qui souhaiteraient s'investir dans la médiation, afin d'étendre la couverture de son réseau SOS Chiro, et être ainsi mobilisable partout en Sarthe.
",5900.00,23327715,2104811001,,,SN Biodiversité,Pays de la Loire,Sarthe,72,34173003400053,LA SARTHE AU FIL DE L'EAU,Association déclarée,72154,La Flèche
Opérations de lutte contre les espèces exotiques envahissantes animales et végétales (mai 2025-avril 2026),"Compte tenu des enjeux de préservation de la biodiversité du territoire martiniquais, la lutte contre les EEE animales et végétales constitue une priorité en terme de réduction des pressions. Cette lutte nécessite des moyens humains opérationnels sur l’ensemble du territoire. Le PNRM a donc mis en place une brigade d’intervention qui a montré, par ses interventions d’éradication ou de régulation d’EEE animales et végétales sur le territoire martiniquais en 2023 et 2024, qu’elle répond à une exigence en matière de restauration de la biodiversité.  En 2025, fort de son expérience en matière de lutte contre les EEE, le PNRM propose des actions ciblées sur certaines espèces et des sites choisis pour leurs enjeux en termes de conservation.",360000.00,23335602,2104776927,,,SN Biodiversité,Martinique,Martinique,972,25972001900027,SYNDICAT MIXTE DU PARC NATUREL REGIONAL DE MARTINIQUE,Syndicat mixte ouvert,97209,Fort-de-France
Améliorer la prise en compte des chiroptères dans la gestion forestière publique et privée de Charente-Maritime,"Nous proposons d'identifier et protéger les arbres utilisés par les chauves-souris sur les Espaces Naturels Sensibles boisés de Charente-Maritime, essentiels à la survie des chauves-souris arboricoles. Pour ce faire, nous souhaitons :
-	Inspecter les cavités d’arbres à la recherche de sites de mise-bas ou d’hibernation dans les boisements du département identifiés avec le plus d’enjeux chiroptères ; 
-	Marquer et protéger les arbres à cavités identifiés comme essentiels aux chauves-souris ;
-	Conventionner et protéger les arbres identifiés avec des cavités avec les propriétaires des parcelles pour les protéger dans le temps.
-	Sensibiliser et former les propriétaires et professionnels des boisements à la préservation des arbres favorables à la faune ;
-	Rédiger un guide de gestion forestière qui tient compte des enjeux biodiversité, à destination des propriétaires et professionnels.
Application de l'Action N°8 du PNA chiroptères.

",13757.26,23351576,2104881403,,,SN Biodiversité,Nouvelle-Aquitaine,Charente-Maritime,17,78426328700103,LIGUE FRANCAISE PROTECTION OISEAUX,Association déclarée,17299,Rochefort
Ingénierie de maîtrise foncière dans le val d’Allier alluvial ,"Cette action vise à faire émerger des actions opérationnelles de préservation et restauration de la dynamique fluviale à travers des opérations d'acquisitions foncières amiables des contractualisations d'accord fonciers (ORE), et à accompagner les propriétaires et acteurs locaux pour une meilleure prise en compte de la divagation de l'Allier au sein de son espace de mobilité.",10024.00,23357122,,AID-2025-04495,Agence de l'eau,SN Biodiversité,Auvergne-Rhône-Alpes,Allier,03,39364958700044,CONSERVATOIRE D ESPACES NATURELS DE L ALLIER,Association déclarée,03065,Châtel-de-Neuvre
Préservation des milieux prairiaux du Val d’Allier et valorisation des services environnementaux,"Ce projet vise à : Préserver les milieux ouverts, en particulier sur les dernières prairies naturelles anciennes de la plaine et le Domaine Public Fluvial - Favoriser l’échange d’expérience entre agriculteurs pour préserver les pelouses et prairies du Val d’Allier - Valoriser les services fournis par les agriculteurs sur les prairies naturelles du val d'Allier - Favoriser sur les prairies du val d'Allier des partenariats ""gagnant/gagnant"" entre les propriétaires publics et les agriculteurs",9875.00,23357603,,AID-2025-04494,Agence de l'eau,SN Biodiversité,Auvergne-Rhône-Alpes,Allier,03,39364958700044,CONSERVATOIRE D ESPACES NATURELS DE L ALLIER,Association déclarée,03065,Châtel-de-Neuvre
RESTAURATION DE LA BIODIVERSITE FLORISTIQUE DU LITTORAL DE LA PERLE RIFFLET DANS UN CONTEXTE DE RECUL DU TRAIT DE COTE ,"Il s'agit d'un projet ayant pour ambition de lutter contre la perte de biodiversité au niveau des habitats côtiers composant la zone littorale de la Perle-Riflet dans une démarche s'appuyant sur les solutions fondées sur la nature. Le site identifié dans le cadre du projet de restauration écologique du bord de mer, se caractérise par une attractivité importante. Cette dernière s'illustre notamment par une fréquentation liée aux usages touristiques et récréatifs, des activités s'appuyant considérablement sur un patrimoine naturel et paysager remarquable fortement fragilisé. De ce constat, une érosion notable de la biodiversité et des habitats est observée sur ce secteur, impactant donc la qualité des services écosystémiques et des fonctions écologiques des écosystèmes de plage. Le recul du trait de côte qui marque ce site, fragilise directement les enjeux écologiques et socio-économiques identifiés au niveau de la bande côtière et ses espaces limitrophes.",48589.47,23367521,2104792088,,,SN Biodiversité,Guadeloupe,Guadeloupe,971,21971111600018,COMMUNE DE DESHAIES,Commune et commune nouvelle,97111,Deshaies
Programme de restauration des pelouses calcicoles dans le Sud Seine et Marne et ses environs,"Ce projet de restauration des pelouses calcicoles a déjà fait l'objet d'une 1ere phase d'actions par l'ANVL avec le support de la région. Sur cette 2ème phase, plusieurs points et actions seront abordés. Ils concerneront la réponse et relance du porter à connaissance pour la valorisation des pelouses, leur caractérisation, le suivi de leur état de conservation et surtout la réalisation de chantiers de réouverture des pelouses.
Ce projet vise l'accompagnement technique de propriétaires, la mobilisation des outils réglementaires pour la préservation des pelouses calcicoles (APPB).
Ce projet se veut sensibilisant pour le public et acteurs locaux, par la mise en place de panneaux éducatifs et création de supports visuels (fiches de sensibilisation, flyers, etc.)

La date de lancement de cette seconde phase initialement prévue début 2025 sera adaptée à la date d'acceptation de cette demande de subvention.",104700.00,23386970,2104917776,,,SN Biodiversité,Île-de-France,Seine-et-Marne,77,38960512200016,ASS NATURALISTES DE LA VALLEE DU LOING,Association déclarée,77316,Moret-Loing-et-Orvanne
étude des Odonates des mares et ruisseaux prairiaux en contexte bocager,"Travail d'inventaire de l'Agrion de Mercure,  espèce de ""Demoiselle"" protégée, à l'échelle du bocage de Thiérache.
l'objectif de cette étude est de documenter et préciser la présence de l'espèce protégée, en Thiérache, au sein d'un paysage et de milieux fortement menacés. Les informations recueillies permettront mieux connaître la présence de l'espèce et de mettre en place les mesures de protection ou d'éviter la destruction de leurs milieux de vie lorsque des demandes de modification des milieux ou des atteintes à leur intégrité sont constatées.
Les phases de terrain seront suivies de valorisation des données sur le site clic nat et feront l'objet d'un rapport de synthèse",12598.00,23392381,2104699963,,,SN Biodiversité,Hauts-de-France,Aisne,02,30537907500016,CTRE PERMANENT INITIATIVE ENVIRONNEMENT,Association déclarée,02381,Hirson
"Lutte opérationnelle contre les perruches exotiques (A. krameri, P. eupatria) et l’arbre-pieuvre (H. actinophyllum), et appui stratégique à la lutte contre les EEE émergentes à La Réunion","Le projet vise à poursuivre et intensifier la lutte contre les Espèces Exotiques Envahissantes (EEE) 'émergentes' identifiées comme problématiques pour l’agriculture, la santé publique et la biodiversité de La Réunion. Initié en juillet 2022, les actions de lutte ont ciblé la Perruche à collier (P. krameri) et la Perruche alexandre (P. eupatria), avant de s’étendre au Corbeau familier (C. splendens), et à l’Arbre-pieuvre (H. actinophylla) sur terrains publics. Huit communes de l'île se sont engagées aux côtés de l’IRI, avec pour objectif d’éliminer totalement ces EEE 'émergentes' du milieu naturel. L'élimination des Arbres-pieuvre pourra s'étendre aux terrains des particuliers afin d'éliminer les semenciers susceptibles de disséminer dans le milieu naturel et l'IRI pourra apporter un appui ponctuel à une démarche collective et concertée contre d'autres EEE émergentes sur des secteurs géographiques à forts enjeux écologiques. ",199994.00,23392632,2104897438,,,SN Biodiversité,La Réunion,La Réunion,974,89861961400016,INITIATIVE POUR LA RESTAURATION ECOLOGIQUE EN MILIEU INSULAIRE,Association déclarée,97416,Saint-Pierre
Renforcement des connaissances pour la déclinaison de stratégies de conservation à travers le suivi d’une espèce indicatrice : le Dauphin de Guyane (Sotalia guianensis) -  Suivi des populations par ULM le long du littoral de Guyane et cartographie des enjeux. ,"En Guyane, la présence du Dauphin de Guyane (Sotalia guianensis) est attestée tout le long de la côte, même si les populations semblent se regrouper autour des zones rocheuses et des estuaires. Si l’espèce fait aujourd’hui l’objet d’un Plan National d’Actions (PNA), les données disponibles sont actuellement insuffisantes pour connaître précisément son abondance globale et sa tendance démographique. 

La mise en place d’un suivi ULM standardisé et régulier sur l’ensemble du linéaire côtier permettra d’obtenir des données fiables sur la distribution, l’abondance et la dynamique des populations en Guyane ; couvrant ainsi les portions de bande côtière difficilement accessibles. L’analyse des données de distribution du Dauphin de Guyane et des activités humaines permettra de mettre en évidence des secteurs à enjeux pour la préservation de l’espèce et de ses habitats afin de répondre aux stratégies nationales et locales (création d'AMP)
",76428.87,23399232,2104798659,,,SN Biodiversité,Guyane,Guyane,973,92439089100019,EDEN-I,Association déclarée,97309,Remire-Montjoly
Piégeage sélectif des fondatrices de frelon asiatique (Vespa velutina) en Pays de la Loire,"Ce projet vise à déployer de manière coordonnée un piégeage sélectif de printemps du frelon asiatique (Vespa velutina) sur l’ensemble du territoire des Pays de la Loire. Porté par le GDS, en tant qu’Organisme à Vocation Sanitaire (OVS) pour l’animal, ce dispositif s’inscrit dans le cadre du plan national de lutte contre cette espèce exotique envahissante. L’objectif est de réduire la pression exercée sur les pollinisateurs, en particulier les abeilles domestiques, en capturant les fondatrices au printemps avant la formation des nids. Le projet repose sur un maillage territorial associant collectivités (EPCI), référents frelon, apiculteurs et autres acteurs locaux, en complément de l’action de l’OVS végétal chargé de la destruction des nids. Cette approche collective vise à renforcer l’efficacité de la lutte et la résilience des écosystèmes.",82232.00,23400828,,,,SN Biodiversité,Pays de la Loire,Maine-et-Loire,49,50842245800010,GROUPEMENT DE DEFENSE SANITAIRE DES PAYS DE LOIRE - DESIGNE PAR GDS PAYS DE LA LOIRE,Association déclarée,49353,Trélazé
Aménagements de banquettes à loutre et signalisation sur des ouvrages d'art départementaux,"Ce projet s'inscrit dans le Plan Régional d'Actions BFC en faveur de la loutre d'Europe, déclinaison du Plan National d'Actions portant sur la même espèce. Accompagné par la Société d'Histoire Naturelle d'Autun (SHNA-OFAB), le Conseil Départemental souhaite poursuivre son programme de réalisation d'aménagements, initié en 2023, sur des ouvrages d'art identifiés comme ""points noirs"" pour la loutre. En effet, plusieurs ouvrages d'art, propriété du Département, présentent pour la continuité écologique de la loutre d'Europe des niveaux de risque ""très fort"" (risque de collision avec des véhicules). Le programme présenté vise à traiter 19 ouvrages sur une période de 3 années (y compris études préalables), soit par l'aménagement de banquettes lorsque cela est possibles (10 ouvrages), soit par la pose d'une signalisation routière adaptée (9 ouvrages). ",81036.38,23402597,,1116508,Seine-Normandie,SN Biodiversité,Bourgogne-Franche-Comté,Yonne,89,22890001500139,DEPARTEMENT DE L'YONNE,Département,89134,Cussy-les-Forges
Lutte contre la prolifération de la berce du Caucase sur le bassin versant du Sègre – Tranche 2025,"La berce du Caucase, plante exotique envahissante est classée en région Occitanie en plante « émergente ». Elle a été introduite pour son caractère ornemental sur le BV du Sègre pendant l’entre-deux-guerres sur la commune de Font-Romeu.
Sa sève photo-toxique provoque des brûlures cutanées sévères suite à l’exposition à la lumière. Elle est une menace environnementale pour sa concurrence déloyale vis-à-vis des plantes autochtones et la déstabilisation de l’écosystème local.
La non-maitrise initiale de ces plants a mené à la colonisation du milieu naturel dont certains cours d’eau ont permis une colonisation plus rapide de l’aval du BV Sègre.
Objectif: casser la chaine de dissémination en éliminant la production et dissémination de nouvelles graines (plan de lutte régional et transfrontalier de la berce du Caucase-Région Occitanie-Catalogne).
L’importance de la régularité sur le long terme est primordiale afin d’obtenir des résultats.",7500.00,23412381,2104775060,,,SN Biodiversité,Occitanie,Pyrénées-Orientales,66,24660039900132,COMMUNAUTE DE COMMUNES PYRENEES-CERDAGNE,Communauté de communes,66124,Font-Romeu-Odeillo-Via
Programme annuel d'actions de préservation et de valorisation des milieux naturels de la Réserve Naturelle Nationale des Marais d'Isle - Année 2025,"En 2025, il est requis l'entretien des roselières par rotation quadriennale en faisant appel à une entreprise extérieure.
Ces travaux sont programmés sur près de 6 ha et consisteront en la fauche exportatrice de roselières et la coupe de rejets issus de souches au coeur de roselières ou sur berges.
L'exportation des produits est requise jusqu'en rive de chaque secteur considéré.
L'équipe de la régie sera ponctuellement chargée de l'exportation par voie d'eau et aidée dans son débarquement sur une zone de dépôt provisoire par l'entreprise.
Des opérations ponctuelles sont également mises en place avec un chantier de réinsertion de l'AIPSQ ""Cap-Vert"". Des coupes de rejets, taille de saules en têtards, tressages de berges, élagages, recépages ou encore arrachage de végétation exotiques envahissantes (Aster, Solidago, Cornus) sont réalisés par cette structure.",30000.00,23416419,2104836563,,,SN Biodiversité,Hauts-de-France,Aisne,02,20007189200067,CA DU SAINT-QUENTINOIS,Communauté d'agglomération,02691,Saint-Quentin
Protection des sites majeurs pour les Chiroptères en Loire-Atlantique en 2025,"Le but de cette opération est de coordonner la protection des sites majeurs à chauves-souris en Loire-Atlantique.
La protection de ces sites repose pour grande partie sur des suivis bénévoles qui maintiennent le contact avec les propriétaires. Ce suivi s’avère être la base primordiale si l'on veut maintenir des liens avec les propriétaires et donc maintenir voir améliorer la conservation de ces sites pour les chiroptères. C’est ainsi qu’une coordination du réseau et un appui technique est indispensable.
Enfin, la pérennité des sites par leur mise en protection est essentielle pour un maintien en bon état des populations de chiroptères en Loire-Atlantique. Il est donc prévu de continuer le travail d’accompagnement des communes ayant un site en APPB (protection forte) pour les chiroptères (11 sites en Loire-Atlantique).",8655.00,23419233,2104754462,,,SN Biodiversité,Pays de la Loire,Loire-Atlantique,44,37960763300011,GROUPE MAMMALOGIQUE BRETON,Association déclarée,44109,Nantes
Déclinaison du PNA Vipères 2025-2029,"L’objectif de la déclinaison régionale du PNA Vipères est d’améliorer l’état de conservation des populations à l’échelle régionale des deux espèces de vipères présentes en Bourgogne-Franche-Comté à savoir : la vipère aspic et la vipère péliade. Il s’agit de mettre en place à l’échelle de populations locales des opérations visant au maintien et à l’amélioration des habitats, ces deux objectifs passant notamment par des actions ciblées sur l’amélioration de leur image et de leur prise en compte auprès de tout acteur du territoire. ",160000.00,23420919,2104804288,,,SN Biodiversité,Bourgogne-Franche-Comté,Doubs,25,40111527400045,LPO BOURGOGNE-FRANCHE-COMTE,Association déclarée,25056,Besançon
Gestion des SOS chauves-souris dans le département de la Mayenne (Année 2025),"Le SOS Chauve-souris est un dispositif national de conservation des chiroptères, qui répond à deux problématiques rencontrées : les chauves-souris en détresse et les problèmes de cohabitation dans les bâtiments. En Mayenne, l’association Mayenne Nature Environnement porte l’action sur le volet de la cohabitation depuis les années 2000 grâce à un réseau de bénévoles et un investissement salarié importants.
L’association traite aujourd’hui 20 à 30 sollicitations de particuliers ou collectivités par an. La gestion se fait d’abord à distance et, dans plus de la moitié des cas, par une visite des lieux. Le dialogue et les solutions apportées aux propriétaires visent au maintien et à la pérennité des colonies dans les bâtiments. 
En 14 ans de suivi de l’action, ce sont ainsi plus de 277 sollicitations traitées, pour 12 espèces, dont certaines patrimoniales (Grand Murin, Petit Rhinolophe, Murin à oreilles échancrées…). Le dispositif permet la protection directe des chauves-souris anthropophiles et renforce les connaissances en Mayenne.",4680.00,23423130,2104810353,,,SN Biodiversité,Pays de la Loire,Mayenne,53,38043867100048,MAYENNE NATURE ENVIRONNEMENT,Association déclarée,53130,Laval
opération de résorption des habitations légères de loisirs. Site de Grand marais et du marais d'Etrun,"En 2021, le département du Nord a acquis environ 8 hectares de forêts marécageuses et d'un étang au sein du Grand marais de marais d'Etrun.
Au-delà de leur inscription au sein de la Z.N.I.E.F.F. du complexe écologique de la Sensée, leur richesse floristique a été démontrée lors d'une étude du Conservatoire Botanique National de Bailleul en 2022.
Le département souhaite dépolluer le site parcouru de multiples habitations légères de loisirs et déchets et en améliorer le potentiel écologique par un travail sur les berges de l'étang principal",53825.20,23456169,2104805145,,,SN Biodiversité,Hauts-de-France,Nord,59,22590001801244,DEPARTEMENT DU NORD,Département,59092,Bouchain
ABC Ain-Cerdon,"Le projet d’ABC Ain-Cerdon, porté par la Communauté de Communes Rives de l’Ain – Pays du Cerdon, vise à enrichir les connaissances naturalistes et intégrer les enjeux de biodiversité dans les politiques d’aménagement. Sur un territoire de 14 communes rurales, il s’attache à inventorier la biodiversité des milieux ouverts (coteaux calcaires, prairies, cultures céréalières) et du bâti, à sensibiliser le jeune comme le grand public ainsi qu'à mobiliser l'ensemble des acteurs locaux dans la réalisation d'un plan d'actions post-ABC. Le lien avec l'ensemble des politiques du projet de territoire (Projet Alimentaire Territorial, le Plan Paysage et les démarches touristiques...) garantit une approche transversale. L’ABC s’intègre dans une dynamique de long terme en vue d’un engagement dans le dispositif TEN. Enfin, il produira des outils concrets (guides, cartographies, supports pédagogiques) pour ancrer la biodiversité comme levier de développement local.",107656.72,23456912,,,,SN Biodiversité,Auvergne-Rhône-Alpes,Ain,01,20002999900014,COMMUNAUTE DE COMMUNES RIVES DE L'AIN PAYS DU CERDON,Communauté de communes,01199,Jujurieux
Actions de Protection de nouveaux sites et de restauration de sites protégés par le Conservatoire d'espaces naturels de Lorraine,"Engagement de démarches visant à accroître le nombre de sites protégés par le Conservatoire d'espaces naturels de Lorraine
Mise en œuvre d'opérations visant à restaurer des espaces au sein des sites naturels du CEN
Conception, programmation, mise en œuvre et suivi de projets de restauration de zones humides
Achats Matériels nécessaires à la réalisation de ces opérations et projets",213075.00,23457553,2104771516,,,SN Biodiversité,Grand Est,Meuse,55,33391556900110,CONSERVATOIRE D ESPACES NATURELS DE LORRAINE,"Association de droit local (Bas-Rhin, Haut-Rhin et Moselle)",55062,Bouconville-sur-Madt
ACI LINEA II REALISATION D’UN CORRIDOR ECOLOGIQUE ENTRE 2  ZONES D'HABITAT DU MOQUEUR GORGE BLANCHE SUR LA CARAVELLE -LA TRINITE MARTINIQUE : densification végétale et modélisation d'un concept de trame verte-,"L'Atelier et Chantier d'Insertion LINEA II s'inscrit dans la continuité d'un travail de recherche engagé par le Parc Naturel Régional de la Martinique en faveur de la préservation du moqueur gorge blanche (Ramphocinclus brachyurus ), oiseau endémique strict de la Martinique menacé d'extinction.
Ces deux dernières années, la contribution de spécialistes a permis d'élaborer un itinéraire technique à adapter aux spécificités de cette zone littorale Atlantique soumise à un stress hydrique intense, via l'insertion.
Il convient aujourd'hui de faire de cet espace un site pilote dans la mise en place de trames vertes sur le territoire. Une formalisation des processus de collecte, de multiplication des végétaux locaux difficiles à multiplier, de gestion de la ressource en eau dans un milieu marqué par le stress hydrique et un renforcement de la formation technique des futurs techniciens, qui devront en garantir la pérennité, font l'objet de cette nouvelle action pilote.",243378.00,23461240,2104871408,,,SN Biodiversité,Martinique,Martinique,972,25972001900043,SYNDICAT MIXTE DU PARC NATUREL REGIONAL DE MARTINIQUE,Syndicat mixte ouvert,97209,Fort-de-France
Elaboration d'un atlas de la biodiversité intercommunale du Pays de Landerneau Daoulas,"La Communauté d’agglomération du Pays de Landerneau Daoulas (CAPLD) regroupe 22 communes et plus de 50 000 habitants, avec un territoire riche en biodiversité et espaces protégés variés. Le projet d’Atlas de la Biodiversité Intercommunale (ABI), sur trois ans, vise à mieux connaître et protéger cette biodiversité, en intégrant les enjeux climatiques et d’aménagement durable, avec un focus sur la trame verte et bleue et la transformation des relations et du rapport au vivant. S’inscrivant dans une dynamique institutionnelle forte, il prévoit de consolider les connaissances, compléter les inventaires, mobiliser les citoyens et développer des outils opérationnels pour intégrer au mieux la biodiversité dans les documents d’urbanisme. Avec une gouvernance partagée et une participation citoyenne consolidée, l’ABI constitue une étape clé pour inscrire une nouvelle politique publique dédiée à la biodiversité au cœur des compétences de l'agglomération.",208000.00,23479828,,,,SN Biodiversité,Bretagne,Finistère,29,24290080100133,CA DU PAYS DE LANDERNEAU-DAOULAS,Communauté d'agglomération,29103,Landerneau
Renforcement de populations d'Alysson du Rhône (PNA),"L’Alysson du Rhône est une plante endémique de la Costière rhodanienne qui bénéficie d’un plan national d’actions (PNA 2023-2032). Cette espèce persiste dans seulement 3 localités. Les recherches de terrain réalisées dans toute la Costière entre Givors et Chateaubourg se sont révélées infructueuses. Les populations historiques semblent donc avoir disparu et la probabilité de découvrir de nouvelles localités est extrêmement faible.
Les populations drômoises et ardéchoises sont éloignées de 18 km. Cette faible connectivité supposée risque de mener à un isolement génétique susceptible d’engendrer une dérive génétique pouvant aller jusqu’à l’extinction totale de l’espèce.
Il est donc proposé dans le cadre de ce fonds vert de renforcer le nombre de populations d’Alysson du Rhône. 1 000 individus seront produits par le CBN Massif central pour cette expérimentation et repiqués au sein d’au moins 10 sites de réintroduction.",32293.94,23495436,2104802059,,,SN Biodiversité,Auvergne-Rhône-Alpes,Ardèche,07,25430117900027,SYNDICAT MIXTE DU CONSERVATOIRE BOTANIQUE DU MASSIF CENTRAL,Syndicat mixte ouvert,07009,Andance
ABC de la commune de Mandagout,"Mandagout, petit village des Cévennes, mène une réflexion sur deux problématiques liées entre elles: l’état de la biodiversité et l’état des sols de la commune. 
En effet, le changement climatique a une action délétère sur ces deux entités en particulier lors des épisodes cévenols dévastateurs ou des sécheresses récurrentes.
Le conseil municipal a décidé de lutter contre cette évolution en établissant tout d’abord un état des lieux, en particulier dans les milieux sensibles comme les ruisseaux, les traversiers de la culture de l’oignon doux, les hameaux voisins et enfin la forêt.
Il fait le pari qu’une meilleure gestion du cheminement de l’eau à travers la commune peut protéger et améliorer l’état des sols et de la biodiversité en général. 
Pour cela, il est nécessaire d’avoir une fine compréhension de la gestion ancestrale des centaines d’ouvrages de collecte et d’écoulement des eaux pluviales dont l’abandon pour une grande partie, a conduit à la déshérence des  écosystèmes liés.
Un inventaire est une première étape indispensable avant de chercher à comprendre l’impact de cet abandon sur les sols et définir les actions qui permettront de protéger ou de restaurer notre patrimoine naturel.
",25600.00,23520069,,,,SN Biodiversité,Occitanie,Gard,30,21300154800014,COMMUNE DE MANDAGOUT,Commune et commune nouvelle,30154,Mandagout
Atlas de la biodiversité communale de Saint-Josse,"Ce projet s’inscrit dans une démarche de partenariat entre la Commune de Saint-Josse-sur-Mer et le Conservatoire des espaces naturels des Hauts-de-France.
Dans le cadre de la candidature pour ce projet, nous nous sommes projetés sur une durée de 4 ans, de 2026 à 2029. L’objectif étant d’associer l’apport de connaissances et la mobilisation des acteurs locaux, en réalisant des inventaires scientifiques protocolés, et des suivis participatifs encadrés par un programme d’animation nature. Ce projet permettra de parcourir un programme défini à la fois scientifique et participatif, afin d’engager les acteurs du territoire dans les démarches.   Toutes les actions définies ont été concertées entre le CEN et les besoins, objectifs de la Commune, afin de proposer un projet cohérent avec les moyens humains et financiers, regroupant les études naturalistes, les actions de sensibilisation, ainsi que la communication.  
",40178.78,23522790,,,,SN Biodiversité,Hauts-de-France,Pas-de-Calais,62,21620752200014,COMMUNE DE SAINT JOSSE,Commune et commune nouvelle,62752,Saint-Josse
Aménagements pour mis en défend de gîtes à Chiroptères,"Le présent dossier vise à réaliser des aménagement (pose de grilles) de manière à sécuriser les accès à des zones de mise bas et d'hivernage pour 13 espèces de chauves-souris.

Toutes les opérations découlent d’un plan de gestion pluriannuel, réalisé en déclinaison du CT88, approuvé par le conseil scientifique du Cen Centre-Val de Loire et validé par son conseil d’administration.
",17914.60,23528446,2104674742,,,SN Biodiversité,Centre-Val de Loire,Indre-et-Loire,37,38509631800170,CONSERVATOIRE D ESPACES NATURELS CENTRE-VAL DE LOIRE,Association déclarée,37020,Beaulieu-lès-Loches
Atlas de la biodiversité communale de Dumbéa,"Porté par une association ancrée dans la vie locale et bénéficiant du soutien officiel de la mairie de Dumbéa et de la province Sud, le projet d’Atlas de la Biodiversité Communale (ABC) vise à mieux connaître, préserver et valoriser la biodiversité de Dumbéa. Centré sur les aires protégées de ce territoire et la rivière de Dumbéa, il comprend des inventaires naturalistes sur 6 taxons, un recueil des savoirs locaux et une large mobilisation citoyenne. Face aux pressions croissantes (fréquentation, espèces envahissantes, incendies, changement climatique), l’ABC permettra de mieux comprendre les enjeux écologiques et de les intégrer aux politiques publiques. Il contribuera notamment à la révision des documents d’urbanisme et du plan de gestion du parc, en articulant science, culture et participation.",88000.00,23534060,,,,SN Biodiversité,Nouvelle-Calédonie,Nouvelle-Calédonie,988,20001249000013,PROVINCE SUD,(Autre) Collectivité territoriale,98805,Dumbéa
Gestion des espèces exotiques envahissantes sur 3 aires protégées,"Le présent dossier vise à mener des opérations d'éradication d'espèces exotiques envahissantes sur 3 aires protégées du Cen CVL.
",7092.00,23543790,2104674506,,,SN Biodiversité,Centre-Val de Loire,Indre-et-Loire,37,38509631800170,CONSERVATOIRE D ESPACES NATURELS CENTRE-VAL DE LOIRE,Association déclarée,37123,Langeais
De l'arbre à la bruyère : pour la restauration des bocages et des landes emblématiques de l'Allier ,"A la suite de la première phase du projet, subventionné par le Fonds Vert sous le numéro de dossier 16955529, permettant l'avancement de la contractualisation foncière ainsi que la finalisation des plans de gestion de ces sites, cette deuxième phase du projet a pour objectif de mettre en place les premières actions fléchées au sein de ces derniers ainsi que de réaliser des travaux de restauration de landes et de bocages. ",24017.00,23546992,,AID-2025-04500,Agence de l'eau,SN Biodiversité,Auvergne-Rhône-Alpes,Allier,03,39364958700044,CONSERVATOIRE D ESPACES NATURELS DE L ALLIER,Association déclarée,03226,Saint-Didier-en-Donjon
Détection et identification de l'Isoète très ténu (Isoetes tennuissima) par métabarcoding,"L'Isoète très ténu (Isoetes tenuissima) est une espèce endémique du centre de la France, très menacée, en régression et qui fait l'objet d'un Plan national d'action (PNA) depuis 2024. Cette espèce n'est qu'exceptionnellement observée sur le terrain pour les raisons suivantes : sa rareté, sa discrétion au sein des végétations des vases exondées (petite taille et faible effectif), habitats (grèves exondées des étangs) temporaires souvent de grande surface mais ne s’exprimant pas chaque année. Sans recherche approfondie dédiée (très chronophage), il est extrêmement difficile et rare d’observer cette espèce. Cette étude novatrice vise à expérimenter le métabarcoding (ADNe) sur deux stations connues de l'espèce afin de vérifier sa détectabilité. Si les résultats sont concluants, cette technologie pour la recherche de l'espèce au cours des prochaines années, action A à priorité élevée du PNA en faveur de cette espèce.",7895.00,23547180,2104733087,,,SN Biodiversité,Centre-Val de Loire,Indre,36,18004417400019,MUSEUM NATIONAL D HISTOIRE NATURELLE,Établissement public national à caractère scientifique culturel et professionnel,36123,Mézières-en-Brenne
"Lutte contre la renouée du japon : comparaison de techniques de lutte mécaniques, électrique et biochimique","La commune de Séméac (65) mène un projet scientifique pour lutter contre la Renouée du Japon sur 8 parcelles expérimentales de 16 m², testant diverses techniques (paillage, désherbage électrique, broyats de plantes toxiques). Un protocole, mené aussi à Cambo-les-Bains, évalue l’adaptation de la plante et son stockage énergétique, avec un focus sur l’influence des sols, analysés par un pédologue. Les premières observations montrent que les conditions pédologiques jouent un rôle crucial dans la production des rhizomes et la dispersion.
Par ailleurs, le Sureau hièble, plante indigène produisant des composés allélopathiques, pourrait limiter la croissance de la Renouée. Ces substances toxiques, reconnues pour affecter les espèces envahissantes, ouvrent une piste prometteuse de lutte naturelle contre cette espèce invasive. Le projet vise à approfondir l’étude de cet effet inhibiteur.",31183.04,23551995,2104818450,,,SN Biodiversité,Occitanie,Hautes-Pyrénées,65,21650417500011,COMMUNE DE SEMEAC,Commune et commune nouvelle,65417,Séméac
Lac de Grand Lieu : Bilan et Evaluation de la gestion des niveaux d'eau 2015-2025 et perspective d'aménagement du vannage de Bouaye pour une adaptation pertinente aux évolutions hydrauliques et climatiques,"Le SGLE assure la gestion des niveaux d’eau sur le bassin versant de Grand-Lieu-Acheneau-Tenu. Les niveaux d’eau du lac de Grand-Lieu sont contrôlés par le fonctionnement du vannage de Bouaye situé en aval du lac . Cette gestion des niveaux d’eau est primordiale pour la gestion du lac, zone humide d’intérêt majeur, site naturel, au sein d’un large site Natura 2000. La gestion fait l’objet depuis une dizaine d’années d’une expérimentation par arrêté préfectoral, visant à assurer une variabilité inter-annuelle.
- Dans un premier temps le projet portera sur l'analyse de cette gestion 2015-2025 en s’appuyant sur le retour d’expérience des acteurs locaux. Cette analyse, en relation avec les services de l'Etat, sera effectuée par le SGLE.
- Dans un second temps sur l'identification des aménagements nécessaires du vannage de Bouaye pour répondre aux enjeux environnementaux et sociaux. Cette étape sera réalisée par un bureau d’études spécialisé.",56000.00,23552509,,,,SN Biodiversité,Pays de la Loire,Loire-Atlantique,44,20000331700027,SYNDICAT GRAND-LIEU ESTUAIRE (SGLE),Syndicat mixte fermé,44188,Saint-Philbert-de-Grand-Lieu
"Accompagnement de la stratégie nationale biodiversité 2023, de la stratégie nationale pour les aires protégées 2030 et de son plan d'action territorial Hauts de France 2026 2027 2028","Animation foncière et territoriale pour la création et l'extension de zones de protection forte,
Labellisation de sites préservés par le Conservatoire d'espaces naturels en Zones de Protection Forte
Lancement de la procédure de classement de 3 sites en Réserve naturelle nationale",248000.00,23553374,2104818599,,,SN Biodiversité,Hauts-de-France,Somme,80,40320217900087,CONSERVATOIRE D ESPACES NATURELS DES HAUTS DE FRANCE,Association déclarée,80131,Boves
Atlas de la biodiversité communale Foix 2025 - 2028,"La commune de Foix se trouve entre le Pech de Foix et le Pech Saint-Sauveur, entourée de milieux naturels riches, elle joue un rôle crucial pour l’accueil et le déplacement de différentes espèces. Il est donc nécessaire de mieux connaître la biodiversité présente dans les zones urbanisées de la ville afin de mieux penser son aménagement en prenant en compte la biodiversité, ses besoins et ses déplacements. Ville porte du Parc naturel régional des Pyrénées Ariégeoises, centre touristique et commercial, il est également nécessaire de mieux sensibiliser les habitants et visiteurs à la biodiversité exceptionnelle qui les entoure. L’ABC de la commune de Foix vise ainsi à enrichir la connaissance sur la biodiversité locale, mobiliser les habitants et renforcer la prise en compte des enjeux écologiques dans l’action publique. ",35804.00,23553644,,,,SN Biodiversité,Occitanie,Ariège,09,21090122900018,COMMUNE DE FOIX,Commune et commune nouvelle,09122,Foix
Plan de gestion et cahier des charges des premiers travaux de restauration du marais Pironnet,"Il s'agit de réaliser un plan de gestion sur environ 9 ha de parcelles de marais en cours d'acquisition par le cen (autre dossier fonds vert en cours). Ce site de zone humide de tête de bassin versant est traversé par la rivière Senouire et présente des parcelles à fort enjeu associées à des parcelles fortement dégradées à restaurer. Les cahiers des charges et chiffrages des premiers travaux, ainsi que les états des lieux des indicateurs, seront réalisés pour les principales parcelles à restaurer en parallèle du plan de gestion pour pouvoir les mettre en place au plus vite. ",31438.75,23556574,2104819056,,,SN Biodiversité,Auvergne-Rhône-Alpes,Haute-Loire,43,34489699800046,CONSERVATOIRE D ESPACES NATURELS D AUVERGNE,Association déclarée,43048,La Chaise-Dieu
Réalisation d'un ABC sur la commune de Geneston. ,"La commune de Geneston, située en milieu rural mais soumise à une forte pression urbaine, mène depuis plusieurs années une politique environnementale ambitieuse. Engagée dans la démarche ""Territoire Engagé pour la Nature"" depuis 2021, elle souhaite aujourd’hui aller plus loin avec le lancement de son Atlas de la Biodiversité Communale (ABC). Ce projet vise à améliorer la connaissance des espèces et des milieux naturels, tout en impliquant les habitants et les associations locales. Des inventaires naturalistes seront réalisés, en lien avec la révision à venir du Plan Local d’Urbanisme. Accompagnée par le CPIE Logne et Grand Lieu, la commune affirme sa volonté de concilier développement du territoire et préservation de la biodiversité.",41453.60,23563959,,,,SN Biodiversité,Pays de la Loire,Loire-Atlantique,44,21440223200018,COMMUNE DE GENESTON,Commune et commune nouvelle,44223,Geneston
ABC de Mazé-Milon,"L'ABC co-porté par la commune de Mazé-Milon et le PNR LAT s'inscrit dans la continuité du TEN de la CC Baugeois-Vallée. Fil rouge de l’animation locale, il fera l’objet d’actions de médiation et de mobilisation destinées à un large panel d’habitants. Elles privilégieront les approches sensibles et expérientielles afin d’inviter les habitants à interroger leur rapport au vivant. L’ABC se concentrera sur l’inventaire des taxons représentatifs des enjeux écologiques : pollinisateurs, champignons, papillons de jour, oiseaux, odonates ou orthoptères. Des inventaires participatifs seront menés avec les habitants.  D’autres taxons seront étudiés de manière opportuniste. Le projet fera l’objet d’une gouvernance partagée mobilisant les associations locales et les habitants intéressés. Ce programme viendra décliner les engagements de la commune en faveur de la biodiversité, listés dans la charte du PNR et dans le PLU de la commune, révisé en 2025. ",46123.69,23570842,,,,SN Biodiversité,Pays de la Loire,Maine-et-Loire,49,25490226500027,SYND MIXTE PARC NAT LOIRE ANJOU TOURAINE,Syndicat mixte ouvert,49219,Montsoreau
"Pêche, Innovation & Biodiversité : mobiliser les pêcheurs pour maîtriser les espèces exotiques envahissantes et valoriser leur potentiel halieutique en Méditerranée","Face à la prolifération des espèces exotiques envahissantes en Méditerranée, la Coopérative Maritime Pêcheurs Azuréens mobilise les pêcheurs professionnels pour capturer ces espèces (crabe bleu, poissons lapins, poisson-lion), tester des engins adaptés, et valoriser les captures par des recettes innovantes. Le projet vise à réduire l’impact écologique de ces espèces tout en développant de nouvelles filières économiques durables. Une campagne de communication grand public et professionnelle permettra de sensibiliser aux enjeux de biodiversité et de promouvoir la consommation responsable de ces espèces. Ce projet expérimental et reproductible s’inscrit dans la stratégie nationale biodiversité 2030.",50000.00,23572228,2104787917,,,SN Biodiversité,Provence-Alpes-Côte d'Azur,Var,83,92490687800013,COOPERATIVE MARITIME PECHEURS AZUREENS,SA coopérative (d'intérêt) maritime à conseil d'administration,83099,Puget-sur-Argens
Construction d’une structure d’accueil – Réserve du Pinail,"Le projet a pour objectif sur le site de la réserve naturelle nationale du Pinail (86), la construction d’une structure d’accueil qui a pour vocation d’héberger le gestionnaire du site, l’association GEREPI. Actuellement, seul un chalet rustique de 20m² est présent.
Le programme de construction a été co-rédigé avec GEREPI afin de répondre à leurs attentes. Ce bâtiment éco-responsable en matériaux bio-sourcés se veut exemplaire  : ossature bois, isolation en fibres naturelles et toiture végétalisée. Il comprendra un hall d’accueil, des bureaux administratifs, une salle d’animation mutualisable, et des commodités pour les salariés et les visiteurs.
La présence en continu du gestionnaire sera ainsi assurée. La mise en œuvre des travaux de gestion écologique et des suivis scientifiques en sera facilité, ainsi que les rappels de la réglementation. Seront renforcés l’accueil du public, l’offre pédagogique et les sessions de formation technique.",200000.00,23592352,2104715944,,,SN Biodiversité,Nouvelle-Aquitaine,Vienne,86,24860041300012,CA GRAND CHATELLERAULT,Communauté d'agglomération,86298,Vouneuil-sur-Vienne
Continuité de la trame turquoise sur le bassin versant de la Reyssouze,"La modélisation et l'analyse de la trame turquoise du bassin versant en 2021 a conduit à l'identification de grands enjeux pour le territoire : la continuité des massifs forestiers humides (axe Dombes - Bugey), la préservation et restauration des prairies humides bocagères, incluant le réseau de haies et de mares en déclin (axe Dombes - Bresse puis Bresse/Val de Saône), l'aménagement des espaces urbains et péri-urbains pour améliorer leur perméabilité et leur fonctionnalité pour la biodiversité (notamment autour des agglomérations de Bourg-en-Bresse et Mâcon)
Le premier plan d’action (2022-2026) comprend une série de projets visant à renforcer, restaurer et améliorer ces enjeux. Ces projets visent l’ensemble des secteurs : contexte agricole et forestier, grandes infrastructures de transports, agglomérations, promotions des enjeux de fonctionnalité et de biodiversité auprès des secteurs professionnels, grand public et élus.
",120000.00,23595890,2104808059,,,SN Biodiversité,Auvergne-Rhône-Alpes,Ain,01,25010069000016,SYNDICAT DU BASSIN VERSANT DE LA REYSSOUZE,Syndicat mixte fermé,01352,Saint-Étienne-sur-Reyssouze
Renaturation et valorisation de la biodiversité du village de Costa,"L’objectif global du projet réside dans la réalisation d’actions concrètes pour la préservation de la biodiversité au sein d’un village au riche patrimoine historique. Concrètement, la réalisation des différentes actions du projet permettra :
D’aider à la conservation des espèces d’oiseaux, de reptiles, d’amphibiens et d’insectes pollinisateurs en leur offrant des endroits pour nicher, se nourrir et se reproduire. 
Favoriser les populations d’auxiliaires biologiques 
Valoriser le patrimoine de la commune via la réalisation d’actions éducatives.
L’action concernée par ce Fonds vert consiste à planter un couvert végétal d’espèces mellifères autochtones, afin d’offrir des zones d’alimentation aux populations d’insectes pollinisateurs. Les végétaux seront implantés sur les espaces non imperméabilisés appartenant à la commune et le long des axes (ruelles et l'axe routier principal). Le projet permettra de sensibiliser les habitants.
",3000.00,23602628,2104683386,,,SN Biodiversité,Corse,Haute-Corse,2B,39075220200031,CONSERVATOIRE D ESPACES NATUREL CORSE ET AMIS PARC NATUREL,Association déclarée,2B097,Costa
Production d'un film documentaire relatant le processus visant à favoriser le renforcement des populations de Visons d'Europe. ," Le vison  d'Europe menacé de disparition notamment en France, est l'objet d'actions visant à permettre son retour en milieu naturel. Après plusieurs années d'études portant sur l'habitat historique du vison d'Europe et grâce à la création d'élevages, les premiers premiers lâchers de vont prochainement intervenir. Depuis les naissances en captivité jusqu'au retour dans la nature, le film va raconter l'ensemble de l'histoire où acteurs publics et privés sont mobilisés depuis une dizaine d'année pour sauver ce petit mammifère.  Celui-ci était considéré comme l'une des  espèces les plus menacée d'extinction. Le film vise, au delà du partage des connaissances sur ce petit mustélidé aux mœurs particulièrement discrètes, à raconter une histoire positive. Lorsque les services de l'Etat, les scientifiques, les acteurs du secteur privé s'impliquent avec détermination et consensuellement, le champ des possibles s'élargit. Ce film en sera un témoignage.",10000.00,23620774,2104671353,,,SN Biodiversité,Nouvelle-Aquitaine,Charente-Maritime,17,35065402600029,FIFO DISTRIBUTION,Société à responsabilité limitée (sans autre indication),17076,Celles
AMELIORER LES HABITATS FORESTIERS POUR LE GRAND TETRAS,"Les populations de grand tétras sont en danger dans le massif jurassien. Depuis plus de 30 ans,  les effectifs se sont maintenus grâce à la qualité des habitats forestiers et des futaies jardinées. Des moyens financiers et techniques ont été mobilisés afin de définir les modes de gestions adaptés pour conserver durablement de bonnes conditions d'accueil pour l'espèce. Les forestiers ont été formés afin de permettre une meilleure prise en compte de l'espèce dans la sylviculture. Le changement climatique met à mal ce travail. Avec la mortalité des résineux, les forestiers s'interrogent sur l'avenir du grand tétras dans les forêts jurassiennes. Il est impératif de se requestionner sur les itinéraires sylvicoles à mettre en oeuvre pour le grand tétras pour qu'ils soit plus adaptés à un climat plus chaud et sec. Il s'agit aussi d'accompagner les communes et les propriétaires pour réinvestir en forêt et maintenir des habitats favorables pour l'espèce.   ",131662.00,23629019,2104803835,,,SN Biodiversité,Bourgogne-Franche-Comté,Doubs,25,38929221000025,GROUPE TETRAS JURA,Association déclarée,39470,Les Rousses
Mise en oeuvre de la stratégie nationale pour les aires protégées : Contribution à l’augmentation des surfaces en zones de protection forte,La présente demande de subvention est réalisée au titre du Fond vert et concerne l’axe « Mettre en œuvre la stratégie nationale pour les aires protégées ». Elle vise principalement la démarche de reconnaissance en zones de protection forte des sites du Conservatoire d’espaces naturels de Franche-Comté.,136757.39,23638921,2104752185,,,SN Biodiversité,Bourgogne-Franche-Comté,Doubs,25,39211387400052,CONSERVATOIRE D ESPACES NATURELS DE FRANCHE COMTE,Association déclarée,39297,Longchaumois
Atlas de la biodiversité communale (ABC) ,"Trèves, incluse dans plusieurs périmètres et classements environnementaux (Parc National des Cévennes, sites Natura 2000, site classé de l’Aven noir),a été reconnue Territoire Engagé pour la Nature pour la période 2023-25. Dans ce cadre, elle s’est engagée à développer un projet agroécologique avec un plan de gestion pastoral lié notamment à l’installation d’une chèvrerie, à renforcer les continuités écologiques et à réaliser un Atlas de la Biodiversité Communale, qui sera décliné selon les 5 axes suivants:Espaces pastoraux et agricoles, Rivières et zones humides, Milieux souterrains et cavités, Espaces forestiers, Villages et hameaux, avec un programme d’actions comportant trois volets : connaissance / sensibilisation / participation. Afin de renforcer l’adhésion des habitants à ce projet par la prise en compte des relations au vivant, nous souhaitons inscrire cet Atlas dans la démarche de « transformation des relations humains non-humains »",23920.00,23654325,,,,SN Biodiversité,Occitanie,Gard,30,21300332000016,COMMUNE DE TREVES,Commune et commune nouvelle,30332,Trèves
Atlas de la Biodiversité de Thaon,"La commune de Thaon, labellisée Territoire Engagé pour la Nature depuis 2022, a mené de nombreuses actions en faveur de la biodiversité. Elle souhaite compléter ses connaissances sur le territoire en réalisant un Atlas de la Biodiversité avec l'aide d'associations naturalistes. Une meilleure connaissance de la faune et de la flore permettra, notamment, d'améliorer la continuité écologique sur son territoire et de sensibiliser les habitants et les élèves de l'école.",36990.00,23658689,,,,SN Biodiversité,Normandie,Calvados,14,21140685500018,COMMUNE DE THAON,Commune et commune nouvelle,14685,Thaon
Atlas de la biodiversité intercommunale du Salagou Cœur d’Hérault,"La Communauté de communes Salagou Cœur d’Hérault s’investit depuis de nombreuses années dans la préservation de son patrimoine naturel, à travers son engagement dans le plan d’actions du Grand Site Salagou Cirque de Mourèze et sa politique Natura 2000, ses actions dans le cadre de sa compétence GeMAPI ou celles des pôles Culture et Tourisme. Depuis 2022, elle enclenche une nouvelle dynamique et devient « Territoire Engagé pour la Nature », l’ABiC constituant la mesure phare de cet engagement.

La collectivité souhaite se saisir de l’outil ABiC pour approfondir la connaissance du territoire, notamment la contribution des zones humides, des espaces agricoles et urbains à la biodiversité du territoire. 
Adaptation au changement climatique, conservation des sols, maintien de la qualité de l’eau, contribution aux Trames Noire, Verte et Bleue… autant de défis que l’ABiC permettra de relever.",160000.00,23669665,,,,SN Biodiversité,Occitanie,Hérault,34,24340035500034,COMMUNAUTE COMMUNES DU CLERMONTAIS,Communauté de communes,34079,Clermont-l'Hérault
Réduire les pressions sur la biodiversité et conforter la trame verte et bleue : mise en place de sites bocagers pilotes en Vendée,"Le collectif Bocage et boisements de Vendée, structure informelle portée par le CPIE Sèvre et bocage, est constitué d'acteurs (services de l'état, collectivités, associations...) engagés pour la mise en valeur des fonctionnalités écologiques du bocage. En 2024, le collectif a mesuré l'accélération de l'érosion du linéaire de haies en Vendée et en corolaire l'augmentation de la fragmentation des continuités écologiques. Afin d'agir concrètement avec les territoires pour résorber les ""points noirs""  et conforter la trame verte et bleue, le collectif a souhaité proposer sur 5 sites pilotes, la mise en œuvre de mesure de remédiation via des solutions fondées sur la nature. Les solutions proposées seront imaginées par les territoires dans le cadre d'une démarche locale et s'appuieront sur des actions innovantes, co-construites entre les acteurs agricoles, les EPCI, les experts locaux. Les actions seront mutualisables et capitalisables.",120000.00,23671389,,,,SN Biodiversité,Pays de la Loire,Vendée,85,41124270400012,MAISON DE LA VIE RURALE,Association déclarée,85090,Sèvremont
RESCRIOR 2 (REStauration des CRiques Orpaillées - Volet 2),"Le projet RESCRIOR 2 vise à améliorer la résilience des milieux naturels post-exploitation et remise en état des mines d’or alluvionnaire en Guyane. Pour ce faire, le suivi des sites expérimentaux restaurés dans le cadre du projet RESCRIOR sera reconduit afin d’obtenir des données scientifiques permettant d’évaluer l’efficacité de la stratégie de remise en état employée à T+4ans. L’évaluation par bioindicateurs (terrestres et aquatiques) permettant une vision intégrative et quantitative de l’état écologique, sera privilégiée. Parallèlement, les données engrangées permettront également d’étudier la résilience écologique et la dynamique de recolonisation (identification des taxons pionniers, etc.). La poursuite des mesures topographiques, visant à quantifier et à améliorer les estimations de matériaux importés/exportés est également proposée.",89412.19,23691281,2104798651,,,SN Biodiversité,Guyane,Guyane,973,84030081800019,ONIKHA,"SAS, société par actions simplifiée",97311,Saint-Laurent-du-Maroni
Opération de démontage et d’évacuation de bâtis légers et de loisirs. Site de Grand clair,"Le projet concerne près de 3 hectares de forêts riveraines et d’un étang témoignant de l’exploitation ancienne de la tourbe, au sein de l’espace naturel du Nord du Grand clair. Les parcelles concernées sont inscrites au sein de la Z.N.I.E.F.F. du complexe écologique de la Sensée.
Le département souhaite dépolluer le site parcouru de multiples habitations légères de loisirs et déchets et en améliorer le potentiel écologique par un travail sur les berges de l’étang.
",35801.70,23691323,2104805146,,,SN Biodiversité,Hauts-de-France,Nord,59,22590001801244,DEPARTEMENT DU NORD,Département,59455,Paillencourt
Passerelle au Trou du Papetier,"la partie amont de la Dronne, intégrée au site Natura 2000, abrite une petite population de moules perlières grâce à ses caractéristiques physiques. Des chemins ruraux des communes de Dournazac, Firbeix et miallet convergent vers ce lieu emblèmatique.
La traversée d ela Dronne par les piétons se fait par un passage à gué, également utilisépar des randonneurs à cheval et des véhicules légers comme les motocross ou quads, dégradant ainsi lhéabitat des moules perlières.
Un arrêté préfectoral de protection de biotope (APPB), mise en place le 17 février 2022, vise à préserver cette espèce entre la confluence du ruisseau du Manet et celle du Dounaujou. 
La commune de Firbeix, en accord avec Miallet et Dournazac, projette d'installer une passerelle bois sur la Dronne au Trou du papetier pour éviter l'écrasement des moules perlières et la dégradation de leur habitat pa rla suspension de sédiments.
",26166.00,23698300,2104677517,,,SN Biodiversité,Nouvelle-Aquitaine,Dordogne,24,21240180600014,COMMUNE DE FIRBEIX,Commune et commune nouvelle,24180,Firbeix
Actions en faveur de l'accueil du public sur la RNN du Marais d’Orx,"Le projet a pour objectif de poursuivre les actions en faveur de l'accueil de tous les publics sur la réserve naturelle du Marais d'Orx, dans la continuité des travaux d'aménagement et de développement du site réalisés en 2015. Ces aménagements (scénographie intérieure et extérieure, platelages, observatoires bois) ont été réalisés pour améliorer les conditions d'accueil des publics, y compris PMR, et pour limiter le dérangement sur la faune présente. Le projet a pour objectif de restaurer des infrastructures bois qui ont subi des dégradations suite aux inondations survenues sur le site ses 10 dernières années, dans un contexte de changement climatique et de pression constante liée à la fréquentation du public. Le projet a pour objet de restaurer des infrastructures bois, rénover l'ascenseur de la maison d'accueil (ERP), de compléter la scénographie du site et de renouveler une partie du dispositif de suivi de la fréquentation.",36000.00,23698800,2104687113,,,SN Biodiversité,Nouvelle-Aquitaine,Landes,40,25400329600020,S M DE GESTION DES MILIEUX NATURELS,Syndicat mixte ouvert,40133,Labenne
FAIRE TERRITOIRE AVEC LE VIVANT : Quand la biodiversité devient l'affaire de ceux qui l'habitent,"La notion de ""contact"", "" mise en contact"" condenserait bien l'esprit de cet Atlas de la biodiversité. ""Mise en contact"" par le périmètre qui inclut et implique une intercommunalité. Inclusion et mise en contact signifiantes de sites et de milieux très contrastés dans ce qu'un document d'urbanisme appelle ""fuseau de vie"". Mise en contact et en continuité écologique par le cours structurant de la Lièpvrette. Mise en contact d'un espace naturel large avec un espace d'accueil plus restreint de la biodiversité : les édifices publics, les jardins et vergers qui abritent une faune et une flore parfois insoupçonnées. (On remarquera ainsi que les plantes à statut patrimonial y sont mieux représentées que partout ailleurs). Mise en relation des besoins en connaissances strictement scientifiques et de la sensibilisation auprès des habitants et des populations scolaires. Mise en relation du besoin d'information pour les documents d'urbanisme (PLUi) et de l'implication citoyenne.",160000.00,23706723,,,,SN Biodiversité,Grand Est,Haut-Rhin,68,24680039500021,COMMUNAUTE DE COMMUNES DU VAL D'ARGENT,Communauté de communes,68298,Sainte-Marie-aux-Mines
ABC ARCHE Agglo Drôme-Ardèche avec 12 communes volontaires ,"ARCHE Agglo et 12 communes volontaires s’engagent, en partenariat, dans un ABC bi-départemental, du plateau ardéchois à la drôme des collines, en passant par l’axe Rhône. Alors que plusieurs zones hébergent des espèces endémiques à enjeux, de vastes espaces n’ont quasiment jamais été prospectés. C’est donc dans un objectif d’amélioration des connaissances et de déploiement des actions au-delà des espaces naturels en gestion que s’inscrit cet ABC. La biodiversité ordinaire est aussi un enjeu pour la résilience du territoire face aux changements climatiques, le cadre de vie et le bien-être de la population. Ainsi, une démarche participative engagera un travail spécifique avec les élus, agents techniques, agriculteurs, entreprises, particuliers avec jardins, pratiquants sports nature, écoles... Post ABC, l’objectif sera de valider une Stratégie Biodiversité pour le Territoire (41 communes), avec des objectifs définis à court, moyen et long terme.
",208612.00,23707134,,,,SN Biodiversité,Auvergne-Rhône-Alpes,Ardèche,07,20007309600014,CA ARCHE AGGLO,Communauté d'agglomération,07152,Mauves
Elaboration de la stratégie biosécurité pour la terre Adélie,"La définition et la mise en œuvre de mesures de Biosécurité portant sur les flux et vecteurs qui desservent la terre Adélie (Antarctique) constitue le seul rempart efficace pour contrer l’introduction d’espèces exotiques. En conservant la terre Adélie comme un espace exempt d’espèces exotiques, la biosécurité protège les espèces indigènes de leurs impacts potentiels notamment dans un contexte de réchauffement climatique.",42000.00,23708647,2104762312,,,SN Biodiversité,Terres australes et antarctiques françaises,Terres australes et antarctiques françaises,984,22984000400027,TERRITOIRE DES TERRES AUSTRALES ET ANTARCTIQUES FRANCAISES,(Autre) Collectivité territoriale,97416,Saint-Pierre
Dispositif d'information environnementale relatif à l'extension de deux arrêtés de protection (APB & APHN),"Dans le cadre de ses missions et conformément à sa Charte, le Parc naturel régional du Mont-Ventoux a proposé à la DDT84 et à la DREAL PACA la révision et l'extension de deux arrêtés de protection de biotope : Gorges de la Nesque & Partie sommitale du mont Ventoux.

Les procédures d'instruction de ces dossiers arrivant à terme, les enjeux naturels majeurs de ces deux sites invitent dès maintenant à planifier le dispositif d'information du public à implanter sur site. Cette signalisation aura le double objectif de renforcer la sensibilisation du public sur la fragilité des lieux et l'informer de l'existence d'une réglementation environnementale. La finalité étant de permettre une application de la réglementation de manière efficace et de garantir la protection des espèces et espaces naturels concernés.
",42622.51,23718421,2104916199,,,SN Biodiversité,Provence-Alpes-Côte d'Azur,Vaucluse,84,25840001900109,SYNDICAT MIXTE DE GESTION DU PARC NATUREL REGIONAL DU MONT-VENTOUX,Syndicat mixte ouvert,84079,Monieux
Protection et mise en valeur du Bois de Labarthe,"Sur la commune de SEMEAC, le Bois de Labarthe est un site important au niveau de la biodiversité mis en évidence par  L’ATLAS de la Biodiversité. Le programme de préservation des trames vertes et bleues mené par la Commune avec le financement de la région Occitanie n’avait pas permis d’intervenir sur ce site.  La fréquentation importante et croissante de cet espace naturel, fragilise les écosystèmes. Aujourd’hui, pour garantir la préservation du site et des trames vertes et bleues qui en dépendent, tout en permettant aux visiteurs de continuer à apprécier ses atouts, il est indispensable d’organiser les flux et d’aménager les espaces. 
C'est pourquoi le projet a pour but de mieux accueillir  tout en préservant et en mettant en valeur la biodiversité
Précisément, il s’agit de 
1.	Aménager la zone d’accueil 
2.	Aménager les cheminements 
3.	Aménager un parking désimperméabilisé
4.	Mettre en valeur le bois et sa biodiversité",77500.00,23719317,2104818452,,,SN Biodiversité,Occitanie,Hautes-Pyrénées,65,21650417500011,COMMUNE DE SEMEAC,Commune et commune nouvelle,65417,Séméac
Atlas de la Biodiversité Communale de Biriatou,"La commune de Biriatou, située au Pays Basque et comptant 1 286 habitants, est déjà fortement engagée dans la préservation de ses espaces naturels. Dans la continuité de cette dynamique, elle a décidé de se doter d’un Atlas de la Biodiversité Communale (ABC), dont la mise en œuvre s’échelonnera de 2025 à 2028, coconstruite entre la mairie de Biriatou, le CPIE Littoral Basque et Cistude Nature.

Cette initiative vise à révéler et partager la richesse de la biodiversité locale, afin que habitants et élus puissent agir ensemble en sa faveur.
L’Atlas de la Biodiversité Communale sera un outil aux multiples fonctions :
•	Un outil de valorisation du patrimoine naturel, mettant en lumière la diversité des espèces animales et végétales présentes sur le territoire, et constituant un document de référence sur la biodiversité à Biriatou.
•	Un outil d’aide à la décision pour la municipalité, permettant d’intégrer les enjeux de biodiversité dans les politiques d’aménagement et de développement local.
•	Un outil d’appropriation des richesses naturelles par la population, afin de renforcer le lien entre habitants et environnement.
•	Un outil participatif, dans lequel la mairie associera les acteurs institutionnels, associatifs, ainsi que l’ensemble de la population locale.
Le projet vise à produire une synthèse des connaissances naturalistes existantes ainsi qu'une pré-identification des zones à enjeux, comme les milieux naturels remarquables ou les corridors écologiques (trames vertes et bleues). La validation de ces zones se fera grâce aux inventaires naturalistes. La mobilisation des citoyens est un facteur clé de la réussite et de la pertinence de la démarche d’ABC, chacun devant pouvoir mieux connaître et s’approprier le patrimoine naturel communal, afin de à sa préservation voire à sa restauration. 


",28000.00,23724644,,,,SN Biodiversité,Nouvelle-Aquitaine,Pyrénées-Atlantiques,64,21640130700014,COMMUNE DE BIRIATOU,Commune et commune nouvelle,64130,Biriatou
Atlas de la Biodiversité Communale de la commune de Boubers-sur-Canche,"La préservation de la biodiversité, souvent incomprise soulève de nombreuses interrogations dans le contexte rural du Ternois. La population est encore motrice de nombreuses idées reçues. Aider notre population à comprendre sa nature, sa biodiversité, voilà l’enjeu de ce projet d’ABC.

Le territoire présente également des lacunes en termes de connaissances scientifiques. Nous souhaiterions, en parallèle et en totale adéquation avec l’enjeu précédent, améliorer les connaissances sur des groupes peu ou pas étudiés sur le territoire comme les insectes pollinisateurs et les chiroptères. Les habitants, au cœur de ces inventaires, seront en partie participatifs.

Nous souhaitons que ce travail puisse permettre de faire évoluer nos pratiques et réaliser des actions en faveur de la biodiversité. En fonction des résultats obtenus des préconisations et actions seront proposées afin de nous permettre d’orienter la politique de la commune à très long terme.",54199.32,23732089,,,,SN Biodiversité,Hauts-de-France,Pas-de-Calais,62,21620158200014,COMMUNE DE BOUBERS SUR CANCHE,Commune et commune nouvelle,62158,Boubers-sur-Canche
"LUTTE CONTRE L ESPECE EXOTIQUE ENVAHISSANTE (EEE) EMERGEANTE ""GYMNOCORONIS SPILANTHOIDES"" SUR LA SARTHE EN MAINE-ET-LOIRE","Le Département de Maine-et-Loire (CD49) est propriétaire et gestionnaire du domaine public fluvial (DPF) du bassin de la Maine, qui comprend la rivière Sarthe sur son territoire. Une nouvelle espèces exotiques envahissantes (EEE) floristique a été détectée en août 2022 sur ce cours d'eau près du Mans (72) : Gymnocoronis spilanthoides, ou Faux hygrophile. C’est une première nationale. L'analyse réalisée par l'OEPP indique que cette plante présente un risque invasif élevé, ce qui a conduit en 2019 à son inscription sur la liste des EEE préoccupantes pour l’UE et à interdire son commerce. Les risques qu’elle fait encourir aux usages et aux écosystèmes seraient très proches de ceux des Jussies. Afin de se prémunir du développement de cette EEE et de concourir à la lutte portée depuis 2022 par le Dpt de la Sarthe, le CEN PdL et l'OFB dans le 72, le CD49 souhaite engager dès l'été 2025 des opérations d'inventaire et d'arrachage sur son territoire.",11440.00,23760116,,,,SN Biodiversité,Pays de la Loire,Maine-et-Loire,49,22490001900015,DEPARTEMENT DE MAINE ET LOIRE,Département,49080,Les Hauts-d'Anjou
Atlas de la biodiversité communale du Parc naturel régional du Massif des Bauges décliné à 9 communes,"Le Parc naturel régional du Massif des Bauges accompagne depuis 2023 14 premières communes du massif dans la réalisation de leur ABC. Il souhaite en accompagner 9 nouvelles en 2025-2028. Plusieurs grands thèmes abordant des milieux diversifiés seront explorés : biodiversité des zones humides, des milieux agricoles, des forêts, des milieux rocheux, et biodiversité urbaine. Ces ABC s’attarderont à rapprocher autant que possible les acteurs communaux, à toutes ces entités naturelles via notamment le recueil de mémoires et la mise en valeur des liens d’attachement avec la Nature. Pour ce faire, un programme d’actions autour d’inventaires experts et participatifs avec transmission et partage des connaissances et pratiques, et une déclinaison d’action pédagogiques scolaires et grand public sera conduit, associant l’ensemble des acteurs des communes, structures naturalistes, gestionnaires d’espaces naturels, et éducateurs à l’environnement du territoire.",250000.00,23768241,,,,SN Biodiversité,Auvergne-Rhône-Alpes,Savoie,73,25730220800026,SYNDICAT MIXTE PARC NATUREL REGIONAL MASSIF DES BAUGES,Syndicat mixte ouvert,73081,Le Châtelard
Restauration écologique du marais,"Le projet vise la restauration écologique du marais communal et de parcelles du marais à acquérir, situés dans la vallée du Clain. 
Ce site, riche en biodiversité (loutre, castor, amphibiens…) mais dégradé par la populiculture et un dysfonctionnement hydraulique, sera restauré avec l’appui technique du Conservatoire des Espaces Naturels de Nouvelle-Aquitaine (CEN NA). 
Les peupleraies seront exploitées, les sols régénérés et replantés avec des essences alluviales locales. 
Des mares et annexes hydrauliques seront créées pour restaurer la fonctionnalité écologique du marais. 
Le CEN NA récupérera la gestion du site par des baux emphytéotiques de 99 ans assurant leur gestion durable. 
Le projet répond à des enjeux majeurs : protection de la biodiversité, lutte contre les effets du changement climatique, et création d’un îlot de nature accessible aux habitants de Grand Poitiers
",100750.00,23823700,2104748947,AID-2025-03562,Agence de l'eau,SN Biodiversité,Nouvelle-Aquitaine,Vienne,86,21860062500014,COMMUNE DE CHASSENEUIL DU POITOU,Commune et commune nouvelle,86062,Chasseneuil-du-Poitou
Mise en oeuvre des actions de communication sur la Réserve Naturelle Nationale du Val de Loire,"En concertation avec la DREAL Bourgogne-Franche Comté, le projet consiste à accompagner les interventions prévues au plan de gestion de la RNN Val de Loire et placées sous la  maîtrise d'ouvrage du Cen Centre-Val de Loire en application de l'objectif visant à renforcer l'ancrage local de la RNN.
",31726.60,23824639,2104752150,,,SN Biodiversité,Bourgogne-Franche-Comté,Nièvre,58,38509631800170,CONSERVATOIRE D ESPACES NATURELS CENTRE-VAL DE LOIRE,Association déclarée,58059,La Charité-sur-Loire
Travaux de restauration des zones humides de la réserve naturelle des Courtils de Bouquelon pour la période 2025-2027,"Travaux de restauration des zones humides de la réserve naturelle des Courtils de Bouquelon, essentiellement liés à la gestion par le pâturage extensif d'animaux de races rustiques et en complément de cette dernière. Ces travaux sont conformes au plan des gestion de la réserve 2019-2029, pour la période 2025-2027.",81216.00,23837982,,1115388,Agence de l'eau,SN Biodiversité,Normandie,Eure,27,38927321000010,ASS GEST RESERVE COURTILS DE BOUQUELON,Association déclarée,27101,Bouquelon
Pie-grièche et agriculture : Amélioration de l’habitat de la Pie-grièche à tête rousse et de la Pie-grièche écorcheur sur le Domaine Camellu.,"Les pies-grièches sont largement inféodées aux milieux agricoles en Corse. Leur conservation est intimement liée au devenir et aux modes de gestion des terres agricoles. La dégradation, l’artificialisation et l’uniformisation de ces espaces sont la cause directe de la perte d’habitat pour ces espèces. En parallèle, le développement de l’agriculture industrielle provoque la disparition de leurs ressources alimentaires, essentiellement des insectes. Ce projet a pour objectif de recréer et protéger, au sein du vignoble Camellu (Balagne), un réseau de corridors écologiques et de mettre en place des modes de gestion favorables aux pies-grièches. ",4335.32,23852399,2104753910,,,SN Biodiversité,Corse,Haute-Corse,2B,87979125900010,VILLANOVA MARC ANTOINE,Entrepreneur individuel,2B049,Calenzana
Pie-grièche et agriculture : Amélioration de l’habitat de la Pie-grièche à tête rousse et de la Pie-grièche écorcheur sur le Domaine Montemagni.,"Les pies-grièches sont largement inféodées aux milieux agricoles en Corse. Leur conservation est intimement liée au devenir et aux modes de gestion des terres agricoles. La dégradation, l’artificialisation et l’uniformisation de ces espaces sont la cause directe de la perte d’habitat pour ces espèces. En parallèle, le développement de l’agriculture industrielle provoque la disparition de leurs ressources alimentaires, essentiellement des insectes. Ce projet a pour objectif de recréer et protéger, au sein du vignoble Montemagni (Nebbiu), un réseau de corridors écologiques et de mettre en place des modes de gestion favorables aux pies-grièches. ",9315.12,23860537,2104745805,,,SN Biodiversité,Corse,Haute-Corse,2B,40001477500011,SCEA MONTEMAGNI,Société civile d'exploitation agricole,2B205,Patrimonio
Atlas de la biodiversité nocturne marseillaise,"Le territoire marseillais accueille près de 6 000 espèces, dont une part importante d’espèces nocturnes. Pourtant, cette biodiversité est aujourd’hui fragilisée par l’urbanisation, l’éclairage artificiel et la fragmentation des milieux. Face à ces pressions, la Ville de Marseille a choisi de consacrer son ABC à la biodiversité nocturne : Chauves-souris, insectes, oiseaux migrateurs, petits mammifères…

En renforcement de la dynamique métropolitaine, l’ABC marseillais vise à compléter les connaissances des continuités écologiques du tissu urbain tout en mobilisant les habitants, en expérimentant des éclairages, et en veillant à la prise en compte durable des enjeux identifiés grâce aux outils de planification, de sensibilisation et de réglementation pour une véritable trame noire marseillaise.

Vers une ville plus sobre, plus vivable, et plus accueillante pour toutes les formes de vie, y compris celles qu’on ne voit qu’à la tombée de la nuit!",236800.00,23863049,,,,SN Biodiversité,Provence-Alpes-Côte d'Azur,Bouches-du-Rhône,13,21130055300016,COMMUNE DE MARSEILLE,Commune et commune nouvelle,13055,Marseille 2e Arrondissement
Préservation des gîtes à Noctule commune en Pays de la Loire,"La Noctule commune est l'une des espèces de chauves-souris les plus menacées en France. Depuis 2022, plusieurs acteurs naturalistes de la région se mobilisent pour mettre en œuvre des actions dont l'objectif est de rétablir dans un état de conservation favorable la population régionale de Noctules communes. Ces actions s'inscrivent dans le cadre d'un plan régional d'actions en faveur de cette espèce.
Au total, ce sont 11 structures qui sont impliquées à différentes échelles : nationale, régionale, départementale et locale. L'objectif principal de ce programme est de protéger les gîtes abritant des colonies de cette chauves-souris grâce à la mise en œuvre d'actions concrètes : porter à connaissance, protection réglementaire des sites, formation des propriétaires et gestionnaires, recherche de nouvelles colonies et de nouveaux sites à enjeux, amélioration de la prise en compte de l'espèce dans le développement de l'énergie éolienne, etc.",39269.00,23877816,2104811444,,,SN Biodiversité,Pays de la Loire,Maine-et-Loire,49,50989477000023,COORDINATION REGIONALE DE LA LIGUE POUR LA PROTECTION DES OISEAUX PAYS DE LA LOIRE,Association déclarée,49007,Angers
Lutte contre les espèces exotiques envahissantes (Baccharis et Herbe de la pampa) sur l'Ile de Noirmoutier - Année 2025,"La Communauté de Communes est engagée depuis plusieurs années dans la lutte contre les espèces exotiques envahissantes : le baccharis et l'herbe de la pampa qui colonisent les zones de marais (salants, ostréicoles, aquacoles) et péri-urbaines. En 2023, la Communauté de Communes a élaboré sa stratégie EEE qui se décline en 3 axes portant sur la connaissance, la prévention et la gestion. En 2025, des interventions d'arrachage sont prévues ainsi qu'une formation pour sensibiliser les acteurs du territoire à la problématique des EEE.
Dans le cadre de la stratégie, les interventions 2025 sont ciblées sur deux sites, à priorité élevée, fortement colonisés par le baccharis. L'intervention sera réalisée par arrachage mécanique et pourra être couplée à de la traction animale ou de l'arrachage manuel. Une réflexion est également engagée avec les sauniers de l'île pour constituer une équipe d'intervention en zone de marais.",10200.00,23882374,,,,SN Biodiversité,Pays de la Loire,Vendée,85,24850019100023,COMMUNAUTE DE COMMUNES DE L ILE DE NOIRMOUTIER,Communauté de communes,85163,Noirmoutier-en-l'Île
Exploitation de la carte CarHab-SAP pour l’analyse d’habitats ciblés,"Objectif :
Ce programme s’inscrit dans la poursuite des travaux initiés dans le cadre du programme conjoint CBN – DREAL d’évaluation des enjeux de préservation des habitats naturels et semi-naturels grâce à la carte CarHab.
Il vise à analyser la répartition et la surface régionale d’habitats ciblés et évaluer sommairement leur état de conservation à l’échelle des polygones, afin de prioriser les actions de protection et de restauration en lien avec la SAP et le règlement européen sur la restauration de la nature.
Les habitats ciblés seront ainsi choisis de préférence au sein des Habitats d’intérêt communautaire (HIC), puis parmi les autres habitats justifiant la création d’Arrêté préfectoral de protection d’habitat naturel.
Afin de produire une information riche et réexploitable, il est nécessaire de réaliser un inventaire des végétations présentes dans chaque polygone prospecté.
",235000.00,23886358,2104711468,,,SN Biodiversité,Hauts-de-France,Nord,59,34402187800014,CENTRE REGIONAL DE PHYTOSOCIOLOGIE,Association déclarée,59043,Bailleul
Mise en place d’une Banque de Semence Conservatoire,"Le Conservatoire botanique national de Mascarin (CBNM) recense 719 espèces de plantes indigènes, dont 59 endémiques de Mayotte (8 %). Cette richesse est en danger: la liste rouge 2014 (UICN, MNHN, CBNM) montre qu'une espèce sur deux est menacée. 
A ces menaces anthopiques s'ajoute le risque naturel. Le cyclone Chido de décembre 2024 a généré des projets de restauration pour lesquels les besoins de ressources semencières se révèlent cruciales. Le présent projet propose donc la mise en place d’une banque de semences conservatoire à Mayotte pour la conservation de la flore menacée. En partenariat avec la Collectivité Départementale de Mayotte et l'ONF, il est proposé de mutualiser l'équipement de la banque de semences conservatoire afin de développer une banque de semences forestière et d'accueillir sur le même site la banque de semences agronomique  (service du Département). ",284439.00,23921982,2104781772,,,SN Biodiversité,Mayotte,Mayotte,976,34067135300050,CONSERVATOIRE BOTANIQUE NATIONAL DE MASCARIN,Association déclarée,97607,Dembeni
Diagnostic territorial pollution lumineuse: Trame étoilée,"Le projet global d’établir un diagnostic territorial de la pollution lumineuse et des trames noires s'inscrit dans le cadre da volonté de la MEL de faciliter et intégrer la prise en compte de la problématique de la pollution lumineuse sur son territoire.
Il a pour objectif d’identifier les trames noires possibles à l’échelle métropolitaine en faisant ressortir des zones à enjeux écologiques, des points de conflits et des zones de restauration de l’obscurité, sur la base d’un travail préalable ayant permis de fournir un état des lieux de la pollution lumineuse sur l’ensemble du territoire métropolitain. 

Il s’agira ensuite e mettre en place ensuite un programme d’actions concerté pour lutter contre la pollution lumineuse, préserver la biodiversité et développer la fonctionnalité des trames. Des recommandations seront établies à destinations des communes, privés, et de la MEL avec un programme d’actions concerté pour leur mise en œuvre. 
",25999.92,23923973,2104886570,,,SN Biodiversité,Hauts-de-France,Nord,59,20009320100081,METROPOLE EUROPEENNE DE LILLE,Métropole,59350,Lille
Réalisation d'un Atlas de la Biodiversité Intercommunal,"La CC Autour de Chenonceaux Bléré-Val de Cher et ses 15 communes membres s’associent pour porter un Atlas de la Biodiversité à l’échelle intercommunale. L’objectif premier est d’améliorer l’état des connaissances de la diversité du vivant sur le territoire, afin de les prendre en compte dans les politiques locales.
L’ABIC va également permettre de développer une dynamique territoriale et des synergies entre acteurs en faveur de la biodiversité, qu’il est souhaitable d’inscrire dans la durée.
C’est ainsi que la réalisation des inventaires s’accompagnera d’une série d’animations, d’actions de sensibilisation et d’une communication auprès de différents publics.
Les résultats de cette mobilisation et des inventaires alimenteront un « plan biodiversité » qui inscrira durablement l’action du territoire en faveur du vivant et permettra à la Communauté de communes de rejoindre le programme « Territoires Engagés pour la Nature ».
",241850.00,23925360,,,,SN Biodiversité,Centre-Val de Loire,Indre-et-Loire,37,24370082000117,CC AUTOUR DE CHENONCEAUX BLERE-VAL DE CHER,Communauté de communes,37027,Bléré
Suivi scientifique post arrachage et poursuite du traitement des espèces végétales exotiques envahissantes,"Le projet de suivi scientifique post arrachage et la poursuite du traitement des espèces végétales exotiques envahissantes à la Parata, s'inscrit dans la continuité de l’appel à projet « Opérations coup de poing » du ministère de la Transition écologique et de la Cohésion des Territoires dont le syndicat mixte du Grand site des Iles Sanguinaires et de la pointe de la Parata a bénéficié entre 2022 et 2024. Ce projet a permis l'élimination massive des tapis de carpobrotus edulis sur le site de la Parata en zones planes et en zones difficiles d'accès ainsi que l'arrachage d'autres EVEE.
Un suivi de biocontrôle doit s'effectuer sur du long terme, jusqu’à épuisement de la banque de graines, avec un passage annualisé avant la période de fructification. Pours les zones en falaise, les repousses étant moins importantes, un passage plus espacé est envisagé.",24166.00,23927853,,239837,Agence de l'eau,SN Biodiversité,Corse,Corse-du-Sud,2A,20006136400010,SYNDICAT MIXTE DU GRAND SITE DES ILES SANGUINAIRES ET DE LA POINTE DE LA PARATA,Syndicat mixte ouvert,2A004,Ajaccio
Fonctionnement et dynamique de l’hydrosystème la Pandanaie - Zone humide de La Réunion,"La Pandanaie est constituée d’une mosaïque d’habitats humides. L’installation de l’homme a engendré des modifications de l’hydrosystème (drainage, urbanisation…). Le fonctionnement hydrogéologique de la Pandanaie est méconnu. Il est essentiel pour la préservation du milieu humide de la Pandanaie et des habitats qui lui sont rattachés de combler ce manque et de comprendre le fonctionnement hydro(géo)logique actuel du site. 
Ce projet a pour objectif de comprendre le fonctionnement et la dynamique de l’hydrosystème la Pandanaie selon les sujets suivants : 
o	Caractérisation des écoulements de surface et identification des axes de drainage
o	Détermination du bilan hydro(géo)logique à l’échelle du site
o	Mesure de l’importance de la contribution des eaux souterraines au fonctionnement du site de la Pandanaie
o	Proposition d’un schéma conceptuel de fonctionnement hydrologique du site actuel et dans un contexte de changement climatique",148237.50,23942194,2104683410,,,SN Biodiversité,La Réunion,La Réunion,974,58205614900120,BRGM,Établissement public national à caractère industriel ou commercial doté d'un comptable public,97406,La Plaine-des-Palmistes
"""L'étang et la Cistude - Un paysage vivant à préserver"" - Protection foncière et sensibilisation pour la préservation des sites prioritaires pour la Cistude d'Europe en Allier.","Le département de l'Allier abrite la plus grande population de Cistude d'Europe de la Région Auvergne Rhône-Alpes, espèce protégée au niveau national et concernée par un Plan National d'Action. Au niveau local, ce petit reptile est une des ""composantes vivantes"" des paysages d'étangs : sa silhouette trapue, qui se réchauffe au ras de l'eau, est aisément reconnaissable. Agir pour la protection de la Cistude d'Europe c'est préserver tout un paysage typique de la Sologne Bourbonnaise et questionner ensemble les questions de préservation de la ressource en eaux et de la Biodiversité de nos territoires. Le CEN Allier propose une action de concertation pour la protection foncière des étangs et habitats associés, sur 4 des 33 périmètres d'intervention prioritaires définis en 2023, dans le cadre de la déclinaison régionale du PNA Cistude. L'objectif visé, mobiliser des outils fonciers forts et mettre en œuvre des plans de gestion et premières actions de restauration.",68297.13,23949754,2104866400,,,SN Biodiversité,Auvergne-Rhône-Alpes,Allier,03,39364958700044,CONSERVATOIRE D ESPACES NATURELS DE L ALLIER,Association déclarée,03102,Dompierre-sur-Besbre
"Le gardiennage de la colonie de Sternes de l’île aux Moutons (Fouesnant-les-Glénan, Finistère) : pour concilier conservation de la nature et fréquentation humaine du littoral","L'île aux Moutons est connue depuis 1945 pour accueillir une colonie plurispécifique de sternes. Les espèces composant cette colonie sont la sterne de Dougall, la sterne Caugek et la sterne Pierregarin. Des limicoles côtiers y sont aussi nicheurs, tels que le Gravelot à Collier interrompu et l'huîtrier pie. Le phoque gris est aussi de plus en plus fréquent, sans pour autant se reproduire.
La sauvegarde des espèces nicheuses sur l'île aux Moutons est assurée depuis plus de 40 ans par la présence de gardiens sur l'île, en continu, au cours de la période sensible, d'avril à août.
Le gardiennage par deux volontaires en service civique permet d'assurer la surveillance du site contre les intrusions, ainsi que la sensibilisation du public, et donc le maintien des espèces nicheuses.
Les suivis annuels et les différentes actions de gestion sont assurées par les gardiens et l'équipe salariée.
",15000.00,23968047,2104775695,,,SN Biodiversité,Bretagne,Finistère,29,77750963900061,BRETAGNE VIVANTE SEPNB,Association déclarée,29019,Brest
Plan d'actions axonais en faveur du Sonneur à ventre jaune_Année 2026,"L'objectif du projet est de préserver sur le long terme les dernières populations de Sonneur à ventre jaune des Hauts-de-France par la mise en place d'études scientifiques, de travaux de restauration de milieux favorables à l'espèce, de conciliation des activités en cours sur les sites et de communication sur les actions en cours.",22992.98,23969700,2104785891,,,SN Biodiversité,Hauts-de-France,Aisne,02,40320217900087,CONSERVATOIRE D ESPACES NATURELS DES HAUTS DE FRANCE,Association déclarée,02203,Coincy
Plans d’adaptation aux changements climatiques de 5 ZPF d'Occitanie selon la méthode régionalisée de Natur'Adapt,"L’objectif est d'élaborer le plan d'adaptation au changement climatique de 5 ZPF en Occitanie  (RNN, RNR, RBI, RNCFS) selon une méthode adaptée du LIFE Natur Adapt. L’originalité de la méthode proposée réside dans l'approche collaborative entre les ZPF et dans l'intégration du plan d'adaptation dans les plans de gestion selon la méthode du CT88. Les gestionnaires concernés aborderont en commun les indicateurs climatiques et leurs modélisations futures (récits climatiques),  le fonctionnement des écosystèmes identifiés comme vulnérables (diagnostic de vulnérabilité et d'opportunité), les stratégies et mesures associées (plan d'adaptation). Les opérations du plan d'adaptation seront construites de sorte à pourvoir être directement mobilisées dans les documents de gestion en fonction de leur avancement (révision, rédaction, évaluation).
Ce projet constitue la 3ième phase de déploiement de la méthode Natur'Adapt en Occitanie (10 RNR entre 2022 et 2025).",74509.21,23970138,2104771306,,,SN Biodiversité,Occitanie,Ariège,09,39330210400053,ANA - CONSERVATOIRE D'ESPACES NATURELS ARIEGE,Association déclarée,09099,Cos
Travaux de restauration des écosystèmes terrestres et Ingénierie de mise en oeuvre 2025,"Le Conservatoire d'espaces naturels de Loir -et-Cher préserve, par maitrise foncière et d'usage, 44 sites dans le département. La présente demande porte sur la programmation et la mise en oeuvre de travaux de restauration et de gestion des écosystèmes terrestres sur 23 sites présentant: 
- des enjeux de conservation des habitats  où habitats d'espèces d'intérêt européen
- des enjeux de conservation d'écosystèmes terrestres abritant des espèces ciblées dans les plans nationaux d'actions (Messicoles, Odonates, Papillons,...)
- des enjeux de conservation  des habitats d'espèces inscrits en danger sur les listes rouges régionales
Associés aux prestations externalisés le temps d'ingénierie à leur mise en oeuvre est également présenté ainsi que l'ingénierie générale aux suivis des travaux financés dans d'autres cadres (contrat Natura 2000, travaux 2024 décalés en 2025) ou réalisés en interne.",90592.96,23977691,2104733082,,,SN Biodiversité,Centre-Val de Loire,Loir-et-Cher,41,40331154100011,CONSERVATION D ESPACES NATURELS DE LOIR ET CHER,Association déclarée,41018,Blois
Protéger les milieux rares de l’Orne - pelouses sèches et zones humides,"Le projet vise à restaurer et préserver neuf sites identifiés comme prioritaires, représentant plus de 100 ha d’habitats à haute valeur écologique, aujourd’hui sans protection forte.
Porté par l’AFFO avec ses partenaires locaux et propriétaires volontaires, le projet associe veille foncière, diagnostic écologique et notices de gestion pour chaque site, selon la méthode CT88, pour l’intégration en Zone de Protection Forte (ZPF).
Des travaux de restauration, débroussaillement, fauche exportatrice, entretien de mares, seront conduits pour rouvrir les milieux dégradés et relancer les dynamiques favorables à la biodiversité.  Le projet mobilisera des outils de préservation comme les ORE ou APPB. Il contribue à renforcer les continuités écologiques et à pérenniser la gestion de sites à enjeu majeur pour le territoire ornais.",100000.00,23998446,2104874215,,,SN Biodiversité,Normandie,Orne,61,41952614000027,ASSOCIATION FAUNE FLORE DE L'ORNE,Association déclarée,61026,Barville
Opération de lutte contre les espèces exotiques envahissantes (EEE) de Jussies en Maine-et-Loire,"Le Département de Maine-et-Loire (CD49) est propriétaire et gestionnaire du domaine public fluvial (DPF) du bassin de la Maine, qui comprend les rivières Maine, Sarthe, Mayenne, Oudon et Loir sur son territoire, ainsi que leurs annexes hydrauliques (boires). Pour l’année 2025 le CD49 prévoit de reprogrammer ses travaux de lutte manuelle contre les 2 espèces de Jussies exogènes (rampante et à grandes fleurs) présente dans ce milieu naturel depuis près de 20 ans. Le mode opératoire est le même que les années précédentes. Ces coûts sont difficiles à supporter en 2025 par le Département en raison d’un contexte budgétaire défavorable. Sans aide financière extérieure, il serait contraint de réduire son effort de lutte pourtant nécessaire pour limiter son impact sur l’écosystème et préserver les usages des cours d’eau : navigation fluviale, agriculture (irrigation et ressuyage des prairies par des réseaux d’annexes hydrauliques), pêche, canoë-kayak.",36686.00,24039660,,REG-2025-03441,Agence de l'eau,SN Biodiversité,Pays de la Loire,Maine-et-Loire,49,22490001900015,DEPARTEMENT DE MAINE ET LOIRE,Département,49007,Angers
Préservation d'une population d’Alysson du Rhône : acquisition de parcelles et lutte contre les espèces exotiques envahissantes sur le massif de Pierre-Aiguille,"Le Massif de Pierre-Aiguille accueille l'une des trois seules stations d'Alysson du Rhône (Alyssum rhodanense) au monde, espèce objet d'un plan national d'action. Ce massif, situé sur la commune de Crozes-Hermitage (Drôme), est également soumis à une forte pression viticole avec le souhait de mise en culture de plusieurs secteurs abritant l'Alysson. Cela met en péril la population locale. Afin d'éviter cette destruction et de garantir le maintien de cette population, le Conservatoire d'Espaces Naturels Rhône-Alpes est sollicité par les acteurs locaux pour racheter 4 parcelles à deux viticulteurs propriétaires qui souhaitent les défricher et les planter. Cet achat permettra au gestionnaire de cet Espace Naturel Sensible local d'engager des actions de maintien des milieux favorables à l’espèce. Cela permettra également le maintien de nombreuses autres espèces floristiques, dont certaines protégées, et faunistiques (lézard ocellé, pollinisateurs, etc.).",41825.92,24043929,2104733867,,,SN Biodiversité,Auvergne-Rhône-Alpes,Drôme,26,39853422200037,CONSERVATOIRE RH ALP ESPACES NATURELS,Association déclarée,26110,Crozes-Hermitage
arrachage d'herbe de la Pampa prairie de Kerloc'h,"La commune de Loctudy est propriétaire des parcelles AV8 et AV21, présentant une surface d’environ 4 000m², situées dans la prairie de Kerloch.
Ces parcelles, et plus particulièrement les berges du ruisseau de Kerloch, sont envahies d’herbe de la Pampa.
La police de l’eau (DDTM29), suite à une visite sur place le 28 janvier 2025, a préconisé l’arrachage de ces herbes pour ne pas gêner l’écoulement de l‘eau
Le projet consiste à dessoucher les herbes de la pampa existantes et de les évacuer en décharge habilitée pour les recevoir.
A la suite de l’arrachage des herbes, la commune prévoit un suivi de la zone pour traiter au fur et à mesure les éventuelles repousses et les réensemencements de la zone",3000.00,24053507,,REG-2025-03016,Agence de l'eau,SN Biodiversité,Bretagne,Finistère,29,21290135900019,COMMUNE DE LOCTUDY,Commune et commune nouvelle,29135,Loctudy
Amélioration des connaissances sur la réserve naturelle régionale Landes et marais de Glomel,"Ce projet vise à actualiser les connaissances de la réserve naturelle et notamment à compléter la partie Diagnostic écologique du prochain plan de gestion 2027-2036 en intégrant les sites visés par l’extension du périmètre proposé au classement en RNR.
Deux axes d'amélioration des connaissances sont ciblés en 2025: la cartographie des végétations et l'amélioration des connaissances entomologiques.
",10437.50,24065640,2104771626,,,SN Biodiversité,Bretagne,Côtes-d'Armor,22,39393524200056,ASSOCIATION DE MISE EN VALEUR DES SITES NATURELS DE GLOMEL,Association déclarée,22061,Glomel
All4Biodiv Amplifier la mobilisation citoyenne en faveur de la biodiversité et renforcer les connaissances des trames écologiques transfrontalières,"Ce projet se déroulera sur 3 années opérationnelles (2026 à 2028). Il vise à renforcer les synergies transfrontalières entre 5 partenaires : Natagora, Naturpuunt, EDEN 62, CEN Champagne-Ardenne et le CEN Hauts-de-France. Il se structure autour de deux volets d’actions complémentaires. Un premier volet qui concerne le renforcement de l’implication citoyenne par le développement d'actions, de formations adaptées à divers publics cibles. Et un second où il s’agira notamment de développer des outils et de mettre en œuvre des actions concrètes en faveur de la
préservation des pollinisateurs en milieu urbain, de la Vipère péliade et d'un réseau de mares présents dans le périmètre du projet.

",200000.00,24068298,2104795986,,,SN Biodiversité,Hauts-de-France,Somme,80,40320217900087,CONSERVATOIRE D ESPACES NATURELS DES HAUTS DE FRANCE,Association déclarée,59606,Valenciennes
Renforcer l’attractivité des ZAC pour les pollinisateurs sur le territoire d’Angers Loire Métropole,"Les ZAC à l'est d’Angers (Saint-Barthélemy, Verrières en Anjou) possèdent des dépendances vertes (publiques et privées) de grande taille permettant un projet avec un gain important pour les pollinisateurs et la biodiversité.
Secteur non agricole pouvant s’articuler avec les éléments de la Trame verte et bleue qui forment un corridor Nord/sud à l’est d’Angers
Objectifs du projet : 
- Sensibiliser les services d’ALM et les entreprises à la gestion des dépendances vertes de façon favorable aux pollinisateurs.
- Améliorer la gestion des espaces verts présents dans les ZAC (espaces publics et privés) pour rendre durablement ces milieux favorables aux pollinisateurs. 
- Obtenir une continuité écologique des milieux favorables aux pollinisateurs au sein des ZAC
- Compléter les connaissances acquises dans le cadre de l’ABCi actuellement en cours sur ALM (validé par le Comité de Sélection National le 5 juin 2023)",8700.00,24070488,,,,SN Biodiversité,Pays de la Loire,Maine-et-Loire,49,24490001500011,COMMUNAUTE URBAINE ANGERS LOIRE METROPOLE,Communauté urbaine,49007,Angers
ATLAS DE LA BIODIVERSITE COMMUNALE DE LOUVIERS,"L’Atlas de la Biodiversité Communale (ABC) de Louviers s’inscrit dans la dynamique de la grande cause municipale 2025 : La Nature en ville. Il vise à mieux connaître la faune, la flore et les milieux naturels présents sur le territoire, pour mieux les préserver. L’ABC permettra d’identifier les réservoirs de biodiversité, de cartographier les trames écologiques et de construire des indicateurs de suivi afin d’évaluer l’impact des politiques d’aménagement. Il permettra d’intégrer la préservation de la biodiversité dans l’OAP Trame Verte, Bleue et Noire pilotée par l’Agglomération Seine-Eure. Ce projet se veut aussi participatif et pédagogique : des animations sont prévues à destination des habitants, des scolaires, des élus et des professionnels. L’ABC servira ainsi de socle à un plan d’actions ambitieux et partagé, pour inscrire durablement la biodiversité au cœur du développement du territoire.",51391.20,24080260,,,,SN Biodiversité,Normandie,Eure,27,21270375500018,COMMUNE DE LOUVIERS,Commune et commune nouvelle,27375,Louviers
Projet d’Acquisition de l’étang de Larrazieu dans l’Armagnac,"Situé à Mauléon d’Armagnac (32) au voisinage du département des Landes, il s’agit de l'acquisition de l’étang principal de la ZNIEFF « Étangs des landes de Larrazieu » d’une superficie de 86,25 ha. Il est ainsi formulé : « L’étang de Larrazieu fait partie des vieux étangs de l’Armagnac créés par les moines dans le haut Moyen Âge, et apparait sur les cartes de Cassini ». (Coordonnées 43.927157 ; – 0.177793).",97250.00,24091654,2104795161,,,SN Biodiversité,Occitanie,Gers,32,32316822900033,NATURE EN OCCITANIE,Association déclarée,32243,Mauléon-d'Armagnac
Appui aux stratégies territoriales de préservation des zones humides dans les Hauts-de-France - Evaluation de l’altération des milieux humides probables,"Le Forum des Marais Atlantiques est l’un des 5 pôles relais zones humides (PRZH) en France, il couvre la façade Atlantique et le secteur Manche-Mer-Nord. A ce titre les Hauts-de-France bénéficient de l’ancrage territorial du seul PRZH basé dans la région, à Saint-Omer. Ainsi le FMA concoure activement au déploiement des politiques publiques en faveur des zones humides. Il est partie intégrante de l’ARB, au travers du réseau régional Ramsar, seul réseau à ce jour constitué régionalement et au travers de la boîte à outils BIMH-BAP, déclinaison de la démarche nationale MhéO. Le projet vise à consolider cet appui territorial tout en poursuivant le déploiement d'une méthode d'évaluation sur l’altération des zones humides sur la région Hauts-de-France. Ce projet permettra aux collectivités de disposer d'un outil d'aide à la décision afin de définir une stratégie et des priorités d’actions selon les enjeux de leurs territoires.",146295.01,24095728,2104842836,,,SN Biodiversité,Hauts-de-France,Pas-de-Calais,62,25171039800016,SYND MIXTE FORUM DES MARAIS ATLANTIQUES,Syndicat mixte ouvert,62765,Saint-Omer
"Animation d’un réseau d’éducation à la biodiversité sur les espèces menacées (PNA), les aires protégées, les continuités écologiques et les espèces exotiques envahissantes (EEE)","Le projet « Animation d’un réseau d’éducation à la biodiversité sur les espèces menacées (PNA), les aires protégées, les continuités écologiques et les espèces exotiques envahissantes (EEE) » se décline en plusieurs actions : 
- Coordonner les parcours Super Espèce
- Consolider le réseau des acteurs de l'EEDD.

Les deux actions proposées dans ce projet sont complémentaires. Le déploiement des parcours sensibilisant sur des espèces à enjeux, seront l’occasion de développer les compétences des éducateurs à la nature, notamment à travers des formations ; de valoriser les outils existants, voire en développer au fil des besoins et au service des 11 PRA des Hauts-de-France qui ont tous une dimension éducation dans leur mise en œuvre. Les parcours bénéficieront aussi de la force du réseau d’Éducation à la Nature pour leur déploiement sur le territoire, et des outils existants.
",255229.00,24103826,2104697076,,,SN Biodiversité,Hauts-de-France,Nord,59,42939553600023,GRAINE HAUTS DE FRANCE,Association déclarée,59350,Lille
"Actions de restauration et mesure de l'état de conservation des pelouses et prairies sur sable de la RNN de St-Mesmin, par l'étude des orthoptères.","LNE est gestionnaire de la RNN de Saint-Mesmin. Les pelouses et prairies sur sable (d'intérêt européens, vulnérables en région CVL) sont des habitats prioritaires dans le plan de gestion 2023-2032. L'enjeu est de restaurer ces habitats et de mesurer leur état de conservation, grâce à des indicateurs.
Ces milieux abritent de nombreuses espèces botaniques patrimoniales. Différents modes de gestion ayant déjà été appliqués, le projet vise à mesurer l'état de conservation des milieux ouverts de la RNN, par l'étude des Orthoptères, espèces très réactives à l'évolution des milieux afin d'évaluer l'efficacité des techniques employées. Le projet vise aussi à poursuivre la restauration des habitats herbacés sur sable : broyage des rémanents avec export (apport financier de Rte), broyage de la fruticée (réalisée gracieusement par le Pôle de la DDT).",5000.00,24108951,2104733086,,,SN Biodiversité,Centre-Val de Loire,Loiret,45,30900082600037,LOIRET NATURE ENVIRONNEMENT,Association déclarée,45298,Saint-Pryvé-Saint-Mesmin
Actions complémentaires au PNA Aigle de Bonelli,"Le projet se décompose en 4 axes :
1. Améliorer la connaissance sur le régime alimentaire par le déploiement de pièges photos à l'aire pendant la période de reproduction (2 à 4 sites).
2. Poursuivre la mise à jour de la zone de référence à partir des données télémétriques : équipement de 4 adultes cantonnés.
3. Appui au suivi démographique par le renforcement des lectures de bagues. 
4. Déploiement de panneaux règlementaires dans 4 Arrêtés de Protection de Biotope Aigle de Bonelli afin de favoriser la mise en œuvre d’opérations de contrôles, sensibilisation et verbalisation par les services compétents (OFB, ONF, Polices rurales).

Les actions s’inscrivent dans un objectif d’ouvrir la proposition d’action concrètes de conservation notamment aux gestionnaires de sites Natura 2000 concernés par l’Aigle de Bonelli, afin de poursuivre l’amélioration de la situation de la population française.

",74800.00,24160832,2104718453,,,SN Biodiversité,Occitanie,Hérault,34,38464393800051,CONSERVATOIRE D ESPACES NATURELS D OCCITANIE,Association déclarée,34172,Montpellier
Mise en œuvre d’actions du Plan Régional d'Actions en faveur des Chiroptères en Auvergne,"La préservation des chiroptères est le cœur d'action de l'association Chauve-Souris Auvergne. Ce projet a pour ambition d’œuvrer à une meilleure prise en compte des espèces et de leurs habitats à l'échelle du territoire auvergnat. Si certains acteurs (ex: gestionnaires d'espaces naturels) ont bien identifié ce sujet, il convient de ne pas négliger l'ensemble des acteurs pouvant impacter les chiroptères (acteurs publics, porteurs de projets privés, propriétaires de sites…). C'est pourquoi l'association tient à inclure, accompagner et mobiliser un maximum d'acteurs du territoire pour une meilleure prise en compte de cet enjeu via le projet proposé. Celui-ci est composé de 4 actions : la recherche d'une colonie de Grand Rhinolophe dont le gîte a disparu, la synthèse des connaissances sur la Grande Noctule, le toilettage et la migration de la base de données de l'association, la sensibilisation d'acteurs du territoire à la prise en compte de l'enjeu chiroptères.",18000.00,24203400,2104769106,,,SN Biodiversité,Auvergne-Rhône-Alpes,Puy-de-Dôme,63,50798336900046,CHAUVE SOURIS AUVERGNE,Association déclarée,63261,Orbeil
Etude pour la conservation de la biodiversité végétale et fongique de la Réserve naturelle nationale du Courant d’Huchet dans le cadre de son plan de gestion,"Afin de permettre la gestion et la conservation des enjeux de biodiversité végétale et fongique dans le cadre du Plan de gestion de la Réserve naturelle nationale (RNN) du Courant d'Huchet, la présente étude vise à réaliser une étude complète d’inventaire, de cartographie au 1:10 000 et de bioévaluation sur la flore, la fonge, les végétations et les habitats naturels de la réserve. Cette étude vise également l'étude du fonctionnement écologique du site, la formulation de préconisations de gestion des enjeux identifiés, et intègre un appui à la gestion et à la mise en place de suivis des espèces, végétations et habitats à enjeux ou indicateurs du fonctionnement écologique du site.",48000.00,24203431,2104750118,,,SN Biodiversité,Nouvelle-Aquitaine,Landes,40,20000317600019,CONSERVATOIRE BOTANIQUE SUD-ATLANTIQUE,Syndicat mixte ouvert,40150,Léon
Centraliser et prioriser les actions pour améliorer et étendre les habitats favorables du Grand tétras dans les Pyrénées françaises,"La Stratégie Nationale Grand Tétras vise, via l'action 3.6, à réduire les facteurs de mortalité d'origine anthropique liés aux collisions de ces oiseaux avec les câbles de remontées mécaniques et les clôtures. Cet impact peut être diminué grâce à des systèmes de visualisation. Il apparait nécessaire de prioriser les linéaires les plus dangereux et d'animer le réseau d'acteurs pour favoriser la mise en place de visualisateurs. De plus, le Grand tétras est particulièrement sensible au dérangement, la mise en place de zones de quiétude permet de réduire les interactions avec les activités de pleine nature et nécessite un porté à connaissance aux usagers de la montagne. Enfin, l’évaluation de la SNGT soulignait la nécessité de centraliser les travaux d’amélioration d’habitats réalisés pour mieux les quantifier et qualifier. 
Ainsi toutes les actions de conservation pour le Grand tétras seront regroupées et disponibles en ligne grâce à ce projet.",44106.00,24203583,2104831495,,,SN Biodiversité,Occitanie,Haute-Garonne,31,41946094400012,OBSERVATOIRE DES GALLIFORMES DE MONTAGNE,Association déclarée,31555,Toulouse
"Actions de préservation du site ENS ""Le Lac d'Or"" Saint Ouen de Mimbré","Un ensemble de parcelles, dont le département est propriétaire, est classé ENS. Le site est riche en biodiversité et en réserve naturelle d'eau. Le site est l'habitat d'un couple de faucons pèlerins. Plusieurs milieux naturels avec un potentiel en biodiversité ont été identifiés.
Le projet envisagé est la réalisation d'un plan de gestion au regard de la politique ENS du CD72 avec l'identification des enjeux sur la base d'un diagnostic écologique et socio-économique ainsi qu'un accompagnement dans le choix des objectifs et du programme d’actions à mener sur le site, à 10 ans. A la suite de cette étape, des travaux de restauration seront menés, notamment avec l’objectif de renaturation sur les zones les plus anthropisées. Un volet valorisation pour sensibiliser le public aux enjeux de biodiversité est étudié. Il sera proposé aux services préfectoraux d'étudier la possibilité d’un arrêté de protection de biotope pour le couple de faucons pèlerin. 
",45000.00,24237016,2104825048,,,SN Biodiversité,Pays de la Loire,Sarthe,72,22720002900014,DEPARTEMENT DE LA SARTHE,Département,72305,Saint-Ouen-de-Mimbré
"Programme de protection, restauration et gestion des marais de l'île d'Yeu","Le programme vise la protection, la restauration et la gestion des six marais arrière-littoraux de l'île d'Yeu, en co-portage entre la Commune, le CEN Pays de la Loire et le Département de la Vendée. Après une première phase menée de 2019 à 2023 (diagnostics et premiers travaux sur le marais de la Guerche), le projet poursuit les actions engagées avec une approche élargie à l’ensemble des marais. Il inclut études écologiques, hydrauliques et fonctionnelles, restauration des milieux (curage, fauche, lutte contre espèces invasives), suivis naturalistes, valorisation pédagogique (observatoire, panneaux), et structuration de la gouvernance (comité partenarial). L’objectif est d’élaborer un plan de gestion global, préserver la biodiversité, développer des usages agricoles compatibles et sensibiliser le public à ces milieux menacés, dans le cadre d’une convention 2025-2030.",20000.00,24242979,2104815391,,,SN Biodiversité,Pays de la Loire,Vendée,85,80944065400055,CONSERVATOIRE D'ESPACES NATURELS DES PAYS DE LA LOIRE,Association déclarée,85113,L'Île-d'Yeu
Réalisation d'opérations de gestion renforcée sur les pelouses calcicoles de la Réserve Naturelle Nationale des Vallées de la Grand-Pierre et de Vitain,"Créée en 1979, la Réserve Naturelle Nationale des vallées de la Grand-Pierre et de Vitain est un territoire de 298 hectares, situé dans le Loir-et-Cher (41) en région Centre-Val de Loire, sur les communes d’Averdon et de Marolles. Le 6ème plan de gestion 2021-2030 de la réserve naturelle voit comme objectifs principaux la restauration et la gestion de la zone humide, l’augmentation de la surface des pelouses sèches, le suivis de de la flore et des bryophytes patrimoniaux, la recaractérisation des sols et la localisation précise des structures archéologiques de la réserve. 2020 et 2021 ont permis la réouverture de certaines lisières de pelouses calcicoles de la réserve. Aujourd’hui, la gestion doit être appuyée par des fauches ou girobroyages ciblés sur certaines pelouses.",16340.86,24255822,2104733081,,,SN Biodiversité,Centre-Val de Loire,Loir-et-Cher,41,30482853600025,COMITE DEPART PROTEC NATURE ENVIRONNEMEN,Association déclarée,41128,Marolles
Accompagnement de la mise en œuvre et de l’animation du plan d’action territorial 2025-2027 de la Stratégie nationale pour les aires protégées 2020-2030 de la région Provence-Alpes-Côte-d’Azur ,"Suite au courrier du secrétaire d’Etat établissant les modalités de gouvernance pour l’élaboration et le suivi de plans d’actions territoriaux (PAT) de la Stratégie Nationale des Aires Protégées, La DREAL PACA a élaboré un PAT, pour la partie terrestre, en lien avec l’ensemble des acteurs dont la Région, ce plan pour la région Provence Alpes Côte d’Azur, finalisé fin 2022. Avec l’appui de l’ARBE, le travail d’animation et de bilan de ce premier PAT 2022-2024 a pu être mené. L’ARBE est également co-rédactrice, aux côtés de la DREAL et de la Région, du nouveau PAT 2025-2027. Sur la même période, l’ARBE a porté plusieurs actions du plan. Au regard du travail déjà mené par l’ARBE et des ambitions affichées dans le prochain PAT, il apparait pertinent que l’ARBE, collectif régional et opérateur en matière de biodiversité puisse continuer à appuyer les services de l’État et les collectivités dans la mise en œuvre du PAT.",157157.00,24255938,2104799890,,,SN Biodiversité,Provence-Alpes-Côte d'Azur,Bouches-du-Rhône,13,25130109900049,AGENCE REGIONALE DE LA BIODIVERSITE ET DE L'ENVIRONNEMENT PROVENCE-ALPES-COTE-D'AZUR,(Autre) Établissement public administratif local,13055,Marseille 1er Arrondissement
Contribution à la création et à l'extension de zones de protection fortes (ZPF),"Pour permettre l'atteinte des objectifs de la SNAP, le CEN Normandie souhaite engager un travail de mise sous protection forte des sites dont il assure la gestion et mobilise le fonds vert pour à la fois augmenter le nombre d'aires protégées/zones de protection forte, étendre la surface des aires protégées/zones de protection forte existantes et contribuer à la restauration des écosystèmes concernés. Sur la période 2025-2026, le projet propose une première phase d’un travail voué à se poursuivre jusque 2030 au moins. Cette première phase consiste à éprouver une méthodologie pour produire une première sélection de sites proposée à la labellisation en Zone de Protection Forte (ZPF) et, en corolaire, à mener un ensemble d’actions pré-requises pour permettre ces labellisations : réalisation de documents de gestion, gestion de sites et animation territoriale.",165000.00,24257137,2104877784,,,SN Biodiversité,Normandie,Seine-Maritime,76,39409879200051,CONSERVATOIRE D ESPACES NATURELS DE NORMANDIE,Association déclarée,76681,Sotteville-lès-Rouen
Aménagements de dispositifs de franchissement d'ouvrages hydrauliques favorables aux Loutres d'Europe et autres mammifères semi-aquatiques,"Le projet consiste à aménager des ouvrages d'art départementaux considérés prioritaires pour rétablir leur franchissement par la Loutre d'Europe, espèce disposant d'un Plan National d'Actions et autres mammifères semi-aquatiques.
Les aménagements consisteront en l'installation de banquettes béton ou de passerelles en encorbellement selon les ouvrages considérés et la faisabilité technique de chaque ouvrage. Afin d'attester de l'opérationnalité des travaux, une campagne de suivi par pièges photographiques et recherche d'indices de présence est associée à ce programme.
3 ouvrages seront équipés en 2025. Cela s'inscrit dans la continuité de la réussite des aménagements précédents, notamment de la première programmation 2023-2024 soutenue par le Fonds Vert 2023.",56120.00,24262126,,1116454,Seine-Normandie,SN Biodiversité,Bourgogne-Franche-Comté,Nièvre,58,22580001000012,DEPARTEMENT DE LA NIEVRE,Département,58113,Fertrève
Travaux en faveur de la restauration écologique de milieux naturels et de la trame verte et bleue,"Le Parc envisage de confier au Chantier d’insertion de Chantilly, pour les années 2026, 2027 et 2028,  des travaux de restauration écologique de milieux naturels (pelouses, landes, mares et marais).

Les études menées par le PNR et ses partenaires ont identifié des enjeux ""pelouses sèches"" de différents secteurs. Des actions de fauche, débrouillage et arrachage de ligneux seront réalisées. Ces 3 années, les sites suivants seront concernés : pelouses de Comelles, ancien terrain de manoeuvre à Senlis, pelouse de la chaussée à Gouvieux, pelouse du bois de Bonnet, Butte d'Aumont.

Des actions seront menées sur les propriétés du syndicat mixte : pelouse et prairies de la Maison du Parc, marais d'Avilly.

Des actions d'arrachage d'espèces invasives sont envisagées, concernant Aster lanceolatus, Phytolacca americana, Robinia pseudoacacia.

Le chantier d'insertion aura en charge l'installation de bâches pour la protection des amphibiens, sur plusieurs sites.

",44000.00,24262483,,1115347,Agence de l'eau,SN Biodiversité,Hauts-de-France,Oise,60,25600563800034,SYND MIXTE GESTION PARC NATUREL REG OISE,Syndicat mixte ouvert,60482,Orry-la-Ville
Programme de conservation de la flore et édition d’un ouvrage sur la flore du PNR – 2026-27,"Depuis 2005, le Parc Naturel régional Oise – Pays de France a engagé des actions qui ont pour objectifs, d'une part, d'améliorer les connaissances sur la flore de son territoire (synthèse bibliographique, inventaire…) et d'autre part, de préserver des sites remarquables.
Les bilans effectués, notamment dans le cadre des travaux de révision de la Charte du Parc, ont permis de mettre en évidence la nécessité de mettre en œuvre des opérations spécifiques : recherche de stations, récolte de semences, actions de renforcement…) pour la conservation de la flore menacée.
En outre, les nouvelles connaissances sur la flore et l’élaboration en 2024 d’une stratégie de conservation de la flore de la région Hauts-de-France par le CBNBl rendent nécessaire la production d’un catalogue de la flore et d’une hiérarchisation des enjeux.
Enfin, l'ensemble de ces connaissances donneront lieu à la production d'un ouvrage sur la flore du territoire.
",87158.00,24265619,,1115347,Agence de l'eau,SN Biodiversité,Hauts-de-France,Oise,60,25600563800034,SYND MIXTE GESTION PARC NATUREL REG OISE,Syndicat mixte ouvert,60482,Orry-la-Ville
Animation d’un dispositif d’intervention et de formation du Collectif d’Intervention et d’Animation des Espèces exotiques envahissantes,"Le projet vise à mettre en place un poste relatif contribuant à l’animation du CIA que ce soit sur de l’intervention, de la lutte, de la formation ou de la sensibilisation.  ",290000.00,24269101,2104752286,,,SN Biodiversité,Hauts-de-France,Somme,80,40320217900087,CONSERVATOIRE D ESPACES NATURELS DES HAUTS DE FRANCE,Association déclarée,80131,Boves
Maintien de deux binômes de gardes animateur au sein de l'équipe gestionnaire de la Réserve nationale de la plaine des Maures,"Le maintien de cette force de surveillance est indispensable au bon fonctionnement de la réserve nationale, au contrôle des usages, et à l’accompagnement des projets agricoles et forestiers dans un cadre conforme aux objectifs du plan de gestion et à la stratégie de surveillance en cours d’élaboration. 

Le fonds Vert 2024 nous a permis d'acquérir du matériel, de lancer l'élaboration de la stratégie de surveillance de la RNN (fin prévue octobre 2025), initier un partenariat sur la police de l'environnement avec l’ONF, assurant une présence de surveillance les dimanches et en soirée, en complément des équipes internes et d'embaucher en CDD, 2 gardes animateurs pour 16 mois et un autre pour 9 mois. L'objectif grâce à cette demande est de maintenir l'emploi en CDD de ces trois gardes animateurs pour 18 mois supplémentaires. ",196824.00,24270139,2104797339,,,SN Biodiversité,Provence-Alpes-Côte d'Azur,Var,83,77566275200051,SOC NATIONALE PROTECTION DE LA NATURE,"Association déclarée, reconnue d'utilité publique",75056,Paris 14e Arrondissement
"Elaboration de 15 Plans de gestion des sites du Conservatoire, concertation et mise en œuvre","La présente proposition concerne la réalisation de 15 plans de gestion de sites gérés par le conservatoire. La rédaction, l’évaluation et l’actualisation de ces documents de planification sont un préalable indispensable à l’intervention du gestionnaire de sites naturels afin de garantir la pertinence et l’évaluation de son action. Le projet concerne également une demande de soutien à la concertation préalable des usagers des sites et la mise en oeuvre des premières actions de protection, de restauration, de connaissance et de valorisation de la biodiversité qu’abritent ces espaces naturels. Ces 15 plans de gestion proposés permettront la concertation nécessaire au renforcement du statut de protection de ces espaces naturels, dans l’objectif de passer en aire de protection forte.
Ce projet concoure à la Mise en oeuvre de la SNAP, un plan de gestion d’espace naturels garantissant une gestion efficace et pérenne.
",204200.00,24282360,2104797792,,,SN Biodiversité,Provence-Alpes-Côte d'Azur,Alpes-de-Haute-Provence,04,34074704700033,CONSERVATOIRE D ESPACES NATURELS PROVENCE ALPES COTE D AZUR,Association déclarée,84082,Mormoiron
Contribution à la SNAP pour la maîtrise foncière de la propriété de Jansiac,"Le présent projet a pour objectif l’acquisition, la protection, la restauration et la gestion de la propriété de Jansiac (Alpes de Haute-Provence) d'une surface de 306 ha et contribuer ainsi à la mise en œuvre de la stratégie nationale pour les aires protégées.
Les résultats attendus sont :
•	Résultat 1 : La protection durable de la propriété de Jansiac via l'acquisition par le CEN PACA.
•	Résultat 2 : Le suivi écologique des écosystèmes permettant d’évaluer l’efficacité de la restauration et de la gestion.
•	Résultat 3 : La restauration des mares et de l'étang par des travaux de curage, d'étanchéification, de stabilisation des berges.
•	Résultat 4 : La réduction des nuisances et du risque incendie par l'évacuation du matériel accumulé depuis 50 ans (métaux, pneus, plastiques, etc.) et également éviter la pollution des sols.
•	Résultat 5 : L’intégration du projet dans le territoire et le retour d’expérience du projet.",77961.00,24282385,,240968,Rhône-Méditerranée-Corse,SN Biodiversité,Provence-Alpes-Côte d'Azur,Alpes-de-Haute-Provence,04,34074704700033,CONSERVATOIRE D ESPACES NATURELS PROVENCE ALPES COTE D AZUR,Association déclarée,04051,Châteauneuf-Miravail
Chiroptères cavernicoles prioritaires en Nouvelle-Aquitaine,"Afin de répondre aux objectifs affichés de l’Europe, de l'Etat et de la Région Nouvelle-Aquitaine en matière d’évaluation et de protection de la biodiversité, France Nature Environnement Nouvelle-Aquitaine, ses associations membres et affiliées, ainsi que l'ensemble des structures travaillant sur les chiroptères en Nouvelle-Aquitaine, proposent le programme ""Chiroptères cavernicoles prioritaires en Nouvelle-Aquitaine"".
Unique en Europe par son ampleur et la diversité des thèmes abordés, il constitue un des plus vastes programmes d’étude et de conservation des chiroptères, précieux alliés de l’agriculture et indicateurs des changements globaux. Il vise notamment l'amélioration des connaissances, en partenariat avec le monde scientifique, pour préserver 7 espèces cavernicoles jugées prioritaires dont le Grand Rhinolophe, contribuant à la déclinaison de plusieurs actions du Plan Régional d’Actions en faveur des Chiroptères en Nouvelle-Aquitaine. 

",50000.00,24285421,2104681049,,,SN Biodiversité,Nouvelle-Aquitaine,Charente,16,81955380100013,FRANCE NATURE ENVIRONNEMENT NOUVELLE AQUITAINE (FNE NOUVELLE AQUITAINE),Association déclarée,16188,Le Lindois
Actions en faveur du Puffin des Baléares en Vendée,"De juin à octobre le Puffin des Baléares est rencontré régulièrement sur le littoral vendéen et à proximité de l’île d’Yeu, avec des effectifs de quelques dizaines à des centaines d’individus. Les suivis télémétriques réalisés en 2022 et 2023 dans le cadre du PNA, mais aussi les survols aériens digitaux menés dans le cadre du site Natura 2000, ont également montré que la zone était particulièrement fréquentée. Dans le cadre du PNA Puffin des Baléares et du Docob du site Natura 2000, la réduction des pressions de dérangement apparait comme un enjeu majeur. 
Dans un premier temps, ce projet vise à : 
- caractériser la fonctionnalité de la zone pour le Puffin des Baléares, notamment du point de vue de la ressource alimentaire et de l'interaction avec les bateaux de pêche (volet 1)
- étudier le comportement des plaisanciers face aux radeaux de Puffin des Baléares afin d'identifier les activités concernées (volet 2). 
Ces deux premières actions permettront de contacter le public concerné par le Puffin des Baléares afin d'échanger sur les enjeux de conservation, les contraintes techniques de chaque partie et les mesures de réduction des pressions possibles (volet 3). ",29150.00,24290247,2104822694,,,SN Biodiversité,Pays de la Loire,Vendée,85,40431392600044,LIGUE POUR LA PROTECTION DES OISEAUX,Association déclarée,85113,L'Île-d'Yeu
Concertation sur le projet de la RNN de Jujols/Olette par extension de la RN de Jujols,"Le projet vise à étendre la Réserve Naturelle Nationale de Jujols à la commune d’Olette, en réponse à son intérêt écologique reconnu. Malgré un fort soutien scientifique et local, le projet est resté en suspens, d’où la nécessité d’une concertation inclusive. Porté par la FRNC et l’OFB, il s’inscrit dans la Stratégie nationale pour les aires protégées. Trois phases sont prévues entre 2025 et 2028 : analyse préalable et cartographie des acteurs, co-construction de la vision territoriale via des ateliers, puis validation du projet avant enquête publique. Objectifs : favoriser la biodiversité, renforcer l’ancrage territorial et intégrer les usages locaux. Le budget prévisionnel s’élève à 123 274 €, financé à 88,64 % par le Fonds Vert. Le projet entend concilier préservation environnementale, développement local et dialogue territorial.",109274.40,24294836,2104748726,,,SN Biodiversité,Occitanie,Pyrénées-Orientales,66,39092382900043,FEDERATION DES RESERVES NATURELLES CATALANES,Association déclarée,66149,Prades
Mares et Amphibiens – Améliorer la qualité des habitats de reproduction des Amphibiens,"Les mares sont des réservoirs de biodiversité dont les amphibiens sont emblématiques. Ces zones humides sont en voie de disparition et souvent dans un mauvais état écologique.
Le CPIE Loire Océane, engagé depuis 12 ans pour la préservation des mares et des amphibiens propose un programme de création/restauration de 12 mares sur son territoire d'action en 2025 et 2026.
La plupart des projets mares sont déjà connus du CPIE grâce aux contacts directs de propriétaires, aux liens avec d'autres programmes existants dans les collectivités et à la finalisation d'un Atlas de Biodiversité Communale à Savenay.
Le projet prévoit plusieurs axes d'intervention : 
- Inventaires faune/flore avant et après travaux
- Accompagnement des propriétaires pour le définition des projets et le suivi des travaux
- Mobilisation, sensibilisation et formation de publics divers à la connaissance et la préservation des mares et des amphibiens
- Amélioration et partage des connaissances acquises au cours du programme",33744.00,24298964,,,,SN Biodiversité,Pays de la Loire,Loire-Atlantique,44,79043258700034,LOIRE OCEANE ENVIRONNEMENT,Association déclarée,44069,Guérande
Déclinaison du PNA saxifrage oeil de bouc et du PNA saxifrage rupestre,"Au 1/1/2026, l’association CBNFC ORI transférera à l’EPCE CBNBFC ORI la coordination des deux PNA flore suivants :
· Plan national d’actions 2021-2027 pour le rétablissement de Saxifraga hirculus L.
· Plan National d’actions 2026-2030 en faveur de 4 taxons de saxifrage rupestre
Ce projet prévoit la déclinaison des actions de ces 2 PNA pour la période 2026-2028",89675.00,24300868,2104825580,,,SN Biodiversité,Bourgogne-Franche-Comté,Doubs,25,94416263500014,CONSERVATOIRE BOTANIQUE NATIONAL DE BOURGOGNE-FRANCHE-COMTE - OBSERVATOIRE REGIONAL DES INVERTEBRES,(Autre) Établissement public administratif local,25259,Frasne
Assurer une maitrise foncière afin de préserver les habitats de la zone humide du Lac de Bonne Cougne,"Le site de Bonne-Cougne, autour du lac du même nom, est une zone humide parmi les derniers lacs temporaires méditerranéens du Centre Var. Le site abrite un complexe de milieux naturels et d’espèces de très grand intérêt patrimonial. Le Conservatoire est impliqué depuis plus de vingt ans dans la préservation des enjeux écologiques des marais temporaires du Centre-Var. Par l'acquisition foncière de 25 ha de parcelles autour du lac de Bonne-Cougne et la gestion écologique de ce site, le projet participe à la mise en oeuvre de la stratégie nationale pour les aires protégées. ",68065.00,24307414,2104793209,,,SN Biodiversité,Provence-Alpes-Côte d'Azur,Var,83,34074704700033,CONSERVATOIRE D ESPACES NATURELS PROVENCE ALPES COTE D AZUR,Association déclarée,83067,Gonfaron
Acquisition de parcelles forestières – Forêt d’Ulysse à Lepuix,"Le projet concerne l'acquisition de deux parcelles forestières par le Conservatoire d'espaces naturels de Franche-Comté, sur la communes de Lepuix dans le département du Territoire de Belfort. L'achat par le CEN Franche-Comté en pleine propriété des parcelles a pour objectif une préservation pérenne de ces milieux naturels remarquables.
cf dossier de description",211200.00,24310067,2104752650,,,SN Biodiversité,Bourgogne-Franche-Comté,Territoire de Belfort,90,39211387400052,CONSERVATOIRE D ESPACES NATURELS DE FRANCHE COMTE,Association déclarée,90065,Lepuix
COGIR – Concertation pour la Gestion intégrée des Îlets de Rémire ,"Le projet a pour objectif de réaliser et de mettre en œuvre le plan de gestion des îlets de Rémire, récemment confiés au GEPOG. En s’appuyant sur le document élaboré en 2010 par l’ONF, ce plan stratégique vise à actualiser le diagnostic écologique et à définir, en concertation avec les acteurs locaux, les actions à mettre en place à court, moyen et long terme. Une réflexion collective sera menée pour définir les usages, enjeux et besoins de la zone marine adjacente, avec l’objectif d’étendre la gestion à cet espace. Un comité de pilotage regroupant les principales parties prenantes supervisera la rédaction et la validation du plan. Parallèlement, des actions de surveillance, de sensibilisation et de valorisation (animations, outils pédagogiques, communication) seront menées pour amorcer la gestion courante des îlets et renforcer les partenariats existants.",58693.57,24327540,2104862643,,,SN Biodiversité,Guyane,Guyane,973,39171118100043,GROUPE ETUDE PROTECTION OISEAUX GUYANE,Association déclarée,97302,Cayenne
Restauration et investissements dans les espaces protégés gérés par le Conservatoire d’espaces naturels en Pays de la Loire,"47 sites naturels placés sont gérés par le Conservatoire d'espaces naturels qui couvrent 5 046 hectares en Pays de la Loire (dont 714 hectares hors terrains militaires). D’autres sites sont en cours d’acquisition et de contractualisation, avec une sollicitation du Fonds vert. 
Sur ces sites déjà gérés ou en cours d’acquisition foncière ou de contractualisation, et notamment dans le cadre des Plans de gestion des sites élaborés ou en cours d’élaboration (avec le soutien du Fonds vert 2023 et 2024), il y a un enjeu à engager des opérations de restauration, d’investissement, d’aménagement ou d’équipement.
Le projet vise à soutenir la restauration de 560 hectares d'espaces naturels, dans des zones ayant vocation à être reconnues comme des zones de protection forte. ",144880.00,24345222,2104817875,,,SN Biodiversité,Pays de la Loire,Loire-Atlantique,44,80944065400055,CONSERVATOIRE D'ESPACES NATURELS DES PAYS DE LA LOIRE,Association déclarée,49328,Saumur
Restauration de la végétation : poursuite des expérimentations sur la restauration des roselières du Lac de Grand-Lieu,"Ce projet vise à poursuivre les expérimentations de protection et restauration des roselières sur le lac de Grand-Lieu.
A la suite de la mise en place des premiers exclos destinés à protéger les roselières du broutage par les ragondins sur la RNN du Lac de grand-Lieu, certains résultats s'avèrent particulièrement encourageants. Notamment quand est combiné à cette protection, la réimplantation de rhizomes.
Ces résultats obtenus sur des expérimentations très limitées (quelques dizaine de m² au total) méritent d’être confortés par des expérimentations plus conséquentes.
Ce projet permettra de tester ainsi des surfaces plus importantes (quelques milliers de m² par site), des situations diverses (« levis », zones à exondation tardive…), en situation de concurrence avec la jussie ou non et en réimplantant une plus grande variété d’hélophytes (3 espèces testées).
",29363.00,24357821,,,,SN Biodiversité,Pays de la Loire,Loire-Atlantique,44,77566275200051,SOC NATIONALE PROTECTION DE LA NATURE,"Association déclarée, reconnue d'utilité publique",44188,Saint-Philbert-de-Grand-Lieu
Restauration expérimentale d’habitats favorables aux oiseaux nichant au sol sur les grèves et îlots de la rivière Allier,"La LPO en Auvergne suit depuis le début des années 2000 les populations de Sternes Pierregarins et naines, ainsi que des autres espèces d’oiseaux nichant au sol sur les îlots et grèves de la rivière Allier. Les populations de ces espèces accusent une diminution, en partie du fait du dérangement en période de reproduction, et de la disparition d'habitats propices à sa reproduction.
En collaboration avec les partenaires locaux (DDT03, OFB, Ville de Moulins, CEN Allier), la LPO met en place des actions visant à améliorer l'état de conservation des espèces. Le présent projet consiste en la restauration d'îlots (dévégétalisation, travail sur le substrat et la topographie) pour restaurer des habitats favorables aux sternes et autres oiseaux nichant au sol.",61641.25,24368367,2104853310,,,SN Biodiversité,Auvergne-Rhône-Alpes,Allier,03,30112510000158,LPO AUVERGNE RHONE-ALPES,Association déclarée,03064,Château-sur-Allier
Chiroptère&Viticulture - AURA,"Le projet intègre la protection et la restauration de l'environnement dans les pratiques viticoles. Il se concentre sur une approche territoriale qui valorise des actions opérationnelles bénéfiques pour les chiroptères et la viticulture. Les chauves-souris sont au cœur du projet car elles jouent un rôle crucial dans la régulation des ravageurs de la vigne. Porté par le Syndicat viticole des Côtes du Rhône, ce projet s'inscrit dans le Plan Régional d’Actions en faveur des Chiroptères. Il prévoit la restauration des habitats naturels, l’amélioration des corridors écologiques, la pose de nichoirs et l'amélioration de la gestion de l’eau (hors irrigation). Le projet capitalise sur les actions et réseaux existants. Des partenaires locaux, issus du monde environnemental et agricole, collaborent pour assurer la mise en œuvre et le suivi des actions. ",310462.32,24381934,2104828656,,,SN Biodiversité,Auvergne-Rhône-Alpes,Drôme,26,78320402700032,SYND GEN VIGNERONS REUNIS COTE RHONE,Syndicat patronal,26347,Tain-l'Hermitage
Programme d'action régional en faveur des chauves-souris 2025,"Pour enrayer le déclin généralisé des populations de chauves-souris, un troisième plan national d’actions est mis en œuvre en France sur la période 2016-2025. Depuis 2017, la LPO travaille avec Chauve-Souris Auvergne sur la rédaction puis l’animation de la déclinaison régionale de ce PNA en AURA. Ce projet propose des actions identifiées dans la déclinaison régionale AuRA du PNA chauves-souris pour l'année 2025 sur les départements de l'ex-région Rhône-Alpes. Ces actions 2025 sont la poursuite des actions menées depuis 2017.  Elles visent toutes les espèces de chauves-souris et notamment celles présentant des lacunes de connaissance et les espèces menacées. Ces actions ont notamment pour objectif de disposer de données fiables sur les populations de chauves-souris pour améliorer leur protection sur le long terme. ",51286.80,24382665,2104822409,,,SN Biodiversité,Auvergne-Rhône-Alpes,Rhône,69,30112510000158,LPO AUVERGNE RHONE-ALPES,Association déclarée,74203,Novel
Amélioration de la préservation de la Lagune de Bouin et pérennisation des actions,"La Lagune de Bouin (43 ha), Espace Naturel Sensible, est un site géré par la FDC85 sous convention avec la Mairie de Bouin (propriétaire) et le Conseil départemental. Elle dispose d'un plan de gestion et la présente demande a pour objectif d’apporter un soutien financier dans un but prioritaire de conservation et de reconnaissance réglementaire (mise en place d'une Obligation Réelle Environnementale). Le contexte économique du site est en effet complexe et les risques de voir les surfaces prairiales alentours disparaitre existent. Les prochaines années seront donc décisives pour que la Lagune demeure préservée. Une gestion exemplaire est donc primordiale ainsi que tout fondement scientifique pouvant amender les justifications écologiques de conservation de ce patrimoine exceptionnel hébergeant des milliers d’oiseaux en reposoir de marée haute, en migration (site d'importance nationale ou internationale selon les limicoles), ainsi que ceux nichant sur les îlots.",30080.00,24390605,2104851153,,,SN Biodiversité,Pays de la Loire,Vendée,85,78644031300025,FEDERATION DES CHASSEURS DE VENDEE,Autre personne morale de droit privé,85029,Bouin
Declinaison régionale des PNA papillons de jour et libellules,"En dehors du cadre strict de l’animation, le CBNBFC-ORI est directement impliqué dans la mise en œuvre d’actions ciblées répondant à ces objectifs de conservation des libellules et papillons de jour. Le PNA est un outil de protection de la biodiversité reposant sur trois piliers : la connaissance, la conservation et la sensibilisation, déclinés depuis plusieurs années par le CBNFC ORI.
Ce projet vise donc à poursuivre la déclinaison des actions en faveur de la conservation des espèces retenues dans le cadre des PNAs « Papillons de jour » & « Libellules », ainsi que leurs déclinaisons régionales.

",150937.00,24391630,2104825579,,,SN Biodiversité,Bourgogne-Franche-Comté,Doubs,25,94416263500014,CONSERVATOIRE BOTANIQUE NATIONAL DE BOURGOGNE-FRANCHE-COMTE - OBSERVATOIRE REGIONAL DES INVERTEBRES,(Autre) Établissement public administratif local,25056,Besançon
AMPHIGUY : Quelles sont les espèces de poissons migrateurs amphihalins en Guyane ? ,"La Guyane est le hotspot de biodiversité pour les poissons d’eau douce en France, mais la présence de poissons amphihalins (effectuant des migrations obligatoires entre fleuve et océan) y reste à confirmer. Alors que le Plan National d’Action en faveur des migrateurs amphihalins se met en place, AMPHIGUY vise à établir une première liste d’espèces amphihalines sur ce territoire. S’appuyant sur les connaissances de la distribution des espèces et sur l’analyse microchimique d’une collection d’otolithes (pièces osseuses du crane chez les poissons), les migrateurs amphihalins seront identifiés parmi 20 espèces candidates, puis les cours d’eau à enjeux migrateurs et les linéaires fréquentés seront définis. Ce travail fournira un socle de connaissances essentielles sur la question des continuités écologiques terre-mer, aidant à définir les zones à risque, à préserver et/ou à restaurer vis-à-vis des migrateurs amphihalins sur le territoire guyanais.",140511.00,24412042,2104888391,,,SN Biodiversité,Guyane,Guyane,973,18007003900276,INSTITUT NATIONAL DE RECHERCHE POUR L'AGRICULTURE L'ALIMENTATION ET L'ENVIRONNEMENT,Établissement public national à caractère administratif,97302,Cayenne
Projet écopâturage sur l'ENS Etangs de la Barette et Falaise Sainte Colette,"Avec l'acquisition de nouvelles parcelles, l'ENS Etangs de la Barette et de la Falaise Sainte colette, représente désormais une surface de 70ha.
Depuis 2022, des prestations en écopâturage ont été réalisées et ont permis de mieux appréhender les périmètres pour la gestion par pastoralisme sur les ""anciennes parcelles"". Avec les acquisitions en décembre 2023 et décembre 2024, soit 30 hectares supplémentaires, ce sont de nouveaux périmètres gérés par pastoralisme qui se dessinent. Aussi, il est nécessaire de bien équiper deux secteurs de pâturage de ce site avec des clôtures, fixes et mobiles, avec système d'électrification, portail et/ou passe clôture et abris fixes et/ou mobiles. Pour le secteur de 13,5 ha acquis en 2023, il convient au préalable de remettre à niveau car la végétation s'est fortement développée sur les anciennes clôtures ; il convient de partir sur des aménagements qui clôturent bien ce secteur attenant à la RD.",18000.00,24414358,2104917543,,,SN Biodiversité,Hauts-de-France,Somme,80,22800001400016,DEPARTEMENT DE LA SOMME,Département,80212,Corbie
Participation à l’animation d’un réseau d’acteurs favorable à la mise en place de plans de gestion des EEE végétales en zones humides et Construction d’un réseau d’acteurs pour la lutte contre le ragondin dans le département de l’Ain,"• Participation à la construction des plans de gestion avec les gestionnaires du territoire dans le cadre du plan de lutte contre les Jussies. 
• Sollicitation des gestionnaires qui n’ont pas encore proposé de plan de gestion afin de les sensibiliser à la mise en place de luttes sur leurs territoires. 
• Veille technique sur la gestion des déchets issus de la lutte contre les espèces exotiques aquatiques 
• Organisation et animation de la réunion annuelle du groupe de travail « gestion des EEE végétales en zones humides » avec les différents gestionnaires de la lutte contre les EEE en zones humides.
• Initiation d’un réseau d’acteurs à l’échelle du département pour une lutte concertée contre le ragondin.
",6000.00,24414805,2104808055,,,SN Biodiversité,Auvergne-Rhône-Alpes,Ain,01,39228359400035,FREDON AURA,Syndicat patronal,01443,Villars-les-Dombes
"Projet d'extension de la Réserve Naturelle Régionale Galerie du Pont des Pierres (Montanges, Ain)","La RNR Galerie du Pont des Pierres a été classée le 08/07/2009, faisant suite au statut de RN Volontaire (créée le 09/12/1997). Dès mars 2009, le Conseil Scientifique Régional du Patrimoine Naturel (CSRPN) émettait la recommandation d'étendre le périmètre de la RNR pour intégrer l'ensemble de la galerie souterraine et ses accès, ainsi que d'autres éléments naturels d'intérêt patrimonial. Depuis, le gestionnaire (la LPO AuRA) a œuvré pour acquérir des connaissances sur une zone d'environ 80 ha autour de la RNR faisant 9,27 ha.
Après une tentative d'initier la procédure de reclassement courant 2017 auprès de la Région, un contexte peu favorable a induit de reporter le projet. Aujourd'hui, il apparaît opportun de relancer les consultations préalables, de réaliser l'étude d'opportunité et l'animation foncière afin de proposer à l'exécutif régional un projet solide de classement en RNR sur un périmètre prévu de 87 hectares, à horizon 2027-2028.",7545.00,24415687,2104769907,,,SN Biodiversité,Auvergne-Rhône-Alpes,Ain,01,30112510000158,LPO AUVERGNE RHONE-ALPES,Association déclarée,01257,Montanges
Programme de restauration du saumon atlantique sur le bassin de la Garonne en Occitanie 2025-2026. FVOC2526,"Mettre en oeuvre, en Occitanie, pour le saumon atlantique, une partie du volet technique du PLAGEPOMI tel que visé dans l'article 436.44 du code de l'environnement. 

Les différentes opérations sont destinées à assurer la production et le repeuplement en saumon atlantique et à améliorer les connaissances sur cette espèce et les milieux qu'elle colonise afin de : 
- restaurer durablement une population de saumon atlantique qui avait totalement disparu
- vérifier la capacité des habitats du bassin à accueillir cette espèce migratrice
Ce projet comporte aussi la mise en place d'un système de base de données et la bancarisation de l’historique des données concernant le saumon atlantique sur le bassin de la Garonne",287641.33,24421703,2104771959,,,SN Biodiversité,Occitanie,Haute-Garonne,31,39161049000057,ASSOCIATION MIGADO,Association déclarée,31555,Toulouse
Renforcement de la signalétique réglementaire de la Réserve Nationale de Chasse et de faune sauvage (RNCFS) des Bauges,"Dans le cadre de la mise en œuvre de la SNAP, la RNCFS des Bauges est rentrée dans une démarche de reconnaissance en zone de protection forte. Le projet présenté au fonds vert, en partenariat avec les 2 co-gestionnaires de la RNCFS (ONF - OFB) vise à renforcer l’information sur la réglementation de cet espace protégé, dont celle liée au risque incendie : 
- fabrication / pose d’un totem-porte recto/verso au parking de départ de randonné du Martinet (10 000.00 €)
- renforcement de la signalétique réglementaire : fabrication / pose de 10 panneaux B7b + m9z supplémentaires (1 700.00 €), de 10 ½ porte recto/verso de réglementation supplémentaires (9 600.00 €), de 10 plaques d’info au promeneurs fixées sur tables de pique-nique (500.00 €)
",17440.00,24421965,2104769973,,,SN Biodiversité,Auvergne-Rhône-Alpes,Savoie,73,25730220800026,SYNDICAT MIXTE PARC NATUREL REGIONAL MASSIF DES BAUGES,Syndicat mixte ouvert,74104,Doussard
Acquisition de parcelles forestières sur les communes de Lamoura (39) et d'Ornans (25),"Dans le cadre du présent dossier, le CEN Franche-Comté fait la demande d’une aide financière en vue de deux projets d’acquisition en pleine propriété :
-> un projet d'achat de 4 parcelles de forêt et de pré-bois pour une superficie totale de 5,6805 ha situées au sein du massif du Massacre sur la commune de Lamoura (39). 
-> un projet d'achat de cinq parcelles de forêt pour une superficie totale de 5,6805 ha. Elles sont localisées dans le vallon du Vinchaud (affluent de la Bonneille), sur la commune d’Ornans (25). Il s’agit d’une forêt de feuillus de pente dans un fond de vallon forestier. 

L’achat par le CEN Franche-Comté de ces parcelles a pour objectif une préservation pérenne de ces milieux naturels remarquables. Suite à cette acquisition, le CEN Franche-Comté s’engage à enclencher une démarche de labellisation en Zone de protection forte.

Voir les dossiers de présentation des projets.",60500.00,24425251,2104844479,,,SN Biodiversité,Bourgogne-Franche-Comté,Jura,39,39211387400052,CONSERVATOIRE D ESPACES NATURELS DE FRANCHE COMTE,Association déclarée,39275,Lamoura
Mise en place d'une plate-forme de suivi scientifique des milieux naturels dans le secteur du Marais de Samara (Commune de la-Chaussée-Tirancourt),"Dans le cadre de son Plan de gestion Ramsar (action n°7), le Département de la Somme, en lien avec le Conservatoire d'espaces naturels et l'UPJV, souhaite installer une station expérimentale, au sein d'un Espace naturel sensible, propriété du Département. Ce projet exploratoire vise à disposer d'une station d’acquisition météorologique similaire à celles du réseau SNO Tourbière (dans l'objectif de pouvoir intégrer, à terme, ce réseau) et de mesurer les Gaz à Effets de Serre (CO2, CH4), sur de petites surfaces de sols aux couverts végétaux contrastés, susceptibles de se dégager du sol (tourbe) et du système sol-plantes basses.  L'objectif est de mieux comprendre le fonctionnement de la tourbière, dans un contexte de changement climatique, afin d'en préserver les rôles. Les clôtures, platelage sont installés par le Département. L'université assure l'achat et l'installation des équipements de mesures. 
",80000.00,24427528,2104933117,,,SN Biodiversité,Hauts-de-France,Somme,80,22800001400016,DEPARTEMENT DE LA SOMME,Département,80187,La Chaussée-Tirancourt
"Atlas de la Biodiversité Communale (ABC) des communes de Lodève, Olmet-et-Villecun, Le Puech et Celles","Lodève, Olmet-et-Villecun, Le Puech et Celles ont exprimé leur souhait de s’engager dans une démarche d’Atlas de la Biodiversité Communale (ABC), en sollicitant la Communauté de communes Lodévois et Larzac (CCLL). Les communes concernées se situent toutes au sein d’une même entité géographique, appelée « Plaine du Lodévois ». 
Seule la commune de Sorbs a réalisé un ABC (terminé en 2024). Le territoire recoupe plusieurs zonages de protection environnementale (Natura 2000, ZNIEFF, PNA, ENS, PNR des Grands Causses...). 
Ces ABC sur 4 communes établiront une méthodologie d'étude multi-acteurs permettant : 
-une réplicabilité et extension progressive à toutes les communes du territoire selon opportunité future, 
-une amélioration au mieux des connaissances naturalistes,
-et des plans d'action pertinents pour lutter efficacement contre l’effondrement de la biodiversité et pour une adaptation réussie de la Nature aux effets du changement climatique.",115345.00,24429091,,,,SN Biodiversité,Occitanie,Hérault,34,20001734100120,COMMUNAUTE DE COMMUNES LODEVOIS ET LARZAC,Communauté de communes,34142,Lodève
Mise en oeuvre de la stratégie Aires protégées en Savoie,Installation de panneaux d'information sur la réglementation dans l'arrêté préfectoral de protection de biotope du Col du Mont-Cenis. Ce secteur fait l'objet d'une forte fréquentation estivale et est réputé pour la cueillette de plantes aromatiques. Il est prévu la pose d'une dizaine de panneaux rappelant à la fois la réglementation au sein de l'APPB et ainsi que la réglementation sur la cueillette dans le département. Le secteur fait l'objet d'opérations de contrôle régulières en inter-services. Il a été convenu collectivement l'année dernière de renforcer le signalisation spécifiquement sur les aspects cueillettes.,5225.11,24430256,1513338776,,,SN Biodiversité,Auvergne-Rhône-Alpes,Savoie,73,13000824600014,DIRECTION DEPARTEMENTALE DES TERRITOIRES SAVOIE,Service déconcentré de l'État à compétence (inter) départementale,73290,Val-Cenis
"Restauration et création d’habitats du Sonneur à ventre jaune (Bombina variegata) en lien avec les acteurs locaux, en Auvergne Rhône-Alpes","Espèce PNA, le Sonneur à ventre jaune (Bombina variegata) est à l’échelle d'Auvergne Rhône-Alpes en régression localement ou en équilibre fragile. Les actions ici proposées s’inscrivent dans la déclinaison régionale 2022-2031 du PNA Sonneur, dont l’objectif prioritaire est la démultiplication des actions de préservation et de renaturation des habitats terrestres et aquatiques de l’espèce. Il s’agit de :
·	Préserver, restaurer ou créer des habitats du Sonneur, en accompagnant les acteurs locaux (agriculteurs, forestiers, collectivités...), sur des secteurs identifiés prioritaires ou en fonction des opportunités locales
·	Suivre l’occupation des mares précédemment créées ou restaurées et assurer une veille minimale sur les stations historiques de l’espèce au regard des changements climatiques
·	Faire connaître les pratiques favorables à l’espèce auprès des acteurs locaux et des usagers par des actions de sensibilisation.
",8278.00,24430321,2104758036,,,SN Biodiversité,Auvergne-Rhône-Alpes,Drôme,26,30112510000158,LPO AUVERGNE RHONE-ALPES,Association déclarée,26210,Valherbasse
"Les chauves-souris de La Sabla (Culoz-Béon, Ain)","Le site de la SABLA sur la commune de Culoz-Béon est une ancienne exploitation de pierres à chaux hydraulique et ciment. Depuis la cessation d’activité, les carrières souterraines et les bâtiments offrent des conditions exceptionnelles pour les chauves-souris. Le site est labellisé ENS en 2015 et la LPO en devient le gestionnaire. En 2020 la LPO est devenue propriétaire d'une parcelle de 4400 m² comprenant des anciens bâtiments industriels abritant une colonie mixte de grands rhinolophes et murin à oreilles échancrées ; ainsi que l'entrée d'une cavité souterraine accueillant en hiver plusieurs centaines de chauves souris de 5 espèces différentes. En 2024 un plan de gestion est validé par le comité de site pour 5 ans. Celui-ci identifie l'objectif à long terme prioritaire sur ""Garantir la conservation des gîtes à chauves-souris. Pour cela, plusieurs opérations de suivis et de conservation intégrées au PNA chauves-souris seront nécessaire d'ici 2028.",7000.00,24430406,2104769909,,,SN Biodiversité,Auvergne-Rhône-Alpes,Ain,01,30112510000158,LPO AUVERGNE RHONE-ALPES,Association déclarée,01138,Culoz-Béon
Extension de la RNR Confluence Garonne-Ariège et mise en oeuvre d'actions de restauration de milieux naturels,"Au sud de l’agglomération toulousaine, la RNR CGA s’étend actuellement sur près de 600 ha et un linéaire d’une vingtaine de km. Aux composantes écologiques et morphologiques très particulières, la RNR est un réservoir de biodiversité riche et fragile, soumis aux pressions de son contexte périurbain. Véritable axe bleu et vert, le territoire présente un intérêt écologique majeur, aussi bien floristique que faunistique, et constitue un maillon essentiel dans la gestion de la ressource en eau et la prévention des inondations. 
Dans le cadre de la mise en œuvre du plan de gestion 2023-2028, le gestionnaire, Nature En Occitanie, sollicite une contribution du Fond Vert pour porter un certain nombre d’actions visant à améliorer les connaissances naturalistes et scientifiques, renaturer et restaurer certains milieux naturels, aller vers un périmètre cohérent en améliorant la maîtrise foncière et en révisant à l'extension le périmètre classé et géré.",137615.13,24450346,2104795154,,,SN Biodiversité,Occitanie,Haute-Garonne,31,32316822900033,NATURE EN OCCITANIE,Association déclarée,31420,Pinsaguel
Gestion du Trou du Bon 2025,"Le Trou du Bon se situe au pied du versant sud du massif forestier de Saint-Gobain (02). Il appartient à l’EPSMD de l’Aisne qui, avec l’appui de l’ADREE et à travers la mise en place d’un plan de gestion, s’est lancé dans un programme ambitieux de reconquête de la zone humide. Cette dernière a en effet historiquement subi des perturbations importantes qui ont altéré ses fonctions. Il s’agit aujourd’hui de restaurer la zone tourbeuse et d’améliorer la fonctionnalité écologique des habitats prairiaux connectés aux vastes espaces forestiers voisins. Le site constitue un support thérapeutique original pour les personnes hospitalisées.",13451.00,24476351,,1115587,Agence de l'eau,SN Biodiversité,Hauts-de-France,Aisne,02,38179693700039,ASS DEVELOP RECH ENSEIG ENVIRONNEMENT,Association déclarée,02619,Prémontré
Contribution à la SNAP par la maîtrise foncière du Bois de Font de Mège/Fillette,"Le présent projet s’inscrit dans la mise en œuvre de la stratégie nationale pour les aires protégées (axe 3 du FONDS VERT – Protéger et restaurer les espaces naturels) en ayant pour ambition la protection durable par l’acquisition de 47 ha de parcelles forestières sur le Bois de Font de Mège afin de conforter la protection forte d’un site du CEN PACA et plus largement contribuer à la création d’une trame de vieille forêt.
Par l’achat de ces parcelles forestières et leur mise en libre évolution, le CEN PACA contribuera à l’atteinte des 10% de protection forte de la SNB 2030.",59503.00,24495046,2104789127,,,SN Biodiversité,Provence-Alpes-Côte d'Azur,Alpes-de-Haute-Provence,04,34074704700033,CONSERVATOIRE D ESPACES NATURELS PROVENCE ALPES COTE D AZUR,Association déclarée,04075,Entrepierres
Projet de lutte contre le frelon asiatique à pattes jaunes en Gironde,"Le frelon asiatique à pattes jaunes est une espèce figurant sur la liste des espèces exotiques envahissantes préoccupantes pour l’Union Européenne (règlement d’exécution 2016/1141). Il est également inscrit sur l’arrêté du 14 février 2018 relatif à la prévention de l’introduction et de la propagation des espèces animales exotiques envahissantes sur le territoire métropolitain. C’est dans ce contexte, qu’un Plan national de lutte contre le frelon asiatique à pattes jaune a été déployé en février 2024, porté par GDS France et FREDON France. Dans le cadre de ce plan national, une déclinaison des actions à l’échelle régionale et départementale est souhaitée, c’est pourquoi FREDON Gironde propose la mise en place d’un projet d’expérimentation sur le territoire girondin afin de réaliser du piégeage de printemps et de la sensibilisation sur plusieurs communes girondines. ",15359.85,24496871,2104747517,,,SN Biodiversité,Nouvelle-Aquitaine,Gironde,33,39096080500047,FREDON GIRONDE,Autre organisme professionnel,33318,Pessac
Conservation de la population de Lézard Ocellé sur la commune de Mérindol (84),"Le présent projet vise à préserver une population localisée de lézard ocellé (Timon lepidus) sur l’Espace Naturel Sensible La Garrigues à Mérindol (Vaucluse). Cette espèce protégée, inscrite à un Plan National d’Action, dépend d’habitats spécifiques aujourd’hui en forte régression. Sur le site, les gîtes naturels, principalement constitués d’amandiers creux, sont en voie de dépérissement. Pour enrayer ce déclin, le projet prévoit l’installation de gîtes artificiels, la mise en défense des zones sensibles, un suivi scientifique sur trois ans, ainsi qu’une action d’animation foncière pour sécuriser de nouvelles parcelles. Porté par le CEN PACA, en lien avec la commune, le PNR du Luberon et l’ONF, le projet s’inscrit dans une logique de restauration écologique concrète et durable, au service de la biodiversité locale.",63840.00,24497905,2104797791,,,SN Biodiversité,Provence-Alpes-Côte d'Azur,Vaucluse,84,34074704700033,CONSERVATOIRE D ESPACES NATURELS PROVENCE ALPES COTE D AZUR,Association déclarée,84074,Mérindol
Plan Régional d'Action en faveur de l'Outarde canepetière en Région Centre Val de Loire ( Indre et Loire : ZPS Champeigne ),"Aider à la sauvegarde de l'outarde canepetière en Indre et Loire par le suivi et la protection des nids d'outarde canepetière. 
Aider à la survie des oiseaux issu de l'élevage conservatoire relâchés sur la ZPS Champeigne.",17800.00,24531107,2104733085,,,SN Biodiversité,Centre-Val de Loire,Indre-et-Loire,37,77531814000024,FEDERATION DEPARTEMENTALE DE CHASSEURS,Association déclarée,37253,Sublaines
Lutte contre les espèces exotiques envahissantes,"Le faux Hygrophile (Gymnocoronis spilanthoides) est une espèce exotique envahissante, repérée pour la première fois en France sur la rivière Sarthe en 2022.
L'objectif du Département de la Sarthe est l'éradication de cette plante. Le projet consiste à inventorier les foyers, puis à poursuivre les opérations d'arrachage manuel (avec une entreprise).
D'autres plantes exotiques envahissantes existent sur les rivières Sarthe et Loir : la Jussie, mais aussi le Myriophylle du Brésil et la Laitue d’eau. 
Le Département poursuit sa lutte contre ces espèces, en appliquant la même méthodologie.",41227.00,24551127,,REG-2025-03433,Agence de l'eau,SN Biodiversité,Pays de la Loire,Sarthe,72,22720002900014,DEPARTEMENT DE LA SARTHE,Département,72181,Le Mans
"PROJET DE JARDIN BOTANIQUE pour la CONSERVATION, la RESTAURATION ET la VALORISATION DE LA FLORE ENDEMIQUE","La commune de Koumac, en partenariat avec le Conservatoire Botanique de Nouvelle-Calédonie (IAC), porte un projet de Jardin Botanique au sein de sa pépinière polyvalente. Ce jardin a pour vocation la conservation ex-situ d’espèces végétales endémiques menacées, la restauration écologique, la sensibilisation à la biodiversité et la formation des acteurs locaux. Il appuiera la mise en œuvre des plans directeurs de conservation pilotés par le CBNNC(IAC) en province Nord, tout en valorisant les savoirs locaux et en contribuant à la diversification économique post-minière du territoire. Le projet prévoit une première phase d’études et d’ingénierie, suivie de restauration écologique sur 10 hectares.",392000.00,24556327,2104873224,,,SN Biodiversité,Nouvelle-Calédonie,Nouvelle-Calédonie,988,20001272200019,COMMUNE DE KOUMAC,Commune et commune nouvelle,98812,Koumac
Prospection d’Anomaloglossus blanci (amphibien) sur les massifs de Kaw et Mataroni : recherche de nouvelles populations d’une espèce endémique en danger.,"En 2024/2025, une étude utilisant la bioacoustique a permis de déterminer la phénologie annuelle du chant d’Anomaloglossus blanci, espèce endémique et en danger d’extinction. Un protocole de suivi des populations a été lancé pour établir à long terme des tendances d'évolution autour de quatre populations connues. L'approche bioacoustique avec la consolidation de l'outil de détection automatique va permettre d'élargir les efforts de prospections pour rechercher de nouvelles populations dans le secteur du massif de Kaw. Par ailleurs, le secteur de la Mataroni où des aménagements forestiers sont programmés, est un second site pilote pour affiner la répartition de l’espèce nouvellement découverte dans ce secteur. Ces nouvelles données permettront aux différents services de prendre en considération cet enjeu dans leur démarche ERC. Ce projet s’inscrit dans plusieurs axes de travail issus du Plan National d’Action en faveur des Anomaloglossus.",23188.20,24590979,2104863050,,,SN Biodiversité,Guyane,Guyane,973,42413695000054,ASSOCIATION TRESOR,Association déclarée,97310,Roura
Travaux de gestion et d'aménagement du Pré communal d'Ambleteuse 2025,"Les communaux d’Ambleteuse, couvrant 120 ha, abritent des milieux dunaires arrière-littoraux d’une grande valeur écologique. La Réserve naturelle régionale du Pré communal d’Ambleteuse joue un rôle clé dans la préservation de ces espaces, nécessitant un entretien régulier par pâturage et débroussaillage pour limiter la propagation de l’Ajonc d’Europe. Le Parc naturel régional des Caps et Marais d’Opale coordonne ces actions en collaboration avec les éleveurs locaux. Depuis fin 2024, un diagnostic est en cours pour envisager une extension et une conversion en Réserve Naturelle Nationale. En 2025, le Parc sollicite le Fonds vert pour poursuivre cette gestion et moderniser les clôtures afin de garantir la pérennité du pâturage. Ces actions sont essentielles au maintien des milieux où se développe une faune et une flore parmi les plus rares des Hauts-de-France.",40833.60,24600139,2104784507,,,SN Biodiversité,Hauts-de-France,Pas-de-Calais,62,25620384500134,SYNDICAT MIXTE DU PARC NATUREL REGIONAL DES CAPS ET MARAIS D'OPALE,Syndicat mixte ouvert,62025,Ambleteuse
Elaboration de 3 Plans de gestion des sites des Alpes-Maritimes du Conservatoire et mise en oeuvre,"La présente proposition concerne la réalisation de 3 plans de gestion de sites gérés par le conservatoire dans les Alpes-Maritimes. La rédaction, l’évaluation et l’actualisation de ces documents de planification sont un préalable indispensable à l’intervention du gestionnaire de sites naturels afin de garantir la pertinence et l’évaluation de son action. Le projet concerne également une demande de soutien à la concertation préalable des usagers des sites maralpins et la mise en oeuvre des premières actions de protection, de restauration, de connaissance et de valorisation de la biodiversité qu’abritent ces espaces naturels. Ces 3 plans de gestion proposés permettront la concertation nécessaire au renforcement du statut de protection de ces espaces naturels, dans l’objectif de passer en aire de protection forte.
Ce projet concoure à la Mise en oeuvre de la SNAP, un plan de gestion d’espace naturels garantissant une gestion efficace et pérenne.",42500.00,24606443,2104797793,,,SN Biodiversité,Provence-Alpes-Côte d'Azur,Alpes-Maritimes,06,34074704700033,CONSERVATOIRE D ESPACES NATURELS PROVENCE ALPES COTE D AZUR,Association déclarée,06148,Tourrettes-sur-Loup
Réalisation d'un Atlas de la Biodiversité Intercommunal sur le territoire du Pays Houdanais,"Située à cheval entre les Yvelines et l’Eure-et-Loir, la Communauté de Communes du Pays Houdanais (CCPH) est un territoire rural traversé par la Vesgre et la Vaucouleurs. Bien que riche en milieux naturels, sa biodiversité reste peu connue.

Ainsi, la CCPH souhaite porter un projet d’Atlas de la Biodiversité Intercommunale (ABI), action inscrite dans le Contrat de Relance et de Transition Écologique (CRTE), et soutenu par le Plan Climat Air Énergie Territorial (PCAET).

La CCPH envisage de confier les inventaires de biodiversité à des associations locales expertes. Des ateliers participatifs seront également proposés aux habitants pour contribuer aux inventaires via des plateformes comme GEONAT, etc.  À partir des résultats, un plan d’actions sera proposé, avec une cartographie des enjeux par unité paysagère. De nombreuses animations seront proposées avec les associations locales pour sensibiliser le public à la préservation de la biodiversité.
",249120.00,24614146,,,,SN Biodiversité,Île-de-France,Yvelines,78,24780055000052,COMMUNAUTE DE COMMUNES DU PAYS HOUDANAIS,Communauté de communes,78381,Maulette
Lutte contre les espèces exotiques envahissantes,"Pornic agglo Pays de Retz réalise des opérations d'arrachage manuel de la jussie sur le canal de Haute Perche. En 2025, ces opérations se poursuivent sur le ruisseau du Pin et le linéaire du canal de Haute Perche. Ces travaux seront complétés par des travaux de plantations d'arbustes fin 2025, sur la rive orientée Sud de manière à concurrencer le développement de la jussie. Cette double opération, en plus des travaux de restauration morphologique réalisés en 2023 et 2024, améliorera les fonctionnalités du milieux en favorisant le développement d'espèces indigènes et limitant le développement de la jussie.",8348.00,24614377,,,,SN Biodiversité,Pays de la Loire,Loire-Atlantique,44,20006734600169,CA PORNIC AGGLO PAYS DE RETZ,Communauté d'agglomération,44131,Pornic
"Restauration de prairies, suivis biologiques et gestion des anciens marais salants de Champagné-les-Marais","Le PNR est propriétaire foncier d’une partie des anciens marais salants de Champagné-les-Marais depuis 1993. Ces marais comptent une superficie de 21 ha et les prairies sont gérées en fermage par le Lycée agricole de Pétré (bail à clauses environnementales). Par l’acquisition et les gestions développées, le Parc continue à s’investir pour la protection de la valeur biologique et patrimoniale de ce site. Cette demande a pour objectif de répondre à de nombreuses politiques publiques d’État : PNA Odonates (Leste à macrostigma), PNA Pies-grièches, PNG Limicoles prairiaux, PNG Tourterelle des bois, PNG Anguille et site candidat de la SNAP 85 et contribue à la mise en œuvre du DOCOB Marais poitevin. Les objectifs sont la rédaction d’une notice de gestion, la réalisation d'inventaires biologiques et de travaux de gestion pour recréer une dynamique de pâturage, de fauche tardive et maintenir les niveaux d’eau pour les espèces d’intérêt patrimoniale. 

",40000.00,24631793,,,,SN Biodiversité,Pays de la Loire,Vendée,85,25790220500018,SYNDICAT MIXTE DU PARC NATUREL REGIONAL DU MARAIS POITEVIN,Syndicat mixte ouvert,85049,Champagné-les-Marais
Réalisation de 10 passages faunes - programme 2025,"Réalisation de 10 passages petites faunes aux abords des ouvrages d'art départementaux, afin de rétablir les continuités écologiques pour la petite faune semi-aquatique.",66334.00,24632267,,,,SN Biodiversité,Pays de la Loire,Loire-Atlantique,44,22440002800011,DEPARTEMENT DE LA LOIRE-ATLANTIQUE,Département,44109,Nantes
Déclinaison régionale du PNA Pies-grièches,"En Bourgogne-Franche-Comté, seules 3 espèces de pies-grièches sont présentes à savoir la pie-grièche grise, la pie-grièche à tête rousse et la pie-grièche écorcheur. Ces espèces sont en mauvais état de conservation dans notre région et il nous paraît essentiel de décliner localement le PNA afin d'engager des actions vers le monde agricole. Le territoire de la région BFC joue un rôle d'importance national pour les pies-grièches. La LPO BFC travaille depuis longtemps avec le monde agricols et bénéficie donc de réseaux qui lui permette d'engager immédiatement des actions de conservation. Nous connaissons les zones prioritaires d'intervention et au delà des objectifs de ce PNA, le déploiement des actions permettra de travailler sur un problématique plus large de déclin de la biodiversité en milieu agricole. Les personnels mobilisées sont formés en agronomie et ont l'habitude de travailler avec le monde agricole.",140000.00,24633212,2104813840,,,SN Biodiversité,Bourgogne-Franche-Comté,Côte-d'Or,21,40111527400045,LPO BOURGOGNE-FRANCHE-COMTE,Association déclarée,21617,Talant
Réalisation d'un Atlas de la Biodiversité Communale,"La commune de Maule a engagé l’élaboration de son Atlas de la Biodiversité Communale (ABC) afin de mieux connaître, protéger et valoriser son patrimoine naturel. 
Ce projet d’ABC vise à établir un état des lieux précis de la faune, de la flore et des habitats naturels présents sur la commune. Il mobilisera différents acteurs du territoire — institutions, experts, citoyens et associations — autour de campagnes d’inventaires naturalistes, d’actions pédagogiques et de temps de sensibilisation. L’objectif est d’offrir une base scientifique solide pour guider les politiques locales d’aménagement et créer un lien fort entre les habitants et leur environnement.
Porté par la mairie de Maule, ce projet s’inscrit dans la dynamique du programme ""Territoire Engagé pour la Nature"" et bénéficie de l’expertise de partenaires naturalistes reconnus tels que le GIP Seine et Yvelines Environnement ainsi que diverses associations locales. 
",57000.00,24637123,,,,SN Biodiversité,Île-de-France,Yvelines,78,21780380800013,COMMUNE DE MAULE,Commune et commune nouvelle,78380,Maule
Restauration de la continuité écologique du seuil du moulin Mingoux,"Ces travaux ont pour but de proposer aux propriétaires du moulin Mingoux l'aménagement d'une passe à poissons à macro rugosités et de vannes adaptées à la transparence sédimentaire de l'Arthonnet, affluent de l'Aixette suite au classement en liste 1 et 2, au titre de l’article L214-17 du Code de l’Environnement de la rivière Aixette et de son principal affluent l’Arthonnet, le Syndicat d’Aménagement du Bassin de la Vienne (SABV) a décidé d’aider les propriétaires d’ouvrages concernés par la restauration de la continuité écologique à mettre en œuvre de solutions adaptées au contexte. ",38781.00,24638615,2104748947,AID-2025-04523,Agence de l'eau,SN Biodiversité,Nouvelle-Aquitaine,Haute-Vienne,87,20002474300011,SYNDICAT D AMENAGEMENT DU BASSIN DE LA VIENNE,Syndicat mixte fermé,87066,Flavignac
Atlas de la Biodiversité Communale,"Mise en place d'un Atlas de la Biodiversité Communale sur le territoire de Thiescourt, avec un projet d'Aire Terrestre Educative. Le projet se déroulera sur 4 ans, en collaboration avec le CPIE de l'Oise. La mise en place de l'ABC fait partie de notre politique globale de gestion et d'aménagement du village. C'est un axe de travail développé dans notre dossier Villes et Villages Fleuris et il s'agit d'une fiche 'action' de notre projet Territoire Engagé pour la Nature. Il s'agit d'un projet ambitieux à l'échelle de notre commune, en terme d'engagement, de temps et de financement. Les livrables de cette étude nous permettrons 1/ d'améliorer notre politique d'aménagement (modification du PLU, plantations spécifiques...) 2/ de communiquer et sensibiliser les habitants 3/de protéger et préserver des espèces spécifiques le cas échéant 4/ d'alimenter les bases de données nationales .....",52000.00,24641050,,,,SN Biodiversité,Hauts-de-France,Oise,60,21600623900018,COMMUNE DE THIESCOURT,Commune et commune nouvelle,60632,Thiescourt
Atlas de la biodiversité communale de Koumac ,"La commune de Koumac, riche d’une biodiversité remarquable mais menacée, s’engage dans la réalisation d’un Atlas de la Biodiversité Communale (ABC) avec le soutien de partenaires scientifiques, associatifs et institutionnels. Le projet vise à renforcer les connaissances sur plusieurs groupes-clés (flore, champignons, chiroptères, oiseaux) et milieux emblématiques (forêts sèches, maquis miniers, formations calcaires). En parallèle des inventaires, des actions de sensibilisation, de formation et de concertation seront mises en œuvre afin de favoriser l’appropriation de ces enjeux par la population locale, voire même, encourager leur participation. À terme, les résultats guideront les décisions d’aménagement de la commune et nourriront la révision de son plan d’urbanisme directeur.",57328.00,24667567,,,,SN Biodiversité,Nouvelle-Calédonie,Nouvelle-Calédonie,988,20001272200019,COMMUNE DE KOUMAC,Commune et commune nouvelle,98812,Koumac
Acquisition de matériel pour la gestion d'aires protégées en protection forte,"Le contexte d’évolution du financement des actions en faveur de la biodiversité fait qu’une nombre croissant d’acteurs publics, porteurs de politiques environnementales, excluent l’entretien des milieux naturels en aires protégées des assiettes éligibles pour privilégier la restauration.

Face à ce constat, et afin de tenir les engagements du Plan d’Action Quinquennal, l’objectif du projet vise à doter chaque des 4 antennes du Cen Centre-Val de Loire d’un équipement en matériel minimal pour assurer l’entretien léger de milieux ouverts sur certaines aires protégées mais également l’entretien de l’ouverture des sentiers destinés à accueillir le public local et touristique.",165287.70,24683936,2104738248,,,SN Biodiversité,Centre-Val de Loire,Loiret,45,38509631800170,CONSERVATOIRE D ESPACES NATURELS CENTRE-VAL DE LOIRE,Association déclarée,45234,Orléans
Poursuivre la mobilisation pour la sauvegarde des insectes pollinisateurs sauvages,"Ce projet s’inscrit dans la continuité des actions déjà menées grâce à un précédent soutien du Fonds vert, avec le maintien d’un partenariat actif avec le Département du Pas-de-Calais. Le projet prévoit la création de nouvelles prairies fleuries et la plantation de haies mellifères le long des dépendances vertes, notamment des routes départementales et de l’ancienne voie ferrée de Saint-Venant. Un suivi écologique sera réalisé sur les sites aménagés en 2024 afin d’évaluer la reprise de la flore et la fréquentation par les pollinisateurs. Des actions de sensibilisation accompagneront le projet : animations citoyennes, ateliers avec les écoles, formation des agents communaux. L’ensemble de ces mesures s’inscrit dans le cadre du Plan National d’Actions en faveur des pollinisateurs (PNA), notamment les axes 3.2 et 4.4. ",20000.00,24693054,2104822728,,,SN Biodiversité,Hauts-de-France,Pas-de-Calais,62,43392503900011,LESTREM NATURE,Association déclarée,62473,Isbergues
Atlas de la biodiversite communale,"Notre démarche cherche à reconnecter ou à renforcer les relations des habitants de Montauroux au vivant à partir des attachements et de la mémoire collective locale. Elle vise à réactiver l'importance de la nature dans le quotidien et l'esprit des habitants ainsi que dans celui des décideurs locaux. L'objectif est à la fois de porter connaissance de construire une démarche participative d'inventaire de la biodiversité de reconnecter le cours d'eau qui abreuve les Montaurousiens aux imaginaires des habitants, de construire un nouveau récit autour de la biodiversité à Montauroux.",62344.00,24694933,,,,SN Biodiversité,Provence-Alpes-Côte d'Azur,Var,83,21830081200011,COMMUNE DE MONTAUROUX,Commune et commune nouvelle,83081,Montauroux
Atlas de la Biodiversité communale ,"Depuis plusieurs années la Commune de POUZAC s’est engagée dans de nombreux projets en faveur de l’environnement lui permettant de décrocher à deux reprises en 2020 et 2025 le trophée de Territoire Engagé pour la Nature.
Forte de cette démarche, et dans une volonté de cohérence, la Commune de Pouzac souhaite aujourd’hui parfaire sa connaissance de la biodiversité de son territoire en établissant un atlas de la biodiversité communale (ABC).
Elle envisage de travailler en étroite collaboration avec de nombreux partenaires et associations locales.
L’inventaire envisagé sera principalement ciblé sur les chiroptères, amphibiens et trames de vieux bois.

Un plan d’actions sera élaboré sur 3 ans, permettant ainsi de pérenniser ces actions par leur fréquence et sensibiliser la population à la préservation de la biodiversité.
",39110.00,24697111,,,,SN Biodiversité,Occitanie,Hautes-Pyrénées,65,21650370600014,COMMUNE DE POUZAC,Commune et commune nouvelle,65370,Pouzac
Atlas de la Biodiversité Communale de Le Thor,"Consciente de la nécessité de préserver son patrimoine naturel, la commune de Le Thor (Vaucluse) souhaite réaliser un Atlas de la Biodiversité Communale (ABC) afin de :
-	Améliorer les connaissances sur la biodiversité afin faciliter l’intégration des enjeux dans les démarches d’aménagement et de gestion
-	Renforcer l’engagement de la commune dans la prise en compte de son patrimoine naturel dans sa politique publique par la mise en place d’actions concrètes ;
-	Sensibiliser et créer une dynamique locale avec les citoyens et les acteurs du territoire ;
-	Renforcer l’implication de la commune dans le programme “Territoires engagés pour la nature”.
-	S’engager, à élaborer et mettre en œuvre un plan d’actions issues de l’ABC en partenariat avec les citoyens, les acteurs du territoire et mettre en place un comité de suivi.
",37200.00,24703678,,,,SN Biodiversité,Provence-Alpes-Côte d'Azur,Vaucluse,84,21840132100011,COMMUNE LE THOR,Commune et commune nouvelle,84132,Le Thor
Atlas de la Biodiversité Communale de Quint-Fonsegrives ,"Située aux portes de Toulouse et du Lauragais, Quint-Fonsegrives est une commune péri-urbaine de 738 hectares qui bénéficie d'un environnement à dominante naturelle et agricole.
Compte tenu de sa localisation privilégiée dans l'aire métropolitaine toulousaine, la commune connait une hausse importante de sa population depuis les années 70 qui s'accompagne de la construction de logements et d'équipements publics.
La commune est bordée au sud par la rivière de la Saune et le ruisseau du Rivalès qui longe sa partie Est, et traversée par le ruisseau du Grand Port de Mer (autre affluent rive droite de la Saune). Ces cours d'eaux et les zones humides identifiées constituent une véritable richesse écologique. 
Consciente de ce riche patrimoine naturel, la commune a mis en place depuis plusieurs années des mesures visant à le préserver et le valoriser.
Aujourd'hui, la commune veut aller plus loin et engager une stratégie structurée et globale de préservation de la biodiversité sur son territoire via la réalisation d'un ABC transversal et participatif impliquant différentes parties prenantes, qui constituera à terme un véritable outil d'aide à la décision dans la réflexion sur les projets d'aménagement.
",55000.00,24704431,,,,SN Biodiversité,Occitanie,Haute-Garonne,31,21310445800012,COMMUNE DE QUINT-FONSEGRIVES,Commune et commune nouvelle,31445,Quint-Fonsegrives
"Atlas de la biodiversité communale d'Argenvilliers, Charbonnières et Manou","Les Atlas de Biodiversité Communale (ABC) est un des projets ambitieux inscrit dans la charte du Parc du Perche visant à mobiliser les communes autour de la préservation et de la valorisation de leur patrimoine naturel. Ce projet 2025 prévoit l’accompagnement de 3 communes volontaires (Argenvilliers, Charbonnières et Manou), afin de développer une approche intégrée de conservation, incluant la sensibilisation du public, la collecte de données naturalistes, et l'intégration des enjeux de biodiversité dans la planification des aménagements.
Chaque commune impliquée bénéficiera d'un plan d'actions personnalisé basé sur une analyse approfondie des données naturalistes, facilitant ainsi la prise de décision pour la protection et la valorisation de son environnement naturel unique.",100320.00,24707768,,,,SN Biodiversité,Centre-Val de Loire,Eure-et-Loir,28,25610388800028,SYND MIXTE GESTI PARC NATUREL REG PERCHE,Syndicat mixte ouvert,61309,Perche en Nocé
Atlas de la biodiversité communale de La Fare les Oliviers,"La Fare les Oliviers, commune d’environ 9 000 habitants, souhaite améliorer la préservation et la valorisation de ses ressources naturelles tout en développant des initiatives durables. L’ABC s’inscrit ainsi dans le programme Territoire Engagé pour la Nature, en complémentarité avec l’atlas métropolitain de la biodiversité.

Le fil conducteur du projet a été défini en concertation avec la commune voisine de Coudoux, également candidate à l’appel à projet. Il s’agit ainsi de concentrer l’ABC sur les trames vertes, bleues et noires : des corridors et des réservoirs de biodiversité à conserver et restaurer. 

L’un des objectifs du projet est de former des ambassadeurs de la biodiversité. C’est pourquoi cet ABC intègre un volet de formation et de mobilisation citoyenne important. Les résultats et productions de l’ABC, et en particulier la cartographie des enjeux, seront intégrés à l’élaboration PLUi en cours de création. 
",26666.67,24714938,,,,SN Biodiversité,Provence-Alpes-Côte d'Azur,Bouches-du-Rhône,13,21130037100013,COMMUNE DE LA FARE LES OLIVIERS,Commune et commune nouvelle,13037,La Fare-les-Oliviers
Réalisation d’un Atlas de Biodiversité interCommunale de Grand Châtellerault (86),"Reconnue « Territoire Engagé pour la Nature (2024-2026) », Grand Châtellerault, consciente des atouts de son territoire, souhaite avoir une connaissance précise de son patrimoine naturel, dans la perspective de l’élaboration de son PLui C’est pourquoi en partenariat avec Vienne Nature et LPO, elle s’engage dans l’élaboration d’un Atlas de la Biodiversité interCommunale afin de posséder un outil d’aide à la décision pertinent lors des futurs projets d’aménagements.",227160.00,24716362,,,,SN Biodiversité,Nouvelle-Aquitaine,Vienne,86,24860041300012,CA GRAND CHATELLERAULT,Communauté d'agglomération,86066,Châtellerault
ATLAS DE LA BIODIVERSITE INTERCOMMUNALE DE LA COMMUNAUTE DE COMMUNES DU PAYS DES VANS EN CEVENNES,"Le projet d’ABC porté par la communauté de communes du Pays-des-Vans-en-Cévenne sur les quatre communes de Montselgues, Sainte-Marguerite-Lafigère, Malarce-sur-la-Thines et Gravières vise à mieux connaître, préserver et valoriser la biodiversité exceptionnelle de ce territoire de moyenne montagne. Il s’appuie sur une série d’inventaires ciblés (habitats, flore, chiroptères, reptiles et amphibiens...), une forte mobilisation citoyenne (écoles, sciences participatives) et des actions de sensibilisation locales. Ce projet collectif permettra de co-construire un plan d’actions opérationnel, partagé avec les élus, les habitants et les acteurs locaux, en lien avec les enjeux écologiques, paysagers et culturels du territoire. Une attention particulière est portée à la biodiversité du quotidien, aux savoir-faire locaux et à l’adaptation face aux changements globaux.",74000.00,24717386,,,,SN Biodiversité,Auvergne-Rhône-Alpes,Ardèche,07,20003983200080,CC PAYS DES VANS EN CEVENNES,Communauté de communes,07334,Les Vans
Atlas de la biodiversité intercommunal de la Communauté de Communes Terres du Haut Berry ,"La Communauté de Communes Terres du Haut Berry dispose d’un territoire à forte valeur écologique, d’une dynamique intercommunale structurée et d’outils stratégiques en place pour intégrer la biodiversité dans la planification. La réalisation d’un ABC intercommunal permettra de franchir un cap décisif vers une meilleure prise en compte du vivant, en mobilisant l’ensemble des acteurs du territoire dans une démarche de connaissance, de partage et d’action.",250000.00,24717964,,,,SN Biodiversité,Centre-Val de Loire,Cher,18,20006633000016,CC TERRES DU HAUT BERRY,Communauté de communes,18003,Les Aix-d'Angillon
"Elaboration d’un atlas de biodiversité sur les communes de Caylus, Lacapelle-Livron, Loze, Mouillac, Puylagarde et Saint-Projet","Les communes: Caylus, Mouillac, Saint-Projet, Lacapelle-Livron, Loze et Puylagarde sont des partenaires convaincus au respect de l'environnement et sont acteurs de leur territoire pour réaliser un atlas de biodiversité. Ces communes, associées au Parc Naturel Régional des Causses du Quercy, intégreront en 2027 le Parc à l’occasion du renouvellement de la charte du Parc 2027-2042.Le territoire des communes manque actuellement de données naturalistes. Ce projet s’inscrit dans une démarche de valorisation du territoire et d'intégration des enjeux au Plan Local d’Urbanisme intercommunal dont la révision débutera en 2027.Il s'agit de la réalisation d’inventaires naturalistes pour identifier les enjeux biodiversité, mobiliser et sensibiliser les habitants. Une gouvernance spécifique s'articulera par un comité de pilotage, un comité technique et un comité local de la biodiversité.La finalité étant de produire un outil de sauvegarde de l’identité du territoire. ",140033.00,24719084,,,,SN Biodiversité,Occitanie,Tarn-et-Garonne,82,21820038400012,COMMUNE DE CAYLUS,Commune et commune nouvelle,82038,Caylus
Aménagement des Marais de la Biette,"En 2020, la commune a acquis un espace naturel attenant à une friche industrielle, aujourd’hui en cours de réhabilitation.

Situé en zone ZNIEFF de type 2 et dans la continuité écologique de la Réserve Naturelle Nationale des marais d’Isle, ce site remarquable accueille une biodiversité exceptionnelle. Traversé par le fossé des Allemagnes, il abrite des roselières ainsi qu’une faune et une flore spécifiques.

Véritable poumon vert de Gauchy, le site est aménagé avec un circuit nature de 3 kilomètres, jalonné de passerelles, d’un verger pédagogique, d’un labyrinthe végétal, ainsi que d’un espace d’accueil dédié à l’éducation à l’environnement pour les scolaires.

Le projet actuel comprend plusieurs volets : l’élaboration d’un plan de gestion, la réhabilitation d’un étang relié à un cours d’eau de seconde catégorie, la réouverture d’une roselière de 1,2 hectare et la création d’un circuit pédagogique.",26060.00,24720007,2104881746,,,SN Biodiversité,Hauts-de-France,Aisne,02,21020321200092,COMMUNE DE GAUCHY,Commune et commune nouvelle,02340,Gauchy
Atlas de la biodiversité intercommunale de la Porte des Vosges Méridionales,"La Communauté de Communes de la Porte des Vosges Méridionales déjà engagée depuis plusieurs années dans diverses démarches environnementales (PCAET, Natura 2000, ENS, etc.) souhaite harmoniser les connaissances naturalistes à l’échelle de son territoire tout en associant le grand public à cette démarche. L’objectif étant de sensibiliser le plus grand nombre à l’importance et à la richesse de nos territoires tout en valorisant la biodiversité comme un facteur d’influence décisif en matière de cadre de vie et d’attractivité.
Ce projet d’atlas de la biodiversité vise également à préserver de par son intégration dans le projet de PLUi en cours d’élaboration mais aussi par le biais d’un plan d’actions multithématiques visant à concilier attractivité du territoire et biodiversité.",200000.00,24720036,,,,SN Biodiversité,Grand Est,Vosges,88,20006837700015,CC DE LA PORTE DES VOSGES MERIDIONALES,Communauté de communes,88383,Remiremont
Atlas de la biodiversité communale de Belleville sur Meuse,"Connaître la biodiversité des écosystèmes à l'échelle de la commune, 
valoriser les inventaires existants, 
impliquer les habitants, 
alimenter le plan guide d'aménagement de la commune.",31998.00,24721321,,,,SN Biodiversité,Grand Est,Meuse,55,21550043000016,COMMUNE DE BELLEVILLE SUR MEUSE,Commune et commune nouvelle,55043,Belleville-sur-Meuse
"Déclinaison en BFC du PNA ""espèces et communautés inféodées aux moissons, vignes et vergers""","Le PNA 2024-2033 en faveur des ""Espèces et communautés inféodées aux moissons, vignes et vergers"" s’inscrit dans la continuité du premier PNA en faveur des plantes messicoles 2012-2017. Il a pour ambition la préservation de 92 taxons dépendants des agrosystèmes dont les pratiques culturales permettent le maintien de conditions écologiques adaptées à l’accomplissement de leur cycle de vie. Vingt de ces taxons sont menacés de disparition, à l’image de la nigelle des champs, Nigella arvensis, dont certaines des dernières stations françaises sont situées en Bourgogne - Franche-Comté. Le Conservatoire botanique national de Bourgogne - Franche-Comté propose de décliner ce PNA sur la région BFC autour de 4 axes :
Mettre en place un dispositif de surveillance
Conserver les espèces et communautés menacées
Mobiliser les acteurs du monde agricole et accompagner des actiosn et mesures de gestion et de renforcement
Promouvoir et valoriser",179549.00,24722078,2104880894,,,SN Biodiversité,Bourgogne-Franche-Comté,Côte-d'Or,21,94416263500014,CONSERVATOIRE BOTANIQUE NATIONAL DE BOURGOGNE-FRANCHE-COMTE - OBSERVATOIRE REGIONAL DES INVERTEBRES,(Autre) Établissement public administratif local,25056,Besançon
Atlas de la biodiversité communale de Jumièges,"Dans le but de protéger notre paysage et le patrimoine vivant qui y est attaché, l'ABC semble être un atout. Une meilleure connaissance du territoire permettra à ses habitants de le préserver. Pour exemple, des projets agri voltaïques d'ampleur séduisants pour des agriculteurs, sont dangereux pour la biodiversité de notre territoire. Le manque de données naturalistes sur certains secteurs (prairies calcicoles par exemple) les expose à ce genre de projets lucratifs . Certains corridors écologiques s'en trouvent mités.
La protection des linéaires de haies, d'alignement d'arbres têtards, de fossés, ainsi que des prairies permanentes et des vergers est capitale pour le maintien de notre biodiversité.",80933.28,24725454,,,,SN Biodiversité,Normandie,Seine-Maritime,76,21760378600013,COMMUNE DE JUMIEGES,Commune et commune nouvelle,76378,Jumièges
Investissements et gestion écologique de la RNN du Sabot de Frotey 2025-2028,"Cette demande de financement se situe dans un contexte d’évolution de la réserve naturelle à plusieurs titres :
-	Investissements à réaliser sur des équipements qui permettront de réaliser une meil-leure gestion écologique des milieux ouverts en lien avec le projet d’extension
-	Chantiers de restauration des pelouses par coupes de pins noirs d’Autriche
•	Achats de parcelles à enjeux pour l’avifaune, la flore, l’entomofaune et les chirop-tères
•	Diagnostic d’ancrage territorial
•	Développement d’un outil pédagogique propre à la RNN
",77129.66,24727676,2104880878,,,SN Biodiversité,Bourgogne-Franche-Comté,Haute-Saône,70,40111527400045,LPO BOURGOGNE-FRANCHE-COMTE,Association déclarée,70513,Vaivre-et-Montoille
Mieux connaître et mobiliser pour agir en pays ajaccien,"La CAPA, AgroParisTech et le CPIE conduisent la réalisation d'ABC intercommunal du Pays Ajaccien, avec l’objectif de mieux connaître, préserver et valoriser les richesses naturelles de son territoire, dans un contexte de forte urbanisation, de mutations agricoles et de vulnérabilités climatiques croissantes, et de mobiliser les acteurs et habitants du territoire autour de cette question essentielle de la biodiversité, à la croisée de multiples autres enjeux. Ce projet s’appuie sur un pré-diagnostic écologique approfondi en mettant particulièrement l’accent sur : les espaces forestiers, les cours d’eau et zones humides, les espaces agricoles, le littoral et les milieux marins, les espaces villageois et péri-villageois. Pensé comme un véritable outil d’aide à la co-construction, décision et changement de pratiques, il structure une gouvernance locale du vivant, durable et inclusive en réunissant de multiples acteurs -élus, chercheurs, agriculteurs, population",190500.00,24728121,,,,SN Biodiversité,Corse,Corse-du-Sud,2A,24201005600073,COMMUNAUTE D AGGLOMERATION DU PAYS AJACCIEN,Communauté d'agglomération,2A004,Ajaccio
Renforcement de l'enceinte de protection d'une exploitation piscicole à vocation pédagogique (Lycée aquacole Louis Pasteur de La Canourgue),"Au cours du premier semestre 2025, la pisciculture du lycée aquacole de la Canourgue a fait l'objet d'une période de prédation significative émanant d'une loutre d'Europe ayant élue domicile au sein de l'élevage. Cette épisode de prédation est le troisième (2010, 2017, 2025) observé sur le site depuis 2010, mais il est le premier depuis la mise en œuvre d'un projet pédagogique de protection du site conduit en 2018 dans le cadre du Programme National de Protection de la loutre d'Europe. Face aux préjudices occasionnés (prédation, stress, blocage de croissance, blessures, gestion sanitaire...) par la présence permanente de la loutre dans l'élevage, les services de la DDT Lozère ont été contacté (03-2025) pour envisager la capture, le déplacement de l’animal et le renforcement de la clôture de protection du site.
A ce jour, la loutre a quitté le site. Le projet est de renforcer le plus rapidement possible les faiblesses de protection identifiées avec la DDT48.",3985.00,24728664,2104779190,,,SN Biodiversité,Occitanie,Lozère,48,19480514900078,ETAB PUPLIC LOCAL ENSEIGNEMENT FORMATION PROFESSIONNELLE AGRICOLE DE LA LOZERE,Établissement public local d'enseignement,48034,La Canourgue
atlas de la biodiversité communale,"La commune de Coudoux s’efforce de préserver et de valoriser ses ressources naturelles tout en développant des initiatives durables. L’ABC s’inscrit dans une démarche globale d’une meilleure prise en compte des enjeux écologiques dans la gestion communale.
L'action est focalisée sur les thématiques les plus importantes, avec une déclinaison sur les trois axes du projet (inventorier, mobiliser, agir), permettant à tous de s’engager avec des résultats concrets.
L’ABC est axé sur les trames vertes, bleues et noires (corridors et réservoirs), avec un travail sur sept groupes taxonomiques : mammifères, papillons de jour, amphibiens, odonates, oiseaux, orthoptères et reptiles.
Ce projet s’inscrit en complémentarité de l’atlas métropolitain. La réalisation d’inventaires complémentaires dans des zones ciblées permettra une cartographie des enjeux, en vue d’un plan d’actions post-ABC et d'une intégration de ces enjeux dans les politiques locales.
",24202.00,24729028,,,,SN Biodiversité,Provence-Alpes-Côte d'Azur,Bouches-du-Rhône,13,21130118900018,COMMUNE DE COUDOUX,Commune et commune nouvelle,13118,Coudoux
Atlas de la biodiversité communale de Tarbes,"Tarbes s’engage dans la transition écologique avec une priorité donnée à la préservation de la biodiversité. Elle développe un ABC et candidate au label Territoire Engagé pour la Nature. Le territoire, fortement artificialisé, abrite encore des espaces naturels et de nombreux parcs et jardins. Plus de 1000 espèces ont été recensées historiquement, mais la moitié subit de fortes pressions. Tarbes mise sur des solutions fondées sur la nature et une mobilisation collective pour concilier écologie, santé et urbanisme durable. L’ABC se concentre sur les inventaires flores vasculaires et lichens, chiroptères (en lien avec une trame noire), amphibiens (en lien avec un inventaire des zones humides et l’identification d’une trame bleue) et papillons de jours (en lien avec une future trame verte et pour mettre en avant les bienfaits visibles à court terme de la (re)végétalisation des zones urbaines et des évolutions possibles grâce à la gestion différenciée).",94758.00,24739835,,,,SN Biodiversité,Occitanie,Hautes-Pyrénées,65,21650440700018,COMMUNE DE TARBES,Commune et commune nouvelle,65440,Tarbes
Aménagements pour l’accueil du public  - Site Réserve Naturelle Nationale du Bagnas,"La CAHM en partenariat avec le CDL et l'ADENA met en œuvre un projet d’accueil du public sur le site du Bagnas. Dans ce cadre, outre la restauration des bâtiments, ce projet comprend la mise en valeur du site à des fins pédagogiques :
. Présenter la Réserve, son rôle majeur pour les oiseaux avec panneaux, totems, fresques imagées 
. Informations pratiques sur les horaires d’accueil, les animations et services proposés au public
. Concevoir un parcours pédagogique en entrée de site, sur les berges du Rieu, au Grand Bagnas
Les travaux seront réalisés sous MOA CAHM par délégation du CDL et avec l’implication de l’ADENA, sur la période 2025-2027",75000.00,24741591,2104781889,,,SN Biodiversité,Occitanie,Hérault,34,24340081900252,COMMUNAUTE D AGGLOMERATION HERAULT MEDITERRANEE,Communauté d'agglomération,34003,Agde
ATLAS de la biodiversité de la Commune du Nayrac,"Le projet d’Atlas s’articule autour des milieux agricoles du fait de leur importance sur la commune et cible en particulier la flore des prairies, les oiseaux des milieux ouverts herbacés et du bocage et les insectes pollinisateurs. Un quatrième taxon, les bryophytes des zones humides et des forêts anciennes a été ajouté pour faire progresser la connaissance sur un groupe fortement méconnu à l’échelle locale (Aubrac).
Les démarches participatives seront privilégiées afin d'impliquer au maximum les acteurs du territoire.
Le comité de suivi sera ouvert dans le but de créer une dynamique collective autour du projet et des futures mesures de gestion en faveur de la biodiversité.
En phase finale, l’Atlas proposera des actions concrètes sur le territoire et la commune accompagnera les différents acteurs dans leur mise en œuvre sur le plus long terme. ",40500.00,24742090,,,,SN Biodiversité,Occitanie,Aveyron,12,21120172800014,COMMUNE LE NAYRAC,Commune et commune nouvelle,12172,Le Nayrac
Elaboration d'un atlas de la biodiversité à l'échelle du territoire intercommunal,"La CCS souhaite s'engager dans une démarche de préservation de la biodiversité sur son territoire et a pour ambition de s’engager dans la réalisation d’un Atlas de la Biodiversité. L’objectif est de mettre en place une stratégie globalisée en faveur de la biodiversité. Cette politique ne serait pas fondée uniquement sur l’inventaire et la protection d’espèces et d’espaces remarquables. Le projet prend en considération le fonctionnement écologique des espaces et des espèces et s’inscrit au-delà de la préservation d’espaces naturels isolés et de la protection d’espèces en danger. L'étude s’intéressera également à la biodiversité ordinaire et prendra en compte les interactions entre espèces et les échanges entre espaces qui permettent le bon fonctionnement des écosystèmes. Le projet proposé met l'accent sur la mise en place d’un programme d’actions permettant la préservation et la restauration de la biodiversité du territoire.
",52000.00,24745271,,,,SN Biodiversité,Hauts-de-France,Oise,60,24600058200014,COMMUNAUTE DE COMMUNES DES SABLONS,Communauté de communes,60010,Amblainville
Atlas de Biodiversité Communale,"La commune de Beaumotte les Pin a engagé en 2023 une action de sensibilisation des habitants sur la thématique du changement climatique. Ce projet, animé par le CPIE de la Vallée de l’Ognon, a abouti à la proposition d’actions de découverte et de sensibilisation autour de de la biodiversité communale. La réalisation d’un Atlas de la Biodiversité Communale permet de répondre à cet objectif ; il comporte une partie inventaires sur 3 taxons, flore vasculaire, oiseaux, chiroptères. Il mobilise 5 acteurs locaux spécialistes de la biodiversité. Il comporte des actions de sensibilisation, à travers des inventaires participatifs, des soirées découverte et des actions spécifiques sur les haies, la ripisylve, et la création d'un verger conservatoire. L'Atlas sera support d'outils de communication sur la biodiversité communale, et servira à l’élaboration d’un document d’urbanisme, la commune devant se mettre en conformité avec le SCOT Grand Besançon en 2026. ",44667.20,24749538,,,,SN Biodiversité,Bourgogne-Franche-Comté,Haute-Saône,70,21700060300019,COMMUNE DE BEAUMOTTE LES PIN,Commune et commune nouvelle,70060,Beaumotte-lès-Pin
Végétalisation mellifère d'une friche à Toulouges,"Végétalisation mellifère d'un terrain de 12000m2 à Toulouges pour favoriser un élevage local d'abeilles développé par l'association. 
Cette végétalisation est le fruit d'un travail d'étude très poussé sur une base de 1200 végétaux étudiés pour une sélection finale de 114 variétés arbres, arbustes et vivaces adaptés à notre environnement et climat et à son évolution. La sélection des végétaux et leur plan d'implantation ont vocation à couvrir le besoin des abeilles en pollen et nectar sur la plus grande période possible dans l'année et surtout à couvrir les périodes de carence en ressources. Cette végétalisation a vocation à être autonome, notamment en eau et nous démontrerons que l'hydrométrie du sol sur le terrain sera meilleure au fil du temps, qu'avant la végétalisation. Ce terrain protégé sera également propice à la biodiversité. Toutes ces dimensions feront l'objet d'études annuelles, notamment en partenariat avec l'UPVD.",19800.00,24752056,2104831229,,,SN Biodiversité,Occitanie,Pyrénées-Orientales,66,93117401500012,ASSOCIATION RAYON D'OR POUR LA SAUVEGARDE DE L'APICULTURE,Association déclarée,66213,Toulouges
"Atlas dynamique de la biodiversité des communes de Fleury-sur-Orne, Saint-André-sur-Orne et Ifs","Fleury-sur-Orne, Ifs et Saint-André-sur-Orne sont trois communes périurbaines de l’agglomération de Caen, qui ont en commun de constituer le plateau sud et de bénéficier de surfaces hétérogènes (zones urbanisées, zones humides, bois).
Conscientes des enjeux liés à la préservation de la biodiversité sur leur territoire, les trois communes ont donc décidé de s’engager ensemble dans la réalisation de l’ABC afin de disposer d’un état des lieux pour développer des actions cohérentes en matière de gestion et de protection et ainsi d’élaborer un plan d’action commun apportant de la cohérence au développement du territoire à l’échelle du plateau sud.",250000.00,24754021,,,,SN Biodiversité,Normandie,Calvados,14,21140271400011,COMMUNE DE FLEURY SUR ORNE,Commune et commune nouvelle,14271,Fleury-sur-Orne
Réalisation d'un atlas de la biodiversité communale à Noisy-le-Sec,"Depuis 2020, la Ville de Noisy-le-Sec agit pleinement en faveur de la lutte contre le dérèglement climatique et contre le déclin de la biodiversité. Ainsi, elle met en place une gestion différenciée sur ses espaces verts et soutient chaque année, des projets portés par des associations, des conseils de quartiers ou les écoles en faveur du développement durable et de la nature en ville, par exemple au travers des projets d'agriculture urbaine ou les jardins pédagogiques et d'animations des enfants à l'éveil à la nature. Pour préserver sa biodiversité, la Ville agit également en freinant certains projets urbains pour réduire la pression sur la biodiversité ou en les accompagnant pour garantir la sauvegarde du patrimoine végétal existant, tels que le patrimoine arboré. La démarche de création d'un atlas de la biodiversité communale vient ainsi renforcer ces ambitions et conforter les actions déjà menées par la commune et les associations environnementales.
",45752.00,24758803,,,,SN Biodiversité,Île-de-France,Seine-Saint-Denis,93,21930053000017,COMMUNE DE NOISY LE SEC,Commune et commune nouvelle,93053,Noisy-le-Sec
Etude par micro-balises GPS des habitats de chasse de trois populations de chauves-souris et de l’influence de la TVB et d’infrastructures linéaires de transport sur les déplacements d'individus reproducteurs (Lozère et Pyrénées-Orientales),"Le projet a pour but :
-  d'étudier les habitats de chasse mal connus du Petit Murin et du Grand Rhinolophe dans deux régions biogéographiques différentes : les Pyrénées-Orientales et la Lozère
- d’étudier l’influence de la trame verte et bleue sur les déplacements du Petit Murin et du Grand Rhinolophe dans les deux départements
- d'évaluer l'impact de grandes infrastructures de transport (A9, voie ferrée et RD900) sur la dynamique des populations du Petit Murin et du Grand Rhinolophe autour de la forteresse de Salses-le-château (site Natura 2000), soit deux espèces de chauves-souris dites « de contact » qui se déplacent en volant près du sol et le long de la végétation (lisières, haies, ripisylves…).
- de tenter de déterminer les causes du déclin du Petit Murin dans la forteresse de Salses le château depuis plusieurs décennies sur la base des analyses issues des objectifs précédents",25500.00,24769212,2104829399,,,SN Biodiversité,Occitanie,Pyrénées-Orientales,66,38424346500042,ASS LOZERIENNE ETUDE ET PROTEC ENVIRONNE,Association déclarée,48016,Balsièges
Atlas de Biodiversité Intercommunal du Cap Sizun,"La CCCS-PR regroupe 10 communes pour une surface de 179 km² et un total de 15 592 habitants. Ce territoire péninsulaire situé à l’extrémité occidentale de la Bretagne abrite une diversité d’écosystèmes littoraux (récifs, estran, falaises, dunes, landes littorales) et intérieurs (vallons boisés, prairies, rivières, landes humides, tourbières).
Depuis de nombreuses années, le territoire mène des actions concrètes en faveur de la préservation de la biodiversité et des paysages : gestion des espaces naturels et des sentiers de randonnée, animation du site Natura 2000, label Grand Site de France, ... Conscients de leurs responsabilités en la matière, les élus ont intégré la préservation du patrimoine naturel comme un axe fort de leur projet de territoire. Dans cette continuité et pour traduire cette volonté politique, la collectivité souhaite aujourd’hui s’engager dans l’élaboration d’un ABI.
L’élaboration de cet atlas reposera à la fois sur l’expertise scientifique et sur la participation active des élus, des associations et des habitants du territoire. Cette démarche de co-construction vise à mobiliser toutes les énergies du territoire. 
Déployé sur quatre années, de 2026 à fin 2029, l’ABI s’inscrira pleinement dans les dynamiques territoriales en cours. Il viendra enrichir les réflexions et orienter les projets structurants tels que le PLUi, la stratégie d’intervention foncière sur les espaces naturels protégés (ENS / CDL), le label GSF, le PCAET, et le label TETE, les questions de restauration du bocage et des continuités écologiques, etc. Au-delà du diagnostic, cet atlas se traduira rapidement par des actions concrètes de préservation sur les espaces naturels publics et privés. Il constituera également un levier pour mobiliser durablement les habitants et les acteurs locaux autour d’une ambition commune : protéger et valoriser le vivant sur ce beau territoire qu’est le Cap Sizun.",250000.00,24770471,,,,SN Biodiversité,Bretagne,Finistère,29,24290062900013,COMMUNAUTE DE COMMUNES CAP SIZUN-POINTE DU RAZ,Communauté de communes,29003,Audierne
"RESTAURATION, GESTION, ANIMATION, SUIVI ET VALORISATION DES SITES EN PROTECTION FORTE 2025","Les sites naturels préservées par le Conservatoire d'espaces naturels de loir-et-Cher par maitrise foncière et d'usage constitue un réseau d'aire protégées qui contribue à la préservation de la biodiversité et favorise la résilience des écosystèmes face aux évolutions climatiques. Parmi son réseau de sites, 4 espaces naturels ont fait l'objet de procédures de classement en arrêté Prefectoral de protection de Biotobe ou d'Habitat Naturel permettant d'instituer une réglementation favorisant la gestion des usages. Ces 4 sites en protection forte nécessitent une mise en oeuvre rigoureuse des opérations de gestion que celles-ci portent sur la restauration des habitats, sur l'animation territoriale et leur valorisation  pour leur intégration locale, sur l'évaluation et la programmation des opérations sur le long terme  ou sur le suivi des indicateurs de leur état de conservation.",52540.30,24773276,2104733083,,,SN Biodiversité,Centre-Val de Loire,Loir-et-Cher,41,40331154100011,CONSERVATION D ESPACES NATURELS DE LOIR ET CHER,Association déclarée,41018,Blois
"Acquisition d'un ensemble de parcelles forestières-commune du Valtin, au sein de la RNN du Tanet-Gazon du Faing, dans les Hautes-Vosges.","

Ces parcelles en vente présentent un intérêt écologique et paysager majeur :

•	Une partie est située dans le périmètre de la Réserve Naturelle Nationale du Tanet - Gazon du Faing, gérée par le Conservatoire, mais actuellement sans maîtrise foncière sur cette zone.

•	Il s’agit également d’un secteur identifié pour sa richesse en milieux humides, forêts anciennes, chaumes d’altitude, ainsi que pour ses enjeux paysagers, touristiques et de biodiversité.

•	Le site constitue un maillon stratégique de la trame écologique de haute altitude et offre une continuité avec la RNN du Frankenthal-Missheimle, gérée par le PNR Ballons des Vosges côté alsacien.
",300000.00,24790678,2104893637,,,SN Biodiversité,Grand Est,Vosges,88,33391556900110,CONSERVATOIRE D ESPACES NATURELS DE LORRAINE,"Association de droit local (Bas-Rhin, Haut-Rhin et Moselle)",88492,Le Valtin
Restauration de la continuité écologique du barrage de Chevroz ,"Le projet comprend la réfection du seuil du barrage, la réalisation d'un ouvrage de franchissement piscicole en rive gauche dans le lit mineur et la réalisation d'une passe à canoës en partie centrale du seuil. IL s'agit d'un ouvrage de classé en liste 2.",120448.00,24814690,,240799,Agence de l'eau,SN Biodiversité,Bourgogne-Franche-Comté,Haute-Saône,70,93905456500014,SYNDICAT DE LA VALLEE DE L'OGNON,Syndicat mixte fermé,25153,Chevroz
Agir en faveur des papillons de jour et des libellules menacés dans le cadre du PNA et du PRA - Déclinaisons d'actions en faveur de la conservation en Bourgogne 2026-2027,"Fort de ces données et conscient de la nécessité d’agir, des plans nationaux d’actions (PNA) ont été rédigés et ont été déclinés en région sous la forme de plans régionaux d’actions (PRA). Une partie des actions de ces documents stratégiques a pu être réalisée ou mis en route grâce au précédent appel à projet Fond-Vert. Une partie de ces actions se termine au cours de cette année 2025 (voir calendrier des premiers fonds vert), mais nécessitent néanmoins une poursuite dans le temps, notamment au regard de la nouvelle évaluation régionale des espèces menacées au travers des listes rouges sur ces taxons.",131853.00,24815672,2104807991,,,SN Biodiversité,Bourgogne-Franche-Comté,Côte-d'Or,21,42277172500062,SOC HISTOIRE NATURELLE AMIS MUSEUM AUTUN,Association déclarée,21584,Saulieu
Élaboration d’une Stratégie Régionale Coléoptères Saproxyliques,"Ce projet collaboratif, (ADEP, GON Picaridie Nature) a pour objectifs de renforcer/favoriser la conservation des coléoptères saproxyliques dans la région des Hauts-de-France en élaborant une stratégie régionale partagée concernant les coléoptères saproxyliques. Pour ce faire plusieurs aspects doivent être traités, des outils mis en place et des actions initiées. 1Bilan de l’état des connaissances incluant la synthèse des informations provenant des bases de données régionales et nationales et la mise en place d’une base bibliographique régionale. 2 Rédaction d’une proposition partagée de Stratégie régionale avec les experts et partenaires pour définir les priorités d’action à court et long terme. 3 Élaboration d'une Liste régionale des coléoptères saproxyliques patrimoniaux (préfiguration liste rouge) et de fiches espèces en ligne. 4 Proposition et actions pour améliorer le suivi régional des espèces de la directive européenne. 5 Mettre en place et animer un réseau de structures et d’individus avec formations et animations. 6 Acquisition et gestion des données. Réflexions sur la bancarisation des données actuelles et anciennes, test de numérisations des anciennes collections…",89954.00,24836557,,1114852,Agence de l'eau,SN Biodiversité,Hauts-de-France,Oise,60,42068507500046,ASS DES ENTOMOLOGISTES DE PICARDIE,Association déclarée,60159,Compiègne
Acquisition de la forêt de l'EHPAD de Tulle pour la création d'une réserve biologique (protection forte),"La mairie de Soursac souhaite acquérir la forêt de l'EHPAD de Tulle (nommée forêt de Frétigne) d'une surface de 81ha d'un seul tenant (une seule parcelle cadastrale). 
Elle se situe sur une presqu’île au confluent de deux rivières la Luzège et la Dordogne et est située dans la région IFN Plateaux du Limousin.
Cette forêt constitue un hot spot de biodiversité connue par tous les partenaires. La totalité de la forêt de l’EHPAD de TULLE relève du site de la Directive habitats n° FR401103 « Vallée de la Dordogne sur l’ensemble de son cours et affluents » ainsi dans le site de la Directive Oiseaux n° FR7412001 « Gorges de la Dordogne ». Ce territoire est fréquenté régulièrement par 23 espèces d’oiseaux d’intérêt européen (15 nicheuses, 1 nicheuse potentielle et 7 de passage).",100592.00,24855804,2104786684,,,SN Biodiversité,Nouvelle-Aquitaine,Corrèze,19,21192640700019,COMMUNE DE SOURSAC,Commune et commune nouvelle,19264,Soursac
Pie-grièche et agriculture : Amélioration de l’habitat de la Pie-grièche à tête rousse et de la Pie-grièche écorcheur sur le Clos Landry.,"En Corse, les pies-grièches sont étroitement liées aux paysages agricoles, dont elles dépendent pour leur survie. La pérennité de ces oiseaux est donc indissociable des pratiques agricoles et de l’avenir de ces milieux. La dégradation, l’artificialisation et l’uniformisation des terres cultivées entraînent une perte progressive de leurs habitats naturels. Par ailleurs, l’agriculture industrielle contribue à la disparition de leurs principales sources de nourriture, en particulier les insectes. Ce projet a pour ambition de restaurer et de préserver un maillage de corridors écologiques au sein du vignoble de l’EARL Clos Landry, en y développant des pratiques de gestion respectueuses des besoins écologiques des pies-grièches.",4762.99,24925591,2104745803,,,SN Biodiversité,Corse,Haute-Corse,2B,39385879000016,EARL CLOS LANDRY,Exploitation agricole à responsabilité limitée,2B050,Calvi
Pie-grièche et agriculture : Amélioration de l’habitat de la Pie-grièche à tête rousse et de la Pie-grièche écorcheur sur l’EARL I Fiumi.,"Les pies-grièches dépendent étroitement des milieux agricoles en Corse. Leur préservation est donc directement liée à l’évolution et aux pratiques de gestion des terres agricoles. La perte d’habitats pour ces espèces résulte principalement de la dégradation, de l’artificialisation et de l’uniformisation de ces milieux. Par ailleurs, l’essor de l’agriculture industrielle entraîne la raréfaction de leurs proies, notamment les insectes. Ce projet vise à restaurer et préserver un réseau de corridors écologiques au sein du vignoble de l’EARL I Fiumi, tout en mettant en œuvre des pratiques de gestion agricoles favorables aux pies-grièches.",5516.45,24926193,2104745804,,,SN Biodiversité,Corse,Haute-Corse,2B,90946577500015,I FIUMI ACQUAVIVA,Exploitation agricole à responsabilité limitée,2B049,Calenzana
Rétablissement des continuités écologiques terrestres et limitation des transferts vers les milieux aquatiques sur le bassin versant de l’Ouin étendu,"Le présent projet porté par l’Établissement Public Territorial de la Sèvre Nantaise (EPTBSN) s’inscrit dans une logique intégrative de multiples enjeux écologiques et environnementaux. Centré sur la raison d’être de l’EPTBSN, à savoir la reconquête de la qualité des milieux aquatiques de l’ensemble des masses d’eau du bassin versant de la Sèvre Nantaise, la démarche proposée permet de répondre à de multiples problématiques parmi lesquelles le rétablissement des continuités écologiques terrestres, la reconquête et la préservation de la biodiversité, la régulation du dérèglement climatique ou encore le maintien voire l’amélioration du cadre de vie.",39420.00,24958420,2104748947,AID-2025-04525,Agence de l'eau,SN Biodiversité,Nouvelle-Aquitaine,Deux-Sèvres,79,20003408000065,ETABLISSEMENT PUBLIC TERRITORIAL DU BASSIN DE LA SEVRE NANTAISE,Syndicat mixte ouvert,79079,Mauléon
Agir en faveur des Chiroptères dans le cadre du PNA et du PRA - Déclinaison d'actions en Bourgogne-Franche-Comté - 2026-2027,"Ce projet vise à décliner des actions en faveur de la conservation des espèces retenues dans le cadre du Plan national d’action (PNA) « Chiroptères », ainsi que de sa déclinaison régionale. L’animation de ce plan régional d’action (PRA) est co-portée en région par notre structure et la Commission de Protection des Eaux, du Patrimoine, de l’Environnement, du Sous-sol et des Chiroptères (CPEPESC FC), respectivement pour la Bourgogne et la Franche-Comté. Il s’agit en premier lieu de poursuivre et de renforcer les actions prioritaires déjà engagées, ceci dans la continuité des précédents plans, mais également du précédent dossier déposé auprès du fonds verts sur la conservation des chauves-souris pour les années 2024-2025. ",75177.00,24979523,2104803838,,,SN Biodiversité,Bourgogne-Franche-Comté,Côte-d'Or,21,42277172500062,SOC HISTOIRE NATURELLE AMIS MUSEUM AUTUN,Association déclarée,21584,Saulieu
CONTRIBUTION DES CEN AUVERGNE RHONE ALPES A LA SAP : INTEGRATION DES SITES CEN AUX ZONES DE PROTECTION FORTE,"L'objectif est d'accompagner l’intégration d’une 1ère vague de sites issus du réseau des CEN dans les ZPF en Auvergne-Rhône-Alpes dans le cadre d’un dossier coordonné des 6 CEN et animé par l’Union des CEN AuRA. 
Les sites proposés par les CEN pourraient intégrer :
·	Des sites historiques en maîtrise foncière et/ou maîtrise d'usage, en particulier propriétés des CEN
·	Les sites ayant bénéficié de financements Fonds vert sur 2023 et 2024,
·	Des sites intégrés dans d’autres démarches de préservation type obligations réelles environnementales,
·	Des sites préservés par des collectivités et en gestion CEN,
·	D’autres sites selon critères de pertinence 
",77785.60,24981742,2104866397,,,SN Biodiversité,Auvergne-Rhône-Alpes,Ain,01,92458601900011,UNION DES CONSERVATOIRES D'ESPACES NATURELS D'AUVERGNE-RHONE-ALPES,Association déclarée,69268,Vourles
Acquisition de réservoirs de biodiversité sur le territoire de la Communauté de communes Falaises du Talou,"Le projet prévoit l'acquisition de 9.077ha de réservoirs de biodiversité supplémentaires dans le cadre de la stratégie Territoire Engagé pour la Nature du territoire de la Communauté de communes Falaises du Talou. Il s'agit de l'acquisition de parcelles à enjeux environnementaux (Natura 2000, zone humide, espace remarquable du littoral, habitats calcicoles, espèces protégées emblématiques) dans le but d'établir ensuite des plans de gestion et de restauration et les préserver dans le cadre de mise en place de reconnaissance en zone de protection forte en lien avec les stratégies régionales et nationales.
Le projet permettra à la collectivité d'atteindre son objectif établi de 100 hectares d'acquisitions avec les partenaires locaux, que sont la Chambre d'Agriculture de Normandie, la SAFER de Normandie, les Conservatoires des Espaces Naturels et du Littoral, le Groupe Mammalogique Normand et les services de la DREAL Normandie et de la DDTM de Seine Maritime.",54614.80,25038757,2104843154,,,SN Biodiversité,Normandie,Seine-Maritime,76,24760072900070,COMMUNAUTE DE COMMUNES FALAISES DU TALOU,Communauté de communes,76618,Petit-Caux
"HIÉRARCHISATION DES ENJEUX BRYOLOGIQUES, MYCOLOGIQUES ET LICHÉNOLOGIQUES DANS LE CADRE DE LA STRATÉGIE DES AIRES PROTÉGÉES EN CENTRE-VAL DE LOIRE","Ce projet vise à accompagner la mise en œuvre de la Stratégie nationale des aires protégées en Centre-Val de Loire en identifiant les enjeux sur les bryophytes, les champignons et les lichens dans certains sites pressentis en région hébergeant une forte diversité en cryptogames et en diagnostiquant les pressions et les menaces pesant sur les espèces patrimoniales. Rarement pris en compte, ces groupes de la flore et de la fonge jouent pourtant un rôle important dans la fonctionnalité des écosystèmes et apportent une plus-value pour certains habitats cibles où les trachéophytes et la faune ne suffisent pas, à eux seuls, à justifier de leur intérêt patrimonial. La valorisation de ces résultats pourra ensuite servir de base à une politique générale de prise en compte de ces compartiments de la biodiversité dans les politiques publiques.",50000.00,25051842,2104836633,,,SN Biodiversité,Centre-Val de Loire,Cher,18,18004417400019,MUSEUM NATIONAL D HISTOIRE NATURELLE,Établissement public national à caractère scientifique culturel et professionnel,45234,Orléans
Effacement du plan d'eau de Monferran-Savès (32),Ce projet consiste à transformer l’étang actuel en zone humide et champ d’expansion de crue tout en rétablissant la continuité écologique du ruisseau. ,3125.00,25068399,2104856199,,,SN Biodiversité,Occitanie,Gers,32,20007410200019,SYNDICAT DE GESTION DE LA SAVE ET DE SES AFFLUENTS,Syndicat mixte fermé,32268,Monferran-Savès
Préservation des vieilles forêts d'Occitanie par la maîtrise foncière en libre évolution et sensibilisation 2025/2026,"Dans le cadre de cette nouvelle tranche de ce programme ambitieux, Nature en Occitanie œuvre pour une trame de vieux arbres et forêts subnaturelles fonctionnelle en Occitanie. Ces actions se font aussi en coopération avec d’autres acteurs comme le CEN Occitanie, el Fonds de dotation Forêts préservées et la LPO. Ce programme concerne également un partenariat avec les autres membres du Groupe d’Etude des Vieilles Forêts (EI-Purpan, CBNPMP, CEN Occitanie, CRPF-INRAe, DYNAFOR) pour une nouvelle campagne de compléments de l’inventaire des vieilles forêts en Occitanie (dans le cadre du programme porté par le CBNPMP). ",40000.00,25112060,2104795162,,,SN Biodiversité,Occitanie,Ariège,09,32316822900033,NATURE EN OCCITANIE,Association déclarée,31555,Toulouse
Pose de panneaux réglementaires aux abords de certain APPB de la Haute-Marne,"L’absence de signalétique ne permet pas d’informer le grand public sur les limites des périmètres des APPB et peut générer des infractions involontaires aux interdictions ou limitations fixées.
Les trois APPB ciblés subissent une pression anthropiques fortes. La signalétique permettra de :
- Connaître les limites des zones protégées et les mesures de réglementation prescrites lorsqu’il pénètre sur un périmètre APPB,
- Faciliter le travail des forces de contrôle sur place, en affichant et prévenant les infractions.",6681.60,25131547,1513477868,,,SN Biodiversité,Grand Est,Haute-Marne,52,13001132300016,DIRECTION DEPARTEMENTALE TERRITOIRES HAUTE-MARNE,Service déconcentré de l'État à compétence (inter) départementale,52134,Cohons
Plan National d’Actions Mares déclinaison Poitou-Charentes,"Suite à deux programmes d'étude et de recensement des mares menés en Poitou-Charentes (1998-2002 et 2022-2025), l'importance de préserver ces micro-habitats menacés est devenu une priorité pour nos associations. Ainsi, Poitou-Charentes Nature souhaite mettre en place une déclinaison locale du Plan National d'Actions Mares présenté par la SNPN en 2025. Celle ci nous permettra de poursuivre les actions déjà menées (connaissance, assistance, travaux de création - restauration, sensibilisation) et de mettre en place les actions élaborées au niveau national pour la période 2026-2029. La première année (2026) a pour objet :
-Mettre en place la déclinaison du PNA à l'échelle du Poitou-Charentes
-Connaître les mares sur l'ensemble du territoire (correspond à l'axe 1 du PNA)
-Protéger, gérer, restaurer (correspond à l'axe 2 du PNA)
-Accompagner, sensibiliser, former et valoriser (correspond à l'axe 3 du PNA)",28562.00,25143105,2104748947,AID-2025-04520,Agence de l'eau,SN Biodiversité,Nouvelle-Aquitaine,Vienne,86,32357646200069,POITOU-CHARENTES NATURE,Association déclarée,86100,Fontaine-le-Comte
Renaturation espace balnéaire du Souffleur (entrée de plage),"La plage du Souffleur à Port-Louis a fait l'objet d'une occupation illégale sur plus de 400 m² par un restaurant édifié en N+1.
Cette édification et l'usage de l'espace accaparé a entraîné une dégradation de l'espace naturel sensible considéré ainsi que des abattages d'arbres endémiques dont certains centenaires.
La démolition du restaurant suite aux procédures juridiques nécessaires, a laissé un espace dégradé qui reste soumis à une forte pression en raison de son caractère attractif. Il convient suite à l'action en démolition de redonner à l'espace ainsi considéré son caractère naturel. 
La commune envisage donc un réassort en sable ainsi que la plantation d'espèces endémiques connues pour stabiliser le sol des plages (raisiniers bord de mer et catalpa).",33000.00,25151331,2104915363,,,SN Biodiversité,Guadeloupe,Guadeloupe,971,21971122300012,COMMUNE DE PORT LOUIS,Commune et commune nouvelle,97122,Port-Louis
Proposition d’actions de gestion des milieux en faveur d’une espèce bénéficiant d’un PNA : la Cistude d’Europe Création de mares relais au Nord de la Haute-Vienne,"L'objectif de ce projet est de réduire les pressions sur une espèce bénéficiant d'un PNA (la Cistude d'Europe), en mettant en œuvre de manière opérationnelle une des mesures phare du PNA : la création d'habitat. Concrètement, il s'agit de la création de deux mares sur une parcelle attenante au seul site de reproduction connu de l'espèce en Limousin, afin de soutenir la population en leur offrant de nouveaux sites de ponte, d'alimentation, de reproduction, de repos.",16195.12,25157187,2104792217,,,SN Biodiversité,Nouvelle-Aquitaine,Haute-Vienne,87,42463710600024,GROUPE MAMMALOGIQUE HERPETOLOGIQUE LIM,Association déclarée,87200,Verneuil-Moustiers
Acquisition de matériels de lutte contre le frelon asiatique,"L'Aisne a subi la colonisation du frelon asiatique. La mission de lutte contre cette espèce invasive a été confiée au SDIS de manière gratuite. 1719 interventions sont dénombrées en 2023, et l'estimation 2025 à 2028 à 2400/an. A ce titre, le matériel actuellement utilisé est insuffisant et à reconsidérer.
Par ailleurs, disposant d'une base de données unique en France, un partenariat d'étude scientifique a été conclu avec le CNRS et l'IRBI de Tours. Il s'agirait à ce jour de la seule étude en France et certainement en Europe permettant l'évaluation de la colonisation demandée par la loi n° 2025-237 du 14 mars 2025 visant à endiguer la prolifération du frelon asiatique et à préserver la filière apicole. 
C'est pourquoi, le SDIS de l'Aisne demande à bénéficier un soutien de l'Etat pour acquérir 12 perches télescopiques soit un coût total de 40279.20€, et pour se former  pour un coût total de 25 000€, afin de répartir la capacité de lutte sur le territoire dans le respect de l'environnement.                             ",52223.36,25208599,2104916454,,,SN Biodiversité,Hauts-de-France,Aisne,02,28020001500145,SCE DEPARTEMENTAL INCENDIE ET SECOURS,Service départemental d'incendie et de secours (SDIS),02408,Laon
Restauration des ouvrage de l'étang de La Rouère,"L’étang de La Rouère étant en assec en 2025, des travaux liés aux ouvrages hydrauliques et à la fonctionnalité de l’étang sont nécessaires. Ainsi, l’étang doit être curé au niveau de la pêcherie et des parties de la bonde restaurées (Grilles, enduits, accessibilité). La réalisation de ces travaux permettra de remettre en état l’étang et de pouvoir continuer à proposer une pisciculture extensive et une gestion de l’eau optimale, en corrélation avec les objectifs de gestion à venir.",11160.00,25243015,2104817603,,,SN Biodiversité,Centre-Val de Loire,Indre,36,33495712300014,CHERINE,Association déclarée,36176,Ruffec
Lutte contre la Jussie sur la Saône en Val de Saône – Année 2025,"Le projet consiste en de la prospection, de l'inventaire, de l'arrachage et évacuation de la Jussie sur le secteur du Val de Saône. Les opérations auront lieu sur les secteurs touchés en 2024 : secteur de Chalon-sur-Saône (pk 158 à 132, rive gauche et droite), Mâcon (îles de la Motte et de Brouard, pk 95 à 101.5), St jean-de-Losne et sur le secteur de Seurre (boucle de Cîteaux, pk 187 à 200) et l'amont du seuil de Lechatelet sur la commune de Pagny-la-Ville (pk 203). Si des nouveaux secteurs devaient être découverts en 2025, VNF interviendra sur ces secteurs dans la mesure de ses moyens financiers.
Les taches traitées seront géolocalisées et permettront d’orienter la prospection pour les années suivantes. Des indicateurs de suivi seront utilisés pour juger de l’efficacité des travaux.
Ce projet s'intègre dans le contrat de rivière Saône.",144000.00,25247243,,240347,Agence de l'eau,SN Biodiversité,Bourgogne-Franche-Comté,Saône-et-Loire,71,13001779100075,VOIES NAVIGABLES DE FRANCE,Établissement public national à caractère administratif,71076,Chalon-sur-Saône
"gestion d'une station de Crassule sur l'ENS des mares de Conteville, dans la vallée de la Risle maritime","La Crassule de Helms a été découverte sur une mare à Conteville en mai 2025. Il s'agit de la première station identifiée dans la Risle maritime. Cette mare, propriété du Conservatoire du littoral, classée en Espace Naturel Sensible du Département de l’Eure, géré par le Parc Naturel Régional des Boucles de la Seine. elle est porteuse d'enjeux environnementaux forts avec la présence de plusieurs espèces protégées et/ou patrimoniales observées sur la mare ou à proximité immédiate. 
Pour gérer efficacement la crassule, il est proposé de remblayer la zone contaminée (Mare + fossé), sur une épaisseur d'un mètre, en utilisant du matériel prélevé directement sur le site de travaux et sur une parcelle CDL située à proximité immédiate de l'ENS. pour compenser la destruction d'espèces protégées, un reprofilage des berges des fossés et un agrandissement d'une mare non fonctionnelle sur un terrain CDL adjacent est proposé. ",41496.00,25265613,,1115995,Agence de l'eau,SN Biodiversité,Normandie,Eure,27,22270229200012,DEPARTEMENT DE L EURE,Département,27169,Conteville
Restauration du barrage de Grand Rue,"Le barrage de Grand’Rue, élément clé de l’alimentation du canal de Briare, permet d’optimiser la gestion de l’eau et de limiter les prélèvements estivaux en Loire. Vide depuis 2011, il ne présente pas de risque de sûreté, mais impose des prélèvements accrus dans la Loire et une sur-sollicitation des autres ouvrages, affectant leur sûreté et leurs ressources. La remise en eau du site, reconnu pour sa biodiversité exceptionnelle, est donc urgente afin de restaurer le milieu propice aux espèces remarquables support des classements de protections environnementales existantes à faire évoluer et d’améliorer la résilience du système alimentaire pour l’ensemble des usages de l’eau. Il stockait historiquement 5 Mm³, soit 25 % de la capacité totale du système. Soutenu par plusieurs associations et intégré au plan paysage des étangs de Puisaye, ce projet prioritaire pour VNF est inscrit au CPER 2023-2027, avec un budget estimé à 13 M€.",200000.00,25284346,2104788549,,,SN Biodiversité,Centre-Val de Loire,Loiret,45,13001779100356,VOIES NAVIGABLES DE FRANCE,Établissement public national à caractère administratif,45245,Ouzouer-sur-Trézée
Mise en place d'une stratégie de luttre contre les Espèces Exotiques Envahissantes,"Les espèces exotiques envahissantes (EEE) marines sont aujourd’hui reconnues comme une composante essentielle du changement global des écosystèmes marins et côtiers et leurs conséquences sont de mieux en mieux documentées
Alors que les EEE terrestres sont de plus en plus connues et que des stratégies sont développées pour tenter de prévenir leur introduction, leur dispersion et limiter leurs impacts, il est indispensable de renforcer la prise en compte du risque posé par les invasions biologiques marines pour les écosystèmes marins et côtiers ainsi que pour les infrastructures portuaires
Au carrefour de nombreuses routes maritimes, le Grand Port maritime de la Guyane, est le lieu de transit de la quasi-totalité des marchandises importées ou exportées. Via les marchandises, mais également les passagers, les eaux de ballast ou le biofouling, ses infrastructures constituent le point d’entrée principal potentiel pour de nombreuses espèces venant de différents continents et océans, et dont certaines pourraient s’installer, se propager dans la nature et devenir envahissante. Les usagers et acteurs portuaires ont un ainsi rôle central à jouer pour réduire le risque d’arrivée et de propagation de nouvelles espèces exotiques",35000.00,25288360,2104862334,,,SN Biodiversité,Guyane,Guyane,973,78989924200018,GRAND PORT MARITIME DE LA GUYANE,Établissement public national à caractère industriel ou commercial doté d'un comptable public,97309,Remire-Montjoly
"Mise en œuvre des actions liées à la conservation et la restauration des espèces végétales menacées et de leurs milieux naturels, issues des 3 plans d’actions en région Occitanie","Les plans d’actions relatifs aux espèces végétales et aux habitats littoraux méditerranéens à enjeux ont été élaborés sur le territoire de la Région Occitanie par le Conservatoire botanique national méditerranéen en partenariat avec les acteurs du territoire. Afin de permettre une
meilleure prise en compte de la vulnérabilité de ces taxons et habitats face aux changements globaux et d’aboutir à la mise en œuvre d’actions de restauration permettant leur persistance, ce projet consiste en la réalisation d’actions identifiées comme prioritaires dans ces trois plans d’actions. Les actions relatives à la conservation, à la restauration, à une meilleure prise en compte des enjeux ainsi que les actions d'accompagnement des services de l’Etat sont ciblées dans ce projet.
Pour répondre aux objectifs spécifiques de ce projet, les acteurs de chaque territoire seront associés afin de mettre en œuvre les actions de préservation des espèces et des milieux.",247235.00,25303869,2104865415,,,SN Biodiversité,Occitanie,Aude,11,18830005700091,PARC NATIONAL DE PORT CROS,Autre établissement public national administratif à compétence territoriale limitée,11262,Narbonne
Programme de conservation des vipères aspic et péliade d'Île-de-France,"Sous l'impulsion du Plan national d'action en faveur des vipères de France hexagonale, l'Agence régionale de la biodiversité en Île-de-France propose un ambitieux programme de conservation pour les vipères aspic et péliade, toutes deux menacées d'extinction. Ce programme vise à : 
- Evaluer l'état sanitaire des populations de vipères selon des indicateurs démographiques, sanitaires, génétiques et écotoxicologiques. 
- Hiérarchiser les populations en fonction de leur niveau de menace et catalyser l'émergence d'actions de restauration ou de protection des habitats en relation avec les acteurs locaux
- Sensibiliser les territoires sur le rôle de ces espèces et les menaces qui pèsent sur elles",299670.00,25339025,2104905244,,,SN Biodiversité,Île-de-France,Seine-Saint-Denis,93,84981015500028,INSTITUT D'AMENAGEMENT ET D'URBANISME DE LA REGION ILE-DE-FRANCE,Association déclarée,93066,Saint-Denis
"Plan des paysages marins, sous-marins et littoraux du Grand-cul-de-sac-marin","Constats :
Le GCSM est une baie fermée au nord par la barrière de corail, fondamentale pour la structuration et l’identité du lagon. 
Succession d’écosystèmes marins et littoraux.
Enjeux :
Baie riche mais fragile car fermée et bordée d’un littoral urbanisé
Menaces fortes cumulées : pollutions (eaux usées, agricoles, minéraux et hydrocarbures), effets du changement climatique (réchauffement des eaux et érosion marine) et pressions des activités touristiques
Objectifs :
Sensibiliser public et acteurs locaux / menaces réelles et urgentes.
Construire une vision commune (lien entre bon état écologique, services écosystémiques et qualité paysagère) et un plan d’action concertées (préserver la biodiversité des milieux et la qualité de vie pour les riverains)
Accompagner les usages, notamment touristiques afin de concilier fréquentation et conservation et de trouver un équilibre entre tourisme de masse et découverte de qualité.",15000.00,25346460,2104914207,,,SN Biodiversité,Guadeloupe,Guadeloupe,971,18971008000020,PARC NATIONAL DE LA GUADELOUPE,Autre établissement public national administratif à compétence territoriale limitée,97101,Les Abymes
Acquisition de deux véhicules – Territoires du Parc National de Forêts et du barséquanais (future RNN) ,"Le Conservatoire d’espaces naturels de Champagne-Ardenne intervient quotidiennement sur des sites naturels isolés, souvent difficiles d’accès. Pour assurer ses missions de suivi scientifique, de gestion écologique, d’animation et de surveillance, l’acquisition de deux véhicules d’occasion est indispensable. Ces véhicules permettront de transporter du matériel spécifique, d’emprunter des chemins accidentés et de répondre aux contraintes techniques des territoires concernés. Un utilitaire léger est prévu pour le Barséquanais, territoire viticole aux accès étroits, tandis qu’un véhicule à garde au sol élevée est requis pour le Parc national de forêts. Le choix de motorisations hybrides (selon disponibilités) s’inscrit dans une démarche de sobriété énergétique. Les véhicules 100 % électriques sont écartés en raison du manque de bornes de recharge. Ce projet garantit la continuité, la sécurité et l’efficacité des actions de terrain.",35000.00,25392250,2104894081,,,SN Biodiversité,Grand Est,Haute-Marne,52,78025548500119,CONSERVATOIRE D ESPACES NATURELS DE CHAMPAGNE-ARDENNE,Association déclarée,10325,Rosières-près-Troyes
Actualisation de la cartographie du réseau écologique régional et du plan d’action en faveur des continuités écologiques,"L’objectif est de disposer d’une cartographie et d’un plan d’actions actualisés et enrichis qui soient informatifs sur les continuités écologiques terrestres et ses obstacles à l'échelle de la région Centre-Val de Loire. L'actualisation de la cartographie, rendue possible grâce aux récentes acquisition de données, permettra d'obtenir un état du réseau écologique, d'analyser les évolutions réalisées et/ou en cours et de relever les enjeux et les priorités d’intervention. Ce travail d'actualisation de la cartographie existante devra être partagé par le plus grand nombre possible d’acteurs en région : collectivités locales, techniciens mais aussi élus des collectivités locales, acteurs socio-économiques... 
Les supports cartographiques produits permettront d'enclencher des opérations de restauration de la fonctionnalité des continuités écologiques en différents endroits du territoire régional.",76000.00,25413963,2104817543,,,SN Biodiversité,Centre-Val de Loire,Loiret,45,23450002300028,REGION CENTRE-VAL DE LOIRE,Région,45234,Orléans
"Actions de préservation du site ENS ""Les Piliers"" à Luché-Pringé","La présente opération vise la réalisation d’un plan de gestion du site ENS ""Les Piliers"" à Luché-Pringé, au regard de la politique ENS du Département, avec l’identification des enjeux sur la base d’un diagnostic à la fois écologique et socio-économique, ainsi qu’un accompagnement du Département dans le choix des objectifs et du programme d’actions à mener sur le site, à 10 ans. A la suite de cette étape, des premiers travaux de restauration seront menés suivant les conclusions du diagnostic (ouverture de certaines zones actuellement embroussaillées, actions de lutte contre les espèces envahissantes liées au caractère anthropisé du site par le passé et la présence d’espèces ornementales, actions d'amélioration du patrimoine naturel du site). Un volet valorisation pour sensibiliser le public aux enjeux de biodiversité sera étudié et, le cas échéant, mis en œuvre. ",34800.00,25475712,2104915852,,,SN Biodiversité,Pays de la Loire,Sarthe,72,22720002900014,DEPARTEMENT DE LA SARTHE,Département,72175,Luché-Pringé
Acquisition de site érodable sur les communes de Bagneux et Montilly (03),"Acquisition de 22,75 hectares de parcelles érodables constituées de prairies permanentes et temporaires et à la marge de "" pelouses calcaires de sables xériques "" d'intérêt communautaire (code Natura 2000 : 6120) et de "" Forêts alluviales à Alnus glutinosa et Fraxinus excelsior "" d'intérêt communautaire prioritaire (code Natura 2000 : 91E0)",14935.60,25476121,2104917977,,,SN Biodiversité,Auvergne-Rhône-Alpes,Allier,03,39364958700044,CONSERVATOIRE D ESPACES NATURELS DE L ALLIER,Association déclarée,03015,Bagneux
Acquisition de site érodable sur la commune de la Ferté-Hauterive,"Projet d’acquisition de 5,66 hectares constitués majoritairement de fourrés humides et mésophiles, et à la marge d’ourlets prairial et de « Forêts alluviales à Alnus glutinosa et Fraxinus excelsior » (code Natura 2000 : 91E0)  sur la commune de La Ferté-Hauterive dans le département de l’Allier.",5130.00,25476617,,AID-2025-04548,Agence de l'eau,SN Biodiversité,Auvergne-Rhône-Alpes,Allier,03,39364958700044,CONSERVATOIRE D ESPACES NATURELS DE L ALLIER,Association déclarée,03114,La Ferté-Hauterive
Acquisition de 4 parcelles sur la commune de La Roquette (27),"Dans un premier temps, l'acquisition des 4 parcelles permettra d'étendre et de combler les lacunes d'un site très morcelé déjà géré par le CEN Normandie. 
Ces parcelles font partie d'un important réseau de réservoirs et corridors calcicoles en Vallée de Seine. Elles abritent des habitats d'intérêt communautaire et de nombreuses espèces floristiques et faunistiques menacées et protégées à l'échelle régionale. La menace principale pour ce type d'habitat est un envahissement progressif par les graminées sociales et les ligneux lorsqu'aucune action de gestion n'est réalisée.
Cette acquisition facilitera la mise en place des opérations de gestion et notamment le débroussaillage et le pâturage pour maintenir l'ouverture de ces milieux.",7174.00,25497868,2104915410,,,SN Biodiversité,Normandie,Eure,27,39409879200051,CONSERVATOIRE D ESPACES NATURELS DE NORMANDIE,Association déclarée,27495,La Roquette
Acquisitions de milieux naturels  à enjeux patrimoniaux,"Acquisition de différentes parcelles boisées, pelouses  calcicoles, et milieux humides afin de préserver durablement le patrimoine naturels bourguignons que ce soit en terme de faune, flore ou habitats naturels.",36488.00,25498837,2104844480,,,SN Biodiversité,Bourgogne-Franche-Comté,Saône-et-Loire,71,38165327800089,CONSERVATOIRE D'ESPACES NATURELS DE BOURGOGNE,Association déclarée,89237,Mailly-la-Ville
Actions en lien avec la déclinaison des PNA Mulette perlière et Grande mulette,"La présente demande de subvention au titre du Fonds vert correspond à la mise en œuvre opérationnelle des plans d’actions nationaux concernant la Mulette perlière et la Grande mulette. Cela concerne à la fois des actions liées à la sauvegarde comme le développement de plans de conservation locaux, de l’appui technique/formation aux gestionnaires d’espaces naturels d’Occitanie travaillant sur ces espèces, améliorer la prise en compte de ces espèces dans les projets d’aménagement, de la sensibilisation auprès de différents publics.
- Cette demande s’inscrit donc dans l’Axe 3 Accompagnement de la stratégie nationale biodiversité 2030 du Fond Vert 2025 et répond plus précisément à l’objectif 1.2.1 Plans nationaux d’action 5PNA) en faveur des espèces menacées et plans assimilés. 
- Cette demande s’inscrit également dans la continuité des actions issues de la déclinaison des PNA à l’échelle régionale mis en œuvre par le CEN Occitanie. ",131750.00,25518902,2104897965,,,SN Biodiversité,Occitanie,Tarn,81,38464393800051,CONSERVATOIRE D ESPACES NATURELS D OCCITANIE,Association déclarée,81014,Anglès
Plan de gestion APHN,"Le site des Champs Pallière a été retenu pour un APHN (Arrêté de protection des habitats naturels). Pour finaliser cette démarche, il est nécessaire d’avoir une cartographie des habitats et un plan de gestion.
Cette demande a donc pour but de réaliser ce plan de gestion (diagnostic de l’existant, feuille de route d’actions de gestion, conservation…) avec la cartographie des habitats.
La zone est située entre les villages de Veaugues et de Neuvy-les-deux-clochers. Ce site est situé sur la commune de Veaugues mais appartient à la commune de Neuvy-Deux-Clochers.
Il s'agit d'un ensemble écologique calcicole établi sur les marnes de Saint-Doulchard.",14930.00,25551586,2104817541,,,SN Biodiversité,Centre-Val de Loire,Cher,18,34080467300044,NATURE 18,Association déclarée,18272,Veaugues
Lutte contre l'écrevisse rouge de Lousiane dans le Parc naturel régional de la Brenne,"Le projet proposé par le Parc naturel régional de la Brenne a pour objectif de de réduire la pression avérée de l’écrevisse rouge de Louisiane (ERL) sur la biodiversité au sein du site Natura 2000 « Grande Brenne ». Ce site comporte plus de 3000 étangs qui sont déjà pour une grande partie contaminés par l’ERL ou le seront très prochainement.
Il vise ainsi à poser ou renforcer les bases autour de 2 axes d’une lutte territoriale qui perdurera plusieurs années :
1.	études et expérimentations :
o	faire le point sur la lutte engagée en Brenne et imaginer de nouvelles perspectives ;
o	confirmer le rôle des poissons carnassiers comme moyen de lutte intégré à l'usage piscicole.
2.	renforcement de la lutte territoriale :
o	développer des pièges plus autonomes réduisant le coût induit de la lutte.",68630.00,25554835,2104817542,,,SN Biodiversité,Centre-Val de Loire,Indre,36,25360158700038,SYNDICAT MIXTE DU PARC NATUREL REGIONAL DE LA BRENNE,Syndicat mixte ouvert,36173,Rosnay
Acquisition site Lande de Beaumaître,"Le CEN Normandie est propriétaire de plusieurs parcelles contiguës et/ou proches de celles concernées . De plus, les parcelles objets de cette candidature sont gérées par le CEN Normandie depuis plus de 10 ans via une convention signée avec les propriétaires aujourd’hui décédés.  D’autre part, le CEN Normandie a signé une convention de gestion en 2016 avec M. Lebeau, propriétaire des parcelles F0070, F0071 & D0009, qui permet d’assurer une gestion durable par le propriétaire de 4,55 hectares supplémentaires. L’ensemble de ces parcelles sont adjacentes et intégrées dans le plan de gestion de l’unité cohérente de gestion ‘Nord-Ouest du Massif d’Ecouves’ 2021-2025. Cette acquisition va permettre de continuer la bonne préservation de ce cette lande compte tenu notamment de l’imbrication géographique de l’ensemble des parcelles. 
La plupart des parcelles ne sont plus exploitées ni entretenues. Sous la menace d’une fermeture du milieu, ces prairies ont besoin d’être gérées, ce que le CEN Normandie est parfaitement en mesure de faire.
Ce complexe plus ou moins tourbeux s’avère très intéressant écologiquement ; de par sa surface et la mosaïque complexe des habitats présents dont des molinaies et des landes humides. Sur le plan faunistique, le Damier de la Succise présente une belle population. L’enjeu « rivière » est également conséquent : l’Ecrevisse à pied blanc est présente dans la Cance ; compte-tenu du linéaire de la rivière attenant aux parcelles pouvant être conventionnées, la gestion en place peut avoir des répercussions sur la population d’Ecrevisse.
",8211.75,25558405,2104892373,,,SN Biodiversité,Normandie,Orne,61,39409879200051,CONSERVATOIRE D ESPACES NATURELS DE NORMANDIE,Association déclarée,61216,La Lande-de-Goult
Agir en faveur de la Loutre d'Europe dans le cadre du second PNA Loutre 2019-2028 et du PRA Loutre Bourgogne-Franche-Comté 2021-2028 - Déclinaison d'actions en faveur de la conservation de la Loutre d'Europe en Bourgogne en 2026 et 2027,Voir fiche descriptive ci-jointe,84632.00,25560328,2104880886,,,SN Biodiversité,Bourgogne-Franche-Comté,Côte-d'Or,21,42277172500062,SOC HISTOIRE NATURELLE AMIS MUSEUM AUTUN,Association déclarée,21584,Saulieu
"Réfection du hangar de Castet, au sein du périmètre de protection de la Réserve Naturelle Nationale de l’Étang de la Mazière","La SEPANLOG dispose d’un patrimoine bâti important, utilisé pour héberger l’équipe de la RNN, le matériel et accueillir le public. Le hangar de Castet, au cœur de l’ancienne gravière, abrite une partie du gros matériel (tracteur, broyeur,…). Le toit de ce hangar s’écroule sur un tiers de sa superficie et est constitué d’amiante, rendant l’intervention complexe et nécessitant une entreprise spécialisée en désamiantage. Il est urgent d’intervenir afin de limiter les risques sanitaires pour l’équipe et l’environnement et de risquer une diffusion de particules d’amiante dans l’eau et le sol.
En parallèle, ce bâti s’avère indispensable, étant le 2ème point hors d’eau de la RNN, pour augmenter la taille du troupeau d’ovins, entretenant naturellement les milieux naturels, tout en le sécurisant des inondations.  
Ainsi, ce projet répondrait à plusieurs objectifs du plan de gestion 2021-2030 de la RNN.",122610.00,25575212,2104796335,,,SN Biodiversité,Nouvelle-Aquitaine,Lot-et-Garonne,47,38305332900025,SEPANLOG RESERVE NATURELLE LA MAZIERE,Association déclarée,47325,Villeton
"Réfection du toit du séchoir, pour améliorer les conditions de travail et maintenir le bâtiment en état, utile au fonctionnement de la Réserve Naturelle Nationale de l’Étang de la Mazière","La SEPANLOG dispose d’un patrimoine bâti et paysager typique de la Moyenne Garonne, pour lequel des financements importants ont été levés au fil des années (priorité dans les anciens plans de gestion de la RNN) : ferme traditionnelle, séchoir à tabac, pigeonnier, cabane du brassié,… 

Ce patrimoine bâti vieillit et, comme toute construction, il nécessite une maintenance quotidienne voire des travaux plus importants, de manière plus ponctuelle. C’est le cas du toit du séchoir à tabac, qui requiert une rénovation de son toit (tuiles endommagées, toiture vieillissante) et une isolation, afin d’améliorer les conditions de travail de l’équipe, limiter les déperditions d’énergie et entretenir le bâti.",48500.00,25581761,2104795887,,,SN Biodiversité,Nouvelle-Aquitaine,Lot-et-Garonne,47,38305332900025,SEPANLOG RESERVE NATURELLE LA MAZIERE,Association déclarée,47325,Villeton
Enlèvement de bateaux hors d'usage en milieu naaturel sur le littoral martiniquais," La Martinique est une destination de plaisance privilégiée et accueille chaque année de nombreux plaisanciers. Il est constaté  de plus en plus de navires abandonnés, perdant au fil du temps leur flottabilité et devenant des épaves, engendrant des dommages pour le milieu marin (pollutions)  et un danger pour la navigation. Ils deviennent des bateaux hors d'usage dont les propriétaires sont inconnus et le demeurent même après une recherche par voie de publicité ou dont les propriétaires n'ont pas agi pour retirer leur navire du domaine public maritime après les mises en demeure. Les navires  flottants, coulés ou échoués seront enlevés du DPM une fois que les procédures d'identification des propriétaires puis de déchéance de propriété  ont été menées. Ils seront transportés par voie maritime ou terrestre jusqu'à un point de débarquement  puis leur transport par voie terrestre jusqu'à une installation adaptée à leur déconstruction et élimination.",249029.20,25584082,1407129463 | 1407130491,,,SN Biodiversité,Martinique,Martinique,972,13001432700014,DIRECTION DE LA MER DE  MARTINIQUE,Service déconcentré de l'État à compétence (inter) régionale,97209,Fort-de-France
Renaturation de la carrière de Freyming-Merlebach,"La carrière de Freyming-Merlebach, dite carrière Barrois est une friche industrielle de l'époque de l'extraction minière en Lorraine.
La carrière a d'ores et déjà été réaménagée, sécurisée et valorisée.
La Communauté de Communes souhaite effectuer une opération globale visant à la résorption, valorisation, plantation, création de points d'observation, traitement de berges, valorisation et traitement du parking en zone entrée et procéder à des actions pédagogiques par la signalétique.",350000.00,25593644,2104889846,,Rhin-Meuse,SN Biodiversité,Grand Est,Moselle,57,24570039800101,COMMUNAUTE COMMUNES FREYMING MERLEBACH,Communauté de communes,57240,Freyming-Merlebach
"Projet acquisition d’une forêt, connaissance et préservation Benqué Molère (65)","Contribution à la création d'une trame de vieilles forêts pour assurer un maillage du territoire dans les Hautes-Pyrénées, territoire des Baronnies, et favoriser la connectivité pour les espèces. Ces vieilles forêts, pourraient alors jouer un rôle majeur dans la conservation de la biodiversité régionale. 
Dans un réseau de forêts existant de forêts mâtures, le projet vise à :
- acquérir une parcelle forestière d'environ 1.3 Ha
- mettre en place un diagnostic dendrométrique et de la biodiversité végétale avec le Conservatoire botanique
- mettre en place une ORE avec l'association Néo.",11133.75,25614468,2104865702,,,SN Biodiversité,Occitanie,Hautes-Pyrénées,65,92837846200016,L'HETRE,Société à responsabilité limitée (sans autre indication),65081,Benqué-Molère
Projet de protection globale d’une forêt à Haute Valeur Écologique et d’aménagement d’un sentier pédagogique sur les forêts matures (58),"Du fait de leur rareté à l’échelle nationale, le Parc du Morvan a inventorié en 2023 avec l’Institut National de Recherche pour l’Agriculture,  l’Alimentation et l’Environnement (INRAE) les forêts anciennes et matures à l’échelle du massif du Morvan : ce sont les forêts à Haute Valeur Ecologique (FHVE).
La Société d’Aménagement Foncier et d’Établissement Rural a porté à la connaissance du Conseil départemental la vente de parcelles forestières, jointives aux parcelles départementales de la forêt du Crot de la Vouavre, à Saint-Honoré-les-Bains. 
Ce dernier souhaite acquérir les 3 parcelles en question afin de préserver la quasi-totalité de cette forêt à haute valeur écologique et reconnue aujourd'hui comme espace naturel sensible. Ceci dans la perspective de proposer ce site à la stratégie nationale des aires protégées, en tant que site naturel sous protection forte. Le conseil départemental sollicite le soutien au titre du fonds vert.",43380.00,25616500,2104887194,,,SN Biodiversité,Bourgogne-Franche-Comté,Nièvre,58,22580001000012,DEPARTEMENT DE LA NIEVRE,Département,58246,Saint-Honoré-les-Bains
Restauration d'habitats favorables aux pollinisateurs sauvages dans le cadre du programme LIFE Wild Bees ,"Un maillage fin d'habitats favorables aux pollinisateurs est indispensable afin de favoriser leur déplacement et l'accès à la ressource florale et aux sites de nidification.
L’objectif de cette action est la recréation d'habitat favorables aux abeilles sauvages par la mise en œuvre de travaux de plantation de haie, de vergers, de semis de prairies, de création de gite de nidification … Pour cela, les espaces ciblés sont les espaces publics communaux et intercommunaux, les espaces agricoles et les emprises vertes des réseaux de transports.
Une convention sera signée entre le Parc et chacun des propriétaires privés ou publics des sites.
Afin de favoriser les abeilles sauvages une majorité des essences plantées sera labellisée « Végétal local » et favorables aux abeilles sauvages. 
L’ensemble des travaux seront menés sur le territoire du Parc. 
 
",46800.00,25617331,2104859757,,,SN Biodiversité,Nouvelle-Aquitaine,Gironde,33,20008841700015,SYNDICAT MIXTE D'AMENAGEMENT ET DE GESTION DU PARC NATUREL REGIONAL (PNR) MEDOC,Syndicat mixte ouvert,33424,Saint-Laurent-Médoc
"PNA ""Vipères de France hexagonale"" 2025-2030 - Déclinaison régionale Bourgogne-Franche-Comté - Bourgogne / 2026-2027",Voir fiche descriptive jointe à cette demande,49779.00,25658065,2104880882,,,SN Biodiversité,Bourgogne-Franche-Comté,Côte-d'Or,21,42277172500062,SOC HISTOIRE NATURELLE AMIS MUSEUM AUTUN,Association déclarée,21584,Saulieu
Restauration du patrimoine naturel du marais Saint-Jean - Pierrepont,"Le projet consiste à effectuer des travaux écologiques pour la restauration du patrimoine naturel du marais Saint-Jean de Pierrepont, secteur faisant l'objet d'une demande de classement en Réserve naturelle nationale. 
L'abandon des activités dans cette zone humide tourbeuse a provoqué la fermeture des milieux naturels, une dégradation de ceux-ci et une perte de biodiversité. Les parcelles ont été colonisées par les ligneux et dans les secteurs encore ouverts, la végétation s'est fortement densifiée.
Les actions consisteront à rouvrir ces parcelles par des travaux de fauche exportatrice et de déboisement afin de permettre au patrimoine naturel de s'exprimer, notamment les habitats ouverts de tourbière et les espèces associées. Ces actions permettront également de lutter contre une espèce exotique envahissante, l'aster américain.",26805.00,25671303,,1116232,Agence de l'eau,SN Biodiversité,Hauts-de-France,Aisne,02,42100839200027,LA ROSELIERE,Association déclarée,02600,Pierrepont
Acquisition de 5 parcelles au sein du marais de la souche,"Le site se trouve sur la commune de Liesse-Notre-Dame dans le département de l’Aisne (02), au lieu-dit « le Marais Saint-Boëtien » et fait partie intégrante des marais de la Souche Les marais de la Souche couvrent près de 3 000 hectares et représentent une grande diversité d’habitats tourbeux qui se divisent en trois zones : Une zone humide au Nord, peu boisée mais avec présence de roselières et de mégaphorbiaies (formation de hautes herbes des terrains humides), Une zone centrale de tourbières, soumise à l'action de l'homme pour l'extraction de la tourbe, où s’exercent encore aujourd’hui la pêche, la chasse et les activités de loisirs, Une zone boisée au Sud, en continuité avec la forêt de Samoussy. Les enjeux de préservations des habitats sont importants, certains étant définis comme prioritaires.",9460.00,25698544,,1116305,Seine-Normandie,SN Biodiversité,Hauts-de-France,Aisne,02,39457286100026,FONDATION POUR LA PRESERVATION DE LA NATURE,Fondation,02430,Liesse-Notre-Dame
"Installation d’une caméra intelligente pour le comptage de canoës-kayaks sur la section du Chassezac classée ENS, comme outil de gestion des quotas, pour concilier la préservation du milieu naturel et la confortation de la filière touristique des activités aquatiques de Pleine nature (Phase 2 – Mise en œuvre)","En lien avec les partenaires concernés (Etat, Département, communes, acteurs, ...), la CDC du Pays des Vans en Cévennes a pour objectif d’accompagner l’ensemble de la profession du canoë du territoire à intégrer des logiques de régulation et de travail collectif, via la mise en place d’un quota global de canoës mis à l’eau.

Ici, la transition écologique se matérialise par le passage d’une filière touristique qui fonctionne de manière libéralisée et indépendante, à une activité qui souhaite s’autoréguler en cas de trop forte fréquentation pour répondre aux objectifs suivants : 
- Limiter la pollution de micros plastiques produits par le frottement des canoës pendant l’étiage estival,
- Limiter le nombre de bateaux sur la rivière à 880 canoës / jour et sur une amplitude horaire convenue (8h-19h) afin de laisser des plages horaires apaisées pour l’accès de la faune à la rivière,
- Garantir une expérience client apaisée,
- Alors qu’une hausse régulière du nombre de bateaux sur la rivière était constatée, mettre un coup d’arrêt à cette hausse par la mise en place d’un quota.
Les acteurs de la filière sont accompagnés dans le changement de leurs pratiques, avec l’engagement individuel sur un nombre d’embarcations journalières à respecter. L’installation de la caméra de comptage est un outil indispensable pour assurer le respect et le suivi de ce quota, pour chaque loueur.
",6610.56,25734748,2104868452,,,SN Biodiversité,Auvergne-Rhône-Alpes,Ardèche,07,20003983200080,CC PAYS DES VANS EN CEVENNES,Communauté de communes,07031,Berrias-et-Casteljau
Assistance technique et scientifique pour la création de la Réserve naturelle nationale des Landes et Pelouses serpentinicoles de la Haute-Vienne,"Le projet consiste sur sollicitation de la DREAL Nouvelle-Aquitaine à porter assistance technique pour la continuité du projet, notamment par l'élaboration du projet de décret, du dossier d'enquête publique et l'animation dans une démarche de concertation de groupes de travail locaux.
L’élaboration du dossier technique, pilotée par la DREAL NA, a été confiée au Conservatoire des espaces naturels de Nouvelle-Aquitaine. Le jeudi 26 juin 2025 s’est tenu à la salle polyvalente de La Porcherie, sous la présidence de Laurent Monbrun, Secrétaire général de la Préfecture de la Haute-Vienne, le 2nd comité de pilotage du projet de création de la réserve naturelle nationale (RNN) sur les serpentinites du sud de la Haute-Vienne. Ce dernier a précisé que le projet de réserve naturelle est inscrit au Plan d’actions territorial Nouvelle-Aquitaine 2022-2024 dans le cadre de la Stratégie Nationale des Aires Protégées ce qui lui confère un fort enjeu.",29998.17,25774337,2104796688,,,SN Biodiversité,Nouvelle-Aquitaine,Haute-Vienne,87,38857596100031,CONSERVATOIRE D'ESPACES NATURELS DE NOUVELLE-AQUITAINE,Association déclarée,87095,Meuzac
Adaptation de la gestion des réserves naturelles régionales de Normandie aux changements climatiques,"la Région souhaite consolider les compétences de ses équipes ainsi que celles des gestionnaires d’espaces protégés, en matière d’évaluation des vulnérabilités écologiques des impacts climatiques sur les habitats et les espèces, et de définition de mesures de gestion adaptative. L’objectif est de favoriser une meilleure prise en compte des dynamiques climatiques dans les plans de gestion des réserves naturelles, en s’appuyant sur la rédaction de notice de vulnérabilité pour chacune des réserves identifiées. Cinq réserves naturelles régionales seraient accompagnés : la RNR de la côte de la Fontaine et la RNR des anciennes carrières d’Orival caractérisées par des milieux calcaires, la RNR des marais de la Taute composée de marais tourbeux, la RNR de la clairière forestière de Bresolettes regroupant des milieux forestiers et étangs et la RNR des pierriers abritant des mousses et des lichens spécifiques sur éboulis rocheux. ",50000.00,25779968,2104892292,,,SN Biodiversité,Normandie,Calvados,14,20005340300057,REGION NORMANDIE,Région,14118,Caen
RNR de Saint-Cyr : restauration des équipements d'accueil du public,"La gestion de la réserve exige des moyens techniques adaptés, des matériels et outils spécifiques à chaque domaine d'activités et opération. Ces équipements doivent être maintenus en bon état de fonctionnement par le gestionnaire, remplacés et complétés au besoin
afin de pourvoir la réserve de moyens matériels suffisants et adaptés.
La demande de subvention concerne la réalisation de travaux indispensables à la mise en œuvre du plan de gestion et l’atteinte de ses objectifs à long terme, en particulier concernant l’accueil et la sensibilisation du public. Les travaux prévus concernent la réfection des observatoires.",20000.00,25783740,2104796327,,,SN Biodiversité,Nouvelle-Aquitaine,Vienne,86,78426328700145,LIGUE FRANCAISE PROTECTION OISEAUX,Association déclarée,86019,Beaumont Saint-Cyr
"Mon exploitation agricole sollicite le Fond Vert suite à la dégradation de plusieurs parcelles de mon exploitation à cause de l’installation illégale d’une rave party durant plusieurs jours. L’objectif est de renaturer le site dégradé et retrouver l’état écologique initial en protégeant les parcelles, restaurant l’état des sols et de la végétation. ","Le projet consiste en la remise en état des prairies de pelouses sèches dégradées suite à une rave party : 
-Perte de production fourragère : Habituellement 300 brebis pâturent durant 5 mois sur ces parcours herbacés. Après cet évènement, le pâturage est impossible.  Le piétinement des personnes et l’épaisseur de boue ont empêché la repousse de l’herbe.  La nature du sol, très faible profondeur et présence de pierre, ne permet pas une opération de re-semis.
-Ramassage de l’Ursus cassé et mélangé à la boue et travail de renivellement du sol 
-Redonner les conditions d'installation et de reproduction des espèces présentes ( en particulier alouette lulu, lézard ocellé)

Les actions à mettre en place pour restaurer l’état écologique initial de ces parcelles :
- TRAVAUX : Opération de restauration (travail du sol, décompactage, …) --> Voir devis de l'exploitant 
",9520.00,25837558,2104853967,,,SN Biodiversité,Occitanie,Lot,46,75147217600013,DU DAURY,Groupement agricole d'exploitation en commun (GAEC),46208,Montvalent
GESTION DE LA SPARTINE ANGLAISE SUR LE BASSIN D’ARCACHON,"La spartine anglaise tend à coloniser massivement la partie haute des vasières et entre en concurrence avec les herbiers de zostère et autres espèces indigènes du Bassin d’Arcachon. En 2018 et en 2022, le SIBA a piloté des campagnes d’arrachage mécanique de cette plante exotique envahissante sur le littoral du Nord Bassin d’Arcachon. Au regard de l’évolution des massifs, constatée sur le terrain et avec les survols aériens, une nouvelle campagne d’arrachage est envisagée pour poursuivre la pression exercée sur cette plante sur 4 zones :
•	CLAOUEY : plage de la croix des marins
•	ARES : Club nautique
•	ANDERNOS :de la plage du Bétey jusqu’au port de Fontainevieille
•	LANTON : Vieux port de Taussat
L’arrachage mécanique consiste en un retournement des pieds de spartine anglaise sur une profondeur minimum de 30 cm, sans exportation. La plante se retrouve alors avec les feuilles ensevelies et les racines mises à nu, elle s’asphyxie et meure.",21998.08,25858180,2104850556,,,SN Biodiversité,Nouvelle-Aquitaine,Gironde,33,25330643500012,SYND INTERCOM DU BASSIN D'ARCACHON,Syndicat mixte fermé,33005,Andernos-les-Bains
Signalétique de la Réserve Naturelle Nationale du Courant d'Huchet,"Installation de panneaux de présentation de la réserve naturelle et de bornes règlementaires.
Le panneau de présentation assure une fonction d’identification de la réserve et de renseignements sur le site. Il s’adresse aux usagers et aux visiteurs de la réserve qui viennent la découvrir. Il est constitué d’un plan indiquant les limites de la réserve et les sentiers de découverte, accompagné d’un texte de présentation sommaire de l’espace protégé. Une vitrine, placée sur un côté du panneau, permet d’afficher la règlementation de la réserve (décret de classement, règlement intérieur). Un rappel de la réglementation est fait en utilisant les pictogrammes réglementaires sur un bandeau vertical. Ce panneau est installé sur les aires d’accueil principales de la réserve.
La borne règlementaire répond prioritairement à l’objectif d’information de la limite de la réserve naturelle et de sa réglementation. Elle est constituée d’un poteau bois avec en son sommet la plaque « réserve naturelle » et d’un bandeau de pictogrammes règlementaires placé en dessous. Elle est installée aux entrées secondaires du site protégé. Elle permet d’informer les visiteurs qu’ils pénètrent sur un espace protégé avec une réglementation particulière.
Ces éléments de signalétique sont conçus selon la charte graphique nationale des réserves naturelles (novembre 2023).",10800.00,25955596,2104822813,,,SN Biodiversité,Nouvelle-Aquitaine,Landes,40,25400177900019,SIVU RESERVE NATURELLE COURANT D'HUCHET,Syndicat intercommunal à vocation unique (SIVU),40150,Léon
Régulation des populations de crabes bleus dans l'étang de Berre,"Depuis 2017, on assite à une expansion de cette espèce en Méditerranée et particulièrement dans les lagunes méditerranéennes. Dans l'étang de Berre, les signalements étaient faibles jusqu'à l'automne 2023, puis l'espèce a explosé en juillet 2024, avec des pics de captures à 400 individus par marées (120 kg). Les modifications du régime thermique induites par le changement climatique pourraient être un facteur favorisant son développement, il est important de suivre les évolutions des populations et mettre en place des mesures pour limiter les risques pour l’activité professionnelle de pêche et l‘équilibre de l’écosystème lagunaire.
Dans ce contexte, le Gipreb prévoit de réaliser un programme d’actions sur l'étang de Berre afin de (i) réguler la population de crabes bleus dans la lagune, (ii) suivre la population ainsi que son impact sur la pêche et la biodiversité, et (iii) accompagner les professionnels vers une valorisation de ce produit.",14080.00,25957164,2104824756,,,SN Biodiversité,Provence-Alpes-Côte d'Azur,Bouches-du-Rhône,13,20002603700016,GIPREB SYNDICAT MIXTE GESTION INTEGREE PROSPECTIVE ET RESTAURATION DE L ETANG DE BERRE,Syndicat mixte ouvert,13014,Berre-l'Étang
Valorisation de l'Atlas de la flore vasculaire des Terres australes françaises,"Action en lien avec le dossier n° 11826839 déposé sur démarches simplifiées le 27 avril 2023, qui porte sur l'édition et la publication d'un atlas de la flore des Terres australes françaises, pour lequel une subvention de 70 000€ a été attribuée par arrêté n°2023-49 du 5 juin 2023.
En vue de diffuser le plus largement possible cet ouvrage, la présente demande de subvention vise à: 1/ produire des outils pratiques (et disponibles en ligne) pour diffuser la connaissance sur la flore des îles australes 2/organiser un évènement de présentation de l'atlas de la flore. Cet évènement de promotion sera destiné aux partenaires des TAAF (Muséum National d’Histoire Naturelle, Office française de la Biodiversité, Conservatoires botaniques, etc), mais aussi au grand public, avec une campagne de communication dans les médias en amont de l'évènement.",19500.00,25958400,2104807646,,,SN Biodiversité,Terres australes et antarctiques françaises,Terres australes et antarctiques françaises,984,22984000400027,TERRITOIRE DES TERRES AUSTRALES ET ANTARCTIQUES FRANCAISES,(Autre) Collectivité territoriale,97416,Saint-Pierre
Restauration du site de ponte des tortues marines de Grandes cayes - Saint-Martin - 2026-2027 (18 mois),"Le projet est un plan local d’actions visant à enrayer la dégradation, encadrer les usages et améliorer la qualité d'accueil du site de ponte des tortues marines (trois espèces) de Grandes cayes. Il est situé au Nord-Est de l’île, en contrebas de l’Ecosite (installations de traitement des déchets), sur un site classé en Réserve Naturelle Nationale. Une route d’accès à « l’Ecosite » est située en arrière-plage et génère des nuisances affectant le site de ponte. Le projet prévoit de réduire ces impacts par le renfort du cordon végétal en haut de plage avec une extraction des espèces végétales exotiques envahissantes et la revégétalisation alimentée par une pépinière à installer sur le site d'accueil de l'Ecosite, en collaboration avec les gestionnaires des îles voisines pour un partage d'expériences. Des animations scolaires, des appels au bénévolat et la sensibilisation des aménageurs et usagers du site contribueront à valoriser le projet.",179105.60,25967368,2104914318,,,SN Biodiversité,Saint-Martin,Saint-Martin,978,44150373700047,ASS GESTION RESERVE NATURELLE ST MARTIN,Association déclarée,97801,Saint-Martin
CT Val Allier alluvial - Fiche B.2.b. Préservation et restauration de sites érodables sur le val d'Allier,"Mise en place de la gestion sur les nouveaux sites acquis  :
- addenda au plan de gestion thématique des sites érodables du val d'Allier, 
- cadrage des pratiques agricoles
- Travaux de restauration sur certains sites : aménagements pastoraux pour la conversion de culture ou l'évolution de pratiques, plantations de haies, fermetures d'accès véhicules...
Suivi de la gestion agricole des sites érodables déjà maîtrisés (270 ha) 
Restauration de la dynamique fluviale : 
- Etudes de faisabilité de restauration de la dynamique : identification des sites potentiels soumis à technique (Diagnostic hydromorphologique, diagnostics socio-économique,  écologique du site, concertation, évaluation de l'acceptation sociale), 
- définition des travaux de restauration, champ réglementaire et impacts des travaux
",7972.00,25988209,,AID-2025-04547,Agence de l'eau,SN Biodiversité,Auvergne-Rhône-Alpes,Allier,03,39364958700044,CONSERVATOIRE D ESPACES NATURELS DE L ALLIER,Association déclarée,03114,La Ferté-Hauterive
Acquisition Vallée Bourdigal - Outarde (2025),"Le projet consiste en l'acquisition de 1.6080 ha permettant de compléter la mosaïque de parcelles en maîtrise foncière et d'usage du CEN et gérées en faveur de l'avifaune de plaine. Le montant comprend la valeur principal des terrains, ainsi que les frais d'intervention SAFER et les frais notariés. L’acquisition de ces parcelles répond à un enjeu national majeur de conservation de l’Outarde canepetière, espèce en danger critique et bénéficiant d’un PNA. Ce secteur concentre la dernière population migratrice de France, dont la survie dépend du maintien de surfaces en herbe favorables à la reproduction. Le CEN NA, déjà gestionnaire de près de 40 ha dans la vallée, agit en partenariat avec le monde agricole via des BRCE garantissant des pratiques adaptées. Cette acquisition consolidera la maîtrise foncière et la cohérence écologique du site, renforçant un des noyaux vitaux pour la sauvegarde de l’espèce à l’échelle nationale.",9000.00,25989238,2104819541,,,SN Biodiversité,Nouvelle-Aquitaine,Deux-Sèvres,79,38857596100031,CONSERVATOIRE D'ESPACES NATURELS DE NOUVELLE-AQUITAINE,Association déclarée,79016,Assais-les-Jumeaux
Restauration d'une prairie et d'une mare ,"Une parcelle en bordure immédiate d'un ENS et d'un périmètre de protection de biotope n'est plus entretenu depuis de nombreuses années et fait l'objet de dépôts de déchets. La communauté de communes a l'opportunité d'acquérir cette parcelle. La Copamo souhaite restaurer cette parcelle , en évacuant tous les déchets, en débroussaillant et en la mettant à disposition d'un éleveur avec lequel le CENra a l'habitude de travailler sur la commune. Une mare en bas de parcelle sera restaurée: curage, reprofilage des berges si besoin. En effet, dans le secteur il existe aujourd’hui un réseau de mares favorables au triton crêté. L'espace naturel sensible des landes de Montagny est géré conjointement avec le CEnra et une demande est faite au Département d'intégrer cette parcelle à l'ENS, la gestion sera confiée au CENra. Le périmètre de l'appb des landes de Montagny est en cours de révision et demande est faite à la DDT d'intégrer cette parcelle. ",27424.00,26003194,2104875355,,,SN Biodiversité,Auvergne-Rhône-Alpes,Rhône,69,24690074000035,COMMUNAUTE DE COMMUNE DU PAYS MORNANTAIS,Communauté de communes,69241,Taluyers
Vers une meilleure appropriation des aires protégées du massif des Bauges,"Le Parc naturel régional du Massif des Bauges présente 10 aires protégées sur son périmètre (1 Réserve nationale de chasse et de faune sauvage des Bauges, 6 Arrêtés Préfectoraux de Protection de Biotope, 2 Réserves Biologiques en forêt domaniale et 1 Réserve Naturelle Nationale au bout du lac d’Annecy). Ces réglementations génèrent de nombreuses incompréhensions et questionnements par ses pratiquants. Cela entraîne des manquements à la réglementation et un manque d’appropriation. Le Parc souhaite développer une campagne de communication et sensibilisation afin d'expliquer les raisons des réglementations et favoriser leur adhésion. Il s'agit de déployer des outils vulgarisés pour une meilleure appropriation des aires protégées. La démarche sera conduite en réseau auprès des gestionnaires des aires protégées du Parc mais également en inter-parcs, en vue de les mutualiser et les transférer au maximum.
",28000.00,26020397,2104874667,,,SN Biodiversité,Auvergne-Rhône-Alpes,Savoie,73,25730220800026,SYNDICAT MIXTE PARC NATUREL REGIONAL MASSIF DES BAUGES,Syndicat mixte ouvert,73081,Le Châtelard
Préservation des sites de nidification et identification des causes de mortalité chez le Milan royal en Corse,"Ce projet présenté par le Conservatoire d’Espaces Naturels Corse vise à préserver les sites de nidification du Milan royal en milieu boisé, et à identifier et limiter les causes de mortalité de cette espèce en Corse.

Il peut être subdivisé en trois volets :
-	la préservation des habitats en milieux boisés (forêts et ripisylves),
-	la caractérisation et la limitation des causes d’empoisonnement
-	la limitation des autres causes de mortalité 
Ces trois volets sont reliés au suivi d’un certain nombre de couples reproducteurs permettant ainsi de réaliser de façon transversale une veille de la population de milans. 
",147191.32,26060363,2104815298,,,SN Biodiversité,Corse,Haute-Corse,2B,39075220200031,CONSERVATOIRE D ESPACES NATUREL CORSE ET AMIS PARC NATUREL,Association déclarée,2B042,Borgo
Restauration d'habitats de la zone humide de Courpain et suivis faunistiques des impacts,"Ce projet de restauration se déroule en plusieurs étapes et sur plusieurs années. Le but est de permettre, dans le temps, de restaurer pour rendre plus fonctionnels les différents habitats composants cette zone humide, afin d'en préserver et d'enrichir la biodiversité qu'ils accueillent. Lors de cette deuxième étape (année 2026), il est donc prévu de mettre en place des actions de restauration des habitats et du suivi des impacts
de ces opérations sur la faune.
- Poursuite de la restauration de la prairie avec création d'habitats favorables aux Lépidoptères.
- Restauration par arasement d'un merlon situé sur une zone favorable à la circulation des amphibiens ainsi qu'un habitat favorable à la Scrofulaire des chiens et au Corynéphore blanchâtre.
- Restauration du chenal autour de l'îlot permettant d’isoler ce secteur de la rive du site afin de protéger des espèces d'oiseaux nicheurs et création d'une mare avec le surplus de matériaux récupérés.",68390.50,26125265,2104817540,,,SN Biodiversité,Centre-Val de Loire,Loiret,45,40119794200014,MAISON DE LOIRE,Association déclarée,45241,Ouvrouer-les-Champs
Plan Régional d'Actions Chiroptères de Normandie : Protection des gîtes d'hibernation 2025,"Le projet répond aux objectifs de la stratégie nationale biodiversité 2030 par la mise en œuvre d'actions concrètes de conservation et de restauration de milieux naturels et plus particulièrement des habitats utilisés par les chauves-souris. Ce projet s'inscrit dans le plan régional d'actions Chiroptères de Normandie, déclinaison du Plan National d'Actions Chiroptères. Il s'agit de protéger des sites d'hibernation de chauves-souris par la mise en place d'aménagements adaptés garantissant la tranquillité des populations hivernantes.",21661.20,26139394,2104884129,,,SN Biodiversité,Normandie,Eure,27,42284512300039,ASS GROUPE MAMMALOGIQUE NORMAND,Association déclarée,50296,Maupertus-sur-Mer
TRAITEMENT DES BAMBOUS SUR DES BERGES DU BETEY,"Le Syndicat Intercommunal du Bassin d’Arcachon (SIBA) exerce depuis 2020 la compétence Gestion des Milieux Aquatiques et Préventions des Inondations (GEMAPI). A ce titre et en partenariat avec la commune d’Andernos-les-Bains, il met en œuvre depuis 2023 un plan pluriannuel de gestion (PPG) sur le bassin versant du Bétey. 
L’objectif est d’en améliorer l’hydraulique, de prévenir les inondations en zones urbaines, tout en confortant et en améliorant la biodiversité et la qualité de l’eau de l’ensemble de ce milieu naturel. 
La présente opération consiste en la gestion du bambou (espèce terrestre envahissante) qui envahit et détériore une zone en berge du Bétey dans sa partie aval urbaine, classée cours d’eau, à 130 mètres de son exutoire, dans le port maritime du Bétey.",12000.00,26232461,2104857553,,,SN Biodiversité,Nouvelle-Aquitaine,Gironde,33,25330643500012,SYND INTERCOM DU BASSIN D'ARCACHON,Syndicat mixte fermé,33005,Andernos-les-Bains
Aménagement du sentier pédagogique dans le cadre de la gestion du site de la tourbière des froux à Manou ,"Le Parc naturel régional du Perche et la commune de Manou portent le projet de valoriser la richesse écologique de la tourbière des Froux située en sites Natura 2000 et en réserve biologique dirigée. Le plan de gestion de ce site prévoit l'accueil du public et de garantir la pérennité du sentier et des équipements connexes. Devant le constat de dégradation des aménagements et de la nécessité de sensibiliser aux enjeux de conservation de ce site de manière encadrée, il est prévu :
- L'aménagement de l’accès avec la délimitation de la zone de stationnement et avec la pose d’une barrière;
- Le remplacement des pontons bois et le renforcement des balisages;
- La mise en valeur de l’ancien lavoir et de la mare;
- La mise en place de panneaux pédagogiques et signalétiques.
L'objectif du projet est de mettre en place un parcours aménagé permettant de devenir un véritable outil de découverte et d'apprentissage tout en préservant le milieu naturel.",70760.00,26283749,2104836636,,,SN Biodiversité,Centre-Val de Loire,Eure-et-Loir,28,25610388800028,SYND MIXTE GESTI PARC NATUREL REG PERCHE,Syndicat mixte ouvert,28232,Manou
"Elaboration d’un Guide Eviter, Réduire, Compenser pour le territoire du SCOT Sud Gard","Fort de son expérience et de sa forte implication sur le territoire SCOT Sud Gard, le projet proposé par le CEN Occitanie consiste à créer un guide ERC de la compensation. Il s’agit de coconstruire ce guide avec l’ensemble des acteurs concernés du territoire. Ce guide sera centré sur l’Outarde canepetière, enjeu principal du territoire et espèce dite parapluie. Toutefois, les autres espèces fréquemment rencontrées et concernées par la compensation écologique seront traitées transversalement.
L’objectif est de partager un socle de connaissance commun et sur cette base, coconstruire des règles communes et validées par tous, pour appliquer au mieux la séquence ERC. Il s’agit de faire émerger du compromis dans un cadre fixe. L’objectif plus général est in fine de concevoir un aménagement durable, soutenable et équilibré du territoire ; tout en garantissant sa multifonctionnalité et la conservation des espèces qui font sa richesse.",135135.00,26289732,2104869110,,,SN Biodiversité,Occitanie,Gard,30,38464393800051,CONSERVATOIRE D ESPACES NATURELS D OCCITANIE,Association déclarée,30189,Nîmes
Améliorer la prise en compte du Balbuzard pêcheur et autres grands oiseaux forestiers patrimoniaux dans la gestion forestière,"L’objectif du projet porte sur l'installation de 10 pièges photographiques sur des nids connus de Balbuzards pêcheurs et éventuellement d’autres oiseaux forestiers à enjeux patrimonial fort au niveau régional (Cigogne noire, Circaète Jean-le-Blanc etc.) pour répondre à plusieurs objectifs : 
-	Obtenir des données et informations précises sur l’utilisation des nids par les oiseaux (dates d’arrivée, période de ponte, nombre d’individus, dérangement, prédation etc.)
-	Éviter le dérangement en période sensible pour le suivi du nid
-	Adapter les mesures de gestion forestière à proximité des nids (périmètres de protection, adaptation des périodes d’interventions sylvicoles, îlots de sénescence, contrats forestiers, etc.)
-	Sensibiliser les propriétaires sur ces enjeux
",15680.00,26324236,2104823299,,,SN Biodiversité,Centre-Val de Loire,Loir-et-Cher,41,18009235500478,CNPF SERVICES GENERAUX,Établissement public national à caractère administratif,45234,Orléans
Suivis des flux de carbone et des dynamiques écologiques sur un gradient d’afforestation de zones tourbeuses de la vallée de la Somme,"Les politiques climatiques s'intéressent aux sols comme puits de carbone, notamment les tourbières, qui stockent 25 % du carbone organique des sols bien qu'elles ne couvrent que 3 % des terres émergées. En France, la vallée de la Somme renferme le plus grand stock de tourbe (64 Mt C), fortement dégradé par drainage et usages humains. L’assèchement ces derniers siècles puis l'abandon du pâturage et l'afforestation récente y ont considérablement fait régresser les tourbières. Le projet FENAFFOR vise à quantifier les émissions de GES sur ce territoire via des sites expérimentaux équipés (mesures de GES). Il permettra de modéliser les flux de carbone issus des tourbes en dégradation. A terme, ces données acquises permettront d'envisager des projets de restaurations hydrologiques financés par crédits carbone des émissions évitées. Ce levier s’inscrit dans la stratégie nationale bas carbone et la directive européenne de restauration des tourbières.        ",300000.00,26351195,2104916590,,,SN Biodiversité,Hauts-de-France,Somme,80,19801344300017,UNIVERSITE AMIENS PICARDIE JULES VERNE,Établissement public national à caractère scientifique culturel et professionnel,80021,Amiens
Contribution à la mise en œuvre du programme d’action de la déclinaison régional Auvergne-Rhône-Alpes de la Stratégie des Aires Protégées,"Le projet de charte 2026-2041 du Parc naturel régional Livradois-Forez comporte une mesure qui vise à « Préserver les milieux naturels remarquables et les espèces patrimoniales » (mesure 2.1.1). Cette mesure rappelle le contexte dans lequel s’inscrit la future contribution du syndicat mixte du Parc à la mise en œuvre de la déclinaison régionale de la Stratégie des Aires Protégées (SAP).
Le syndicat mixte du Parc prévoit de contribuer à l’avancée de certains projets inscrits aux enjeux B, C ou D, du programme d’action 2025-2027 de la déclinaison AuRA de la SAP. Ce travail aboutira à la réalisation de notes d’opportunité et de pré-diagnostics sur certains sites pour permettre une prise de décision ultérieure, cette préparation doit comporter à la fois une expertise et une animation de la démarche d’appropriation locale des projets.
Une note détaillée est fournie en PJ.",100000.00,26373404,2104889767,,,SN Biodiversité,Auvergne-Rhône-Alpes,Puy-de-Dôme,63,25630124300018,SYNDICAT MIXTE D'AMENAGEMENT ET DE GESTION DU PARC NATUREL REGIONAL LIVRADOIS-FOREZ,Syndicat mixte ouvert,63355,Saint-Gervais-sous-Meymont
Acquisition de parcelles boisées - Forêt de la Boissière - Commune de Saint-Marc-sur-Seine et Origny (21),"Il s'agit d'une opportunité d'acquisition de parcelles boisées. Il s'agit d'une chênaie caducifoliée sur plateau calcaire sec d'une superficie totale de près de 45 hectares.
L'intervention du CENB se fait dans le cadre de la stratégie ""veilles forêts"" du programme SYLVAE : le CEN cherche à acquérir des parcelles de boisement ancien et mâture dans un objectif de non-intervention et de vieillissement.",128188.00,26375512,2104889523,,,SN Biodiversité,Bourgogne-Franche-Comté,Côte-d'Or,21,38165327800089,CONSERVATOIRE D'ESPACES NATURELS DE BOURGOGNE,Association déclarée,21557,Saint-Marc-sur-Seine
"Sensibilisation des acteurs locaux, des scolaires et du grand public aux enjeux de conservation du crapaud vert et de la Cistude d'Europe dans le cadre des PNAs","Dans le cadre de la mise en œuvre des PNA Crapaud vert et Cistude d'Europe, le CPIE A Rinascita et Biotope se chargeront des actions suivantes :
- Sensibilisation des scolaires (interventions dans 6 classes de CM1-CM2 avec 1 demi-journée en salle et 1 demi-journée en extérieur)
- Sensibilisation du grand public (1 sortie sur le Crapaud vert et 1 sortie sur la Cistude d'Europe)
- Recueil d'observations de particuliers et animation d'un réseau d'observateurs
- Sensibilisation et information auprès des particuliers et animaleries sur la problématique des EEE
- Sensibilisation des agents de terrain (OFB, Fédération de pêche, etc.) sur la problématique des EEE
- Sensibilisation des socio-professionnels
- Sensibilisation des gestionnaires d'espaces naturels
",20500.60,26416471,2104873144,,,SN Biodiversité,Corse,Haute-Corse,2B,44364786200020,CPIE CORTE CENTRE CORSE ASSOCIATION A RINASCITA DI U VECCHJU CORTI,Association déclarée,2B033,Bastia
Rénovation et renaturation des berges – Sentier des Roselières,"La commune de Saint-Jorioz engage un projet de réhabilitation et de renaturation du sentier des Roselières, situé en bordure du lac d’Annecy, sur un linéaire de près de 900 mètres entre le Nant du Villard et l’allée Le Beau. Trois interventions sont prévues en cohérence avec les recommandations de la DDT et de la Police de l’eau : la sécurisation des berges par la reprise d’enrochements libres sur environ 202 mètres afin de stopper l’érosion et de garantir la stabilité du cheminement, la création d’une surverse destinée à résorber un point noir d’eaux pluviales et prévenir les débordements dans les roselières et les propriétés riveraines, ainsi que la renaturation d’un ancien site occupé par un ponton, avec restitution du profil naturel du lac et reconnexion écologique des roselières. L’ensemble des cheminements sera repris en stabilisé fin afin d’assurer l’accessibilité aux personnes à mobilité réduite.",50000.00,26438814,2104894661,,,SN Biodiversité,Auvergne-Rhône-Alpes,Haute-Savoie,74,21740242900013,COMMUNE DE SAINT JORIOZ,Commune et commune nouvelle,74242,Saint-Jorioz
Création dune clôture et bornage du site de La Rouère,"L’objectif du projet est de créer plusieurs clôtures permettant de délimiter le zonage de protection et la création d’une signalétique en ce sens. Un parc d’environ 1 hectares sera aussi créé pour remettre en pâturage une zone de marais en cours de restauration.
Le projet consiste en la création de plusieurs clôtures en bordure de la queue de l’étang de La Rouère. Ce site fait l’objet d’une ambitieuse restauration de la roselière par arrachage de saules. 
Le projet comprend trois clôtures distinctes dont deux en barbelés et l’une en fil lisse.
Le parcellaire étant incohérent avec la réalité du terrain, un bornage des parcelles est prévu dans le cadre de ce projet car essentiel à la bonne réalisation des ouvrages.
 
",16132.29,26487988,2104836630,,,SN Biodiversité,Centre-Val de Loire,Indre,36,33495712300014,CHERINE,Association déclarée,36176,Ruffec
Préservation de forêts anciennes à forte valeur écologique de la Montagne d'Ardèche : acquisition de parcelles et restauration écologique d'habitats forestiers,"Les forêts anciennes à haute valeur écologique de la montagne d'Ardèche restent relictuelles dans le paysage et subissent des pressions liées à une sylviculture soutenue. Le Cen Rhône-Alpes a engagé, en synergie avec les acteurs du territoire, de l’animation foncière afin d'assurer la maitrise foncière de forêts anciennes matures atteignant à ce jour 86 ha de propriétés pleine et entière au Cen. La dynamique foncière continue avec des promesses de vente obtenues et des parcelles en cours d’acquisition alors que l’ensemble des subventions obtenues ont été utilisées. Par ailleurs, le Cen Rhône-Alpes souhaite restaurer des parcelles forestières dégradées acquises dans les lots de forêts anciennes, avec une action de reboisement pour conforter le réseau de forêt et micro-climat associés à une tourbière et une action de diversification des habitats par restauration de ripisylves et création de mares forestières.",50000.00,26497760,2104916888,,,SN Biodiversité,Auvergne-Rhône-Alpes,Ardèche,07,39853422200037,CONSERVATOIRE RH ALP ESPACES NATURELS,Association déclarée,07224,Saint-Cirgues-en-Montagne
Achat de la tourbière du Clos et du Marais,"Acquisition d'un complexe tourbeux inscrit en ZNIEFF 830005451, au titre des habitats tourbeux déterminants et des espèces déterminantes qu’il abrite. Il constitue la zone principale des sources de la rivière la Mare. L’ensemble représente 50 ha, en faisant une capacité de stockage majeure. Elles sont en lien avec la tourbière de Verdine-Cassard gérée par le CEN RA. Ce complexe est remarquable par la diversité et les surfaces en habitats tourbeux => 7 habitats d’IC / 18 ha, dont 3 prioritaires (tourbières tremblantes, Boulaies sapinières sur haut-marais, bas-marais) abritant des espèces végétales protégées.
Ce site est l’un des rares dans la région à abriter des surfaces conséquentes de forêts anciennes sur tourbe (présentes sur les cartes d’Etat major) et présentant de très gros arbres et du bois mort. 
Le site est dans un état de conservation remarquable dans son ensemble. Il s’inscrit dans un massif de sapinière ancienne (plus de 250 ans).
",20755.50,26497908,2104872014,,,SN Biodiversité,Auvergne-Rhône-Alpes,Loire,42,39853422200037,CONSERVATOIRE RH ALP ESPACES NATURELS,Association déclarée,42107,Gumières
Restauration du marais de Conzieu et du ruisseau du Setrin,"Le marais de Conzieu est une zone humide remarquable du département de l'Ain, qui abrite 19 espèces remarquables et protégées, et rend de nombreux services : expansion de crue, soutient d'étiage... Le bon état fonctionnel et écologique du marais dépend en grande partie de celui du cours d'eau, le Sétrin. Plusieurs études menées identifient des perturbations notables sur ce dernier (endiguement, rectification, incision...) et sur le marais (fossés drainants, peupleraies). Le CEN Rhône-Alpes, gestionnaire du marais, vise donc une restauration fonctionnelle ambitieuse du marais et du Sétrin. Le projet comporte 2 étapes :
-  mettre en œuvre des travaux de restauration du marais : comblement des fossés de drainage, réhabilitation du Sétrin à l'aide de procédés low-tech et technique gros bois, reconversion de peupleraies ;
- réaliser un avant-projet détaillant les opérations de restauration hydromorphologique du Sétrin (plans d'exécution, chiffrage, planning...)",48453.00,26498041,2104892504,,,SN Biodiversité,Auvergne-Rhône-Alpes,Ain,01,39853422200037,CONSERVATOIRE RH ALP ESPACES NATURELS,Association déclarée,01117,Conzieu
Restauration du lac Genin,"Le Département de l’Ain a labellisé le lac et les tourbières en « Espace Naturel sensible » en 2015, au vu de ses qualités paysagères et ses richesses naturelles mais aussi de l’importance de maîtriser la fréquentation. Les ambiances paysagères de ce site sont remarquables. Le lac et ses tourbières sont d’ailleurs site classé depuis 1935. Le Lac naturel d’origine glacière est entouré d’un écrin forestier typique de cet étage montagnard. Les tourbières associées dont la formation a duré plusieurs milliers d'années, sont parmi les plus riches en biodiversité du département de l’Ain.
Ce projet de restauration écologique des milieux tourbeux et des berges du lac Genin vise à:
- Aboutir à une réhabilitation complète du fonctionnement hydrologique de la tourbière des Renons.
- Restaurer les sections de berges du Lac Genin dégradées et réduire les pressions (érosion par piétinement).",49150.00,26498111,2104894937,,,SN Biodiversité,Auvergne-Rhône-Alpes,Ain,01,39853422200037,CONSERVATOIRE RH ALP ESPACES NATURELS,Association déclarée,01087,Charix
Restauration de prairies humides en faveur de Phengaris teleius,"Le présent dossier vise à réaliser une action de restauration de l'habitat de Phengaris teleius sur une aire protégée du Cen Centre-Val de Loire.

Toutes les opérations découlent d’un plan de gestion pluriannuel, réalisé en déclinaison du CT88, approuvé par le conseil scientifique du Cen Centre-Val de Loire et validé par son conseil d’administration.
",12039.60,26498945,2104836628,,,SN Biodiversité,Centre-Val de Loire,Indre-et-Loire,37,38509631800170,CONSERVATOIRE D ESPACES NATURELS CENTRE-VAL DE LOIRE,Association déclarée,37031,Bourgueil
"Vieilles forêts et forêts à haute valeur écologique, un patrimoine d’exception à préserver en Auvergne","Aujourd’hui rares et souvent méconnues, les vieilles forêts constituent pourtant un patrimoine extraordinaire, d’une haute valeur scientifique et écologique, mais également sociale et culturelle. 
Face à l'urgence de les préserver, le CEN Auvergne a initié en 2018 le programme ""Sylvae : réseau de vieilles forêts en Auvergne"". Le principe est simple : acheter des parcelles de vieilles forêts ou de forêts à haute valeur écologiques pour les laisser en libre évolution. 
Le présent projet a pour objet de poursuivre et amplifier le déploiement de cette initiative avec : la poursuite de l’animation générale du projet, l'acquisition de nouvelles parcelles, l'engagement de l’animation foncière sur de nouveaux secteurs prioritaires, un travail de terrain de recherche de nouveaux secteurs prioritaires ainsi que l'actualisation d'un plan de gestion multi-sites permettant d'avoir une vision globale du réseau.",207247.00,26506430,2104878612,,,SN Biodiversité,Auvergne-Rhône-Alpes,Cantal,15,34489699800046,CONSERVATOIRE D ESPACES NATURELS D AUVERGNE,Association déclarée,43158,Queyrières
Remplacement d’une clôture sur la RNN de Chérine,"Le projet consiste en la création d’une clôture de 1 500 mètres, en bordure de route principalement. Afin de ne pas limiter la circulation des animaux sauvages, il a été choisi d’utiliser du fil barbelés permettant de garder des équins. La parcelle concernée comprend plusieurs étangs et marais accueillant la rare Marouette de Baillon.
",16751.75,26515146,2104836631,,,SN Biodiversité,Centre-Val de Loire,Indre,36,33495712300014,CHERINE,Association déclarée,36204,Saint-Michel-en-Brenne
Deuxième année du renforcement de la population de Pélobate brun du Loiret.,"2026 sera la seconde année de mise en place du programme de renforcement de la population de Pélobate brun du Loiret via des actions de dispersion assistée et de protection. 
Ce programme est une première en France, il vise à améliorer la reproduction de l’espèce et à faciliter son expansion.
2025 a été une première année positive pour ce programme : 
-	2 nouvelles mares accueillent désormais l’espèce,
-	Le taux de survie est de 21% pour les têtards libérés (habituellement 10%).
En 2026, les actions ne vont pas changer de nature, elles seront mieux réparties dans le temps et seront renforcées pour certaines. ",25270.50,26519394,2104836777,,,SN Biodiversité,Centre-Val de Loire,Loiret,45,80077755900017,ASSOCIATION BEAUVAL NATURE POUR LA CONSERVATION ET LA RECHERCHE,Association déclarée,45179,Lailly-en-Val
Acquisition de parcelles forestières à enjeu patrimonial situé dans le bassin  versant de la RNN de la Tourbière du Grand Lemps,"Le CEN Isère projette l’acquisition de 3,42 ha de boisements de feuillus situés sur le versant sud-ouest de la colline du Banchet, en bordure immédiate de la RNN de la Tourbière du Grand Lemps (Isère) situé dans son bassin versant et espace de bon fonctionnement. Ce versant boisé constitue des habitats terrestres indispensables pour les amphibiens de la Réserve (Crapaud commun, Triton crêté, Sonneur à ventre jaune). En 2004, le plus grand Crapauduc d’Europe a permis de connecter ce boisement à la tourbière coupé par la route départementale D51. Aujourd’hui le versant est morcelé par de nombreuses coupes rases, l’acquisition de ces parcelles stratégiques permettra de garantir la fonctionnalité écologique du site, identifié comme réservoir de biodiversité à l’échelle régionale (SRCE, SRADDET).",14350.00,26525305,2104874669,,,SN Biodiversité,Auvergne-Rhône-Alpes,Isère,38,33804577600055,CONSERVATOIRE D'ESPACES NATURELS ISERE,Association déclarée,38182,Le Grand-Lemps
Protection des habitats sensibles par l’implantation de bouées de mouillages écologiques dans les zones de récifs coralliens et d’herbiers marins,"La préservation des habitats marins, en particulier les récifs coralliens et les herbiers marins, est cruciale pour le maintien de la biodiversité et la protection des écosystèmes côtiers. Les zones sensibles telles que les récifs coralliens sont menacées par les pratiques de mouillage non encadrées, qui endommagent directement les écosystèmes et fragilisent les espèces qui en dépendent.
Ce projet vise à instaurer des solutions de mouillage écologique pour réduire les impacts des activités nautiques sur ces habitats. La mise en place de bouées de mouillage écologique pour les professionnels et autres utilisateurs fréquents permettra de diminuer les ancrages répétés et destructeurs dans ces zones. Cette action garantit une réduction des dommages physiques sur les récifs et les herbiers et assure ainsi une meilleure conservation des habitats marins sensibles.",85000.00,26531006,2104913631,,,SN Biodiversité,Martinique,Martinique,972,13002591900015,OFFICE FRANCAIS DE LA BIODIVERSITE,Établissement public national à caractère administratif,97202,Les Anses-d'Arlet
 Identification et mise en oeuvre de MAEC en 2026 en faveur d'espèces bénéficiant d'un PNA dans le Boischaut Sud,"Le Boischaut Sud abrite un bocage remarquable. Mosaïque de haies, d'arbres isolés, de prairies et de zones cultivées, il est en tête de bassin versant, avec de nombreuses zones humides et mares. Cette diversité de milieux, fragiles et très liés à l'activité de polyculture-élevage, abrite des espèces menacées : Sonneur à ventre jaune, Pie-grièche à tête rousse, Chiroptères, Cistude d'Europe, Odonates qui font l'objet de Plans Nationaux d'Actions; ainsi que des espèces ZNIEFF comme le pique-prune ou le grand capricorne. Une dynamique d'acteurs, portée depuis 2009 par le Pays de la Châtre en Berry et animée par l'Adar Civam, vise à préserver cette biodiversité en associant les agriculteurs. L’identification de parcelles favorables à la contractualisation de MAEC permet d’y mettre en oeuvre des pratiques de préservation et d'amélioration de la qualité des milieux par une gestion adaptée. Ce projet vise à engager 50 nouvelles exploitations en MAEC en 2026.",64351.00,26538102,2104836773,,,SN Biodiversité,Centre-Val de Loire,Indre,36,41029836800029,"ASSOCIATION POUR DEVELOPPEMENT AGRICOLE ET RURALDES 4 CANTONS DE LA CHATRE, ST SEVERE, NEUVY ST SEPULCREET AIGURANDE",Association déclarée,36046,La Châtre
"Travaux de lutte contre l’Ailante (Martres-de-Veyre, 63) et le Séneçon du Cap (Moriat, 63)","Opérations de lutte contre deux espèces exotiques envahissantes en espaces protégés :
1/Lutte contre l’Ailante glanduleux sur le champ captant des Eaux Minérales Gazeuses de Ste-Marguerite (Les Martres-de-Veyre, 63)
-2 chantiers de lutte sur les fronts de colonisation /an en fin de printemps (après la montée de sève et avant la floraison) et fin d’automne (avant la descente de sève) = préparation, réalisation, suivi post-travaux, bilan et fiche retour d'expérience
-Etude de faisabilité de l’élimination de la station d’Ailante :
*Bibliographie, retours d’expériences
*Concertation avec le propriétaire
*Choix d’un itinéraire technique adapté
*Rédaction du cahier des charges et chiffrage

2/Lutte contre le Séneçon du Cap sur la Chaux de la Rodde (Moriat, 63)
-Prestation broyage sur la zone pâturée avant la deuxième floraison en septembre 
-Broyage sur les corniches rocheuses non mécanisables en juin et septembre par équipe CEN",35404.11,26544396,2104882003,,,SN Biodiversité,Auvergne-Rhône-Alpes,Puy-de-Dôme,63,34489699800046,CONSERVATOIRE D ESPACES NATURELS D AUVERGNE,Association déclarée,63242,Moriat
Projet d'investissement en drones pour la sauvegarde des espèces agricoles nichant au sol,"Ce projet vise à permettre la LPO AURA, délégation Drôme-Ardèche, de s'équiper en drones optique et thermique afin d'optimiser ses actions de sauvegarde des espèces de milieux agricoles nichant au sol sur les deux départements. Ce projet contient donc une dimension investissement en matériel, mais également de formation des opérateurs à la réglementation et usages. ",5742.80,26544647,2104859039,,,SN Biodiversité,Auvergne-Rhône-Alpes,Ardèche,07,30112510000158,LPO AUVERGNE RHONE-ALPES,Association déclarée,07105,Issanlas
"Préservation de l’Azuré du serpolet (Phengaris arion) sur les coteaux de Chanonat (Puy de Jussat et Puy Cimard, 63)","Sur la commune de Chanonat, le Puy de Jussat et le Puy Cimard font partie de la trame des coteaux thermophiles du Grand Clermont. Des stations d’Azuré du serpolet, espèce menacée du PNA papillons de jour, sont connues sur ces sites depuis 2004 pour Jussat et 2015 pour Cimard. L’objectif du projet est à la fois de préserver les stations existantes sur le Puy Cimard et de restaurer les habitats sur le Puy de Jussat et le sud du Puy Cimard.
Les actions suivantes sont envisagées :
1/ Rédaction d’une notice de gestion commune pour le Puy de Jussat et le Puy Cimard
2/Mise en œuvre des 1ères actions de gestion : animation foncière et concertation agricole sur le Puy Cimard, poursuite de la mise en place du pâturage et chantiers d’élimination du Séneçon du Cap sur les pelouses au Puy de Jussat
3/Suivi des populations d’Azuré du serpolet
4/Coordination du projet, communication et animation grand public",29054.00,26544712,2104852864,,,SN Biodiversité,Auvergne-Rhône-Alpes,Puy-de-Dôme,63,34489699800046,CONSERVATOIRE D ESPACES NATURELS D AUVERGNE,Association déclarée,63084,Chanonat
"Poursuite du maillage de forêts matures (""trame vieux bois"") en Savoie","Le projet vise premièrement à identifier un réseau de sites au meilleur potentiel intérêt / faisabilité foncière"", à partir des données SIG (Lidar ""gros bois"" IGN, cadastre). Dans la perspective d'un maillage géographique et écologique (peuplements) du territoire, 5 à 10 massifs à forte faisabilité seront analysés (visite de terrain + IQE et enquête foncière). En fonction des résultats, un ou deux sites feront l'objet :
      - d'une animation t d'acquisitions foncières (ou O.R.E.)
      - d'une cartographie de végétation et d'inventaires (flore, insectes saproxyliques, oiseaux, chiroptères)
      - d'un Plan simple de gestion (validation CNPF)
      - d'un dossier de classement en Zone de Protection Forte ",120000.00,26551354,2104916871,,,SN Biodiversité,Auvergne-Rhône-Alpes,Savoie,73,38215121500029,CONSERVATOIRE D'ESPACES NATURELS DE SAVOIE,Association déclarée,73278,Saint-Rémy-de-Maurienne
Création de visites immersives sur les Réserves Naturelles Nationales rhénanes,"Le projet a comme objectif global de sensibiliser le grand public aux richesses des réserves naturelles nationales rhénanes et à l’importance de leur lien avec le Rhin de manière immersive et contemplative. L’objectif spécifique est de créer et diffuser des visites guidées immersives et ludiques à l’aide de drone sur les thématiques du Rhin, des réserves naturelles rhénanes et de l’importance du maintien de leur lien pour leur préservation. Grâce à cet outil, plus immersif et digital, des publics nouveaux seront touchés et les RNN jouiront d’une image moderne. Les résultats attendus sont la production de 2 films courts de 8 à 10 minutes, la vulgarisation des films lors de manifestations publiques et de sorties de sensibilisation et la diffusion des films auprès d’un public à mobilité réduite (EHPAD, médiathèque, etc.) 

",10927.20,26602706,2104908612,,,SN Biodiversité,Grand Est,Bas-Rhin,67,33060680700031,CONSERVATOIRE DES SITES ALSACIENS,"Association déclarée, reconnue d'utilité publique",67356,Offendorf
Suivi et Opérations de Régulation des espèces EXotiques (SOREX),"Le projet a pour objectif de prévenir et d’agir au plus vite face à l’installation et au développement d’espèces d’oiseaux exotiques et envahissantes à la Réunion. Trois axes d'intervention sont prévus :
1. La lutte active contre des espèces d'oiseaux déjà considérées comme envahissantes à la Réunion et bénéficiant d’un arrêté préfectoral de destruction (Perruche à collier et Alexandre, Mainate religieux, Corbeau familier)
2. L'évaluation de la capacité d'envahissement et des éventuels moyens de lutte sur 3 espèces naturalisées depuis peu : le Chardonneret élégant (Carduelis carduelis), le Leiothrix jaune (Leiothrix lutea) et la Tourterelle rieuse (Streptopelia roseogrisea).
3. La sensibilisation du Grand public à la problématique des espèces exotiques envahissantes animales.",196591.00,26612737,2104895868,,,SN Biodiversité,La Réunion,La Réunion,974,41263218400039,STE ETUDES ORNITHOLOGIQUES REUNION,Association déclarée,97417,Saint-Philippe
Restaurer les mosaïques d’habitats et les milieux ouverts pour l’accueil du Phragmite aquatique ,"Le Phragmite aquatique est le passereau d’Europe continentale le plus menacé (liste rouge de l’UICN, en catégorie « Vulnérable »). Il vit dans les zones de marais très humides. En France, c'est uniquement un oiseau de passage, mais la quasi-totalité de la population mondiale transite par notre pays. Ainsi, les zones humides françaises sont des zones primordiales pour la survie de l'espèce.
C’est dans ce contexte que le projet LIFE AWOM s’inscrit. Coordonné par l’organisation Wetlands International, il réunit 14 structures de différents pays pour restaurer les zones humides, améliorer les connaissances et promouvoir des pratiques de gestion adaptées. Il s’agit du premier LIFE multinational visant à restaurer les aires de repos et d’hivernage du Phragmite aquatique. La Maison de l’Estuaire en tant que co-bénéficiaire, participe aux différents groupes de travail et à la restauration de la mosaïque d'habitats au sein de sa roselière.",34039.30,26613436,2104874226,,,SN Biodiversité,Normandie,Seine-Maritime,76,39905496400032,MAISON DE L'ESTUAIRE,Association déclarée,76657,Saint-Vigor-d'Ymonville
Protection foncière d'espaces naturels en Pays de la Loire - dossier 2,"Avec le soutien du Fonds verts, il s’agit de mobiliser des moyens financiers complémentaires pour renforcer la protection foncière d’espaces naturels des Pays de la Loire, au moyen de l’acquisition sur au moins 23 hectares de nature. Ces terrains ont vocation à être reconnus comme Zones de protection forte au sens de la Stratégie nationale des aires protégées. ",39314.25,26631721,2104888052,,,SN Biodiversité,Pays de la Loire,Sarthe,72,80944065400055,CONSERVATOIRE D'ESPACES NATURELS DES PAYS DE LA LOIRE,Association déclarée,72364,Vaas
Restauration et investissements dans les espaces protégés et gérés par le Conservatoire d’espaces naturels en Pays de la Loire – dossier 2,"Avec le soutien du Fonds vert, il s’agit de mobiliser des moyens financiers complémentaires pour engager : 
	Des opérations de restauration des fonctionnalités écologiques et des habitats naturels des sites protégés,
	De la renaturation d’espaces dégradés ou banalisés,
	Des investissements et aménagements afin de contrôler les usages (notamment la fréquentation du public) et d’accueillir dans de bonnes conditions les visiteurs, sur les sites qui ont vocation à accueillir du public et à être valorisés.
Au total il s'agit de restauraurer et investir sur 270 hectares d'espaces naturels ayant vocation à être reconnus comme des Zones de protection forte. ",73199.00,26663272,2104882539,,,SN Biodiversité,Pays de la Loire,Loire-Atlantique,44,80944065400055,CONSERVATOIRE D'ESPACES NATURELS DES PAYS DE LA LOIRE,Association déclarée,44110,Nort-sur-Erdre
"Animations et prospectives foncières pour la préservation de zones humides, et le renforcement des aires protégées en protection forte","Dans le cadre de sa stratégie territoriale déclinée en application de son plan d'actions quinquennal 2023 - 2027, le Cen Centre-Val de Loire se propose de mettre en oeuvre une animation foncière active sur 2 territoires ayant fait l'objet d'études préalables à la préservation de zones humides.

Les animations foncières actives mobilisent des moyens humains conjugués du Cen Centre-Val de Loire et de la SAFER du Centre. L’objectif est, sur les territoires ciblés, de réaliser des démarches systématiques auprès des comptes de propriété identifiés afin de recueillir les promesses de vente.

Les sites acquis intègreront le réseau des aires protégées du Cen Centre-Val de Loire et feront l'objet de procédures de classement en zones de protection forte au cas par cas.
",139910.00,26665074,2104875445,,,SN Biodiversité,Centre-Val de Loire,Eure-et-Loir,28,38509631800170,CONSERVATOIRE D ESPACES NATURELS CENTRE-VAL DE LOIRE,Association déclarée,18279,Vierzon
Réalisation de plans de gestion sur 6 aires protégées du réseau du Cen Centre-Val de Loire,"Le projet consiste à réaliser les plans de gestion de 6 aires protégées du Cen Centre-Val de Loire selon la méthodologie CT88, et en prenant en compte également les projections de l'impact climatique issues de la méthodologie Natur'Adapt.
1 aire protégée a fait l'objet d'un dossier Fonds vert pour son acquisition et pourrait être classée en RNN.
1 aire protégées devrait être concernée par un projet de Réserve Naturelle Régionale.
1 aire protégée a été classée en APPB.
Les 2 autres feront l'objet d'un classement en ZPF cas par cas.",116203.43,26665840,2104838936,,,SN Biodiversité,Centre-Val de Loire,Cher,18,38509631800147,CONSERVATOIRE D ESPACES NATURELS CENTRE-VAL DE LOIRE,Association déclarée,18058,Châteauneuf-sur-Cher
Travaux de restauration d'habitats naturels sur 5 aires protégées,"Dans le cadre du présent dossier, les opérations visent à restaurer 6,55  Ha sur 5 aires protégées à travers 5 opérations techniques.

Toutes les opérations découlent d’un plan de gestion pluriannuel, réalisé en déclinaison du CT88, approuvé par le conseil scientifique du Cen Centre-Val de Loire et validé par son conseil d’administration.

",123600.20,26666673,2104838923,,,SN Biodiversité,Centre-Val de Loire,Loiret,45,38509631800170,CONSERVATOIRE D ESPACES NATURELS CENTRE-VAL DE LOIRE,Association déclarée,45028,Beaugency
Créer une dynamique territoriale en Flandre pour favoriser le développement de la biodiversité,"Accompagner des opérateurs (collectivités, agriculteur.ice.s, associations...) dans leurs projets de renaturation. Réalisation d'un état des lieux des parcellaires et proposition d'aménagements : mares, fossés, haies, bosquets, bois etc. pour répondre aux enjeux de l'opérateur: continuités écologiques, pollinisation, érosion, brise-vent.  
Mise en œuvre du projet avec des partenaires associatifs, des bénévoles, des habitant.e.s. Suivi du projet sur le long terme afin de pérenniser les aménagements réalisés et recréer un maillage écologique sur le territoire. 
Evaluer l'état écologique de la haie et l'impact des projets réalisés sur la biodiversité en réalisant des relevés faunistiques et floristiques, avant et après la mise en place des projets.",25000.00,26674812,2104868393,,,SN Biodiversité,Hauts-de-France,Nord,59,49935444700017,LES JARDINS DU CYGNE,Association déclarée,59018,Arnèke
Inventaires en forêt de Marchenoir,"Prospections naturalistes (avifaune particulièrement cigogne noire et rapaces nicheurs, botanique, entomologie dont coléoptères saproxyliques, lépidoptères, hétérocères, odonate, herpetologie) en forêt de Marchenoir avec pour objectif d'améliorer la connaissance du site dans un but de classement en protection forte, en collaboration avec le propriétaire, dans le cadre de la stratégie pour les aires protégées. ",26600.00,26688183,2104836635,,,SN Biodiversité,Centre-Val de Loire,Loir-et-Cher,41,32985810400022,PERCHE NATURE,Association déclarée,41123,Marchenoir
"Réserve naturelle nationale des Vallées de la Grand Pierre et du Vitain (Averdon, 41) - Réouverture des zones de marais nécessaires au maintien du pâturage de bovins Highland Cattle ","Depuis 2021, près de 8 Ha de marais au cœur de la Réserve naturelle nationale des Vallées de Grand Pierre et du Vitain sont pâturés. Il apparait cette année que la gestion de la structure herbacée des parcs et alentours était insuffisante de fait, en particulier, d'un chargement UGB trop faible par rapport à la pousse végétative 2025.
Ainsi, alors que la saison propice au broyage de type forestier est courte sur ce genre de milieu, il apparait extrêmement urgent de pouvoir intervenir mécaniquement sur les zones de fruticées et ronciers pour permettre l'installation du pâturage au printemps prochain dans de bonnes conditions.
Sans cette intervention, un risque non négligeable d'abandon de pâturage est possible ce qui engendrerait une repousse ligneuse importante sur un habitat de type prairial.
De plus, une intervention ponctuelle est essentielle sera d'arrêter la propagation du Robinier faux Acacia dans une nouvelle prairie en broyant les rejets de 24 mois. ",8000.00,26688884,2104836632,,,SN Biodiversité,Centre-Val de Loire,Loir-et-Cher,41,22410001600019,DEPARTEMENT DU LOIR ET CHER,Département,41009,Averdon
Mise en œuvre des actions concrètes du PNA en faveur de la Loutre d’Europe  ,"La Loutre d'Europe est en phase de recolonisation en Région Provence-Alpes-Côte d'Azur. La LPO PACA est porteuse du Plan National d'Action en faveur de l'espèce.
Le présent projet consiste à mettre en oeuvre les actions concrètes à savoir:
- réaliser des prospections sur des zones lacunaires,
- Mettre en oeuvre un SIG public interactif,
- Accompagner les gestionnaires d'infrastructure pour améliorer la perméabilité de leurs ouvrages,
- Mettre en place des catiches artificielles,
- Former les professionnels de la gestion des cours d'eau mais aussi des infrastructures routières,
- Sensibiliser le grand public. ",36826.00,26709830,2104917775,,,SN Biodiversité,Provence-Alpes-Côte d'Azur,Vaucluse,84,35032310100203,LIGUE PROTECTION DES OISEAUX PACA,Association déclarée,13053,Mallemort
"Harmonisation des documents de gestion des espaces naturels par la constitution d'une boîte à outils ""Plan de gestion"", la formation CT88 & Natur'Adapt  et la promotion de ces démarches auprès du réseau de gestionnaire d'espaces naturels ","La prise en compte du changement climatique dans l’identification des effets des perturbations et de la résilience des écosystèmes vis-à-vis de ces menaces viennent questionner nos approches traditionnelles de gestionnaire. Le  CEN souhaite harmoniser et normaliser ses document de gestion en s’appuyant sur les approches méthodologiques validées nationalement (Cahier Technique n°88 Guide pour l’élaboration des plans de gestion des espaces naturels et démarche Natur’Adapt) par l'élaboration d'une boîte à outils ""Plans de gestion"". Conscient de sa responsabilité en tant que gestionnaire de 115 espaces naturels protégés en PACA, le CEN PACA a pour priorité de former l’ensemble des équipes et de monter en compétence sur ces nouvelles approches de gestion. Au-delà, le CEN PACA entend promouvoir les démarches vertueuses de gestion de sites auprès des autres gestionnaires d’espaces naturels.",128976.00,26750491,2104916137,,,SN Biodiversité,Provence-Alpes-Côte d'Azur,Bouches-du-Rhône,13,34074704700033,CONSERVATOIRE D ESPACES NATURELS PROVENCE ALPES COTE D AZUR,Association déclarée,13001,Aix-en-Provence
Acquisition d’un marais de l’Erdre : le domaine de Mazerolles,"Le domaine de Mazerolles issu de l’endiguement d’une partie du marais de l’Erdre est un domaine qui a eu plusieurs destinations. Différents projets ont été tentés mais définitivement abandonné il y a 5 ans. Le système de poldérisation des années 60, avec pour objectif l’exploitation agricole et minière du site a échoué, et le système hydraulique mis en place est à bout de souffle.
Il en ressort tout de même que la valeur biologique du site est importante mais est menacée par la présence massive d’espèces exotiques envahissantes. La taille du site (d’un seul tenant), sa cohérence, sa localisation et sa valeur biologique en font un bien unique et rare. La nécessité de le gérer et de le restaurer afin de conserver et améliorer la biodiversité, d’ancrer le site localement, de préserver la ressource en eau et de participer à atténuer le changement climatique, encourage la LPO, le WWF et le CEN à acquérir ce bien puis à le gérer.",370400.00,26781817,2104915850,,,SN Biodiversité,Pays de la Loire,Loire-Atlantique,44,78426328700103,LIGUE FRANCAISE PROTECTION OISEAUX,Association déclarée,44179,Saint-Mars-du-Désert
Acquisitions d'espaces naturels remarquables en Hauts-de-France - le Blockhaus d'Eperlecques,"L’objectif recherché est la protection forte par acquisition foncière par le Conservatoire d'un site emblématique des Hauts-de-France : le Blockhaus d'Eperlecques. Situé au cœur de la Forêt d'Eperlecques et d'une surface de plus de 40 hectares, le site constitue un enjeu fort pour la conservation des chauves-souris selon la Coordination Mammalogique du Nord de la France (en charge du Plan région d'actions en faveur des chauves-souris) et des habitats forestiers et espèces associées (le site est à 95% boisé). Ce statu boisé confère également des enjeux liés à la captation du carbone et la lutte contre le réchauffement climatique (boisements).",500000.00,26821269,2104910884,,,SN Biodiversité,Hauts-de-France,Pas-de-Calais,62,40320217900087,CONSERVATOIRE D ESPACES NATURELS DES HAUTS DE FRANCE,Association déclarée,62297,Éperlecques
Mise en place d'un passage à faune - Commune de Mereville -Meurthe-et-Moselle,"En 2015, une étude a été commandée au CEREMA par la DREAL afin de localiser les tronçons routiers les plus accidentogènes et de proposer des solutions pour favoriser le passage de la petite faune en toute sécurité. À la suite de cette étude, 4 sites ont été retenus comme prioritaires afin de bénéficier d’aménagements dont la RD331B à Méréville. Le projet est le suivant :
-	Mise en place d’une traversée sous la chaussée pour permettre le passage de la petite faune.
-	Mise en place d’un système de guidage afin d’inciter les animaux à emprunter la traversée. 
-       Mise en place de pièges photos 
",71888.00,26832162,2104889846,,Rhin-Meuse,SN Biodiversité,Grand Est,Meurthe-et-Moselle,54,22540001900785,DEPARTEMENT DE MEURTHE ET MOSELLE,Département,54364,Méréville
Contribution à la conservation du Butor étoilé grâce à l’acquisition de connaissances sur la nidification de l’espèce en région méditerranéenne,"La réserve naturelle nationale des Marais du Vigueirat est le site français qui accueille l’effectif le plus important de mâles chanteurs de Butor étoilé du pays (régulièrement une trentaine d’individus). Située à l’est du delta du Rhône, cette réserve accueille environ la moitié de l’effectif régional connu et probablement un quart de l’effectif national. Le déclin important du Butor étoilé a conduit le Ministère de la transition écologique à prévoir un second Plan National d’Actions pour la période 2025-2034, dont l’animation a été confiée à la LPO. Son objectif est de restaurer les habitats dégradés afin d’impulser une reprise des effectifs.
L’investissement réalisé pour l’acquisition d’un drone à caméra thermique et la formation à son utilisation permettra à l’équipe de la LPO (anciennement des AMV) d’identifier les zones retenues par les femelles pour l’installation des nids et de détecter la présence de jeunes.",15388.00,26851266,2104916185,,,SN Biodiversité,Provence-Alpes-Côte d'Azur,Bouches-du-Rhône,13,78426328700103,LIGUE FRANCAISE PROTECTION OISEAUX,Association déclarée,13004,Arles
Amélioration des équipements de la réserve naturelle nationale du domaine de Beauguillot,"Ce projet d’investissement a pour objectif de renforcer les équipements afin de
maintenir, voire améliorer le niveau de gestion. Il s’agit uniquement d’investissements : 
- remplacer le tracteur
- acquérir un véhicule tout terrain, léger, passe-partout et utilitaire de type « Gator », neuf ou d’occasion
- acquérir une herse régénératrice de sol
- acquérir une carabine et ses accessoires",43600.00,26859824,2104887371,,,SN Biodiversité,Normandie,Manche,50,25500255200032,SYND MIXTE GESTION PARC NATUREL REGIONAL,Syndicat mixte ouvert,50509,Sainte-Marie-du-Mont
Travaux de comblement et de restauration en zone humide de l’étang du Béchet à Croisy-sur-Eure (27),"L’étang du Béchet (0,5 ha, Croisy-sur-Eure) est un ancien plan d’eau, fortement envasé et de faible intérêt écologique.
Situé en zone verte du PPRI, il fait l’objet d’un projet porté par la FDAAPPMA27 visant son comblement partiel et la création d’une zone humide fonctionnelle.
Les suivis hydrologiques montrent un potentiel de frayère pour le brochet. L’étude écologique révèle des habitats homogènes, pauvres en biodiversité, aggravés par la présence d’espèces exotiques envahissantes. Les travaux prévoient : la mise en place d’un chenal d’écoulement, des banquettes végétalisées, des seuils de répartition, l’abaissement du vannage et la création d’une mare.
Ces aménagements visent à restaurer 4 000 m² de zone humide, améliorer la continuité écologique, diversifier les habitats et renforcer la régulation hydrologique.
Coût previsionnel : 536 482 € TTC",160945.00,26870360,,26870360,Agence de l'eau,SN Biodiversité,Normandie,Eure,27,48288056400018,FED EURE PECHE & PROTECT AQUATIQUE,Association déclarée,27190,Croisy-sur-Eure
Mise en œuvre d’un outil d’évaluation et de programmation d’actions de Restauration de la Continuité Ecologique par suivi télémétrique sur la Risle,"Le projet vise à évaluer l'efficacité des actions passées et à prioriser les futures interventions de Restauration de la Continuité Écologique (RCE) sur la basse Risle, rivière à fort enjeu migrateur. Il repose sur le marquage de truites de mer pendant deux ans, suivi par un réseau d'antennes fixes et mobiles. Ce dispositif permettra de caractériser le front de colonisation (indicateur clé de l'efficacité de la RCE), d’identifier les axes de migration (priorisation des actions), de localiser les frayères utilisées et d’évaluer la franchissabilité des ouvrages problématiques (objectif : 3 sites/an). Le suivi quantitatif initié en 2023 (STACOMI) sera ainsi complété par une analyse comportementale fine. Pour mener à bien l'ensemble du processus la fédération sera accompagnée d'un bureau d'études spécialisé (SCIMABIO Interface). Le projet, inscrit au CT Risle, est estimé à 314 265,60 € TTC.",92143.00,26880204,,26880204,Agence de l'eau,SN Biodiversité,Normandie,Eure,27,48288056400018,FED EURE PECHE & PROTECT AQUATIQUE,Association déclarée,27467,Pont-Audemer
Stratégie de valorisation écologique du Domaine de Chantilly - Demande de financement d’une étude pour la restauration hydroécologique des étangs de Commelles et de la continuité écologique de la rivière Thève.,"Le projet vise à restaurer les étangs de Commelles et la continuité écologique de la rivière Thève, au cœur de la forêt du Domaine de Chantilly (31 ha). Classé Natura 2000 et site paysager majeur, le secteur abrite des milieux d’intérêt écologique, patrimonial et touristique, aujourd’hui fragilisés par l’envasement, la dégradation des ouvrages hydrauliques et la perte de biodiversité. L’étude sollicitée (70 000 €) établira un programme global de restauration hydro-écologique, paysagère et patrimoniale. Structurée en trois phases – diagnostic, scénarios de restauration et avant-projet technique et financier – elle visera à sécuriser les digues, rétablir la continuité piscicole, renforcer la résilience climatique et préserver les usages touristiques. Menée sur 8 mois, avec le concours du CEN HDF, du PNR Oise – Pays de France, du SITRARIVE et de CDC Biodiversité, elle préparera un plan d’action estimé à plusieurs millions d’euros.",70000.00,26889968,2104906531,,,SN Biodiversité,Hauts-de-France,Oise,60,18004404200166,INSTITUT DE FRANCE,Établissement public national à caractère administratif,60172,Coye-la-Forêt
Acquisition de parcelles sur 3 sites en Creuse (2025),Cf. note d'enjeux en PJ.,11512.00,26901729,2104859021,,,SN Biodiversité,Nouvelle-Aquitaine,Creuse,23,38857596100031,CONSERVATOIRE D'ESPACES NATURELS DE NOUVELLE-AQUITAINE,Association déclarée,23165,Royère-de-Vassivière
Suivis scientifiques pour la gestion de la Réserve Naturelle Nationale du Marais Vernier,"Dans le cadre de la mise en œuvre du plan de gestion 2023-2033 de la RNN du Marais Vernier, il s’avère nécessaire de conforter certains suivis scientifiques au moyen de l'achat de matériel pour aider à l’atteinte de certains objectifs.
Ainsi est envisagé l’achat d’un drone permettant de réaliser des orthophotographies précises et renouvelées régulièrement, et pouvant être effectuées à différentes périodes de l’année en fonction des objectifs.
Les objectifs visés sont notamment de mettre à jour la cartographie des végétations, notamment la cartographie fine des patchs de différents faciès inclus dans les végétations, détecter les espèces envahissantes dans les habitats où la visibilité est limitée, ou encore de réaliser un suivi annuel des dégâts occasionnés par les sangliers sur la RNN.
",752.66,26903000,2104896083,,,SN Biodiversité,Normandie,Eure,27,25760284700028,SM D'AMENAGEMENT ET DE GESTION DU PARC NATUREL REGIONAL DES BOUCLES DE LA SEINE NORMANDE,Syndicat mixte ouvert,27577,Sainte-Opportune-la-Mare
Acquisition d’un marais de l’Erdre : le domaine de Mazerolles,"L'objectif est d'acquérir les 659 ha du domaine de Mazerolles dont 595,55 ha par la LPO et le WWF. 
Le système de poldérisation des années 60 « productivistes » avec pour objectif l’exploitation agricole et minière (tourbe) du site a échoué, et le système hydraulique mis en place dans les années 60 est à bout de souffle.
Il en ressort tout de même que la valeur biologique du site est importante (habitats rares et menacés, espèces patrimoniales d’oiseaux) mais menacée par la présence massive d’espèces exotiques envahissantes.
La taille du site, sa localisation et sa valeur biologique en font un bien unique et rare. La nécessité de gérer et de restaurer le site dans l’objectif de conserver et améliorer la biodiversité, d’ancrer le site localement, de préserver la ressource en eau et de participer à atténuer le changement climatique, encourage la LPO, le WWF (marais endigué) et le CEN (marais sauvage) à acquérir ce bien puis à le gérer.",370400.00,27035514,2104915851,,,SN Biodiversité,Pays de la Loire,Loire-Atlantique,44,30251866700084,FONDS MONDIAL POUR LA NATURE FRANCE,Fondation,44179,Saint-Mars-du-Désert
CISTRACH - CIStude d’Europe et TRACHemys : mieux orienter la gestion d’une espèce menacée en PACA ,"Les invasions biologiques sont considérées comme la troisième cause de l’érosion de la biodiversité mondiale. En vus de mieux orienter la stratégie de régulation/éradication des tortues de Floride, l’une des espèces de vertébré qui a largement proliféré dans le monde entier, il s’agit ici de mettre en œuvre des mesures de lutte contre cette EEE, d’évaluer l’effet des retraits de spécimens sur les populations de Cistude d’Europe, de mener une veille sanitaire des populations sur 3 sites varois différents (salins, marais côtier, lac). Par ailleurs, ces spécimens exotiques soustraits seront placés dans des bassins créés au refuge dans une optique de stockage à long terme des spécimens qui seront capturés ultérieurement par les gestionnaires d’espaces naturels de PACA. Enfin, le premier élevage français de Cistude d’Europe (ss sp galloitalica) sera créé afin de mener sur le long terme des opérations de réintroduction. ",177029.00,27038080,2104917085,,,SN Biodiversité,Provence-Alpes-Côte d'Azur,Var,83,34524059200021,ASS STATION OBSERV PROTECT TORTUES MAURE,Association déclarée,83033,Carnoules
Acquisition marais sauvage de Mazerolles,"Il s'agit au moyen de l'acquisition de préserver le domaine de Mazerolles d'une surface de + 650 ha.
      Acquisition par la Fondation Espaces naturels de France de 66,77 ha de marais sauvage 
      Acquisition de 592,55 ha de marais endigué par la LPO et le WWF (pour moitié chacuns)
La Fondation propriétaire, les surfaces seront préservées de tout changement d'usage, et seront incessible.
A cette propriété s'ajoute la gestion écologique qui sera menée par le Conservatoire d'espaces naturels des Pays de la Loire. 
Parmi les objectifs de la gestion, outre les enjeux écologiques, un objectif de reconnaissance en ZPF au cas par cas est donné au site. 
Cette acquisition en plus de permettre la préservation de la biodiversité contribuer à remplir les objectifs de la SNAP en Région.",298080.00,27040469,2104916087,,,SN Biodiversité,Pays de la Loire,Loire-Atlantique,44,80229706900022,"FONDATION ""ESPACES NATURELS DE FRANCE""",Fondation,44201,Sucé-sur-Erdre
Etude de faisabilité pour la restauration de la continuité écologique du Canal Saint Aubin,"La régulation des niveaux d’eau du marais Vernier est assurée par deux ouvrages situés sur le canal Saint-Aubin : un clapet à marée bloquant les remontées d’eau de la Seine et un vannage maintenant le niveau d’eau du marais tourbeux. Ce canal, reliant la Grand’Mare à l’estuaire de la Seine, constitue l’unique exutoire des eaux du marais. D’anciennes études du PnrBSN et de l’OFB ont mis en évidence des dysfonctionnements des passes à civelles, une baisse des densités d’anguilles, un vieillissement des populations et une quasi absence de recrutement, malgré la présence de nombreux individus en cours de migration à l’aval. À la suite de ces constats, le groupement de commande (SMGSN, CCPAVR, PnrBSN), coordonné par le PnrBSN, souhaite engager une étude de faisabilité pour restaurer la continuité écologique du canal visant à équiper les deux ouvrages bloquants.",20000.00,27059261,,1117302,Agence de l'eau,SN Biodiversité,Normandie,Eure,27,25760284700028,SM D'AMENAGEMENT ET DE GESTION DU PARC NATUREL REGIONAL DES BOUCLES DE LA SEINE NORMANDE,Syndicat mixte ouvert,27518,Saint-Aubin-sur-Quillebeuf
Diagnostic territorial des plages de La Réunion et de leurs continuités écologiques littorales en faveur des tortues marines,"Le projet vise à actualiser et étendre le diagnostic territorial des plages en faveur de la ponte des tortues marines sur les littoraux ouest et sud de La Réunion, en intégrant les continuités écologiques et les pressions environnementales. Il s’appuie sur plus de 25 ans d’actions de terrain du CEDTM et de ses partenaires, ainsi que sur les documents de planification territoriale et les études existantes. Prévu sur l’année 2026, il comprend deux actions complémentaires : la capitalisation et l’analyse croisée des connaissances, puis l’acquisition ciblée de donnée terrain et analyse cartographique des plages et leurs milieux connectés (relevés géolocalisés, photo-interprétation, cartographie-SIG). La démarche s’appuie sur des protocoles de référence afin d’identifier les secteurs prioritaires à restaurer, les continuités écologiques à renforcer, et les pressions à réduire.",59411.00,27060050,2104915602,,,SN Biodiversité,La Réunion,La Réunion,974,41489115000040,CENTRE D ETUDE ET DE DECOUVERTE DES TORTUES MARINES DE LA REUNION,Association déclarée,97415,Saint-Paul
Projet : Renouée Zéro 76 - Gestion écologique des renouées du Japon en Seine-Maritime,"Ce projet, porté par la Direction des Routes du Département de la Seine-Maritime vise à 
expérimenter une méthode innovante (traitement électrique) de régulation écologique de la Renouée du Japon 
(Fallopia japonica) sur plusieurs sites de l’agence d’Envermeu. 
L’objectif est de réduire durablement les foyers de cette plante exotique et invasive, à
restaurer les habitats naturels et à prévenir la recolonisation grâce à des pratiques et techniques mécaniques.",13200.00,27069405,,27069405,Seine-Normandie,SN Biodiversité,Normandie,Seine-Maritime,76,22760540900019,DEPARTEMENT DE LA SEINE MARITIME,Département,76624,Saint-Nicolas-d'Aliermont
Programme d'amélioration de la gestion des marais en faveur de l'anguille,"Au travers d'une étude et de l'amélioration de la gestion hydraulique des marais, favoriser la population d'anguille dans les marais de la réserve naturelle de Lilleau des Niges.
Pour la partie étude : Mise en place d’un suivi individualisé de la population d’anguilles afin d’estimer leurs taux de croissance, leurs déplacements au sein du réseau des marais et leur fidélité à l’habitat marais insulaire endigué salé.
Pour la partie travaux : sur 3 unités hydrauliques, intervention sur 3 ouvrages à la mer pour favoriser la circulation de l'anguille.",40310.00,27113273,2104877047,,,SN Biodiversité,Nouvelle-Aquitaine,Charente-Maritime,17,78426328700103,LIGUE FRANCAISE PROTECTION OISEAUX,Association déclarée,17286,Les Portes-en-Ré
Amélioration de la survie de la reproduction des laro-limicoles sur la réserve naturelle de Lilleau des Niges,"Depuis plusieurs années les colonies de Goélands, Avocette élégante et Sterne Pierregarin nicheurs dans la réserve naturelle ne produisent pratiquement plus aucun jeunes à l'envol. Le nombre de couples nicheurs est aussi en baisse très sensible. 
En 2025, la pose de pièges photo a permis de mettre en évidence la prédation des œufs par les renards et les rats.
Pour le renard, il a été décidé d'expérimenter en 2026 des mesures de lutte non létales contre la prédation en s'inspirant des mesures mises en place au sein du parc du Marquenterre, dans la réserve naturelle de la Baie de Somme : lignes d'eau autour des colonies situées sur des ilots, clôture électrique, répulsif ultrason.
En ce qui concerne les rats, des nasses disposées dans les principales colonies, permettront de déterminer si l'espèce capturée est bien l'espèce cible avant son élimination.
Des pièges photos permettront de suivre l'efficacité de ces dispositifs.",6986.29,27131160,2104857530,,,SN Biodiversité,Nouvelle-Aquitaine,Charente-Maritime,17,78426328700103,LIGUE FRANCAISE PROTECTION OISEAUX,Association déclarée,17286,Les Portes-en-Ré
Projet de maintien des populations naturelles corses d’Anchusa crispa (subsp. crispa et valincoana) – 2026-2028,"Ce projet poursuit les actions du premier projet « Projet de restauration des populations d'Anchusa crispa et de ses habitats dans un état écologique favorable » financé via le Fonds vert entre 2023 et 2026. S’achevant en 2026, ce projet a permis le déploiement d’actions spécifiques en lien avec certaines fiches actions du PNA :
- Assurer la gestion courante des sites à Anchusa crispa (Entretien et/ou expansion du dispositif de mise en défens des stations, entretien/remplacement/ajout de signalétique, régulation des Espèces Exotiques Végétales Envahissantes et/ou concurrentes, renouvellement des AOT)
- Suivi scientifique des populations : (comptages annuels des effectifs, traitement et analyse des données, réalisation d'un ""Programme pour l'identification des sites favorables à l'introduction d'Anchusa crispa)
- Communication et sensibilisation (Sensibilisation des scolaires, sensibilisation du Grand Public, création d'un sentier numérique sur Anchusa crispa)",86635.65,27149800,2104873596,,,SN Biodiversité,Corse,Corse-du-Sud,2A,39075220200031,CONSERVATOIRE D ESPACES NATUREL CORSE ET AMIS PARC NATUREL,Association déclarée,2A269,Sari-Solenzara
Conservation de la population de Vipère d'Orsini du massif du Cheval Blanc,Voir proposition,3000.00,27214168,2104916136,,,SN Biodiversité,Provence-Alpes-Côte d'Azur,Alpes-de-Haute-Provence,04,34074704700033,CONSERVATOIRE D ESPACES NATURELS PROVENCE ALPES COTE D AZUR,Association déclarée,04214,Tartonne
Suivi et surveillance des balbuzards pêcheurs du Grand Ajaccio,"Le Conservatoire d’Espaces Naturels Corse soumet un projet dans le cadre du Plan National d’Actions en faveur du Balbuzard pêcheur (2020-2029). L’objectif prioritaire de ce plan à l’échelle de la Corse est de retrouver une dynamique de population favorable en visant une augmentation du succès reproducteur des couples nicheurs de Balbuzard pêcheur.
Nous proposons d’effectuer un suivi des quatre nids connus dans la région ajaccienne. Ce suivi très fin permet d’observer les échanges de populations et les mouvements des individus grâce à l’identification des oiseaux par le plumage ou les bagues couleur. Ce suivi permet aussi d’identifier et de relier les dérangements d’origine anthropique (essentiellement par mer) au succès reproducteur, de vérifier le bon état des nids afin d’intervenir et d’assurer une veille du suivi de la mortalité et une veille éco toxicologique. 
",37740.95,27316316,2104873607,,,SN Biodiversité,Corse,Corse-du-Sud,2A,39075220200031,CONSERVATOIRE D ESPACES NATUREL CORSE ET AMIS PARC NATUREL,Association déclarée,2A004,Ajaccio
Mise en œuvre du plan régional d’action en faveur des tourbières des Hauts-de-France (PRAT) - 2026-2028,"Modéliser ou a minima évaluer les stocks de tourbes en région et le stock potentiel de carbone que cela représente 
Travailler à l’adaptation et calibration du protocole d’estimation des stocks de tourbes en Hauts-de-France 
 Sur certaines enveloppes sélectionnées identifier les pressions majeures et proposer des leviers d’actions
 possibles en faveurs à minima de la conservation des stocks de tourbes présents.
 Participer à l’effort de maintien des tourbières en eau pour leur préservation
  Coordonner le plan d’action régional en faveur des tourbières des Hauts-de-France
Une description détaillée est disponible dans la Fiche technique attachée dans les pièces complémentaires.",151816.94,27327149,2104914093,,,SN Biodiversité,Hauts-de-France,Somme,80,40320217900087,CONSERVATOIRE D ESPACES NATURELS DES HAUTS DE FRANCE,Association déclarée,80131,Boves
Achat de matériel pour réaliser des suivis scientifiques sur la Réserve Naturelle Nationale de la tourbière des Dauges,"Le CEN souhaite acquérir du matériel de suivi scientifique afin de mener à bien des opérations du plan de gestion de la réserve naturelle nationale de la Tourbière des Dauges : chiroptères, petits et moyens mammifères terrestres, prises de sons, analyses de qualité d'eau.",9551.73,27343401,2104899527,,,SN Biodiversité,Nouvelle-Aquitaine,Haute-Vienne,87,38857596100031,CONSERVATOIRE D'ESPACES NATURELS DE NOUVELLE-AQUITAINE,Association déclarée,87159,Saint-Léger-la-Montagne
Opérations du plan de gestion : inventaire des champignons et évaluation des habitats humides de la RNN Etang Noir,"Dans le cadre du plan de gestion  2017-2026 validé par arrêté préfectoral n°2019/407, l'objectif à long terme de conserver  les habitats et espèces de forte valeur patrimoniale de la RNN Etang Noir est identifié. Ces opérations d'inventaire des champignons pour l'évaluation des habitats humides ainsi qu'une expertise pour aide à l'évaluation botanique et cryptogamique des habitats tourbeux sont listées dans ce plan de gestion et en lien avec cet objectif à long terme. Ces opérations sont également en lien avec des opérations de sécurisation foncière et plus largement pour une sécurisation des habitats humides directement connectés en limite extérieure de la réserve.",6400.00,27353191,2104899325,,,SN Biodiversité,Nouvelle-Aquitaine,Landes,40,25400329600020,S M DE GESTION DES MILIEUX NATURELS,Syndicat mixte ouvert,40296,Seignosse
Amélioration  des conditions d'accueil des publics spécifiques  - Réserve naturelle d'Arjuzanx,"Améliorer les conditions d’accueil des publics spécifiques dans la réserve naturelle d’Arjuzanx constitue un enjeu social, éducatif et environnemental majeur. En rendant le site plus accessible aux personnes à mobilité réduite et en situation de handicap, la réserve affirme sa mission d’ouverture à tous. L’amélioration des infrastructures (sentiers adaptés, signalétique claire…) et des contenus pédagogiques vise à accroître la sécurité et le confort des visiteurs. Cette démarche favorise l’inclusion, l’égalité d’accès à la nature et valorise l’image de la réserve comme espace exemplaire en matière de développement durable et de responsabilité sociale. Elle stimule aussi la fréquentation, soutient l’économie locale et renforce le lien entre habitants et patrimoine naturel.",7745.89,27368125,2104900076,,,SN Biodiversité,Nouvelle-Aquitaine,Landes,40,25400329600020,S M DE GESTION DES MILIEUX NATURELS,Syndicat mixte ouvert,40197,Morcenx-la-Nouvelle
Etude hydrogéologique  - Réserve naturelle d'Arjuzanx,"Le projet d’étude hydrogéologique de la Réserve Naturelle d’Arjuzanx vise à comprendre le fonctionnement des eaux souterraines et leur rôle dans l’équilibre écologique du site. Il analyse les relations entre nappes phréatiques, sols et milieux humides à partir de relevés piézométriques et de la caractérisation du système hydrogéologique. L’étude permet de mieux connaître les flux d’alimentation, de drainage et les échanges avec les eaux de surface. Les enjeux scientifiques concernent l’amélioration des connaissances sur la ressource en eau et la dynamique des milieux, notamment dans un contexte de changement climatique. Ce travail contribue à définir des mesures de gestion durable de l’eau et à anticiper les évolutions futures. Il soutient enfin la conservation des habitats naturels aquatiques et des espèces inféodées aux zones humides, pour lesquelles la réserve naturelle porte une responsabilité majeure.",19046.40,27393689,2104900040,,,SN Biodiversité,Nouvelle-Aquitaine,Landes,40,25400329600020,S M DE GESTION DES MILIEUX NATURELS,Syndicat mixte ouvert,40197,Morcenx-la-Nouvelle
"SWIMM (Scientific Whales, Interaction & Marine Megafauna Monitoring)","SWIMM est un programme d’observation et d’étude de la mégafaune marine à La Réunion, fondé sur une collecte standardisée en mer conduite avec les opérateurs d’observation des cétacés ; sous encadrement, les passagers peuvent devenir acteurs de la collecte (science participative). Sur la frange Ouest–Sud de l’île, il documente la distribution et les comportements des baleines, dauphins, tortues, oiseaux marins et poissons, ainsi que l’influence des usages sur les animaux. Les données, géoréférencées et normalisées par l’effort, sont enrichies d’acoustique et d’imagerie, puis analysées en SIG afin d’identifier zones d’enjeu, corridors de quiétude et périodes sensibles. Le dispositif intègre aussi le suivi des déchets (typologie, densité, imagerie) et des alertes environnementales (sargasses, mortalités, échouages/animaux blessés), avec signalements géolocalisés et transmission aux autorités et partenaires scientifiques.",12000.00,27406076,2104909260,,,SN Biodiversité,La Réunion,La Réunion,974,91494490500019,CORBEL SYLVAIN,Entrepreneur individuel,97415,Saint-Paul
Aménagement en faveur d'une colonie majeure de chauves-souris dans la vallée de la Gervanne,"Une bâtisse ancienne située au sein du site Natura 2000 ""Gervanne et rebord occidental du Vercors"" sur la commune Montclar-sur-Gervanne, héberge une part importante de la population estivale de deux espèces de chauve-souris : le Grand rhinolophe et le Petit Rhinolophe. 
Ces individus fréquentent les combles mais aussi des pièces à vivre.
Les propriétaires restaurent progressivement la bâtisse, et souhaitent désormais délocaliser les chauves-souris de manière définitive.
L'objectif est de créer un aménagement dans une partie non habitables de la maison: un hangar attenant à la maison. Il convient de fermer les ouvertures et cloisonner cet espace, pour mettre à disposition des chauves-souris une partie de bâtiment.
Les propriétaires sont prêts à signer une obligation réelle environnementale, sur vingt ans, pour conserver ces aménagements à destination exclusive des chauves-souris.",7488.12,27422886,2104917788,,,SN Biodiversité,Auvergne-Rhône-Alpes,Drôme,26,25260019200022,SYND MIXTE PARC NATUREL REGIONAL VERCORS,Syndicat mixte ouvert,26195,Montclar-sur-Gervanne
Renaturation du cratère Antonelli,"L’élimination du boisement exotique du cratère Antonelli permettra l’élimination définitive des certaines espèces exotiques présentes uniquement dans cette localité (pommier, cryptoméria) ou dont le cratère héberge les seuls représentants en milieux naturels (pins, cyprès). L’action permettra également de renouer avec un paysage volcanique caractéristique de l’île Amsterdam.
Une fois renaturé le cratère sera un lieu privilégié de restauration écologique avec la plantation de Phylica arborea, seule espèce d’arbre indigène des Australes.",121230.00,27526230,2104880358,,,SN Biodiversité,Terres australes et antarctiques françaises,Terres australes et antarctiques françaises,984,22984000400027,TERRITOIRE DES TERRES AUSTRALES ET ANTARCTIQUES FRANCAISES,(Autre) Collectivité territoriale,97416,Saint-Pierre
Création d'une mallette pédagogique autour des vipères en 4 exemplaires - 2025/26,"L’information et la sensibilisation des différents publics apparaît comme l’un des objectifs prioritaires du Plan national d’actions (PNA) en faveur des Vipères de France hexagonale (actions 9 à 11), animé par la SHF depuis 2025. 
La présente demande porte sur la réalisation d’une mallette pédagogique autour des trois espèces de vipères présentes en région Nouvelle-Aquitaine : la Vipère aspic (Vipera aspis), la Vipère péliade (Vipera berus) et la Vipère de Seoane (Vipera seoanei) comprenant des spécimens en résine (un adulte de chaque espèce et un jeune vipéreau). Cette mallette sera réalisée en quatre exemplaires (trois exemplaires pour les ex-régions de Nouvelle-Aquitaine, un exemplaire pour la SHF) et agrémentée d’une plaquette explicative.",12869.00,27535845,2104899524,,,SN Biodiversité,Nouvelle-Aquitaine,Vienne,86,44224207900022,SOCIETE HERPETOLOGIQUE FRANCE,Association déclarée,86194,Poitiers
Lac de Grand Lieu : Perspective d'aménagement du vannage de Bouaye pour une adaptation pertinente aux évolutions hydrauliques et climatiques,"Le SGLE assure la gestion des niveaux d’eau sur le bassin versant de Grand-Lieu-Acheneau-Tenu. Les niveaux d’eau du lac de Grand-Lieu sont contrôlés par le fonctionnement du vannage de Bouaye situé en aval du lac . Cette gestion des niveaux d’eau est primordiale pour la gestion du lac, zone humide d’intérêt majeur, site naturel, au sein d’un large site Natura 2000. La gestion fait l’objet depuis une dizaine d’années d’une expérimentation par arrêté préfectoral, visant à assurer une variabilité inter-annuelle.
- Dans un premier temps le projet portera sur l'analyse de cette gestion 2015-2025 : (aide accordée : AID-2025-03794)
- Dans un second temps sur l'identification des aménagements nécessaires du vannage de Bouaye pour répondre aux enjeux environnementaux et sociaux. Cette étape sera réalisée par un bureau d’études spécialisé.",80000.00,27562194,2104882176,,,SN Biodiversité,Pays de la Loire,Loire-Atlantique,44,20000331700027,SYNDICAT GRAND-LIEU ESTUAIRE (SGLE),Syndicat mixte fermé,44188,Saint-Philbert-de-Grand-Lieu
Valorisation et déclinaison départementale du diagnostic patrimonial pour la mise en œuvre de la stratégie Aires Protégées en Occitanie,"Le diagnostic patrimonial de la stratégie Aires protégées en région Occitanie a été produit en 2024 et présenté à de nombreux acteurs. Il a ainsi généré beaucoup d’intérêt et de questions quant à sa bonne prise en compte dans les territoires (départements, PNRs…). Nous proposons dans ce projet de mettre à disposition de ces territoires la grande quantité de données produites sur une plateforme cartographique afin que les acteurs de la déclinaison de la SAP puissent se les approprier. Des brochures départementales de vulgarisation scientifique sur les enjeux de chaque département et les orientations possibles adaptées à chaque territoire seront rédigées et présentées aux acteurs locaux.",135904.00,27720902,2104910260,,,SN Biodiversité,Occitanie,Hérault,34,38464393800051,CONSERVATOIRE D ESPACES NATURELS D OCCITANIE,Association déclarée,34172,Montpellier
Acquisition de la propriété de Lérignon (Lingé-Indre) en vue de son intégration à la Réserve naturelle nationale de Chérine,"La propriété de Lérignon (Lingé-Indre) d'une surface totale de 76 ha, est connue pour la grande richesse du patrimoine naturel qu'elle accueille. Elle se trouve à proximité de la Réserve naturelle nationale de Chérine et revêt une grande importance en terme de gestion de l'eau puisqu'elle reçoit l'eau des deux entités de la Réserve sur cette commune, Etangs Fougères et Purais ; puis Petit et Grand Etang de la Touche. ",1391500.00,27973251,2104911617,,,SN Biodiversité,Centre-Val de Loire,Indre,36,33495712300014,CHERINE,Association déclarée,36096,Lingé
Mise en œuvre des actions du PNA en faveur des espèces menacées des ripisylves de Martinique,"Ce projet vise à mettre en œuvre certaines actions du Plan National d'action en faveur de 9 espèces menacées des ripisylves de  Martinique. Il concerne plus particulièrement des actions de connaissance : phylogénie des Cupania, pollinisation des espèces de ripisylves et recherches de nouvelles stations pour les 2 espèces les plus rares.",55700.00,28085847,2104916235,,,SN Biodiversité,Martinique,Martinique,972,44273402600028,CONSERVATOIRE BOTANIQUE DE LA MARTINIQUE,Association déclarée,97209,Fort-de-France
Appui par la médiation pour la création d'une Zone de Tranquillité volontaire de la Faune Sauvage (01),"Les services de l'état portent depuis 8 ans un projet de création d'une Zone de Tranquillité volontaire de la Faune Sauvage (ZTVFS) sur le plateau de Champfromier-Chalam (01). L'animation du projet, par manque de temps agents, n'a pas permis d'avancer concrètement sur le projet. Ce défaut d'animation a conduit les acteurs locaux à se lasser de ces discussions. En outre, certains groupes d'acteurs se sont organisés en groupes d'opposition sur la base d'informations fallacieuses, diffusant des fausses informations auprès de la population locale. Pour autant, les enjeux sont très importants avec la population locale de Grand tétras en danger critique d'extinction et des pratiques, notamment forestières, difficiles à encadrer.
Après validation avec la Sous-préfète de Nantua, il est apparu que l'appui d'un médiateur serait de nature à lever les freins à la mise en place d'un outil de protection volontaire et concerté efficace et dans des délais plus courts.",6559.51,28145115,2104915667,,,SN Biodiversité,Auvergne-Rhône-Alpes,Ain,01,38929221000025,GROUPE TETRAS JURA,Association déclarée,01081,Champfromier
Préservation de vieilles forêts en Auvergne,L’objectif de ce projet est de contribuer à la préservation d’une trame de vieux bois et à la déclinaison locale de la Stratégie Nationale des Aires Protégées via la consolidation d’un réseau de sites en protection forte en passant par l’acquisition de parcelles.,92000.00,28162564,2104917786,,,SN Biodiversité,Auvergne-Rhône-Alpes,Puy-de-Dôme,63,34489699800046,CONSERVATOIRE D ESPACES NATURELS D AUVERGNE,Association déclarée,63346,Saint-Genès-Champespe
achat et pose de 10 balises GPS sur des Vazutours moines du massif des Baronnies (26),"le projet consiste à acquérir 10 balises GPS afin de pouvoir équiper des Vautours moines du Massif des Baronnies
- la pose de balise GPS se fait dans le cadre du programme personnel (délivré par le Muséum d'Histoire Naturel) de Monsieur Olivier Duriez, chercheur au CEFE à Montpellier. La pose de balises est également en lien avec le PNA Vautour moine. 
- la pose de balises permet d'augmenter les connaissances sur les vautours (domaine vital, distance de vol, altitude etc ...) mais également de découvrir les causes de mortalité (empoisonnement, tir, électrocution ...)
- le matériel utilisé (balises Ornitela) est aujourd'hui très fiable, certaines balises peuvent fonctionner 10 ans
",13575.88,28168509,2104917784,,,SN Biodiversité,Auvergne-Rhône-Alpes,Drôme,26,39233450400017,ASS VAUTOURS EN BARONNNIES,Association déclarée,26264,Rémuzat
CarCartographie de la distribution de la fourmi électrique sur la commune de la Croix Valmer,"Le foyer de fourmi électrique détecté à La Croix-Valmer nécessite une expertise rapide et structurée afin de respecter les obligations européennes de détection précoce et d’éradication. La zone infestée, estimée à environ 3 hectares, présente une grande diversité de gestionnaires (copropriété, propriétés privées, espaces naturels) et des enjeux écologiques majeurs du fait de sa proximité avec le Parc national de Port-Cros.",9889.00,28347319,2104917080,,,SN Biodiversité,Provence-Alpes-Côte d'Azur,Var,83,39396208900024,FEDE REG DEFEN ORGANISMES NUISIBLES PACA,Syndicat patronal,83048,La Croix-Valmer
