numero_ej,nom_du_projet,nom_fournisseur,montant_engage,numero_ds,source
1406661860,Élimination des espèces exotiques envahissantes dans les ravines de l'Est de La Réunion,2TR REUNION, 57 293.43,19685386,DREAL
1406661861,Élimination des espèces exotiques envahissantes dans les ravines du Nord de La Réunion,2TR REUNION, 30 228.10,19594155,DREAL
1512432552,Elaboration et pose de panneaux d'information et de plaquettes dans le cadre de l'arrêté préfectoral de protection de biotope (APPB) des ilots et grèves de la Loire,ASSOCIATION TREMPLIN, 4 178.50,16412385,DREAL
1512601282,Extension du réseau des ZNIEFF marines en Bretagne,IDRA BIO ET LITTORAL, 47 964.00,16931195,DREAL
1512658760,Confection de panneaux réglementaires et d'informations pour Aires Protégées (APHN et APG),MIC SIGNALOC, 7 944.00,17327320,DREAL
1512731498,Restauration d'écosystèmes dans la RNN du Banc d'Arguin,DEP CHARENTE-MARITIME, 48 000.00,19594450,DREAL
1512858843,Signalétique arrêtés de protection de biotope,ASS DES PARALYSES DE FRANCE APF, 2 871.47,17804207,DREAL
1800078770,Mise en place d'une protection sur la vallée de la Druyes,ECOGEE, 64 576.50,19594230,DREAL
2104276937,Préservation des populations d’Alysson du Rhône : animation foncière et acquisition de parcelles sur la commune d’Andance,CONSERVATOIRE RH ALP ESPACES, 75 500.00,13399035,DREAL
2104323669,Elevage de Hamsters Communs en vue d’opérations de renforcement des populations dans le cadre du du Plan National d’Actions en cours,CENTRE RELAIS DES CIGOGNES, 23 769.60,16373019,DREAL
2104325714,Elaboration du volet opérationnel de la stratégie biosécurité des Iles Eparses,TAAF TERRES AUST ANTARCT FR, 32 000.00,19623863,DREAL
2104328456,"Suivi de l’état de conservation des populations de Stylurus flavipes et d’Ophiogomphus cecilia en Loir-et-Cher, Région Centre – Val de Loire",COMITE DEPART PROTEC NATURE, 6 000.00,16590072,DREAL
2104329033,Mise en oeuvre du protocole de suivi des gomphes de Loire pour l'évaluation et l'amélioration de l'état de conservation des espèces d'odonates menacées,FEDERATION MAISONS DE LOIRE REGION, 9 000.00,16505640,DREAL
2104329034,Suivi des espèces PNA dans le Cher dans un objectif de restauration de leur habitat,NATURE 18, 63 006.92,16514574,DREAL
2104329035,"Suivi de populations de trois espèces PNA (Le Pélobate brun, la Noctule commune et les gomphes de Loire) dans le Loiret",LOIRET NATURE ENVIRONNEMENT, 14 500.00,16660655,DREAL
2104329037,"Suivi des plantes messicoles en Loir-et-Cher, Région Centre – Val de Loire",COMITE DEPART PROTEC NATURE, 8 115.00,16721091,DREAL
2104329038,Recherche et Inventaire de la Noctule commune (Nyctalus Nyctala) au sein d’arbres à cavités,COMITE DEPART PROTEC NATURE, 6 500.00,16719016,DREAL
2104329659,Campagne de prospection sur la reproduction des Chiroptères,EURE ET LOIR NATURE, 5 200.00,16584323,DREAL
2104329660,Inventaire des odonates,EURE ET LOIR NATURE, 5 000.00,16598664,DREAL
2104329661,Aménagement de la passerelle d'accès à l'observatoire de l'étang des Fougères (RNN),ASS GEST RESERVE NAT CHERINE, 7 311.18,16352230,DREAL
2104329666,Projet d’acquisition de la propriété de l’étang de la Rouère,ASS GEST RESERVE NAT CHERINE, 324 646.00,16443050,DREAL
2104330283,Contribution aux PNA Chiroptères et Loutre d'Europe dans l'Indre - 2024,INDRE NATURE, 18 128.00,16701744,DREAL
2104330286,Contribution à trois PNA en faveur des oiseaux dans l'Indre - 2024,INDRE NATURE, 17 304.00,16702073,DREAL
2104330335,Contribution aux PNA Papillons de jour et Odonates dans l'Indre,INDRE NATURE, 20 600.00,16653362,DREAL
2104330336,Actions de suivi et conservation Amphibiens et Reptiles dans l'Indre - 2024,INDRE NATURE, 22 520.00,16697435,DREAL
2104336441,Contribution à la Stratégie Aires Protégées,SM PARC DES VOLCANS SMPV, 25 000.00,16428427,DREAL
2104340720,Un carré pour la biodiversité,CTRE PERMANENT INITIATIVE, 21 261.50,16897579,DREAL
2104340735,Programme de Conservation des Chauves-souris en tant qu’Auxiliaires de Culture dans les Vignes de Balagne,ASSOCIATION DE VALORISATION DES, 44 400.00,16358604,DREAL
2104344313,"Programme d’accompagnement pour le dispositif « Territoires engages pour la nature » et la mobilisation des collectivites en faveur de la biodiversite en Hauts-de-France Mobilisation, information/ sensibilisation, formation, animation de réseau",UNION REGIONALE DES CENTRES, 18 009.26,16907626,DREAL
2104344450,actions de suivi des chiroptères dans l'Aisne,CTRE PERMANENT INITIATIVE, 14 264.50,16867293,DREAL
2104344483,Recherche d’arbres gîtes à Murin de Bechstein par captures puis radiopistages notamment pour le projet de Réserve Biologique Intégrale des Bois de Retz,OFFICE NATIONAL DES FORETS, 8 080.00,16320060,DREAL
2104345399,"Réhabilitation écologique et paysagère de l'emprise de la ""Maison dite Cabodi""",BELLEFONTAINE, 76 000.00,16671236,DREAL
2104345646,Recensement de la population reproductrice du Vautour fauve dans les Pyrénées françaises en 2024,SAIAK, 11 200.00,16445847,DREAL
2104345811,"Restauration et équipement de prairies humides sur le bassin versant de la Ramade (Flayat, 23)",CONSERVATOIRE D'ESPACES NATURELS DE, 12 474.00,16735912,DREAL
2104346747,Ocean Watch,OCEANIA, 461 010.00,16822573,DREAL
2104348924,Acquisition de parcelles boisées Forêt de l'appentis du Canada sur la commune de Tintry,CONSERVAT. SITES NATURELS, 93 736.30,14706696,DREAL
2104349296,"Etude sur l’identification, la structure, et la santé génétique de la population de Petit Murins par rapport à celle de Grand Murins dans la colonie mixte de Gravelle",COMMISS PERMAN ETUDE PROTEC EAU, 28 220.00,15404012,DREAL
2104352311,Réhabilitation écologique et paysagère de la propriété dite CABODI,CHAPELLE-DES-BOIS, 40 000.00,17124512,DREAL
2104354168,"Actions en faveur des Chiroptères Doubs, Jura, Haute-Saône &amp; Territoire de Belfort 2024 et 2025",COMMISS PERMAN ETUDE PROTEC EAU, 127 225.00,17732703,DREAL
2104355730,Acquisition de zones humides en Charente et travaux de restauration de zones humides en Charente (2024),CONSERVATOIRE D'ESPACES NATURELS DE, 21 391.85,14648348,DREAL
2104356217,"Acquisitions Foncières (2024) : Grotte du Rajol, Coteau des Farges, Vallée de la Dronne",CONSERVATOIRE D'ESPACES NATURELS DE, 35 184.00,17732754,DREAL
2104356486,Vallée sèche de Bourdigal (2024),CONSERVATOIRE D'ESPACES NATURELS DE, 54 157.50,17178111,DREAL
2104356612,AMELIORATION DES CONNAISSANCES SUR LES ZONES FONCTIONELLES DU PUFFIN DES BALEARES EN PERIODE INTERNUPTIALE DANS LE SECTEUR DE l’ARCHIPEL DES GLENAN (29),BRETAGNE VIVANTE SEPNB, 171 578.00,14873506,DREAL
2104356774,Mise en oeuvre des actions du Plan National d'Actions en faveur de la Tortue d'Hermann,ASS STATION OBSERV PROTECT, 27 500.00,16443959,DREAL
2104356779,Réduire la pression sur les habitats des Aigles de Bonelli (Aquila fasciata) en région PACA,CONSERVATOIRE D ESPACES NATURELS, 48 800.00,16339207,DREAL
2104356787,Conservation des pelouses sèches de Crau : rénovation d’équipements pastoraux au Coussoul d’Ase,CONSERVATOIRE D ESPACES NATURELS, 57 960.00,16473320,DREAL
2104357060,RNN du HAUT-POITOU (2024),CONSERVATOIRE D'ESPACES NATURELS DE, 50 430.80,17175725,DREAL
2104358649,Restauration de corridors de déplacement pour la protection du Vison d’Europe dans le Marais poitevin 2024-256B,SM PARC NATUREL REG MARAIS POITEVIN, 17 500.00,16612237,DREAL
2104359105,"Mise en œuvre du plan de gestion de la RNN de la Baie de Canche, amélioration des connaissances, étude aranéologique",SYNDICAT MIXTE ESPACES, 14 080.00,15043186,DREAL
2104359184,Mise en oeuvre des évaluations des documents de gestion de plusieurs aires protégées,SYNDICAT MIXTE ESPACES, 17 808.68,14737642,DREAL
2104359191,Lutte contre certaines espèces exotiques envahissantes dans les Espaces Naturels Sensibles du Pas de Calais,SYNDICAT MIXTE ESPACES, 38 992.00,14989743,DREAL
2104359255,Mise en oeuvre des actions du Plan National d'Actions en faveur de la Tortue d'Hermann,CONSERVATOIRE D ESPACES NATURELS, 308 952.50,16377062,DREAL
2104359270,Actions de communication autour du 3ème Plan National d'Actions Chiroptères,FEDERATION DES CONSERVATOIRES D, 50 045.82,17778002,DREAL
2104359895,Accompagnement de la DREAL pour la mise en oeuvre de la Stratégie nationale pour les aires protégées / renforcement du réseau d'aires protégées en Limousin,CONSERVATOIRE BOTANIQUE ASYMIX, 19 264.00,15332471,DREAL
2104360238,Acquisition foncière (2024) : Vallée sèche de Bourdigal,CONSERVATOIRE D'ESPACES NATURELS DE, 16 243.11,17741499,DREAL
2104360258,Natura 2000 - Création de la ZSC Charente Amont (16),LIGUE FRANCAISE PROTECTION OISEAUX, 14 698.03,17032284,DREAL
2104360427,"Création d'une malle pédagogique sur la biodiversité de Garonne, en lien le projet d'extension du périmètre de la RNN",ASS GEST RESERVE DE LA FRAYERE, 12 155.00,16854321,DREAL
2104360779,PLASTNET,COMITE REGIONAL DE LA, 755 804.80,13185905,DREAL
2104362603,Exposition itinérante à traction animale : La biodiversité des forêts d'altitude sur les routes du massif jurassien,GROUPE TETRAS JURA, 240 608.00,14683699,DREAL
2104362749,"Modélisation du fonctionnement hydrologique en lien avec le changement climatique sur les réserves naturelles des Dauges et des Sauvages (Haute-Vienne, 87) - année budgétaire 2024",CONSERVATOIRE D'ESPACES NATURELS DE, 9 870.20,16768482,DREAL
2104363300,Acquisitions foncières (2024) : Vallée des Buis,CONSERVATOIRE D'ESPACES NATURELS DE, 4 500.00,17740887,DREAL
2104363372,Sauvegarde des amphihalins par la mise en œuvre de pêches de régulation locale de silures en Garonne et Dordogne,ASS AGREE PECHE PROF EAU DOUCE, 35 073.00,16861205,DREAL
2104364499,"Contribution à la Stratégie Nationale pour les Aires Protégées en Nouvelle-Aquitaine : identification des sites à enjeux flore, fonge et habitats en Aquitaine et Poitou-Charentes",ASYMIX CONSERVATOIRE BOTANIQUE, 30 773.60,11693108,DREAL
2104367053,Mise en oeuvre des actions des plans nationaux/régionaux d'actions en faveurs des espèces menacées.,NATURALIST PROTECT ECOSYSTEME, 20 500.00,16898394,DREAL
2104367054,Recherche de la Grande mulette et de ses poissons hôtes dans l’Indre (36),FED DEP ASSOC AGREE PECHE & PISCICU, 78 983.00,17112320,DREAL
2104367055,Etudes biodiversité Perche et vallée du Loir,PERCHE NATURE, 14 268.00,16562109,DREAL
2104367085,"Projet d'extension de la Réserve naturelle régionale Terres et étangs de Brenne, Massé-Foucault",ASYMIX PNR BRENNE, 27 320.40,16972661,DREAL
2104367086,Projet d'inventaire de l'Isoète très ténu en Brenne,ASYMIX PNR BRENNE, 19 440.00,17085858,DREAL
2104367091,LA FLORE MESSICOLE D’INDRE-ET-LOIRE,SOC ETUDE PROTEC AMENAG NATURE, 11 540.00,17037113,DREAL
2104367093,"INDICATEURS DE LA BIODIVERSITÉ, SUIVI TEMPOREL DES RHOPALOCÈRES DE FRANCE (STERF)",SOC ETUDE PROTEC AMENAG NATURE, 4 000.00,17348837,DREAL
2104367095,Évaluation de l’état de conservation des populations de Leucorrhinia pectoralis et Leucorrhinia caudalis en Sologne,SOLOGNE NATURE ENVIRONNEMENT, 8 911.00,16709533,DREAL
2104367096,Suivi de la répartition des populations du Lézard des souches en Sologne en 2024,SOLOGNE NATURE ENVIRONNEMENT, 6 801.00,16786895,DREAL
2104367100,Suivi de la répartition des population de Chiroptères en Sologne et Vallée du Cher en 2024,SOLOGNE NATURE ENVIRONNEMENT, 8 018.80,16802997,DREAL
2104367101,Suivi de la répartition des populations de Cistudes d'Europe en Sologne en 2024,SOLOGNE NATURE ENVIRONNEMENT, 13 132.00,16809720,DREAL
2104367690,Maîtrise foncière de parcelles en sites naturels remarquables,CONSERVATOIRE D ESPACES NATURELS DE, 16 792.30,16949574,DREAL
2104367692,Mise en oeuvre de la stratégie nationale pour les aires protégées : Maîtrise foncière et plans de gestion,CONSERVATOIRE D ESPACES NATURELS DE, 41 787.00,16949196,DREAL
2104368406,"Protéger la biodiversité en Indre-et-Loire en application des mesures prioriatires des plans nationaux d'action chiroptères, outarde canepetière et balbuzard pêcheur.",LIGUE POUR LA PROTECTION DES, 30 058.20,16585717,DREAL
2104368407,Le Damier de la Succise (Euphydryas aurinia) en Petite Brenne,ASSOCIATION EPIMETHEE, 7 700.00,16831955,DREAL
2104370800,Renforcement des populations d'Outarde canepetière et de Pélobate brun en Région Centre-Val de Loire,ASSOCIATION BEAUVAL NATURE POUR LA, 192 017.00,17420438,DREAL
2104372479,"Protéger efficacement les communautés d’espèces animales grâce à des actions concrètes, concertées, fédératives et intégratives",PICARDIE NATURE, 300 000.00,16345623,DREAL
2104373971,Aménagements du sentier de Tombulu Biancu pour la réserve naturelle de l’étang de Biguglia,COLLECTIVITE DE CORSE, 25 000.00,17501769,DREAL
2104375468,Veille et accompagnement communal sur les espèces exotiques envahissantes,CENTRE INITIATION ENVIRONNEMENT URB, 15 000.00,17405300,DREAL
2104378398,"Plans de gestion des sites du Conservatoire, concertation et mise en œuvre de la gestion des sites",CONSERVATOIRE D ESPACES NATURELS, 199 200.00,16376256,DREAL
2104378400,Eco-TIG PACA : Participation et sensibilisation des publics sous main de justice à la protection et à la restauration des espaces naturels de Provence,CONSERVATOIRE D ESPACES NATURELS, 132 000.00,12578018,DREAL
2104378401,Plan national d’actions Outarde canepetière en PACA : amélioration des connaissances à des fins de conservation,CONSERVATOIRE D ESPACES NATURELS, 65 565.00,13516242,DREAL
2104379155,Préservation de la lamproie marine : Mise en relation de l'évolution de l'espèce avec la prédation par le silure,EPIDOR, 60 000.00,16917105,DREAL
2104380279,Mise en oeuvre du nouveau plan de gestion de la Réserve Naturelle Nationale de la Casse de la Belle Henriette - actions d'investissement et d'intervention 2024,LIGUE FRANCAISE PROTECTION OISEAUX, 9 896.00,17688438,DREAL
2104380283,RENATURATION DU ROULE-CROTTES POUR LA RESTAURATION HYDROLOGIQUE DES BAS-MARAIS TOURBEUX DE LA RESERVE NATURELLE REGIONALE DE LA BASSE-GOULANDIERE,CONSERVATOIRE D'ESPACES NATURELS, 51 600.00,17344777,DREAL
2104380284,"Acquisition foncière de zone humide, vallée des Cartes et de la vesotière",CONSERVATOIRE D'ESPACES NATURELS, 10 400.00,17432821,DREAL
2104380447,Diagnostic écologique et accompagnement pour la mise en place d'obligations réelles environnementales (ORE),INITIATIVE DEVELOPP EN, 23 000.00,17285251,DREAL
2104380614,Déploiement d'opérations inscrites dans les plans de gestion des RNN gérées par le CEN Bourgogne,CONSERVAT. SITES NATURELS, 44 535.03,17859964,DREAL
2104380614,Déploiement d'opérations inscrites dans les plans de gestion des RNN gérées par le CEN Bourgogne,CONSERVAT. SITES NATURELS, 90 523.90,17859964,DREAL
2104380720,"Lutte contre les EEE ""Espèces Exotiques Envahissantes""",ASSOCIATION DEPARTEMENTALE DES, 59 000.00,14145624,DREAL
2104380998,Gestion des SOS chauves-souris dans le département de la Mayenne,MAYENNE NATURE ENVIRONNEMENT, 4 536.00,17087663,DREAL
2104382460,Réserve Naturelle Régional de la tourbière de Vred – opération de restauration par déboisement,OM COLL TRAITMT-PLAINE SCARPE ESCAU, 67 960.00,13495723,DREAL
2104382506,"Protéger efficacement les communautés d’espèces animales grâce à des actions concrètes, concertées, fédératives et intégratives.",LIGUE POUR LA PROTECTION DES, 350 000.00,16405781,DREAL
2104384567,"Lutte contre la Crassule de Helms, espèce exotique envahissante dans le périmètre de protection d'une Réserve Naturelle Nationalee",SYNDICAT MIXTE ESPACES, 35 358.26,18129875,DREAL
2104384951,Adaptation de la gestion des réserves naturelles de Provence-Alpes-Côte d'Azur au changement climatique,FONDATION TOUR DU VALAT, 355 665.00,15214869,DREAL
2104384983,Mise en oeuvre des actions du Plan National d'Actions en faveur de la Tortue d'Hermann,CTRE ETUD REAL PASTOR ALPES MEDITER, 6 045.00,16535288,DREAL
2104385734,"Protéger et renforcer les populations de la Mulette perlière sur les départements de la Haute-Vienne, de la Creuse, de la Corrèze, de la Dordogne et des Pyrénées-Atlantiques.",LIMOUSIN NATURE ENVIRONNEMENT, 140 706.00,17385497,DREAL
2104385951,Suivi d’évaluation des actions de gestion de l’APHN des marais de Nuaillé - 2023-262,SM PARC NATUREL REG MARAIS POITEVIN, 24 635.20,14190943,DREAL
2104386078,Mise en place d'actions de suivi et de protection en faveur des Chiroptères en Sarthe en 2024,LA SARTHE AU FIL DE L'EAU, 16 560.00,17129586,DREAL
2104386362,Deux projets d'acquisitions foncières,FEDERATION DEP DES CHASSEURS, 56 316.00,14085821,DREAL
2104386370,Diagnostic pédagogique et naturaliste de l'étang Jacquot,ASSOCIATION MAISON DES ETANGS, 6 880.00,15316876,DREAL
2104386760,"Mise en œuvre d’actions conservatoires en faveur de cortèges d’espèces d’odonates à enjeux inféodés aux mares en contexte forestier, en Sarthe, par rétablissement de réseaux fonctionnels de mares et de zones humides.",LIGUE PROTECTION DES OISEAUX DE, 12 395.00,16798605,DREAL
2104387663,DEMI,COMITE REGIONAL PECHES MARITIMES CO, 48 128.68,15387077,DREAL
2104387776,MAREAM: Mares et Amphibiens menacés. Préservation et restauration de réseaux de mares en faveur de la redynamisation de populations d'amphibiens menacés (Triton crêté et Rainette verte),CONSERVATOIRE D ESPACES NATURELS, 258 268.47,17559639,DREAL
2104388524,Expérimentation d'une gestion intégrée des aires protégées du Grand Site de France Baie de Somme dans le cadre du LIFE Biodiversité,SM BAIE SOMME GD LITTORAL PICARD, 50 000.00,18081952,DREAL
2104390467,suivi du Puffin des Baléares en baie de Saint-Brieuc 2024-2025-2026,ASSOCIATION GEOCA ST BRIEUC, 69 615.00,15366422,DREAL
2104392455,"Renforcement des moyens de sensibilisation, de surveillance et de contrôle de plusieurs aires protégées en baie de Somme",SM BAIE SOMME GD LITTORAL PICARD, 114 400.00,12256377,DREAL
2104392684,Conservation d’une métapopulation de Petits rhinolophes dans les Alpes du sud,CONSERVATOIRE D ESPACES NATURELS, 94 455.00,16339529,DREAL
2104392813,"Mise en œuvre des actions de conservation et de restauration des espèces végétales menacées et de leurs milieux naturels, issues des 11 plans d’actions en région SUD Provence-Alpes-Côte d’Azur",PARC NATIONAL DE PORT CROS, 254 691.00,12586236,DREAL
2104392815,Programme annuels d'actions de préservation et valorisation de la Réserve Naturelle Nationale des Marais d'Isle,CA DU SAINT-QUENTINOIS, 29 513.25,17020039,DREAL
2104393734,"Conservation de la population du Butor étoilé en déclin dans les marais de Brière par une meilleure prise en compte de ses zones de reproduction, de sa biologie et de son habitat",SM PARC NATUREL REGIONAL BRIERE, 39 464.70,15141596,DREAL
2104393822,Acquisition foncière de zones humides dans les Marais de l'Acheneau - Rouans,CONSERVATOIRE D'ESPACES NATURELS, 17 700.00,16536898,DREAL
2104393824,Étude des domaines vitaux et protection du Courlis cendré Numenius arquata dans le département de la Sarthe en période de nidification - 2024-2026 – Animation foncière et territoriale,CONSERVATOIRE D'ESPACES NATURELS, 16 500.00,16538896,DREAL
2104393827,Acquisition foncière de zones humides dans les Marais de l'Erdre - Marais de Blanche Noë (44),CONSERVATOIRE D'ESPACES NATURELS, 7 800.00,17200613,DREAL
2104394253,Identifier les secteurs prioritaires pour la biodiversité sur la costière rhodanienne (PNA Alysson du Rhône),CONSERVATOIRE BOTANIQUE ASYMIX, 55 304.00,16935164,DREAL
2104394334,Déclinaison locale du PNA pollinisateurs sauvages,SM PARC NATUREL REGIONAL BRIERE, 141 386.40,16408674,DREAL
2104394352,Acquisition de 4 hectares de pelouses sableuses - site des Fourneux/les Fours à chaux,CONSERVATOIRE D'ESPACES NATURELS, 13 600.00,17562284,DREAL
2104395762,Etude cartographique et animation foncière des Belles Seignes et sur des zones humides orphelines de gestion du PNR du Doubs Horloger dans le cadre de la SNAP,ASYMIX PARC NATUREL REGIO DOUBS HOR, 32 832.00,15411766,DREAL
2104396168,Acquisition marais de la Virvée,CONSERVATOIRE D'ESPACES NATURELS DE, 200 000.00,16954626,DREAL
2104396983,Actions sur les zones humides du Haut-Rhône en faveur de l'azuré de la Sanguisorbe et l'azuré des Paluds,SYNDMC HAUT RHONE, 67 836.00,17161430,DREAL
2104397002,Valorisation du potentiel écologique du domaine forestier public départemental : Réalisation de notices de gestion sur les prairies,DEP RHONE, 60 561.00,17379946,DREAL
2104398919,"Coordination, suivi, synthèse et protection des sites à enjeu pour les Chiroptères en Loire-Atlantique en 2024",GROUPE MAMMALOGIQUE BRETON, 8 495.00,16550566,DREAL
2104399370,Coordination du réseau « SOS Chauves-souris » en Loire-Atlantique en 2024,GROUPE MAMMALOGIQUE BRETON, 5 150.00,16558317,DREAL
2104399460,"Mise en place de la signalétique marine liée à l’extension de la RNN des Sept-Îles, seconde réserve marine en surface de l’hexagone",LIGUE FRANCAISE PROTECTION OISEAUX, 15 042.00,16727889,DREAL
2104399463,"Conservation de la mulette perlière (Margaritifera margaritifera) en Bretagne, année 2024",BRETAGNE VIVANTE SEPNB, 21 350.00,17853890,DREAL
2104399540,Acquisitions en aires protégées,CONSERVATOIRE D ESPA, 79 073.99,17214894,DREAL
2104400273,Gestion de la réserve naturelle nationale de Chastreix-Sancy - mise en œuvre du plan de gestion 2022-2031,SM PARC DES VOLCANS SMPV, 52 435.00,16901277,DREAL
2104401962,Projet d'extension de la Réserve Naturelle Nationale François Le Bail,BRETAGNE VIVANTE SEPNB, 47 442.00,17744071,DREAL
2104408011,Création d'un nouveau centre d'élevage conservatoire pour visons d'Europe et enclos de pré-relâcher,RESERVE ZOOLOGIQUE DE CALVIAC, 196 870.00,17044812,DREAL
2104408512,Ingénierie territoriale préalable à la conception de projets de biodiversité avec le territoire,POUR LE DEVELOPPEMENT ET LA PROMOTI, 275 400.00,14344740,DREAL
2104408739,Protection des dunes de la Réserve naturelle vis à vis de la fréquentation humaine et notamment des activités touristiques du camping.,CA SAINT BRIEUC ARMOR AGGLOMERATION, 14 472.66,17603772,DREAL
2104409076,Favoriser la biodiversité (chiroptères et avifaune) dans le bâti et les milieux anthropisés,ASS LA CHAINE DES TERRILS, 458 940.00,15229396,DREAL
2104409080,"ECOLAG ""Landes de Gascogne"" 2024-2027 : Conservation et restauration écologique des lagunes des Landes de Gascogne",ASYMIX CONSERVATOIRE BOTANIQUE, 118 492.00,17068743,DREAL
2104409321,Dispositif d'Observation du Patrimoine Ecologique,SYNDICAT MIXTE DU PNRQ, 143 945.00,12235648,DREAL
2104409345,Renforcement de la reconnaissance de sites du CEN PACA et augmentation de la maîtrise foncière en forêt,CONSERVATOIRE D ESPACES NATURELS, 93 555.00,16376495,DREAL
2104410359,Mise en œuvre d’une action du Plan national d’actions en faveur du Puffin des Baléares sur le secteur ouest Cotentin / îles anglo-normandes,GROUPE ORNITHOLOGIQUE NORMAND, 265 183.00,13986728,DREAL
2104410926,OUTILS POUR LA PRISE EN COMPTE DES CHAUVES-SOURIS ET DE LA LOUTRE D’EUROPE,GROUPE MAMMALOGIQUE BRETON, 47 178.00,16404459,DREAL
2104411661,"Programme de caractérisation, d'identification et de protection des vieilles forêts de Nouvelle-Aquitaine 2024-2026",ASYMIX CONSERVATOIRE BOTANIQUE, 218 221.00,17084607,DREAL
2104413316,Prairies humides de Bourg,CONSERVATOIRE D'ESPACES NATURELS DE, 11 609.00,14559561,DREAL
2104413346,Restauration de l'accès au site chiroptères de l'île de la Marquise,INDRE NATURE, 29 330.00,17599175,DREAL
2104413347,"Projet de restauration de la Réserve naturelle régionale Terres et étangs de Brenne, Massé-Foucault",ASYMIX PNR BRENNE, 47 668.37,18123739,DREAL
2104413348,Restauration de queue d'étang en faveur du Cuivré des marais,ASS GEST RESERVE NAT CHERINE, 5 608.00,17185197,DREAL
2104413349,Utilisation d’approches de modélisation pour la conservation des cistudes d’Europe (Emys orbicularis) dans l’Indre,ASSOCIATION EPIMETHEE, 17 000.00,17572085,DREAL
2104413350,Poursuite de la réintroduction de la Tulipe des vignes dans les vignobles Tourangeaux et mise en place de la sauvegarde de l’Ornithogale penchée,VAL DE VIENNE, 22 752.00,18019483,DREAL
2104413608,Suivi des oiseaux marins au Cap Fréhel et mise en place d'une ZPF sur leurs sites de nidification,ASY MIX DES CAPS D'ERQUY ET FREHEL, 52 768.50,16510575,DREAL
2104413737,Qualifier et quantifier les interactions humaines avec le Gravelot à Collier Interrompu pour un meilleur partage de l'espace littoral,BRETAGNE VIVANTE SEPNB, 117 556.00,14436210,DREAL
2104413814,Tourbière du Grand Moulin - Donnezac,CONSERVATOIRE D'ESPACES NATURELS DE, 11 658.00,14560554,DREAL
2104414203,Réalisation de l'inventaire et de la cartographie des habitats naturels et des espèces végétales,ASYMIX BLAVET SCORFF ELLE ISOLE LAI, 124 480.70,14705084,DREAL
2104414311,Mise en oeuvre des documents de gestion des Réserves Naturelles Régionales - Année 2024,CONSERVATOIRE D ESPA, 37 113.22,17851133,DREAL
2104414404,BA 120 Cazaux,CONSERVATOIRE D'ESPACES NATURELS DE, 16 822.16,14557987,DREAL
2104414598,Protéger et restaurer les espaces naturels - Aires protégées en Indre-et-Loire,CONSERVATOIRE D ESPA, 150 087.57,17882869,DREAL
2104416113,Butte de Launay,CONSERVATOIRE D'ESPACES NATURELS DE, 10 872.52,14558687,DREAL
2104416376,Boisements et landes de Lassalle,CONSERVATOIRE D'ESPACES NATURELS DE, 9 010.46,14558390,DREAL
2104416384,Carrière de la Lustre,CONSERVATOIRE D'ESPACES NATURELS DE, 8 272.00,14560793,DREAL
2104416416,Coteaux de Pujols,CONSERVATOIRE D'ESPACES NATURELS DE, 13 107.32,14560339,DREAL
2104416473,Plan de gestion et cartographie d’habitats des Graves du Larus (2024),CONSERVATOIRE D'ESPACES NATURELS DE, 6 756.00,14562122,DREAL
2104416623,Prairies humides de Castera (2024),CONSERVATOIRE D'ESPACES NATURELS DE, 4 313.38,14557210,DREAL
2104416867,Préservation d’espèces à enjeu majeur sur la plaine alluviale de l’Ardèche : Pélobate cultripède et Azuré de la Sanguisorbe,CONSERVATOIRE RH ALP ESPACES, 5 000.00,16985509,DREAL
2104416893,Prairies de Gajac,CONSERVATOIRE D'ESPACES NATURELS DE, 3 765.00,14559834,DREAL
2104416903,Prairies humides de goulée,CONSERVATOIRE D'ESPACES NATURELS DE, 3 421.00,14560054,DREAL
2104417016,Vers une ostréiculture durable sur la Réserve naturelle nationale du Banc d’Arguin,SOC ETUDE PROTECTION AMENAGEMENT, 81 434.00,16671458,DREAL
2104419709,Mise en oeuvre des actions du 3ème Plan National d'Actions Chiroptères (PNAC),FEDERATION DES CONSERVATOIRES D, 91 123.00,16708337,DREAL
2104419713,Plan Régional d'Action Outarde canepetière,FEDERATION DEPARTEMENTALE DE, 20 123.00,17698074,DREAL
2104419755,Travaux de restauration et gestion de milieux à forte valeur environnementale (2024),CONSERVATOIRE D'ESPACES NATURELS DE, 32 290.00,14564011,DREAL
2104419855,Création d'une unité de conservation de la flore menacée de Bourgogne Franche Comté,CONSERVATOIRE BOTANIQUE NATIONAL DE, ##########,18174617,DREAL
2104421604,"Diminution de la nuisance lumineuse - Restauration écologique du site de ponte des tortues marines de la plage de l'Union, Sainte Marie",SAINTE-MARIE, 78 569.15,17104006,DREAL
2104421922,Déclinaison régionale PNA papillons de jour,CONSERVATOIRE D'ESPACES NATURELS DE, 151 266.00,14678685,DREAL
2104421956,Travaux de restauration et gestion de zones humides (2024),CONSERVATOIRE D'ESPACES NATURELS DE, 32 600.00,14563057,DREAL
2104421972,"Acquisitions foncières (2024) : Etangs Baro, Clain sud, Clain aval, Vienne aval",CONSERVATOIRE D'ESPACES NATURELS DE, 77 000.00,17740234,DREAL
2104421981,ACQUISITION DE ZONES HUMIDES PATRIMONIALES EN VIENNE Vallées de la Vonne et de la Longève (CTMA Clain sud),CONSERVATOIRE D'ESPACES NATURELS DE, 27 616.00,14587645,DREAL
2104421987,Déclinaison régionale PNA libellules,CONSERVATOIRE D'ESPACES NATURELS DE, 123 896.00,15481327,DREAL
2104422245,Préservation des Rhopalocères patrimoniaux des milieux secs du Saumurois,LIGUE POUR LA PROTECTION DES, 18 037.50,16408836,DREAL
2104422469,Restauration et entretien de sites creusois du CEN NA par la réalisation de travaux de génie écologique et par pâturage,CONSERVATOIRE D'ESPACES NATURELS DE, 29 340.00,16734122,DREAL
2104422751,CIALICOM : Cellule Inter Acteurs de Lutte contre l'Iguane Commun en Martinique,MONSIEUR RONALD SEGUIN-CADICHE, ##########,16658105,DREAL
2104422760,Sauvegarde de l’Outarde canepetière dans les vignobles du sud Drôme,LPO AUVERGNE RHONE-ALPES, 7 500.00,17224692,DREAL
2104423701,Revégétalisation du littoral lucéen,SAINTE-LUCE, 197 480.00,16654286,DREAL
2104424379,Programme d’étude et de conservation des pies-grièches en tant qu’espèces parapluie dans les Vignes de Balagne,EARL DU DOMAINE D ALZIPRATU, 52 142.00,18447342,DREAL
2104424397,Mise en œuvre d’opérations de gestion sur la RNTP conformément aux préconisations des documents de planification,OFFICE DE L'ENVIRONNEMENT DE CORSE, 70 400.50,18491607,DREAL
2104424401,Ecologie spatiale et sélection de l'habitat de la Sittelle Corse (Sitta whiteheadi) en période hivernale,MADAME PAULINE PRIOL, 170 469.60,18598291,DREAL
2104424411,Etude sur le marais de la Gravolle – Amélioration des fonctionnalités écologiques du site,SYNDMC AMENAGEMENT BASSIN THEOLS, 24 000.00,12644447,DREAL
2104425862,Acquisition foncière d'une parcelle boisée dans le département du Calvados,CONSERVATOIRE D ESPACES NATURELS DE, 3 066.74,14240685,DREAL
2104426077,ELEVE 3,GROUPEMENT TECHNIQUE VETERINAI, 391 105.00,13497250,DREAL
2104427238,Mise en oeuvre du Plan national Messicoles en Grand-Est (partie Champagne-Ardenne),MUSEUM NATIONAL D HISTOIRE, 11 742.00,16424488,DREAL
2104427272,Création d’un sentier d’interprétation sur la Réserve Naturelle Régionale des Marais et Sablières du Massif de Saint-Thierry,CONSERVATOIRE D ESPACES NATURELS DE, 39 933.00,14683364,DREAL
2104427272,Création d’un sentier d’interprétation sur la Réserve Naturelle Régionale des Marais et Sablières du Massif de Saint-Thierry,CONSERVATOIRE D ESPACES NATURELS DE, 2 940.00,14683364,DREAL
2104429447,"Espace Naturel Sensible de la montagne de Miélandre - Plan de préservation, de gestion et d'interprétation 2024 - 2028",CCDB-DIEULEFIT-BOURDEAUX, 7 206.00,15368679,DREAL
2104429562,Acquisition et mise en gestion de parcelles à enjeux faune et flore sur l’ENS des Landes du Beaujolais (69),DEP RHONE, 56 291.00,17377337,DREAL
2104429859,Plan Régional d'Actions Chiroptères de Normandie : protection d'un site majeur d'intérêt national,ASS GROUPE MAMMALOGIQUE NORMAND, 258 204.00,17303275,DREAL
2104431706,Prée des Cosses ; Plaine de Rouillé à Lezay ; Vallée du Gâteau (2024),CONSERVATOIRE D'ESPACES NATURELS DE, 7 380.00,17246069,DREAL
2104432165,CONNAISSANCE ET PROTECTION DES MESSICOLES DANS LES ESPACES AGRIOLES DES VOSGES 2024,CHAMBRE D AGRICULTURE DES VOSGES, 8 242.00,18177253,DREAL
2104433102,Contribution à la mise en oeuvre du Plan National d'Actions Tortues Marines en Guyane,ASSOC KWATA, 175 657.50,16416848,DREAL
2104434555,PNA MESSICOLES 2024 DANS LE DEPARTEMENT DE LA HAUTE-MARNE,CHAMBRE DEP AGRICULTURE LA HAUTE, 5 368.00,18110304,DREAL
2104435078,Etude de l'origine et de la structuration génétique des populations corses de Bufotes viridis balearicus,CONSERVATOIRE D ESPACES NATUREL, 125 998.56,18443405,DREAL
2104438090,PNA MESSICOLES 2024 DANS LE DEPARTEMENT DE L'AUBE,CHAMBRE DEP D'AGRICULTURE DE L'AUBE, 5 368.00,17989228,DREAL
2104438328,Gestion des SOS Chauves-souris en Maine-et-Loire,LIGUE POUR LA PROTECTION DES, 6 645.47,16408748,DREAL
2104440157,Protection des gîtes majeurs à chauves-souris en Maine-et-Loire 2024,LIGUE POUR LA PROTECTION DES, 57 375.00,16409212,DREAL
2104440215,COMMUNICATION ET SENSIBILISATION SUR LA FLORE ET VEGETATION DES SERPENTINITES,CONSERVATOIRE D ESPACES NATUREL, 14 554.17,18428462,DREAL
2104440695,"Evaluation de l'intégrité écologique des sources et tourbières de la Seuge par la méthode ""Syrph the net"" dans le cadre de la mise en oeuvre de la stratégie des aires protégées en Haute-Loire",SMAT LANGEAC, 12 942.29,18239409,DREAL
2104441521,Mise en œuvre du plan de gestion de la Réserve Naturelle Nationale de Moëze-Oléron : actions d’investissement et d’intervention,LIGUE FRANCAISE PROTECTION OISEAUX, 11 772.00,14309615,DREAL
2104442829,Elever des hamsters communs pour les renforcements des populations sauvages,SAUVEGARDE DE LA FAUNE SAUVAGE, 16 762.00,16373150,DREAL
2104443316,"Gestion responsable, concertée et durable de l'aire protégée de l'îlot de M'tsamboro",AGIR POUR LE DEVELOPPEMENT INTEGRE, 75 846.40,11884835,DREAL
2104443373,Réduction des pressions liées à l'agriculture sur les pies-grièches et la biodiversité,CONSERVATOIRE D ESPACES NATUREL, 123 995.12,18477667,DREAL
2104443497,Extension de la Réserve Naturelle Nationale des marais de Séné : actualisation des connaissances faune-flore et évaluation du 2015-2024,BRETAGNE VIVANTE SEPNB, 98 801.00,17871158,DREAL
2104446154,"Protéger efficacement les communautés d’espèces animales et leurs habitats grâce à des actions concrètes, concertées, fédératives et intégratives",GROUPE ORNITHOLOGIQUE ET NATURALIST, 100 000.00,16866899,DREAL
2104446154,"Protéger efficacement les communautés d’espèces animales et leurs habitats grâce à des actions concrètes, concertées, fédératives et intégratives",GROUPE ORNITHOLOGIQUE ET NATURALIST, 300 000.00,16866899,DREAL
2104446154,"Protéger efficacement les communautés d’espèces animales et leurs habitats grâce à des actions concrètes, concertées, fédératives et intégratives",GROUPE ORNITHOLOGIQUE ET NATURALIST, 100 000.00,16866899,DREAL
2104446687,GESTION DES ESPECES EXOTIQUES ENVAHISSANTES SUR LE TERRITOIRE DE LA CC DE LA HAUTE SOMME,CC HAUTE SOMME, 672 710.00,16655337,DREAL
2104446857,Liste Rouge AuRA des abeilles,ARTHROPOLOGIA, 250 000.00,16340485,DREAL
2104446860,ENS PUY D'AUBIERE,AUBIERE, 30 312.00,16331238,DREAL
2104446862,Sylvae : réseau de vieilles forêts en Auvergne - animation transversale 2024,CONSERVATOIRE D ESPACES NATURELS D, 13 860.00,16415017,DREAL
2104446865,Réserve naturelle nationale du val d'Allier - mise en oeuvre du plan de gestion et actions en faveur de l'ancrage territorial,LPO AUVERGNE RHONE-ALPES, 20 760.00,16599271,DREAL
2104446903,Installation de mouillages écologiques dans les eaux intérieures de l'île de RANGIROA (TUAMOTU),TERRITOIRE DE LA POLYNESIE FRANCAIS, 204 472.00,17516049,DREAL
2104447711,Brigade d'Intervention Maritime,L'ASSO-MER, 145 650.54,16722988,DREAL
2104447715,Mise en œuvre du Plan national d’action en faveur des espèces végétales rares et menacées des ripisylves de Martinique.,CONSERVATOIRE BOTANIQUE MARTINIQUE, 42 740.00,17039174,DREAL
2104447732,Gestion et valorisation de Bambusa vulgaris aux abords des berges sur les cours d’eau de la Martinique,ASSOCIATION FRANCAISE D, 390 339.64,16673276,DREAL
2104447733,Gestion de la fréquentation et ingénierie écologique au sein des Réserves Naturelles de Martinique,ASYMIX PARC NATUREL REGIONAL MARTIN, 105 000.00,17064551,DREAL
2104447909,Travaux de réparation du siphon sous la Charente,SYNDM UNION DES MARAIS CHARENTE-MAR, 373 236.00,16468829,DREAL
2104447929,"Acquisition de 45 hectares de zones humides - vallée de la Loire - îles Kerguelen, Boire Rousse et Bernardeau",CONSERVATOIRE D'ESPACES NATURELS, 555 000.00,17560924,DREAL
2104448058,"Accompagnement de la stratégie nationale biodiversité 2030, de la stratégie nationale pour les aires protégées 2030 et de son Plan d’action territorial Hauts-de-France",CONSERVATOIRE D ESPACES NATURELS, ##########,14535679,DREAL
2104448058,"Accompagnement de la stratégie nationale biodiversité 2030, de la stratégie nationale pour les aires protégées 2030 et de son Plan d’action territorial Hauts-de-France",CONSERVATOIRE D ESPACES NATURELS, 116 045.00,14535679,DREAL
2104448058,"Accompagnement de la stratégie nationale biodiversité 2030, de la stratégie nationale pour les aires protégées 2030 et de son Plan d’action territorial Hauts-de-France",CONSERVATOIRE D ESPACES NATURELS, 208 193.00,14535679,DREAL
2104448314,Renforcement de la population vosgienne de Grand-Tétras,ASYMIX PARC BALLONS DES VOSGES, 397 000.00,16383033,DREAL
2104448341,"Acquisition de zones humides dans les Marais de l'Acheneau (Rouans, Vue - Loire-Atlantique) (dossiers d'acquisition : Raymond, Leroux, Bailhache)",CONSERVATOIRE D'ESPACES NATURELS, 105 000.00,18202889,DREAL
2104448342,"Acquisition de zones humides dans le Marais des Faillies Brières et les sources du Mès (acquisitions Beaulande, Morand, Loumeau)",CONSERVATOIRE D'ESPACES NATURELS, 50 000.00,18204176,DREAL
2104450924,"Mise en oeuvre d’actions du Plan National d’Actions en faveur de la Loutre en Charente, Charente-Maritime, Deux-Sèvres et Vienne",POITOU-CHARENTES NATURE, 91 650.00,16945035,DREAL
2104451036,Mise en place d’un protocole de suivi des algues indicatrices du changement climatique (« warm-species ») sur le plateau rocheux de Cordouan,ASYMIX SMIDDEST, 18 400.00,14191974,DREAL
2104451064,Pérennité des actions en faveur du Phragmite aquatique en Pays de la Loire par l’acquisition de matériel pour l’ensemble du réseau partenaire,LIGUE DE PROTECTION DES OISEAUX, 14 369.38,18450115,DREAL
2104451140,Mise en œuvre de l'action 10C du Plan d'Action Territorial 2022-2024 de Nouvelle-Aquitaine,RESERVES NATURELLES DE FRANCE, 130 350.00,17446496,DREAL
2104451172,Malle pédagogique pour l'accueil et la sensibilisation des publics aux enjeux géologiques des réserves naturelles de Nouvelle-Aquitaine (mise en oeuvre de la Fiche Action 12B du Plan d'Action Territorial 2022-24),RESERVES NATURELLES DE FRANCE, 107 840.00,18376026,DREAL
2104452131,Assurer une surveillance du territoire et des actions de sensibilisation adaptées dans la RNN de la plaine des Maures,SOC NATIONALE PROTECTION DE LA, 386 435.00,16446646,DREAL
2104452132,Projet d'aménagement d'un site paléontologique à Tartonne,DEP ALPES-DE-HAUTE-PROVENCE, 181 440.00,11410999,DREAL
2104452140,Agriculture et Biodiversité,LIGUE FRANCAISE PROTECTION OISEAUX, 39 980.00,16384412,DREAL
2104452143,Mission de préfiguration d’Arrêtés Préfectoraux de Protection Biotope « Faune et flore rupestres en Haute-Vienne » - Réalisation des avant-projets,LIGUE FRANCAISE PROTECTION OISEAUX, 23 462.00,17822205,DREAL
2104452325,Tienbo : Maintenir le bon état écologique des habitats de ponte des tortues marines à La Réunion,CENTRE D ETUDE ET DE DECOUVERTE DES, 159 159.00,17698726,DREAL
2104452817,Aménagement pastoral sur le site des Landes de Montendre (2024),CONSERVATOIRE D'ESPACES NATURELS DE, 20 000.00,18806159,DREAL
2104452960,Evaluation et réduction de l'empreinte carbone de gestion de la réserve naturelle du Pinail,ASS GESTION RESERVE NATURELLE DU, 15 525.00,18597795,DREAL
2104453053,Plan National d’Actions en faveur du Vison d’Europe. Mise en œuvre de l’axe 3 du PNA Vison d’Europe,LIGUE FRANCAISE PROTECTION OISEAUX, 113 672.44,18697983,DREAL
2104453349,"Mise en oeuvre des actions orphelines du plan de gestion, site du Conservatoire du Littoral de l'Habitation Vidal-Tigamy, Guyane",ASSOC KWATA, 158 287.00,12206825,DREAL
2104453484,Préserver les savanes en luttant contre les Espèces Exotiques Envahissantes,GROUPE ETUDE PROTECTION OISEAUX, 232 689.00,16822570,DREAL
2104453486,Recherche et protection des nichées d’Outarde 2025 - Mise en œuvre Action 6 du 3ème Plan National d’Action,LIGUE FRANCAISE PROTECTION OISEAUX, 11 304.00,19086971,DREAL
2104453768,Réintroduction de la Mulette perlière sur la Haute Nivelle,FED PA PECHE PROTECTION MILIEU AQUA, 72 164.00,18010308,DREAL
2104453781,"Formation (module 2) : Inventaire et suivi des papillons de jour, vers l’analyse des données (2024)",CONSERVATOIRE D'ESPACES NATURELS DE, 7 991.20,19044373,DREAL
2104453789,Acquisition sur le site des Grottes du Trou Noir (2024),CONSERVATOIRE D'ESPACES NATURELS DE, 6 780.00,18338370,DREAL
2104453793,"Montage d’un projet de classement en Réserve Naturelle régionale : les Etangs Baro, à Mauprévoir (2024)",CONSERVATOIRE D'ESPACES NATURELS DE, 7 126.47,18777428,DREAL
2104454578,Contribution à la mise en oeuvre de la SNAP en Nouvelle-Aquitaine - APPB sur la forêt d’Epagne (87-23),GROUPE MAMMALOGIQUE, 34 225.00,19049013,DREAL
2104454688,"Coteau de Trémolat, Tourbières de Vendoire (2024)",CONSERVATOIRE D'ESPACES NATURELS DE, 9 240.00,17677504,DREAL
2104454854,CORACINES la suite,GROUPE ETUDE PROTECTION OISEAUX, 126 114.00,12090828,DREAL
2104455241,Implantation d'une station de vidécomptage des poissons migrateurs amphihalins sur l'Adour - Phase1,MIGRADOUR, 6 000.00,18659518,DREAL
2104455458,Etude d'avant-projet d'extension de la réserve naturelle nationale du Marais d'Orx,SM GESTION MILIEUX NATURELS, 95 350.34,18714793,DREAL
2104455474,"Acquisitions Foncières (2024) : Boisements alluviaux de Tocane, bocage humide de Parcoul",CONSERVATOIRE D'ESPACES NATURELS DE, 107 500.00,18640606,DREAL
2104455477,Travaux de restauration et de génie écologique sur 35 sites maîtrisés par le CEN Nouvelle-Aquitaine en Haute-Vienne (2024),CONSERVATOIRE D'ESPACES NATURELS DE, 105 577.80,16906531,DREAL
2104455481,"Animation territoriale sur les CTMA Clain-sud, Clain-aval, Gartempe-Creuse et Veude-Mable en Vienne (2024)",CONSERVATOIRE D'ESPACES NATURELS DE, 38 982.73,18774861,DREAL
2104455752,CREATION ZONE DE MOUILLAGE ET D’EQUIPEMENTS LEGERS (ZMEL),GOURBEYRE, 188 000.00,18976546,DREAL
2104456378,Volet A - Contribution française au programme de coopération transfrontalier France-Espagne : Sauvegarde du Grand-Tétras des Monts Cantabriques (année 2) - Volet B - Réduction des causes de mortalité anthropiques sur les galliformes de montagne.,FEDERATION DEP CHASSEURS HTES, 26 460.00,16532964,DREAL
2104456380,Outils pédagogiques et aménagements intérieurs de la Maison de la Réserve Naturelle Régionale du Bocage des Antonins,DEUX SEVRES NATURE ENVIRONNEMENT, 43 428.00,17671759,DREAL
2104456398,Cartographie du domaine vital et identification des secteurs d’alimentation d’un couple de Vautour percnoptère (Neophron percnopterus) dans l’Hérault,LA SALSEPAREILLE, 29 750.00,16338244,DREAL
2104456636,"Acquisitions foncières (2024) : Auxance, Vallée des Buis, Vallées de la Vienne et de l'Aubineau, Taillis de Puy Girault",CONSERVATOIRE D'ESPACES NATURELS DE, 156 774.00,18932918,DREAL
2104456671,Limiter les causes de mortalité antropiques du Grand tétras dans les Pyrénées liées aux percussions avec les câbles et les clôtures,OBSERVATOIRE DES GALLIFORMES DE, 34 319.00,16408490,DREAL
2104456863,Conciliation entre préservation de la biodiversité et activités humaines sur la Réserve Naturelle Régionale des Partias,LIGUE PROTECTION DES OISEAUX PACA, 58 412.00,16515107,DREAL
2104456882,Surveillance et lutte contre le Vison d'Amérique en Charente et Sud Gironde,GREGE-ARPEN, 236 922.79,18852618,DREAL
2104457665,Gestion écologique des Prirpris de Yiyi,SOC ETUDES PROTECTION NATURE EN, 241 298.00,17473037,DREAL
2104457680,Mise en place d'une ZMEL dans la baie de Saint-Louis à Marie-Galante,REG GUADELOUPE, ##########,18948082,DREAL
2104457709,Création d'un nouveau caillebotis sur le marais de Lay Saint Remy,CONSERVATOIRE D ESPACES NATURELS, 108 976.00,14940363,DREAL
2104457710,Achat de Matériel nécessaire pour la Réserve Naturelle Nationale de Montenach,CONSERVATOIRE D ESPACES NATURELS, 52 900.00,15184855,DREAL
2104457817,PROJET RIO - Référentiel d’Indicateurs Opérationnels d’état de la biodiversité en Guyane,CONSERVATOIRE DES ESPACES NATURELS, 99 844.00,12878760,DREAL
2104457946,CONTRIBUER À LA MISE EN ŒUVRE DE LA STRATEGIE NATIONALE DES AIRES PROTEGEES,SYNDMC PNR LOIRE ANJOU TOURAINE, 181 976.00,18860544,DREAL
2104458358,PNA en faveur du Vison d'Europe : mise en oeuvre de l'axe 3 du PNA,GROUPE DE RECHERCHE ET D'INVESTIGAT, 152 505.29,18625950,DREAL
2104458379,Mise en œuvre de la gestion de la RNR du Polder de Sébastopol,CC DE L'ILE DE NOIRMOUTIER, 39 728.00,15019560,DREAL
2104459296,"« BIODIVERSITE+ à Port Cohé » , Restauration écologique du site dit « port Cohé » et Transformation en port de plaisance propre et actif en biodiversité",CA CENTRE MARTINIQUE, 225 520.00,17315001,DREAL
2104459382,Actions d'éco pâturage en lutte contre des espèces végétales envahissantes,CU ARRAS, 31 200.00,16338658,DREAL
2104459997,Opérations d’accompagnement pour la mise en œuvre de la gestion de la Réserve Naturelle Nationale de l’Estagnol (Hérault).,CONSERVATOIRE D ESPACES NATURELS, 82 000.00,16869539,DREAL
2104460006,4ième Contrat de restauration de la biodiversité sur le territoire étendu du PNR,ASYMIX GEST PARC NAT REG PYRENEES A, 260 239.00,14458129,DREAL
2104460024,Poursuite du projet d'accueil du public à l’échelle de la Réserve naturelle du Bagnas,ASS DEFENSE ENVIRONN NATURE PAYS, 102 540.00,15463144,DREAL
2104460295,Déclinaison de la Stratégie Nationale pour les aires protégées (SNAP) sur le Pnr des Grands Causses,ASYMIX PARC NATUR REGIONAL GRDS CAU, 180 800.00,13224975,DREAL
2104460301,Programme pédagogique et scientifique de la Réserve Naturelle Régionale du Massif du Montious,NATURE MIDI PYRENEES, 116 345.00,15154160,DREAL
2104460307,Implication des chasseurs d’Occitanie pour la reconnaissance d'aires protégées régionales dans le cadre de la SAP.,FEDERATION REG CHASSEURS D, 50 210.00,12046644,DREAL
2104460949,Agir pour la préservation du Manakin Tijé en Guyane,GROUPE ETUDE PROTECTION OISEAUX, 25 000.00,16787258,DREAL
2104461194,Plans de gestion et suivis scientifiques sur 4 sites maîtrisés par le CEN Nouvelle-Aquitaine en Haute-Vienne (2024),CONSERVATOIRE D'ESPACES NATURELS DE, 19 265.06,16770519,DREAL
2104461198,Rédaction de deux plans de gestion sur le département de la Corrèze (2024),CONSERVATOIRE D'ESPACES NATURELS DE, 14 114.16,17097241,DREAL
2104461529,Acquisition en vallée du Loing aval,CONSERVATOIRE D'ESPACES NATURELS, 41 686.00,18536875,DREAL
2104461531,Finalisation de l'acquisition d'un bloc foncier au lieu dit les Préaux,CONSERVATOIRE D'ESPACES NATURELS, 13 440.00,17945750,DREAL
2104461853,"Complément en besoins matériels afin de réaliser le suivi de l'Outarde Canepetière, des Pies Grièches et des Courlis cendrés en deux Sèvres.",GROUPE ORNITHOLOGIQUE DEUX SEVRES, 12 398.00,17404394,DREAL
2104462920,Mise en œuvre de l'axe 3 du PNA Vison d'Europe,MAISON D INITIATION A LA FAUNE ET, 384 760.00,18854932,DREAL
2104463406,"Préservation et restauration de milieux prairiaux bocagers en Limousin et des trames associées (prairiale et bocagère), en faveur des Pies-grièches, des Grand et Petits rhinolophes et du Murin à oreilles échancrées (espèces PNA)",LIGUE FRANCAISE PROTECTION OISEAUX, 38 826.77,14964615,DREAL
2104464481,Participation aux captures de Grands Tétras en Haute Garonne pour l'opération de renforcement prévue dans les Monts Cantabriques,ORLU, 29 126.48,17494227,DREAL
2104464490,Suivi à long terme de populations de Lézard de Bonnal et Lézard des murailles par Capture-Marquage-Recapture 2024 - 2025,OBJECTIFS BIODIVERSITES, 7 380.00,14643841,DREAL
2104464782,Préfiguration RNR Mondarrain-Artzamendi-Iparla (2024),CONSERVATOIRE D'ESPACES NATURELS DE, 44 803.65,15482125,DREAL
2104464797,Travaux de restauration et de génie écologique sur le département de la Corrèze et de la Haute-Vienne (2024),CONSERVATOIRE D'ESPACES NATURELS DE, 90 652.60,17099303,DREAL
2104464812,Harmonisation des Documents de gestion d'espaces naturels (réseau de sites CEN) en lien avec le déploiement de la SNAP (2024-2025),CONSERVATOIRE D'ESPACES NATURELS DE, 100 705.00,16842933,DREAL
2104464827,Réalisation de travaux de restauration et gestion écologique sur un réseau de sites 79-17 (2024),CONSERVATOIRE D'ESPACES NATURELS DE, 36 999.93,17420034,DREAL
2104465065,Mise en œuvre d’actions d’amélioration des connaissances et de conservation du Vautour percnoptère dans le cadre du Plan National d’Actions,NATURE MIDI PYRENEES, 294 764.00,13764706,DREAL
2104465086,RENFORCEMENT DE LA PROTECTION ET DE LA GESTION DES SITES SOUS MAÎTRISE FONCIÈRE ET D’USAGE DE LA LPO LOIRE-ATLANTIQUE,LIGUE DE PROTECTION DES OISEAUX, 19 700.00,16815029,DREAL
2104465090,"La préservation des étangs oligotrophes forestiers du Maine-et-Loire, un enjeu essentiel dans la stratégie de conservation des populations de Leucorrhines en Pays de la Loire",LIGUE POUR LA PROTECTION DES, 27 536.00,16409159,DREAL
2104465103,Mise en œuvre du Plan National d’Action des Lézards des Pyrénées – année 2024/2026,NATURE MIDI PYRENEES, 121 819.00,16685003,DREAL
2104465929,Mise en oeuvre des actions liées à l'extension de la RNR des coteaux de Pont-Barré,LIGUE POUR LA PROTECTION DES, 30 309.00,17380684,DREAL
2104466427,Objectif Mares,EURE ET LOIR NATURE, 3 000.00,16602965,DREAL
2104466428,Acquisition pour la protection et le renforcement des aires protégées,CONSERVATION D ESPACES NATURELS DE, 24 026.07,19018771,DREAL
2104466429,CONTRIBUER À LA MISE EN ŒUVRE DE LA STRATEGIE NATIONALE DES AIRES PROTEGEES,SYNDMC PNR LOIRE ANJOU TOURAINE, 153 560.00,18135307,DREAL
2104466431,"Restauration du pont canal de la Tranchasse, phase 1 : radier et continuité écologique",ASYMIX CANAL DU BERRY, 132 245.00,14877934,DREAL
2104466487,Remise à niveau des équipements de la Réserve naturelle nationale du Lac de Grand-Lieu,SOC NATIONALE PROTECTION DE LA, 27 286.88,18641526,DREAL
2104466490,Renforcement de l'Arrêté de Protection de Biotope 2016/SEE-Biodiversité/427 - Pour la protection des colonies de sternes sur la Loire,LIGUE DE PROTECTION DES OISEAUX, 34 360.00,18377986,DREAL
2104466522,Déclinaison de la stratégie nationale pour les aires protégées en Ariège par l'acquisition et l'animation foncière,ANA - CONSERVATOIRE D'ESPACES, 80 280.00,17287198,DREAL
2104469256,"Préservation et restauration de milieux prairiaux bocagers en Limousin et des trames associées (prairiale et bocagère), en faveur des Pies-grièches, des Grand et Petits rhinolophes et du Murin à oreilles échancrées (espèces PNA)",GROUPE MAMMALOGIQUE, 35 560.81,16811447,DREAL
2104471661,Déploiement de Diagnostics d'Ancrage Territorial dans les Réserves Naturelles d'Occitanie,RESERVES NATURELLES DE FRANCE, 94 900.00,18253690,DREAL
2104471679,Stratégie de gestion et de maîtrise foncière d’espaces naturels 2024-2026,CONSERVATOIRE D ESPACES NATURELS, ##########,17780406,DREAL
2104473199,REDUCTION DES CAPTURES ACCIDENTELLES POUR UNE PECHE EFFICIENTE ET DURABLE (RECAPTED),CTRE NAT DE LA RECHERCHE, 631 473.00,12298742,DREAL
2104473347,Célébration des 40 ans des réserves naturelles nationales de Py et de Mantet,FEDERATION DES RESERVES NATURELLES, 30 029.39,17174850,DREAL
2104473776,Dératisation de l'île Lavezu,OFFICE DE L'ENVIRONNEMENT DE CORSE, 110 000.00,18609202,DREAL
2104473980,Plasticité écologique des chauves-souris et épidémiologie dans un contexte d'aménagement urbain,GIP ECOCITE LA REUNION, 389 708.11,18250980,DREAL
2104474101,Préparation au renforcement de populations de Lézard ocellé (Timon lepidus) en France 2024-27,SOCIETE HERPETOLOGIQUE FRANCE, 180 936.00,17315006,DREAL
2104474560,REDUCTION DES CAPTURES ACCIDENTELLES POUR UNE PECHE EFFICIENTE ET DURABLE (RECAPTED),CTRE NAT DE LA RECHERCHE, 668 478.00,15240674,DREAL
2104474838,Réalisation d'une prestation par un laboratoire accrédité COFRAC pour respecter les règlementations en vigueur dans le cadre de la réalisation de l'étude géologique du PNA serpentinites.,OFFICE DE L'ENVIRONNEMENT DE CORSE, 1 379.48,15379354,DREAL
2104474853,Sauvegarde des espèces sauvages soumises à PNA,ASSOCIATION POUR UN CENTRE DE, 37 600.00,14966820,DREAL
2104474856,Programme d'action régional en faveur des chauves-souris,LPO AUVERGNE RHONE-ALPES, 50 804.00,16819229,DREAL
2104474928,Acquisition et gestion conservatoire de parcelles forestières sur les Communes de Saint-Amandin et Lugarde,DEP CANTAL, 121 360.00,12558507,DREAL
2104474936,Stratégie Aires Protégées dans l'Allier en faveur des oiseaux rupestres,LPO AUVERGNE RHONE-ALPES, 43 768.80,16673127,DREAL
2104474938,Elaboration plan de gestion Beauvert et plateau des Roches,DONZERE, 4 452.00,16676719,DREAL
2104475254,Enlèvement de BHU,MARIN, 648 000.00,16715047,DREAL
2104475258,Coffre d'amarrage de Saint-Pierre,GRAND PORT MARITIME DE LA, 800 000.00,16959029,DREAL
2104475716,Appui à l'instruction de dossiers biodiversité déposés auprès du Fonds Vert en Occitanie,AGENCE REGIONALE BIODIVERSITE OCCIT, 87 000.00,17337892,DREAL
2104475788,BULL-OI,INST FR RECHERCHE POUR L EXPLOIT, 369 428.00,12867756,DREAL
2104475872,Restauration de l'habitat naturel du Tetrao uragallus aquitanus (Grand tétras) et de la Perdix perdix hispaniensis (Perdrix grise des Pyrénées) et amélioration de la surface des milieux pastoraux favorables au Grand tétras à la Perdrix grise,DEP PYRENEES-ORIENTALES, 12 000.00,12078360,DREAL
2104475875,AVESPYR GALLIFORMES,FED DEP CHASSEURS HAUTE GARONNE, 170 499.55,16529172,DREAL
2104476711,Conservation du Damier de Godart en France - Phase II,GROUPE ORNITHOLOGIQUE DU ROUSSILLON, 360 636.00,13370133,DREAL
2104477050,Animations et acquisitions foncières de zones humides par le CEN Rhône Alpes sur le bassin Rhône-Méditerranée,CONSERVATOIRE RH ALP ESPACES, 206 679.00,16864521,DREAL
2104477345,Gestion et préservation de zones humides sur la bassin Adour-Garonne (15),CONSERVATOIRE D ESPACES NATURELS D, 30 493.00,16698923,DREAL
2104477653,"Préservation des forêts privées à haute valeur écologique en Haute-Loire – Années 2024/2025 - Prospections et identification de vieilles forêts, animation foncière, et élaboration d'une notice de gestion",CONSERVATOIRE D ESPACES NATURELS D, 44 682.65,16953669,DREAL
2104478065,Projet d'amélioration de connaissance sur le Sonneur à ventre jaune en Lot-et-Garonne (2024-2027),CONSERVATOIRE D'ESPACES NATURELS DE, 55 725.00,19042226,DREAL
2104478656,Restauration des zones humides de Camargue gardoise,SM PROT ET GESTION CAMARGUE GARDOIS, 179 200.00,16930322,DREAL
2104478766,"Acquisition de 57 hectares de prairies naturelles inondables en vallée de la Loire (Denée, 49)",CONSERVATOIRE D'ESPACES NATURELS, 100 000.00,18573131,DREAL
2104478836,Plan Régional d'Actions en faveur des Mulettes de Nouvelle-Aquitaine,FRANCE NATURE ENVIRON SUD OUEST, 396 484.00,19207845,DREAL
2104479079,Accompagner l'émergence de la Réserve naturelle régionale Corniche de Pail,DEP MAYENNE, 149 331.00,16482055,DREAL
2104479130,GUYA-PLAST,HYDRECO GUYANE, 60 000.00,17733868,DREAL
2104479546,"FERMETURE A LA CIRCULATION DE LA PISTE, RELOCALISATION ET INTEGRATION PAYSAGERE DE LA ZONE DE STATIONNEMENT AU COEUR DE LA RESERVE NATURELLE NATIONALE DU MAS LARRIEU",ARGELES-SUR-MER, 41 524.00,13576900,DREAL
2104479550,"Acquisition de matériel ""bas-carbone"" de gestion conservatoire de la réserve naturelle du Pinail",ASS GESTION RESERVE NATURELLE DU, 17 262.00,19182761,DREAL
2104479613,Travaux de restauration écologique en zone humide sur les CTMA Clain sud et Vienne aval (2024),CONSERVATOIRE D'ESPACES NATURELS DE, 50 547.40,18933960,DREAL
2104479615,Programme d’actions en faveur des pelouses sèches du Lot-et-Garonne (2024),CONSERVATOIRE D'ESPACES NATURELS DE, 63 898.03,16765687,DREAL
2104479617,Travaux et connaissance sur les espaces naturels du CEN en Charente-Maritime (2024),CONSERVATOIRE D'ESPACES NATURELS DE, 73 763.41,14663515,DREAL
2104479618,"Plan de Gestion multi-sites ""Chiroptères"" (2024)",CONSERVATOIRE D'ESPACES NATURELS DE, 78 208.98,14611929,DREAL
2104479620,Gestion et restauration multi-sites - Sites Marais Poitevin 79-17 (2024),CONSERVATOIRE D'ESPACES NATURELS DE, 59 028.47,17247631,DREAL
2104479810,Actions en faveur d’espèces bénéficiant d’un plan national d’action sur la RNN du Marais d’Orx : Cistude d’Europe et Balbuzard pêcheur,SM GESTION MILIEUX NATURELS, 13 400.00,19255093,DREAL
2104479838,Création de la ZONE DE MOUILLAGE multisite Nord Atlantique sur les communes du Robert et de la Trinité,CA DU PAYS NORD MARTINIQUE, 249 123.00,17114552,DREAL
2104479839,REMISE EN ETAT DE LA ZONE DE MOUILLAGE ORGANISEE SITUEE SUR LE TERRITOIRE DE LA VILLE DE LES ANSES D' ARLET,CA ESPACE SUD MARTINIQUE, 296 526.20,16722948,DREAL
2104481041,ACQUISITION DE 10.7693 HA PAR LA COMMUNE POUR LA CRÉATION D'UNE AIRE PROTÉGÉE VIA LA SIGNATURE D'UN BAIL EMPHYTÉOTIQUE AVEC LE CONSERVATOIRE D'ESPACES NATURELS DE NOUVELLE AQUITAINE,GENTIOUX-PIGEROLLES, 21 600.00,16720171,DREAL
2104481046,Protection de la grande Mulette sur la vallée de la Dronne en Dordogne (2024-2026),CONSERVATOIRE D'ESPACES NATURELS DE, 25 950.00,18641658,DREAL
2104481123,Programme de suivi et de protection du Leste à grands stigmas en Marais breton : campagnes 2024,LIGUE POUR LA PROTECTION DES, 7 896.00,16852748,DREAL
2104481227,Animation du plan de gestion Tulipe sauvage dans le Diois,SM-PNR-VERCORS, 28 008.00,17048144,DREAL
2104481391,Conduite de plans de gestion sur un réseau de sites maîtrisés par le CEN NA dans les Landes (2024),CONSERVATOIRE D'ESPACES NATURELS DE, 17 889.84,17084580,DREAL
2104481424,Stratégie de conservation du patrimoine végétal menacée des Hauts-de-France (conception et déploiement),CENTRE REGIONAL DE PHYTOSOCIOLOGIE, 915 060.00,16466600,DREAL
2104481693,"Projet d'aménagement, de valorisation et de restauration des riches patrimoniales sur le site du Mont Mahury",CTU Guyane, 195 591.00,17644642,DREAL
2104482196,MISE EN PLACE DE DEUX NOUVELLES ZONES DE PREEMPTION AU TITRE DES ESPACES NATURELS SENSIBLES,DEP RHONE, 66 850.00,16977471,DREAL
2104482414,Projet d'observatoire des lacs volcaniques en lien avec les changements globaux,SM PARC DES VOLCANS SMPV, 158 078.65,18213457,DREAL
2104483092,Réserve Naturelle Nationale de Moëze-Oléron : Etude de programmation des travaux pour la réhabilitation d’un bâtiment pour le gestionnaire de la RNN de Moëze-Oléron,LIGUE FRANCAISE PROTECTION OISEAUX, 25 000.00,19229334,DREAL
2104483100,Etude préalable pour le classement en réserve(s) naturelle(s) d’un réseau de grottes à chauves-souris en Drôme et en Ardèche,LPO AUVERGNE RHONE-ALPES, 71 561.00,16382308,DREAL
2104485757,Démarche de « Zone de Quiétude Volontaire en faveur de la Faune Sauvage » du massif forestier de Champfromier-Chalam : maîtrise de la fréquentation touristique en faveur du Grand Tétras,GROUPE TETRAS JURA, 140 360.00,18121341,DREAL
2104486900,Programme de suivi et de protection de la Barge à queue noire : campagne 2024,LIGUE POUR LA PROTECTION DES, 25 871.72,16841956,DREAL
2104489346,"Réserve foncière agricole, nécessaire à la relocalisation et au maintien d’agriculteurs aux abords du site de la tourbière.",DEP MANCHE, ##########,17414791,DREAL
2104490175,Fonctionnement et développement de l'élevage des outardes canepetières de Zoodyssée dans le cadre de PNA -2024-2025-,DEP DEUX-SEVRES, 119 900.00,19369751,DREAL
2104490769,Travaux complémentaires dans le cadre de la création d’un sentier d’interprétation sur la Réserve Naturelle Nationale des Pâtis d’Oger et du Mesnil-sur-Oger,CONSERVATOIRE D ESPACES NATURELS DE, 57 955.25,18114432,DREAL
2104493205,Restauration écologique au niveau de deux radiers sur la commune de Bras-Panon,BRAS-PANON, 24 640.00,19347159,DREAL
2104493351,Plan Opérationnel de Régulation des Cochons Ensauvagés (PORCE),FEDERATION DEPART CHASSEURS REUNION, 153 964.07,19034775,DREAL
2104494366,"Mise en œuvre de l'action 4.1 du PNA Hamster commun "" Élever des animaux pour les renforcements selon un cahier des charges standardisé""",ECOLE NATIONALE VETERINAIRE DE, 8 000.00,16496710,DREAL
2104494481,Mise en œuvre du plan de gestion 2022 - 2031 de la réserve naturelle du Girard,ASSOC DOLE ENVIRONNEMENT, 209 523.00,18364772,DREAL
2104494482,RNN Sabot de Frotey - gestion des milieux ouverts herbacés,LPO BOURGOGNE-FRANCHE-COMTE, 54 736.00,18219230,DREAL
2104495519,Etude et actions de conservation sur les Minioptères de la Siagne,ASSO GROUPE CHIROPTERE DE PROVENCE, 59 079.00,12274708,DREAL
2104496668,Acquisition d'une parcelle boisée sur la commune de Brassy,CONSERVAT. SITES NATURELS, 34 479.00,19389824,DREAL
2104496669,Acquisition de pelouses calcicoles et parcelles forestières - Département 89,CONSERVAT. SITES NATURELS, 22 839.00,19418588,DREAL
2104496670,Acquisition de parcelles en secteurs de pelouses calcicoles et combes boisées - Départements 89 et 21,CONSERVAT. SITES NATURELS, 12 301.00,19423078,DREAL
2104497043,Réalisation d'une banque de pieds mères et d'une banque culturale de Saxifrage oeil-de-bouc pour réintroduction et renforcement de population,UNIVERSITE DE BESANCON, 19 841.00,17740508,DREAL
2104497755,Act4Pap II - Programme d’actions en faveur du Papangue,STE ETUDES ORNITHOLOGIQUES REUNION, 247 739.44,18954394,DREAL
2104499010,Aménagement d'un espace favorable à la biodiversité comme support pédagogique reproductible,ASS AMIS DU SITE NATUREL LAC DE, 44 776.00,19058722,DREAL
2104499214,Mise en oeuvre de la stratégie nationale pour les aires protégées : plans de gestion en vue d'une labellisation en zone de protection forte,CONSERVATOIRE D ESPACES NATURELS DE, 79 952.00,19200204,DREAL
2104499393,"Déclinaison régionale du Plan National d'Actions (DRPNA) en faveur des Chiroptères sur le territoire lorrain : actions 4.1, 4.3, 5.5 et 10.2",COM PERM ETUD PROTEC EAUX S SOL, 16 045.00,17253444,DREAL
2104501303,Prise en compte des chiroptères dans l'aménagement du territoire du nord de la Seine-et-Marne,ASS VALORISATION ESPACE NATUREGD, 157 543.00,17670180,DREAL
2104501304,Accompagnement à la mise en oeuvre de la Stratégie des Aires Protégées sur le tiers nord de la Seine-et-Marne,ASS VALORISATION ESPACE NATUREGD, 83 426.00,17674946,DREAL
2104502740,PROJET DE RESTAURATION ET DE VALORISATION DU PATRIMOINE NATUREL DE LA RESERVE NATURELLE NATIONALE DE LA COMBE LAVAUX - JEAN ROLAND,CC GEVREY CHAMBERTIN NUITS ST GEORG, 14 590.56,16990562,DREAL
2104502741,Rédaction de documents de gestion sur les sites protégés et gérés par le CEN Bourgogne,CONSERVAT. SITES NATURELS, 229 787.53,19193950,DREAL
2104506082,MISE EN ŒUVRE D’UNE STRATEGIE TERRITORIALE DE PROTECTION INTEGREE DES TROUPEAUX DANS LE LUBERON ORIENTAL,ASYMIX PARC NATUREL REGION DU LUBER, 71 680.00,12748512,DREAL
2104508322,Structuration de filières agricoles favorables au Grand Hamster d'Alsace et la biodiversité de la plaine,BIO EN GRAND EST, 40 200.00,15473188,DREAL
2104508633,Balisage des îlots en APPBm de la réserve Ornithologique de la Baie de Morlaix_ZPS baie de Morlaix FR 5310073,BRETAGNE VIVANTE SEPNB, 48 251.26,17699194,DREAL
2104508952,"Eradication du rat noir Rattus rattus, monitoring des impacts sur l’avifaune et identification des pestes végétales des Ilots Hajangoua","LES NATURALISTES, ENVIRONNEMENT ET", 107 302.00,12044465,DREAL
2104508953,"Lutte contre le Rat noir, Rattus rattus, sur 3 sites de reproduction du Crabier blanc, Ardeola idae",GROUPE D'ETU, 72 997.60,12276776,DREAL
2104508954,"Kaz'a Nyamba : projet ""scénographie"" et projet ""maitrise d'oeuvre""",OULANGA NA NYAMBA, 38 345.81,11682803,DREAL
2104510011,Pacte de sauvegarde des tortues marines,"LES NATURALISTES, ENVIRONNEMENT ET", 270 000.00,18510373,DREAL
2104510012,Pacte de sauvegarde des tortues marines,ASSOCIATION LE REGARD DU COEUR, 150 000.00,19512062,DREAL
2104511285,Pacte de sauvegarde des tortues marines,OULANGA NA NYAMBA, 270 000.00,19022613,DREAL
2104514638,Acquisitions Ivry la Bataille,CONSERVATOIRE D ESPACES NATURELS DE, 9 930.00,19026456,DREAL
2104516814,Programme d’animation foncière préalable à la création de nouvelles aires protégées et à la reconnaissance de zones de protection forte pour l’ex Champagne-Ardenne (2024-2025),CONSERVATOIRE D ESPACES NATURELS DE, 91 569.31,14680277,DREAL
2104516869,Etude du Marais de Germont-Buzancy,UNIVERSITE DE REIMS CHAMPAGNE-ARDEN, 47 000.00,17703793,DREAL
2104517309,#N/A,ASYMIX EPAGE HAUT DOUBS HAUTE LOUE, 28 400.00,16718191,DREAL
2104520295,Plan d’action pour une adaptation du projet de Réserve naturelle régionale de Guissény au changement climatique - Projet «&nbsp;Réserves naturelles et changement climatique en Bretagne&nbsp;»,GUISSENY, 5 072.00,18825321,DREAL
2104521049,Restauration Ecologique des Milieux Naturels (REMINAT) Phase 2,CTRE COOP INTERNAT RECHERCHE AGRO, 795 727.80,17458724,DREAL
2104521052,IDENTIFICATION ET CARACTERISATION DES PEUPLEMENTS FORESTIERS MATURES DANS LES GORGES DE LA RHUE ; SYNTHESE DES CONNAISSANCES NATURALISTES RELATIVES A LA BIODIVESRITE FORESTIERE DES TOURBIERES,CONSERVATOIRE BOTANIQUE ASYMIX, 42 741.81,13560899,DREAL
2104521290,Acquisition d'une parcelle sur la commune de Guillerval (91),CONSERVATOIRE, 8 384.50,19205700,DREAL
2104523828,SOS chauves-souris et protection des sites,LIGUE POUR LA PROTECTION DES, 2 737.00,16898612,DREAL
2104526928,Projet de classement en réserve naturelle régionale du site des landes de la Poterie (22),VIVARMOR NATURE, 8 565.00,18307915,DREAL
2104527036,"Plan d'action pour une adaptation de la Réserve Naturelle Nationale François Le Bail au changement climatique - Projet ""Réserves Naturelles et changement climatique en Bretagne""",BRETAGNE VIVANTE SEPNB, 7 204.00,18972821,DREAL
2104527645,Suivi VisUel de différents Ecosystèmes de la Réserve Nationale Marine de la Réunion (VUE),GIP RESERVE NATIONALE, 147 183.90,12887847,DREAL
2104529191,Plan d’action pour une adaptation du site des dunes et paluds bigoudènes au changement climatique dans le cadre de son classement en RNR et de l’élaboration de son plan de gestion - Projet « Réserves naturelles et changement climatique en Bretagne »,CC DU PAYS BIGOUDEN SUD, 4 933.70,18603541,DREAL
2104529990,Animation de la stratégie de création de sites naturels de protection forte sur le territoire du Parc naturel régional du Gâtinais français. Déclinaison de la SNAP 2030.,ASYMIX AMEN-GESTION PARC REGIONAL G, 124 800.00,18897145,DREAL
2104529991,Accompagnement à la mise en œuvre de la Stratégie Nationale Aires Protégées (SNAP) sur le territoire du Parc naturel régional du Vexin français,SYNDM AMENAGT GEST PARC NAT REG VE, 144 000.00,18547749,DREAL
2104529992,"Animation, concertation et ingénierie pour la mise en oeuvre du Plan d'actions pour les aires protégées d'Île-de-France sur le territoire du PNR de la Haute Vallée de Chevreuse",SM REAL GEST PARC CHEVREUSE, 156 000.00,18961778,DREAL
2104530519,Protéger la plaine des Hurtières,CONSERVATOIRE D'ESPACES NATURELS DE, 221 750.00,17493290,DREAL
2104530957,Préservation et renforcements des populations de plantes messicoles en Auvergne-Rhône-Alpes,CONS BOT ALPIN GAP CHARANCE, 56 196.00,18046927,DREAL
2104530958,"Mise en oeuvre du plan de gestion des RNR ""Grotte des Sadoux"" &amp; ""Réseau de grottes à chauves-souris en Drôme et en Ardèche""",LPO AUVERGNE RHONE-ALPES, 20 710.20,16773176,DREAL
2104534611,Extension de la réserve Naturelle Nationale de Saint Nicolas des Glenan - partie terrestre,BRETAGNE VIVANTE SEPNB, 47 442.00,17931223,DREAL
2104539218,Plan National d’Action en faveur du Râle des genêts 2025-2026,LIGUE PROTECTION OISEAUX ILLE, 77 900.00,18057704,DREAL
2104539249,"Plan d'action pour une adaptation de la RNN de la baie de Saint-Brieuc au changement climatique - projet ""réserves naturelles et changement climatique en Bretagne""",VIVARMOR NATURE, 26 597.00,18544142,DREAL
2104539814,Chemin des Quartzites à Sierck-les-Bains (57),CONSERVATOIRE D ESPACES NATURELS, 115 755.52,14992821,DREAL
2104539829,Ingénierie nécessaire préalable à la protection d'espaces naturels et à la lutte contre les espèces exotiques envahissantes dans le cadre du projet Grands Lacs,CONSERVATOIRE D ESPACES NATURELS, 13 476.00,17823657,DREAL
2104539829,Ingénierie nécessaire préalable à la protection d'espaces naturels et à la lutte contre les espèces exotiques envahissantes dans le cadre du projet Grands Lacs,CONSERVATOIRE D ESPACES NATURELS, 116 501.44,17823657,DREAL
2104539924,"Actions concrètes menées dans le cadre du PRA messicoles département 54 : Expérimentation parcelles conservatoires, sensibilisation, animation, coordination, formation",CHAMBRE AGRICULTURE MEURTHE ET, 14 851.00,18630724,DREAL
2104540608,Elévage de hamsters communs (cricetus cricetus) pour le renforcement des populations sauvages,CENTRE NATIONAL DE LA RECHERCHE, 47 044.00,16442453,DREAL
2104541728,Plan de Conservation et d’Action pour l’amélioration des fonctionnalités écologiques des cours d’eau à Mulette perlière du bassin de la Vologne (Vosges) : Action A.1.4 Expérimenter l’implantation de Mulettes perlières issues d’élevage sur les sites favorables (rivière Barba),SOC HISTOIRE NATUREL ETHNOGRAPHIE, 91 700.00,19373063,DREAL
2104541843,Acquisition d'un véhicule pour la surveillance des Réserves Naturelles Régionales,CONSERVATOIRE DES SITES ALSACIENS, 35 000.00,15461679,DREAL
2104541958,AVIS DE RECHERCHE – ATRINA FRAGILIS (Nacre atlantique),BRETAGNE VIVANTE SEPNB, 216 615.08,14949330,DREAL
2104544039,"Renouvellement de classement, du plan de gestion et plan d’action pour une adaptation de la RNR Landes et marais de Glomel au changement climatique - Projet «&nbsp;Réserves naturelles et changement climatique en Bretagne&nbsp;»",ASSOCIATION DE MISE EN VALEUR DES, 46 871.68,18768319,DREAL
2104545945,Suivre les effets des programmes de restauration du Rhône sur les forêts (PNA Forêts alluviales du Rhône et Epipactis du Castor),CONSERVATOIRE BOTANIQUE ASYMIX, 95 160.00,11829262,DREAL
2104545979,Améliorer les connaissances sur les chauves-souris sur le site Natura 2000 et ENS,SYNDMC GESTION DES GORGES DE L'ARDE, 1 447.00,18135590,DREAL
2104546724,Déploiement d'opérations 2025 inscrites dans les plans de gestion des Réserves naturelles gérées par le CEN Bourgogne,CONSERVAT. SITES NATURELS, 97 916.57,19353236,DREAL
2104546724,Déploiement d'opérations 2025 inscrites dans les plans de gestion des Réserves naturelles gérées par le CEN Bourgogne,CONSERVAT. SITES NATURELS, 89 500.22,19353236,DREAL
2104547472,"Préservation de la ""Trame vieux bois"" par la maîtrise foncière",CONSERVATOIRE D'ESPACES NATURELS DE, 162 036.00,17350708,DREAL
2104548376,#N/A,LPO BOURGOGNE-FRANCHE-COMTE, 190 505.00,19404528,DREAL
2104549695,Préservation des forêts anciennes à forte valeur écologique de la Montagne d’Ardèche : Acquisition de parcelles,CONSERVATOIRE RH ALP ESPACES, 110 000.00,19709800,DREAL
2104551028,Préfiguration d'une Réserve Naturelle Nationale pour la préservation des tourbières de Mées (2025),CONSERVATOIRE D'ESPACES NATURELS DE, 55 554.63,19725666,DREAL
2104551829,"Mise en oeuvre de la stratégie nationale pour les aires protégées : RNN, RNR et APPB",CONSERVATOIRE D ESPACES NATURELS DE, 133 345.00,19209190,DREAL
2104551842,Création d'outils pédagogiques dans le cadre du PNA mouflon de Corse,PARC NATUREL REGIONAL CORSE, 72 013.03,18655555,DREAL
2104551847,Montage d'un projet LIFE en faveur du Minioptère de Schreibers,SOC FRANC ETUDE PROTECTION, 62 000.00,19171786,DREAL
2104552481,"Acquisition de dispositifs automatisés de recueil de données physico-chimiques et météorologiques sur les réserves naturelles nationales d’Arjuzanx, de l’Etang noir et du Marais d’Orx",SM GESTION MILIEUX NATURELS, 70 800.00,19249826,DREAL
2104552677,Agir pour la préservation et la valorisation des papillons de jour et des zygènes du Var,LIGUE PROTECTION DES OISEAUX PACA, 65 622.00,18090059,DREAL
2104555657,Etude des connectivités hydrauliques des pistes forestières,OFFICE NATIONAL DES FORETS, 25 000.00,18168438,DREAL
2104557402,Amélioration du réseau des aires de protection forte en Bretagne - Déploiement de Diagnostics d'Ancrage Territorial dans les Réserves Naturelles de Betagne,RESERVES NATURELLES DE FRANCE, 80 720.00,18252669,DREAL
2104560809,Acquisition d'un réservoir de biodiversité boisé d'intérêt communautaire.,CU LE HAVRE SEINE METROPOLE, 527 000.00,14940475,DREAL
2104563929,Acquisition de la forêt de Tardonne (Cher),CONSERVATOIRE D ESPA, ##########,20401017,DREAL
2104563954,Renforcement de la protection et de la gestion des sites gérés par Conservatoire d’espaces naturels des Pays de la Loire en vue de solliciter la reconnaissance en zones de protection forte,CONSERVATOIRE D'ESPACES NATURELS, 329 262.50,18602091,DREAL
2104564727,Projet d'agroforesterie régénérative dans la forêt pédagogique de la vallée de Mo'aroa (PAR),SAS AOA, 552 555.80,17184941,DREAL
2104565321,"Amélioration des habitats du Grand Tétras, réduction de la mortalité et mise en place d'un suivi génétique sur le massif du Madres",FEDERATION DEPARTEMENTAL CHASSEURS, 130 021.20,19097726,DREAL
2104566932,"Acquisition de la ferme de Virac (Tarn), 18 hectares",FONDA NAT PROTEC HABITAT FR FAUNE, 102 912.00,19183796,DREAL
2104571599,Acquisition de deux parcelles sur la commune de Follainville-Dennemont en vue de préserver la cavité souterraine sous jacente,CONSERVATOIRE D'ESPACES NATURELS, 32 328.00,20606868,DREAL
2104571692,"Projet d’acquisition de 10,65ha de coteaux et monts sur la commune de la Grande Paroisse",CONSERVATOIRE D'ESPACES NATURELS, 55 402.00,20607230,DREAL
2104572737,Hiérarchisation des enjeux bryologiques et lichénologiques au sein de la stratégie des aires protégées en Île-de-France,MUSEUM NATIONAL D HISTOIRE, 248 211.00,19297951,DREAL
2104572876,Acquisition de l'île Bruneau - Vallée de la Loire,CONSERVATOIRE D'ESPACES NATURELS, 380 000.00,21022561,DREAL
2104572928,"Etude Hydrau-environnementale préfiguratrice à la renaturation du Ruisseau de Camiers en Réserve naturelle nationale de la Baie de Canche (Etaples, Camiers)",SYNDICAT MIXTE ESPACES, 19 960.00,16966952,DREAL
2104575199,Contribution à la déclinaison du Plan National en faveur des insectes pollinisateurs en Hauts de France,CHAMBRE D'AGRICULTURE DU NORD PAS D, 5 496.00,18957689,DREAL
2104575210,"Programme de maintien, développement et valorisation des prairies pour l’année 2025",CENTRE REGIONAL DE PHYTOSOCIOLOGIE, 19 615.00,20108542,DREAL
2104575220,Ccontribution de la Surveillance des habitats dunaires littoraux et continentaux au réseau d'aires protégées dans les Hauts-de-France.,CENTRE REGIONAL DE PHYTOSOCIOLOGIE, 75 000.00,20231207,DREAL
2104575403,Evaluer l'effet des mésures agro-environnementales et climatiques sur la biodiversité,FEDERATION DES RESERVES NATURELLES, 75 924.04,19402423,DREAL
2104577032,Suivi naturaliste des odonates sur le territoire d'actions,CENTRE INITIATION ENVIRONNEMENT URB, 48 750.00,17416147,DREAL
2104578236,Réduire les pressions sur la biodiversité du territoire 2025 &amp; 2026 Prac 2.0,PICARDIE NATURE, 350 000.00,18585453,DREAL
2104578372,"DEPLOIEMENT DES PNA, LUTTE CONTRE LES EEE ET PRAIRIES TOURBEUSES DU ZUIDBROUCK",ASYMIX PARC NATUREL REGIONAL, 5 450.00,20039344,DREAL
2104578372,"DEPLOIEMENT DES PNA, LUTTE CONTRE LES EEE ET PRAIRIES TOURBEUSES DU ZUIDBROUCK",ASYMIX PARC NATUREL REGIONAL, 277 600.00,20039344,DREAL
2104578372,"DEPLOIEMENT DES PNA, LUTTE CONTRE LES EEE ET PRAIRIES TOURBEUSES DU ZUIDBROUCK",ASYMIX PARC NATUREL REGIONAL, 31 750.00,20039344,DREAL
2104578372,"DEPLOIEMENT DES PNA, LUTTE CONTRE LES EEE ET PRAIRIES TOURBEUSES DU ZUIDBROUCK",ASYMIX PARC NATUREL REGIONAL, 35 200.00,20039344,DREAL
2104582239,Aménagement concerté des forêts du Nord,DEP MAYOTTE, 49 324.00,17295199,DREAL
2104582834,Extension de l'APPB du plateau des Vaugondières et du Puy d'Anzelle (Inventaires complémentaires),COURNON D AUVERGNE, 11 908.00,16759298,DREAL
2104583458,Programme francilien en faveur des insectes pollinisateurs sauvages 2025-2026 : accompagnement des acteurs pour une meilleure prise en compte,OFFICE POUR LES INSECTES ET LEUR, 200 130.00,19257052,DREAL
2104584386,RATEX,STE ETUDES ORNITHOLOGIQUES REUNION, 160 521.00,12600135,DREAL
2104584825,Améliorer l'état des populations d'espèces végétales et des habitats de pelouses sableuses,CONS BOT ALPIN GAP CHARANCE, 136 092.00,17603871,DREAL
2104585660,Renforcement et préservation de populations de sonneurs à ventre jaune en Isère : 2024-2027,LPO AUVERGNE RHONE-ALPES, 192 307.00,17054947,DREAL
2104586073,"PROGRAMME D’ACTIONS EN FAVEUR DE L’AMÉLIORATION D’HABITATS DU GRAND-TETRAS EN HAUTE-GARONNE, ARIÈGE ET HAUTES-PYRÉNÉES",NATURE MIDI PYRENEES, 25 559.11,18455180,DREAL
2104586176,Acquisition et aménagement de 2 parcelles pour la création d'une aire de stationnement,ASYMIX PARC NATUREL REGIONAL DES MA, 30 000.00,20657207,DREAL
2104586316,Aménagements pour l'accueil et les soins des espèces menacées,LA BELETTE, 6 500.00,15480798,DREAL
2104586389,Préservation et gestion d’un ensemble de cavités sensibles de la vallée de l'Argent-Double,COMITE DEPARTEMENTAL DE, 61 340.00,17872568,DREAL
2104587336,« Cherchez les yeux dans la nuit » - Escape Game,UNION REGIONALE DES CENTRES, 47 633.28,21038641,DREAL
2104587693,"Consolider la maîtrise foncière des milieux prioritaires de Haute-Savoie et garantir leur bon état écologique, pour contribuer aux 10% de Zones de Protection Forte visés par la SNAP 2030.",ASTERS CONSERVATOIRE D'ESPACES, 175 809.00,17409933,DREAL
2104587713,Suivi hydrologique du Grand Bagnas dans le cadre de la mise en œuvre d’un nouveau scénario de gestion hydraulique,ASS DEFENSE ENVIRONN NATURE PAYS, 29 000.00,19297639,DREAL
2104587969,Travaux de mise en défens de la Hêtraie de la forêt de la Massane,FEDERATION DES RESERVES NATURELLES, 126 384.00,19150090,DREAL
2104587979,Création d'une scénographie et muséographie pour la salle d'exposition de la RNN Nohèdes,FEDERATION DES RESERVES NATURELLES, 110 000.00,19955815,DREAL
2104587982,Appui aux actions concrètes du PNA Râle des genêts,LIGUE PROTECTION DES OISEAUX PACA, 128 341.00,18255889,DREAL
2104587983,Accueil &amp; sensibilisation du public dans de la réserve naturelle nationale de Py.,FEDERATION DES RESERVES NATURELLES, 79 046.60,19149815,DREAL
2104588001,Gestion de la diversité génétique des populations sauvages et captives d'Outarde canepetière (GenOut),SYND SELECTION AVICOLES AQUACOL, 125 700.82,16808644,DREAL
2104590901,Développement des sites d'accueil et des missions de sensibilisation de la SNPN Réserve naturelle nationale de Camargue,SOC NATIONALE PROTECTION DE LA, 630 139.00,17974877,DREAL
2104590903,Amélioration de la connaissance en vue de la mise en protection de gîtes à chiroptères - Montagne des Ubacs,CONSERVATOIRE D ESPACES NATURELS, 71 240.00,13516217,DREAL
2104593676,Accompagner la prise en compte de la faune du bâti dans les projets de rénovation écologique des bâtiments du territoire,POUR LE DEVELOPPEMENT ET LA PROMOTI, 58 208.72,21079339,DREAL
2104594172,Acquisition de site à Saint-Ouen-de-Mimbré et lancement d’une démarche en vue de préserver la biodiversité remarquable,DEP SARTHE, 304 000.00,13631361,DREAL
2104595082,Projet Natur'Adapt sur la RNN de l'île du Grand-Connétable,GROUPE ETUDE PROTECTION OISEAUX, 16 115.00,18230398,DREAL
2104598244,Mise en œuvre du Plan national d’action en faveur du Panicaut vivipare (Eryngium viviparum) : Réalisation d’un inventaire et d’une cartographie des zones humides oligotrophes et consolidation du réseau de sites refuge préalable à la création d’une réserve naturelle,ASYMIX CONSERVATOIRE BOTANIQUE, 90 000.00,21374641,DREAL
2104598712,Préfiguration d'un plan de conservation de l'oedicnème criard dans l'Ain,LPO AUVERGNE RHONE-ALPES, 11 700.99,18137690,DREAL
2104599296,"Biodiversité et Agriculture : Le Choucas des tours, trouver des solutions pérennes",CHAMBRE D'AGRICULTURE DE REGION BRE, 35 511.00,21325711,DREAL
2104599298,Biodiversité et Agriculture : Trouver des solutions pour limiter les dégâts occasionnés par le Choucas des tours,UNIVERSITE DE RENNES, 120 458.47,19981181,DREAL
2104599538,Travaux de déséquipement de 23 voies d’escalade dans le vallon de Rimouren pour la mise en quiétude d'un site en faveur de l'Aigle de Bonelli,SYNDMC GESTION DES GORGES DE L'ARDE, 10 000.00,19131382,DREAL
2104599800,Etude préalable à la création de nouvelles aires protégées en Corse – Bilan et perspectives,OFFICE DE L'ENVIRONNEMENT DE CORSE, 30 000.00,21290619,DREAL
2104599847,"Acquisition et études écologiques, topographiques, pédo agronomiques et paysagères préalables à l’aménagement de l’espace régional de la boucle des mammouths",EPA AEV ILE DE FRANCE NATURE, 250 000.00,18346133,DREAL
2104599911,"« Biodiversité et agriculture : Le Choucas des Tours, trouver des solutions pérennes en Bretagne»",LIGUE PROTECTION OISEAUX ILLE, 229 600.00,14851722,DREAL
2104600616,Mise en oeuvre des actions de conservation du PNA en faveur du Gypaète barbu en Auvergne Rhône-Alpes,ASTERS CONSERVATOIRE D'ESPACES, 15 146.00,17488605,DREAL
2104601171,Appui aux acteurs régionaux : « Connaitre et prendre en compte les chauves-souris »,ASSO GROUPE CHIROPTERE DE PROVENCE, 120 443.00,13808312,DREAL
2104540432,Le rôle du CSFL dans les Plans Nationaux d’Actions,CTRE SAUVEGARDE FAUNE EN LORRAINE, 30 000.00,17165912,DREAL
2104453763,CORACINES la suite,OFFICE NATIONAL DES FORETS, 181 650.00,12090828,DREAL
2104585472,RATEX,UNIVERSITE DE LA REUNION, 170 560.00,12600135,DREAL
2104585473,RATEX,INST ENS SUP RECHERCHE ALIM, 130 837.00,12600135,DREAL
2104474948,Mise en œuvre de la SAP pour la PROTECTION DES GEOTOPES PRIORITAIRES DE L’ALLIER,CONSERVATOIRE D ESPACES NATURELS DE, 23 044.50,18319240,DREAL
2104474922,OPERATION DE LUTTE CONTRE LA POPULATION D’ECREVISSES EXOTIQUES ET DE PROTECTION DE LA POPULATION D’ECREVISSE AUTOCHTONE PRESENTES SUR LE RUISSEAU DU VAREILLE A FERRIERES-SUR-SICHON,FEDER ALLIER PECHE PROTECTION, 2 560.00,17477718,DREAL
2104393925,Acquisition de 18 ha 39 a 15 ca de forêts alluviales sur la commune du Veurdre (03).,CONSERVATOIRE D ESPACES NATURELS DE, 10 730.00,16691064,DREAL
2104393887,"APPB ""oiseaux nichant au sol"" - Moulins (03) _ suivi des colonies et actions de préservation des habitats",LPO AUVERGNE RHONE-ALPES, 7 956.70,14830578,DREAL
2104367632,Etude préalable à la création d'un arrêté de protection de biotope sur le Saint-Pancrace et les falaises du Savel,SM-PNR-VERCORS, 7 000.00,16341916,DREAL
2104429049,Etude d’opportunité pour la réintroduction de la Cistude d’Europe en Drôme-Ardèche,LPO AUVERGNE RHONE-ALPES, 5 550.00,17290773,DREAL
2104447906,Restauration de l’étang du Petit Coquet – joyau du patrimoine naturel de la région AuRA : 2024-2026,LPO AUVERGNE RHONE-ALPES, 89 818.00,17449001,DREAL
2104448416,Rénovation d’un pilier de barrière à l’entrée de l’APPB de la Dent de Rez dans le secteur du col de l’Eyrole,SYNDMC GESTION DES GORGES DE L'ARDE, 1 008.00,18016949,DREAL
2104481228,Projets de réintroduction du Fadet des laîches et du Damier de la Succise en Savoie,CONSERVATOIRE D'ESPACES NATURELS DE, 61 634.00,17348419,DREAL
2104448398,Conception de panneaux d’informations pour la grotte du Dérocs et la grotte du Louoï,SYNDMC GESTION DES GORGES DE L'ARDE, 4 270.36,18134128,DREAL
2104482433,Chauves-souris : conserver les populations et améliorer les connaissances en incluant et en accompagnant les citoyens,CHAUVE SOURIS AUVERGNE, 17 584.00,17455462,DREAL
2104599536,"Achat d'un véhicule équipé pour l'équarrissage ""Vautours"" dans les Baronnies",ASS VAUTOURS EN BARONNIES, 56 124.00,18196638,DREAL
2104318523,Elever des hamsters communs pour les renforcements des populations sauvages,SAUVEGARDE DE LA FAUNE SAUVAGE, 150 858.00,11456437,DREAL
1512731500,Restauration d'écosystèmes dans la RNN du Banc d'Arguin,MONSIEUR MIGUEL GUIMBERTEAU, 9 240.00,19594450,DREAL
2104453217,Mise en œuvre de la Stratégie des Aires Protégées dans le département de la Loire,FRANCE NATURE ENVIRONNEMENT LOIRE, 8 505.00,17963243,DREAL
2104454581,Mise en œuvre de la Stratégie des Aires Protégées dans le département de la Loire,FRANCE NATURE ENVIRONNEMENT LOIRE, 18 270.00,17963243,DREAL
2104455034,Mise en œuvre de la Stratégie des Aires Protégées dans le département de la Loire,ASYMIX PARC REGIONAL DU PILAT, 12 259.20,17963243,DREAL
2104455038,Mise en œuvre de la Stratégie des Aires Protégées dans le département de la Loire,SYNDICAT MIXTE DES MONTS DE LA MADE, 63 180.00,17963243,DREAL
2104510010,"Kaz'a Nyamba : projet ""scénographie"" et projet ""maitrise d'oeuvre""",OULANGA NA NYAMBA, 178 560.05,11682803,DREAL
2104477055,Sensibilisation et protection des populations de Lézard ocellé présent dans les domaines viticoles de Drôme-Ardèche,LPO AUVERGNE RHONE-ALPES, 7 200.00,17223550,DREAL
2104478828,Révision du plan de gestion de l'ENS de la vallée en Barret,CC VALLEE DU GARON - CCVG, 36 630.00,16549712,DREAL
2104477057,Action Azuré de la sanguisorbe en Drôme-Ardèche,LPO AUVERGNE RHONE-ALPES, 15 000.00,17300044,DREAL
2104481458,Des Pies-grièches dans nos campagnes 2024,LPO AUVERGNE RHONE-ALPES, 20 000.00,17435443,DREAL
2104479457,Contribution à la préservation d’une trame de vieux bois l’acquisition de parcelles boisées,CONSERVATOIRE D ESPACES NATURELS D, 80 108.00,18121056,DREAL
2104479456,Vers la protection du foncier et de la biodiversité agricole grâce aux Obligations Réelles Environnementales,CONSERVATOIRE D ESPACES NATURELS D, 72 000.00,17962039,DREAL
2104482425,Identification et expertise des ouvrages artificiels faisant obstacle aux déplacements de la Loutre d’Europe en Auvergne-Rhône-Alpes 2024-2026,LPO AUVERGNE RHONE-ALPES, 75 502.00,18196602,DREAL
2104477063,"Dotation 2024 DDT01 - Partie ""Radio-tracking Rhinolophe Euryale Grotte de Courtouphle - 2024""",LPO AUVERGNE RHONE-ALPES, 3 000.00,18296298,DREAL
2104278370,Élaboration du guide de gestion des espèces du PNA Papillons de jour &amp; du fascicule de l’état de leur population,OFFICE POUR LES INSECTES ET LEUR, 53 184.00,11433951,DREAL
2104483103,Réalisation de cartes régionales de sensibilité de la Cistude d'Europe (Emys orbicularis),SOCIETE HERPETOLOGIQUE FRANCE, 58 512.00,17284307,DREAL
,Préservation du récif d'Hermelles de Sainte-Anne en Baie du Mont-Saint-Michel,,46340,17467750,DREAL
2104601125,Rôle de la Réserve naturelle nationale des marais de Séné dans le fonctionnement du Golfe du Morbihan pour l’avifaune migratrice et hivernante,BRETAGNE VIVANTE SEPNB,84751,19209062,DREAL
2104377741,Acquisition de matériel pour la gestion de la réserve naturelle du Monte Ritondu,OFFICE DE L'ENVIRONNEMENT DE CORSE,70250,17973645,DREAL
2104424380,Rénovation et réhabilitation des sentiers littoraux et des aires de stationnement en espace naturel sensible – sites du lido de la Marana,COLLECTIVITE DE CORSE,18000,17489895,DREAL
2104424394,Caractérisation de la niche écologique de Centranthus trinervis,OFFICE DE L'ENVIRONNEMENT DE CORSE,11736.2,18780676,DREAL
,TRAVAUX DE RENATURATION DE L'ETANG DE LA MINE A BOURGENAY,,44415.78,18634100,Agence
,"Gestion de l’écureuil de Pallas, Callosciurus erythraeus, Introduit en France",,319314,14189271,Agence
,Aménager et gérer les espaces verts urbains pour les pollinisateurs sauvages et créer une dynamique locale en faveur de la gestion différenciée,,53213.07,16739286,Agence
,ENTRETIEN PAR ARRACHAGE DES REPOUSSES DE RENOUEE DU JAPON A LA CONFLUENCE DURANCE LUYE,,7500,13646994,Agence
,Sauvegarde de la sterne pierregarin sur le bassin versant de la Saône en Bourgogne-Franche-Comté (STERN'EAU),,280099,17588943,Agence
,Restauration écologique et mise en valeur du terrain fédéral de Caussanels bordant la rivière Agout (Tarn),,19304.7,14973931,Agence
,Restauration hydraulique et physique du marais des Planches,,1411517,19339218,Agence
,Expérimentation d'un pastoralisme gardienné sur la propriété de Monplaisir,,39524.06,16413247,Agence
,Opération de gestion de population d’espèces exotiques envahissantes sur le bassin versant du Loir en Eure et Loir,,12118.11,17042641,Agence
,Programme de restauration des mares sur le bassin du Sornin - partie Loire,,28000,18970206,Agence
,Travaux de restauration de zones humides sur le bassin du Lot médian 2024/2026 - département de l'Aveyron,,62259,17246787,Agence
,Eclairage Public et chiroptères,,8000,16780082,Agence
,DIAGNOSTIC ET ETUDE DE RETABLISSEMENT DE LA CONTINUITE ECOLOGIQUE SUR LA MASSE D’EAU DE PENALEN A FOUESNANT (29),,17925,18653947,Agence
,Lutte contre les frelons asiatiques (2024),,3000,15402706,Agence
,Étude de la fonctionnalité écologique sur le secteur Hytech Vallée,,96000,16756821,Agence
,Poursuite d'un chantier d'éradication de la Crassule de Helms sur le Marais Vernier,,89774,16994489,Agence
,Restauration d'une pelouse sèche et de terres agricoles en prairies naturelles à haut potentiel écologique,,57096,18156172,Agence
,Ingénierie territorial pour la programmation décennale des actions de restauration sur 2 aires protégées,,30446.99,18292758,Agence
,Réhabilitation des faïsses (terrasses) de Verrières - Restauration des continuités écologiques des milieux ouverts calcicoles,,66629,17915050,Agence
,Renaturation du ruisseau de Sant Jean,,40632,18632204,Agence
,Haie'risson,,95000,17218361,Agence
,Acquisition foncière de 9 hectares de zones humides à La Combe (commune de Châteauponsac),,8875.15,19605274,Agence
,Passe à poissons pour la barrage de Moricq,,1065463.35,18695853,Agence
,Projet de diversification écologique d'une parcelle en bord de Rhône,,42447,17972338,Agence
,DEPLOIEMENT D’UN PLAN DE LUTTE REGIONAL CONTRE LE FRELON ASIATIQUE A PATTES JAUNES EN REGION BFC,,112000,17212342,Agence
,Etude préalable à la renaturation de la zone humide de Ty Anquer,,57187.2,18643438,Agence
,Création d'un exclos de végétation,,13721.92,18042452,Agence
,GESTION DE POPULATIONS D’ESPECES EXOTIQUES ENVAHISSANTES DANS LES COURS D’EAU ET MILIEUX ASSOCIES DU BASSIN D’ARCACHON,,17644,17880211,Agence
,Lutte contre les espèces exotiques envahissantes,,49350,17019399,Agence
,Restauration et protection des pelouses des Grandes Plantes et de la Cochotte situées en Natura 2000,,6787.2,17348235,Agence
,"Préservation de vieilles forêts, d’une tourbière et d’un marais salé via l’acquisition foncière",,231023,16691609,Agence
,Mise en oeuvre du projet d'amélioration de la biodiversité sur 4 sites du service des eaux de la Communauté de Communes,,18938,13921645,Agence
,Arrachage de la jussie au sein des bassins hydrauliques de l'Ecopôle de Sénart,,19584,16559909,Agence
,Restauration de capacités d'accueil pour le Phragmite aquatique en halte migratoire,,87624,16967041,Agence
,Restauration de la continuité écologique d’un réseau de mares et de lavognes sur le Larzac aveyronnais,,169443,17055540,Agence
,Élaboration et mise en oeuvre de la stratégie foncière du Conservatoire d'espaces naturels de Normandie (CEN Normandie),,37837,18507735,Agence
,Mise en oeuvre du schéma départemental des Espaces Naturels Sensibles,,171000,12953511,Agence
,Régulation des populations de crabes bleus de l'étang de Berre,,33286,15231598,Agence
,Action de lutte contre un foyer de myriophylle du Brésil dans une annexe hydraulique du Lot,,19500,18582744,Agence
,Aménagement d'une zone humide et création d'un observatoire de la biodiversité au Bois Bonnin,,21670,18657361,Agence
,Restauration écologique de plans d'eau (exutoire Lac d'Arboréaz),,146493,17042663,Agence
,Favoriser les insectes pollinisateur de la zone d'activité de Bezons à Villemoustaussou,,9880,19788387,Agence
,Lido de l'Or et Etang de l’Or : travaux d'aménagement pour restaurer le milieu naturel par la mise en défens des sites sensibles,,157000,16562323,Agence
,Projet d’étude et de conservation du Cuivré de la Bistorte sur les Monts de Madeleine et l es Bois Noirs 2025-2027,,45487.75,19240636,Agence
,Plantons pour les pollinisateurs,,50490,18160008,Agence
,"Restauration d'une annexe hydraulique du Lot ""bras de l'Archipel"" sur la commune de Cahors (46 Lot).",,20096,17490578,Agence
,Bacs de Loire & formation - Habitats-Espèces-Dynamique fluviale,,245280.24,18854121,Agence
,ECO-FERME CONSERVATOIRE DES RACES ET PLANTS NORMANDS,,662815,13130150,Agence
,Projet d’étude et de conservation du DAMIER de la Succise sur le territoire des Monts de Madeleine et des Bois Noirs 2025-2027,,43618.87,19228322,Agence
,Restauration de la continuité écologique au niveau de l'ouvrage de Milin ar Stang sur les communes de Louannec et Saint Quay Perros,,36670,18504080,Agence
,Programme de restauration de la zone humide Marais poitevin – Grand site de France : périmètre du CTMA des marais mouillés de la Sèvre et du Mignon,,40000,19193828,Agence
,Programme de lutte contre les plantes envahissantes sur le réseau d’amenée d’eau de l’UNIMA - Année 2024,,17297,16558679,Agence
,"Restauration d'habitats de la zone humide de Courpain et ses alentours (prairie, zone de haut fond, roselière)",,37791,20654618,Agence
,Lutte coordonnée contre l'espèce exotique envahissante VESPA VELUTNIA NIGRITHORAX,,3019,16563133,Agence
,Conservation In situ des chauves souris : réduire les pressions sur les sites,,65192,17782866,Agence
,Etude de faisabilité pour l’élaboration d’un plan d’actions sur un marais rétro-littoral sur le territoire du SAGE Bas-Léon,,48617.6,18445280,Agence
,SAGE3 : Elaboration d’une stratégie départementale d’atténuation et de gestion des Espèces Exotiques Envahissantes sur les sites perturbés,,44766,20324266,Agence
,"Restauration et création d’habitats du Sonneur à ventre jaune (Bombina variegata) en lien avec les acteurs locaux, en Auvergne Rhône-Alpes",,8698.72,18196856,Agence
,Lutte contre le frelon asiatique,,21674,18857787,Agence
,Préserver et restaurer la biodiversité dans les Causses du Quercy,,299888,13109688,Agence
,ETUDE EVALUATION GLOBALE DU CONTRAT POUR LA LOIRE ET SES ANNEXES - Volet biotique - Année 2024,,33250,17612957,Agence
,Restauration de réseaux de mares à flores remarquables sur le plateau du Coiron,,18058,17367569,Agence
,"Pastoralisme gardienné sur des propriétés à enjeux, conventionnées avec Chérine, en Brenne",,42490.66,20357536,Agence
,Ne restez pas plantés là… Venez planter avec nous !,,7990,17568062,Agence
,Restauration de prairies humides méditerranéennes des marais de Port Saint Louis du Rhône,,18000,19417415,Agence
,Création d'un verger partagé communautaire sur la Zone de Bellevue à Châteaubernard,,39926,13234770,Agence
,Elaboration d'un projet de territoire pour l'avenir du polder de Lancieux,,56000,18279825,Agence
,"Mise en défens de la Grotte du Merlier pour la protection de Chiroptères sur la côte varoise (Ramatuelle, 83)",,11600,19070828,Agence
,Réhabilitation de mares pour favoriser l'accueil et la reconnexion des populations de Cistude d'Europe sur les secteurs à enjeux dans l'Allier,,99990,17379961,Agence
,"Contribution à la protection des habitats naturels tourbeux des marais de Raphèle (Arles), mise en œuvre d’actions de restauration et animation territoriale en lien avec la Stratégie Nationale pour les Aires Protégées (SNAP 2030)",,182697,19423846,Agence
,Expertise territoriale des continuités écologiques sur le département du Tarn-et-Garonne,,142276,13719178,Agence
,Lutte contre les espèces exotiques envahissantes,,30000,17887567,Agence
,Appui aux stratégies territoriales de préservation des zones humides dans les Hauts-de-France - Evaluation de l’altération des milieux humides probables,,66742,15413850,Agence
,Opérations contre Myriophyllum heterophyllum sur le territoire de la DT Nord Est - 2024,,327360,17804479,Agence
,Résilience des Milieux Ouverts Herbacés (MOH),,90386,13445913,Agence
,Restauration écologique et valorisation pédagogique d'un ancien bassin de lagunage,,33509,17963853,Agence
,"Suivi et évaluation d'indicateurs écologiques, modélisation de fonctionnalités écologiques",,25475.27,18512817,Agence
,Travaux de restauration de zones humides - CTMA Vienne Amont (2024),,56347.6,19606005,Agence
,Mise en place de clôture sur la propriété de Monplaisir,,15933.43,20458199,Agence
,Opération rade propre - enlèvement d'épaves et de débris et démantèlement d'une ferme aquacole,,386256,14493654,Agence
,Etude du déplacement du Hérisson d’Europe en ville,,47743,14581479,Agence
,Restauration du patrimoine naturel - Pierrepont,,10865,16553744,Agence
,"Restauration de la fonctionnalité écologique du ruisseau de la Poyat à ""Chez Noailly""",,37214,14127452,Agence
,Travaux de restauration d'habitats naturels en aires protégées,,370563.65,17222448,Agence
,Etudes préalables aux travaux de restauration écologique des Doulonnes forestières (39),,28065,18048464,Agence
,Travaux de Restauration de la Continuité Ecologique du ru de Berne au droit des ponceaux du Marais aux Anes à Vieux Moulin (60),,57324,19297373,Agence
,Contrat territorial Cher Montluçonnais,,8544.05,18361570,Agence
,AMENAGEMENT DE LA TERRASSE DU YUNNAN,,8016,18765609,Agence
,Plantation de haies sur le bassin de la Briance,,5475,14306808,Agence
,Transition des élevages herbagés de la montagne ardéchoise - TEHMA,,350000,18163382,Agence
,Restauration des blockhaus en faveur des chauves-souris,,151793,18461395,Agence
,"Acquisition des parcelles E 873 à 881 à Marchiennes, site départemental du Marais du Vivier - étang des Nonettes",,41118,19351996,Agence
,Remise en fond de vallée du cours d’eau de la Lande (dit des loges) - Commune de Neuvillette en Charnie,,26000,19203799,Agence
,Restauration de réseaux de mares bocagères,,70200,16649532,Agence
,Acquisition foncière de 36.64 hectares de zones humides et parcelles en tête de bassin versant en Creuse (2024),,40609.51,19606879,Agence
,Travaux de restauration de la dynamique fluviale de l'Allier et ingénierie préalable,,203552.12,18046624,Agence
,Semez des fleurs sauvages locales 2024-2025,,15172.92,17111407,Agence
,Esquisses et projet pour la restauration du ruisseau des buffomonts et l'effacement de deux plans d'eau (Baugé-en-Anjou),,10000,19336780,Agence
,Travaux de restauration paysagère avec opération de démolition sur le site Natura 2000 du Marais du Curnic à Guissény (Finistère),,76723.07,17851050,Agence
,"Restauration de la continuité écologique de l'Elorn à Kerigeant (La Roche-Maurice, Finistère)",,56000,18667744,Agence
,Restauration de l’étage supérieur de la ripisylve berge rive droite de la Brague – Commune d’Opio,,18000,19844765,Agence
,Restauration d'un réseau de mares sur les Mauges,,40200,17428380,Agence
,"Préservation, gestion et restauration de la Montagne de Chaubasse",,39658.5,16785271,Agence
,Renaturation de la Grotte Loubière en faveur des Chiroptères,,256000,17805712,Agence
,Cartographie des végétations de l'extension du site Natura 2000 « Site à chauve-souris Valençay-Lye » pour le montage de projets de restauration,,31000,14565027,Agence
,Gestion et éradication de l’écrevisse Faxonius Rusticus – 1er foyer du continent européen,,39000,16380775,Agence
,"REQUALIFICATION PAYSAGERE ET ENVIRONNEMENTALE DE LA PORTE DE SITE CLASSÉ D'ELS MASOS DE VALMANYA (GSF ""MASSIF DU CANIGÓ - VALMANYA - 66320)",,96021,15141380,Agence
,Travaux de restauration d'habitats naturels en aires protégées - Zone Seine-Normandie,,222264,17880114,Agence
,Aménagement du chemin des Lapins,,69993,19603997,Agence
,Plantation d'une haie à Lormais,,12960,14452006,Agence
,MISE EN DEFENSE DU SITE GOULET-LA MINE,,36963,19967852,Agence
,Aménagement hydraulique du casier du Grand Garçon en adaptation aux événements de submersion,,76660,19778522,Agence
,acquisition d'un matériel de lutte contre les espèces aquatiques envahissantes,,246904,16843528,Agence
,Action d’urgence : éradication et confinement du Xénope lisse sur Toulouse (31),,421364,20233303,Agence
,TRAVAUX DE RESTAURATION DES ECOSYSTEMES TERRESTRES ET INGENIERIE DE MISE EN OEUVRE,,86032.72,18738389,Agence
,Programme de lutte contre les espèces exotiques envahissantes dans les Réserves Naturelles Régionales,,40938,16756592,Agence
,"Action de lutte contre la Jussie, Ludwigia sp., dans la lagune du marais de Bernezac",,3118,18103309,Agence
,"Programme d’investissements en matériels de lutte collective contre les rongeurs aquatiques exotiques envahissants dans le département de la Manche (matériel d’équarrissage, matériel de capture, équipements de protection individuelle)",,47904,18357283,Agence
,"Acquisition des parcelles E748 et E758 à Marchiennes, site départemental du Marais du Vivier - étang des Nonettes",,61702,19338408,Agence
,Restauration d'un réseau de mares bocagères sur le territoire du Segréen,,17320,19106502,Agence
,Préservation et restauration de zones humides des anciens marais de Limagne sur le bassin versant Sioule-Andelot,,9992.89,18097915,Agence
,Opérations contre Myriophyllum heterophyllum sur le Canal de la Meuse pour bascule vers une gestion préventive - 2024,,66000,16405094,Agence
,Protégeons les espèces spécialistes des mares d’altitude : les cortèges de libellules et de plantes aquatiques comme étendards des communautés aquatiques. CIMaE (fin 2024-2028),,15000,17192043,Agence
,Restaurer les habitats humides du Damier de la Succise (Euphydryas aurinia) dans les têtes de bassin versant de l’Orne.,,63219,14506084,Agence
,Achat d'une tondeuse autoportée adaptée aux fauches tardives (gestion différenciée),,39900,16743054,Agence
,Faucardage du lagarosiphon au Lac de la Magdeleine de Gujan-Mestras.,,13264,13843417,Agence
,SAP-03 - De l'arbre à la bruyère : pour la restauration des bocages et des landes emblématiques de l'Allier,,20327.75,16955529,Agence
,Lutte contre une espèce d'écrevisse exotique envahissante sur la rivière Durzon,,10051,14088420,Agence
,Acquisition de zones humides sur la future RNN Seine Champenoise et mise en place d'une gestion conservatrice,,6357,17165349,Agence
,Création de 10 passages petites faunes semi-aquatiques dans les ouvrages d'art sur le réseau routier,,54552.26,17590187,Agence
,Restauration d’une parcelle de corridor de biodiversité dans le site El Comunal à Saint-Hippolyte (Pyrénées-Orientales) Site Natura 2000 Complexe lagunaire de Salses-Leucate,,20000,17629786,Agence
,TRAVAUX DE LUTTE CONTRE LA RENOUEE DU JAPON,,22000,13645379,Agence
,Rétablir les continuités écologiques et faire du plateau de Saclay un laboratoire de la transiton écologique,,669126,19847915,Agence
,LA SOBRIETE LUMINEUSE dans les corridors écologiques : quand les privés s'en mêlent,,52020,13447041,Agence
,Gestion et lutte de l'Espèces Exotique Envahissante Cortaderia,,22739,19852303,Agence
,Pratiques de gestion favorables aux pollinisateurs sauvages et à la biodiversité au sein des dépendances routières,,178842,17467385,Agence
,Haies'dons l'eau,,56508.46,13343455,Agence
,Ingénierie de maîtrise foncière dans le val d’Allier alluvial,,9675,16684523,Agence
,"Création d'un crapauduc à l'étang des Bruyères à Gambais (78), curage de l'étang et restauration d'une berge.",,240846,18985236,Agence
,"Créer, restaurer et préserver des coeurs de nature dans les Hauts de France",,179774,16640892,Agence
,Le Circuit des Tourbières - Propriétés départementales des Marais de Sacy,,190545,16986081,Agence
,Restauration de la trame verte du cours d'eau du Chaumard entre les communes de Rouillon et du Mans,,283072.82,16447900,Agence
,Travaux de réhabilitation du site des anciennes lagunes d'assainissement de PLEGUIEN Restauration des milieux aquatiques,,78518.79,18763243,Agence
,Travaux de restauration de 4 sites gérés par le CEN Nouvelle-Aquitaine (2025),,87215.29,19741150,Agence
,Amélioration de l'accueil des pollinisateurs en Pays Beaume Drobie,,17000,16383095,Agence
,Protection du Marais de la Vergne et aménagement de l'ouvrage hydraulique du Passage,,172688,11529080,Agence
,A la découverte de la biodiversité,,16964.68,16351523,Agence
,Définition et réalisation de la zone d'accueil cardinale Sud Agay/Gratadis/Belle Barbe/Anthéor et du pôle multimodale,,402900,17050295,Agence
,Organisation et déploiement du plan de lutte contre le frelon à pattes jaunes (asiatique) en Bretagne - Projet SAFRAN,,229280,20471193,Agence
,Lutte contre la gymnocoronis - campagne 2024,,20160,17306694,Agence
,Lutte contre les espèces exotiques envahissantes en Dombes,,58065,18194695,Agence
,Restauration de la Devèze du Puech de l’Oule,,74904,16341587,Agence
,Programme de restauration des arbres têtards et plan d'actions post-ABC,,78378,14285168,Agence
,Acquisitions d'espaces naturels en région Hauts-de-France,,257499,17190833,Agence
,Restauration des prairies tourbeuses du Pays de Bray,,58931,17909730,Agence
,Opération d'enlèvement de la barge Portree,,307000,14531010,Agence
,"Action ""coup de poing EVEE"" - Cap Taillat - Ramatuelle (83)",,220000,19811547,Agence
,Rétablissement de la continuité écologique sur stations hydrométriques,,44640,18626739,Agence
,Caractérisation et restauration de la trame noire régionale,,80000,18958599,Agence
,Restauration de la passerelle de transhumance du troupeau du Grand Marais,,26583,16827129,Agence
,Renaturation de ruisseaux à Ecrevisse à pattes blanches (Austropotamobius pallipes) et d’un réseau de zones humides associées sur le bassin versant Justale/Rieumajou (31),,127725,12180636,Agence
,Travaux restauration du fonctionnement hydraulique étang de Vendres et renaturation ancien Auto cross,,24159,17320467,Agence
,Restauration de la continuité piscicole et sédimentaire-Ruisseau de Locquirec: Ouvrages 2024 et Travaux préparatoires_Ouvrage_D64,,12223.08,18692132,Agence
,Restauration des zones humides rétro - littorales de l'Horn Aval,,9753.6,18847704,Agence
,Expérimentation de la lutte contre deux Espèces exotiques envahissantes sur le territoire du Doubs Horloger,,11837,15315130,Agence
,Inventaires écologiques des espaces incendiés de Gironde,,606516,13758054,Agence
,CART'OC : Accompagner des territoires autour des enjeux biodiversité et érosion avec un outil cartographique opérationnel,,156755,14325893,Agence
,Réhabilitation du site des anciennes lagunes d’assainissement de Châtelaudren-Plouagat/Roscognard Etude pour la Restauration des milieux aquatiques,,14361,18732223,Agence
,Conduite de plans de gestion sur un réseau de sites maîtrisés par le CEN NA dans les Landes (2025),,14083,19726839,Agence
,Restauration et valorisation des haies bocagères sur le territoire de l'Intercom Bernay Terres de Normandie,,13127,18037948,Agence
,Déploiement du plan d'action quinquennal des CEN de BFC _ partie Bourgogne,,509569,16901466,Agence
,REPIC 2024 : REstaurer la Posidonie Impactée par l'anCrage,,281794,16402067,Agence
,Valorisation de la Biodiversité au sein des ZI du terrtitoire,,18415,18267177,Agence
,Projet d'éco-interprétation du site de l'étang du Couvent,,7690.95,16579587,Agence
,Suivi annuel des habitats sédimentaires intertidaux sur cinq Réserves Naturelles Nationales : évaluer le potentiel de restauration d’habitats naturels et orienter la gestion.,,27651,19203236,Agence
,Etude préalable aux travaux d’élimination de la seule station connue de Faux indigo dans le département du Puy de Dôme – Site des anciennes sablières de Courty- DORAT (63),,12593.94,19360471,Agence
,Résorption d'une décharge dans la Réserve naturelle nationale du val d'Allier,,223502.69,19594836,Agence
,Restauration de sentiers et préservation du patrimoine local,,191517,18580098,Agence
,Travaux de restauration de parcelles communautaires sur les sites Natura 2000 des Puys du Chinonais,,21584.8,18047833,Agence
,Acquisition des prairies de l'ancien moulin de Foligny à Champeaux sur Sarthe et Étude,,40278.98,16508312,Agence
,Appui à la création d'APPB sur sites CEN (2024),,22113.1,14646928,Agence
,Programme d'éradication de la fourmi électrique Wasmannia auropunctata,,194552,17920484,Agence
,Travaux de restauration,,24007,20689303,Agence
,réhabilitation et mise aux normes d'une ancienne décharge,,21000,18779816,Agence
,Restauration des corridors écologiques d’Annemasse-Agglo en ZAE : Altéa & Borly,,60940,19238123,Agence
,Etude du bassin versant du Quinic et de la problématique de ruissellement/inondation,,8973,18942315,Agence
,Travaux de restauration écologique du Lathan et de ses zones d'expansion des crues - Secteur de Berteau à Chants d'Oiseaux - MA_LAT_2024_EXCEP_1_2_1,,336700,18851052,Agence
,Mise en oeuvre d'un programme de lutte contre les plantes exotiques envahsissantes dans le Parc naturel régional du Haut-Languedoc,,88014,19998604,Agence
,Opération annuelle de régulation des espèces envahissantes,,122114,14912933,Agence
,"Chantiers de lutte contre l’Herbe de la pampa (Cortaderia selloana) en Pays Basque et dans les Landes, dans le cadre du projet LIFE CoopCortaderia",,135534,13234313,Agence
,E.P.I.C.E.A. : EVALUATION DES POTENTIALITES D’ACCUEIL ET DE L’INTERET DES CLAIRIERES ET LISIERES POUR L’ECOLOGIE DES ABEILLES SAUVAGES,,32750,16570689,Agence
,Travaux de restauration d'habitats naturels en aires protégées - seconde phase,,412291.58,20274096,Agence
,Soutien de la population de lamproies marines du bassin Garonne-Dordogne par la mise en place d'un transfert de géniteurs sur la Dordogne et le Ciron,,689532,13978885,Agence
,Réduction de pressions sur la biodiversité par désengrillagement d'une parcelle de la Forêt du Bourgailh,,2800,13983374,Agence
,Restauration écologique de la plantation d’épicéas de l’Espace Naturel Sensible de la vallée du Fossat,,55312.8,17972344,Agence
,Création et restauration de mares à vocation environnementale le long des Canaux de Bretagne,,31490.4,18775065,Agence
,Etangs et mares de Bresse Restauration de milieux et amélioration de la trame turquoise en faveur des odonates entre les sites,,22800,15136316,Agence
,Plan de gestion de l'étang de la Marette,,6820,16639435,Agence
,Débroussaillage et élimination des espèces exotiques envahissantes (Herbe de la pampa),,54355,11519613,Agence
,LUTTE CONTRE LES RONGEURS AQUATIQUES ENVAHISSANTS SUR LE BASSIN VERSANT DU BRIVET DANS LE CADRE DU CONTRAT TERRITORIAL EAU BRIERE-BRIVET,,66000,15477664,Agence
,Préservation des milieux prairiaux du Val d’Allier et valorisation des services environnementaux,,3003.73,16688426,Agence
,Programme de restauration de la zone humide Marais poitevin / Programme Contrat territorial Eau Lay 2024-119,,70905.86,18390203,Agence
,résorption de discontinuités sur les trames vertes,,43120,11609773,Agence
,Acquisitions d'espaces naturels en région Hauts-de-France,,545376,18896310,Agence
,Projet local et exemplaire de restauration écologique du lit majeure de la Charente,,159986,13758338,Agence
,Programme de restauration de la zone humide Marais Contrat Territorial Aunis-Océan PG 2024-118,,25500,18387647,Agence
,Restauration de mares pour la préservation des populations d'Amphibiens,,12447.6,17439401,Agence
,"LUTTE CONTRE LES ESPECES VEGETALES ENVAHISSANTES SUR LES BASSINS VERSNATS DE LA CHERE , DU DON ET DE L'ISAC",,38794,17235790,Agence
,Réhabilitation et stabilisation de l'ancienne décharge en bord de Cance sur Annonay,,1245640,18215201,Agence
,Gestion des Espèces Exotiques Envahissantes sur le site Natura 2000 des Orpellières,,12000,16557309,Agence
,Mise en oeuvre du Contrat de progrès territorial Aubrac pour la préservation des zones humides,,91364,19816287,Agence
,Renaturation de cours d'eau,,37450,18889346,Agence
,"Identification, priorisation et étude de dureté foncière pour la resturation des milieux humides dégradés",,54997.5,18482593,Agence
,Lutte contre des plantes exotiques envahissantes aquatiques dans la halte nautique de Cazaux,,140412,19184962,Agence
,PR²ADO : Programme Ripisylve RAgondins Doubs Ognon,,434966,16797504,Agence
,Réalisation de travaux de restauration de milieux naturels et investissements matériels sur aires protégées par le CEN Lorraine,,171064,17071090,Agence
,RESTECO - Estuaire de la Loire,,84400,14929638,Agence
,Gestion écologique du Vallon de l'Audoulou,,64000,19781643,Agence
,"Binic-Étables sur Mer, ville arborée",,34636.31,19163534,Agence
,Travaux de restauration morphologique et de la continuité écologique des Milieux Aquatiques,,60644.53,18457993,Agence
,création d'une haie le long d'un chemin de randonnée,,16600,16348070,Agence
,Temps d'ingenierie préalable à des opérations de maîtrise du Foncier ( Temps de travail et sous-traitance),,45542,17590612,Agence
,Développement des filières Végétal local 2024-2027,,110880,18098613,Agence
,Programme de restauration du saumon atlantique sur le bassin de la Garonne en Occitanie 2024-2025,,296426,17608914,Agence
,Etude préalable à la restauration de berges anthropisées de la Veyre aval (63),,12933.96,18166939,Agence
,"Projet REACTIVE : REnforcement de nos ACTIons en faveur d’un VErdissement de la commune à travers la trame verte et bleue, une envie de vert",,17948,18541399,Agence
,Forêt de Maubuisson,,356885,12177301,Agence
,Programme de restauration écologique d'aires protégées,,18211,14525689,Agence
,Restauration du parcours pédagogique et des milieux naturels de Merlieux-et-Fouquerolles,,109993,16891308,Agence
,"RENOUVELLEMENT DE LA TRAME ARBOREE – CTEAU Marais mouillé Sèvre, Mignon 2024-263",,67997.21,19654995,Agence
,Restauration de végétations ouvertes et amphibies du Marais de Fenain,,14190,17981979,Agence
,Pratiques de gestion favorables aux pollinisateurs sauvages et à la biodiversité au sein des dépendances routières,,202707,16536653,Agence
,Restauration d'anciennes gravières du Val d'Allier,,11143,14830527,Agence
,Lutte contre la Jussie sur la Saône en Val de Saône – Année 2024,,88416,18328078,Agence
,Programme de restauration de la zone humide Marais poitevin / Programme Contrat territorial « eau » 2024 Autises 2024-115,,12000,18462904,Agence
,"Restauration de la dune du Vieux Port à Hoedic, suite aux dégats de la tempète Celine.",,30237.2,16443816,Agence
,Aménagement de banquettes servant de passage à faune sur un ouvrage hydraulique (RD955),,85101,17042746,Agence
,Deuxième tranche de renaturation et dépollution des berges du canal de Lège-Cap-Ferret,,21000,17889341,Agence
,Restauration des continuités écologiques en faveur des population de Lézard ocellé,,326384,19402061,Agence
,Lutte coordonnée contre les espèces exotiques envahissantes végétales,,73997,17372666,Agence
,Créer une dynamique territoriale en Flandre pour favoriser le développement de la biodiversité.,,24999,16968972,Agence
,Programme de surveillance de la Grenouille taureau en Sologne,,23074,17994712,Agence
,Plan local d'action en faveur du Damier de la Succise en Forêt domaniale de l'Abbé-Val-Joly,,160000,11741925,Agence
,Effacement seuil friche Guyader à QUINTIN (22800),,16176,18604392,Agence
,MISSION DE MAÎTRISE D'ŒUVRE RELATIVE À LA RÉHABILITATION DE LA VALLÉE DE KERHOUEL À LANVOLLON,,272262.98,19297023,Agence
,Gestion des espaces naturels remarquables du Pays du Vuache - Programme d’actions 2024 – 2026,,45756,15306793,Agence
,"Grand Poitiers Communauté urbaine, un territoire engagé pour la nature",,204000,14772992,Agence
,lutte contre la prolifération de la jussie sur le bassin versant du Brivet dans le cadre du contrat territorial eau Brière-Brivet,,14500,15472229,Agence
,Suppression du seuil de la Plaisance (Locmalo) dans le Scorff,,20372,18669568,Agence
,Restaurer les continuités écologiques et la biodiversité,,132576,18257439,Agence
,Préservation en faveur des espèces remarquables de l’étang de Pantano,,7537,11591700,Agence
,Projet FLoRE - Flore Locale pour la Restauration Écologique,,54372,14649051,Agence
,MISE EN DEFENS DU SITE LES COUSSOULES,,35923,19979033,Agence
,Opération de régulation des espèces aquatiques envahissantes prévues au plan de gestion de la RNN du Marais d'Orx,,120000,14838919,Agence
,Restauration des écosystèmes terrestres et marins dégradés : Opérations de restauration et valorisation,,202759,17315586,Agence
,PRIME - Restauration d’herbier de posidonie - Ecomusée Cannes,,33534,17299165,Agence
,Aires protégées en Caps et Marais d'Opale,,602227,16421585,Agence
,Gestion du site du Grand Pré et Sentinelles Bieauclimatiques (Volet2),,18057.8,17057458,Agence
,Restauration d’une zone humide et sensibilisation pour le grand public et les touristiques,,20750,19387220,Agence
,Lutte contre le frelon asiatique en Haute-Savoie,,103204,18730714,Agence
,921LFER 921LNEG - Avant projet de restauration des lônes de la Ferrande et de la Négria,,178258,17096800,Agence
,Connaître et protéger les pollinisateurs en nord Vienne,,38744.24,17910450,Agence
,Acquisition d'un engin spécifique et adapté à la gestion des EEV et de la ripisylve,,92500,13891978,Agence
,Aides à l’acquisition foncière sur le Marais Noir de St-Coulban,,350000,19101514,Agence
,Lutte contre la prolifération de la berce du Caucase sur le bassin versant du Sègre – Tranche 2024,,20000,16984152,Agence
,Projet de trame verte sur le territoire de la Douze et du Midour et sur le département des Landes,,249198,18780184,Agence
,Travaux de restauration des habitats naturels et d'espèces sur des sites du Conservatoire du Littoral - mise en oeuvre des plans de gestion,,135000,19957413,Agence
,Programme d'amélioration de la continuité écologique en Forêt de Chaux (39),,25000,19191154,Agence
,Programme de restauration de la zone humide Marais poitevin / Programme Contrat territorial « eau » 2024 Vendée Longèves 2024-116,,30250,18356967,Agence
,Lutte contre les espèces exotiques envahissantes dans le cadre d’aménagement du parc Auguste Badin,,58931,15083228,Agence
,"Opération expérimentale de lutte contre les espèces exotiques envahissantes : projet d'arrachage de la griffe de sorcière sur les Criques de Porteils, Site Classé",,21000,12817642,Agence
,TRAMES : Sauvegarde et Restauration Ecologique de Milieux Terrestres en Aubrac,,185903,15106441,Agence
,Restauration de mares et maintien des continuités écologiques sur la tourbière de Sagne-Redonde,,49657.3,19208561,Agence
,Travaux de restauration des milieux aquatiques_BV Ascoët_Année 2024,,52041.22,18417366,Agence
,Animations et prospectives foncières pour le renforcement d'aires protégées,,189410.2,17222988,Agence
,Intégration des enjeux TVB à un pont routier à DOUE.,,63000,19203534,Agence
,Amélioration des connaissances sur la répartition de la Loutre et mise en place d’une gestion conservatoire sur la Sauldre,,15488.88,19452962,Agence
,Etude préalable à la préservation d'un réseau de tourbières sur le bassin versant du Thouet et de la Dive,,13200,19035529,Agence
,Etude hydro-morphologique du bassin versant du Gouédic,,71932.8,18669322,Agence
,Réalisation d'un atlas de la biodiversité communale pour la commune de Monteynard,COMMUNE DE MONTEYNARD,32000,16781671,OFB
,Réalisation d'un Atlas de la Biodiversité Communale (ABC),COMMUNE D ALBA LA ROMAINE,60000,16846355,OFB
,Atlas de la Biodiversité communale de RANCHAL,COMMUNE DE RANCHAL,26088,16827476,OFB
,Atlas de la biodiversité communale,COMMUNE DE SALAISE SUR SANNE,66491.84,19876970,OFB
,Atlas de la Biodiversité Communale du Chambon-sur-Lignon,COMMUNE DE CHAMBON-SUR-LIGNON,23000,19885473,OFB
,Atlas de la Biodiversité Communale de Chenereilles,COMMUNE DE CHENEREILLES,19900,20203158,OFB
,Créer un atlas de la biodiversité,COMMUNE DE NAUCELLES,34288,17803732,OFB
,Atlas de la Biodiversité transCommunale du Meygal - sucs volcaniques,COMMUNE DE SAINT JULIEN CHAPTEUIL,59215.32,19361814,OFB
,Atlas de la Biodiversité Communale de Saint-Germain-Laval,COMMUNE DE SAINT GERMAIN LAVAL,31402.8,16829560,OFB
,Atlas de la biodiversité communal de Combloux,COMMUNE DE COMBLOUX,44334,18248970,OFB
,Atlas de la Biodiversité Communal d'Aouste-sur-Sye,COMMUNE D AOUSTE-SUR-SYE,38530,16781087,OFB
,Etablir un atlas de la biodiversité communale,COMMUNE DE MONTBRISON,33396,19499112,OFB
,Atlas de la biodiversité communautaire de la Communauté de Communes de Forez-Est – Lot 1.,CC DE FOREZ-EST,199940,19498438,OFB
,"Atlas de la biodiversité communale des îles, lônes et coteaux du Rhône",S.M. DU RHONE DES ILES ET DES LOSNES,195000,17458543,OFB
,Atlas de la Biodiversité d'Is-sur-Tille,COMMUNE D IS SUR TILLE,49209.39,17907903,OFB
,Atlas de la biodiversité intercommunal de la Communauté de l’Auxerrois,COMMUNAUTE D'AGGLOMERATION DE L'AUXERROIS,194453.66,16635377,OFB
,réalisation de 7 atlas de la biodiversité communale,"CC ARBOIS, POLIGNY, SALINS, COEUR DU JURA",213206.16,19934885,OFB
,Atlas de la Biodiversité Intrecommunale du Grand Site de Vézelay,PNR DU MORVAN,223371,17785317,OFB
,Atlas de biodiversité intercommunal de 51 communes du PNR du Doubs Horloger,PNR DU DOUBS HORLOGER,250000,19818823,OFB
,ATLAS DE LA BIODIVERSITE COMMUNALE,COMMUNE DE QUESTEMBERT,108401,16833373,OFB
,Réalisation d'un Atlas de la biodiversité communal - Rosporden,COMMUNE DE ROSPORDEN,77228.94,16847989,OFB
,Réalisation d'un Atlas de la Biodiversité Communale,COMMUNE DE KERVIGNAC,64000,16783116,OFB
,ATLAS DE LA BIODIVERSITÉ COMMUNALE de la Ville de LANDERNEAU,COMMUNE DE LANDERNEAU,52000,17863740,OFB
,ABC biodiversité sur Brandivy,COMMUNE DE BRANDIVY,29536,19044299,OFB
,MOBILISATION POUR LA BIODIVERSITE : ATLAS,COMMUNE DE BAINS SUR OUST,56000,19083519,OFB
,Atlas de la biodiversité intercommunale (ABI) de Pontivy Communauté,PONTIVY COMMUNAUTE,250000,16836743,OFB
,Atlas de la Biodiversité Communale de Lucé,COMMUNE DE LUCE,21208,19167058,OFB
,Atlas de la Biodiversité Communale,COMMUNE D'ARTANNES SUR INDRE,31872,19736841,OFB
,Atlas de la biodiversité communale de la Commune de Saint-Florent-sur-Cher,COMMUNE DE SAINT FLORENT SUR CHER,20956,19051509,OFB
,Atlas de la biodiversité communale de Montlouis-sur-Loire,COMMUNE DE MONTLOUIS SUR LOIRE,6159,19507643,OFB
,Atlas de la biodiversité intercommunal de la communauté de communes Cœur de France,COMMUNAUTE DE COMMUNES COEUR DE FRANCE,98416,19812894,OFB
,Poursuite du projet de l'ABC sur la Communauté de Communes Écueillé-Valençay (2ème étape),COMMUNAUTE DE COMMUNES ECUEILLE-VALENCAY,111188,19848031,OFB
,L'atlas de la biodiversité communautaire de la communauté de communes Val de l'Indre Brenne,SM DU PAYS CASTELROUSSIN VAL DE L INDRE,244464,16585961,OFB
,Atlas de la biodiversité communale de LINGUIZZETTA,COMMUNE DE LINGUIZZETTA,47280,16522743,OFB
,Atlas de la biodiversité de la Costa Verde,COMMUNAUTE DE COMMUNES DE LA COSTA VERDE,95200,19895241,OFB
,"Atlas de la biodiversité communale du Grand Site de France Conca d’Oru, vignoble de Patrimonio – golfe de Saint-Florent","GRAND SITE DE CONCA D'ORU, VIGNOBLE DE PATRIMONIO - GOLFE DE SAINT-FLORENT",147200,18893928,OFB
,Atlas de la Biodiversité communale de la ville d'Erstein,COMMUNE DE ERSTEIN,40000,18098649,OFB
,ATLAS DE LA BIODIVERSITE COMMUNALE DE GESPUNSART,COMMUNE DE GESPUNSART,30634.74,19875172,OFB
,Atlas de Biodiversité Communale des anciens Canaux de Moselle Sud,SYNDICAT MIXTE DU PAYS DE SARREBOURG,135420.8,19658165,OFB
,Actualisation des Atlas de la Biodiversité Communale du parc naturel régional de Lorraine,PNR DE LORRAINE,249503.33,19949888,OFB
,Atlas de la Biodiversité des Vosges Centrales,SCOT DES VOSGES CENTRALES,250000,19841510,OFB
,Atlas de la Biodiversité communale de l'Anse-Bertrand,COMMUNE D ANSE BERTRAND,229040.8,18996475,OFB
,Atlas de la Biodiversité Communale de Marie-Galante,COMMUNAUTE DE COMMUNES DE MARIE GALANTE,141603,16798782,OFB
,Atlas de la Biodiversité Communale de Sinnamary,GROUPE ETUDE PROTECTION OISEAUX GUYANE,250000,16895596,OFB
,Atlas de la biodiversité intercommunale de la CCFL,COMMUNAUTE DE COMMUNES FLANDRE-LYS,118320,16452345,OFB
,Elaboration d'un atlas de la biodiversité sur des parcs d'activités de DOUAISIS AGGLO,DOUAISIS AGGLO,60000,16330642,OFB
,Atlas de la Biodiversité Communal de la Communauté d'Agglomération Hénin-Carvin,COMMUNAUTE D'AGGLOMERATION D'HENIN-CARVIN,87620,17911683,OFB
,"ABC ""Vallée de la Somme, de l'Ancre et de l'Hallue"" - Communauté de Communes du Val de Somme",CC VAL DE SOMME,161270.23,19238132,OFB
,Atlas de la Biodiversité Communale - Communauté d'Agglomération de la Baie de Somme,PNR BAIE DE SOMME 3 VALLEES,222043.81,17635828,OFB
,"Atlas de la Biodiversité Communale des Vallées de la Louette et de la Chalouette (Châlo Saint Mars, Chalou Moulineux, Saint Hilaire)",COMMUNE DE CHALO SAINT MARS,193434,19448102,OFB
,Réalisation d'Atlas de la Biodiversité Communale,COMMUNE DE VILLENNES-SUR-SEINE,9771,16888618,OFB
,Atlas de biodiversité communale du Vaudoué,COMMUNE LE VAUDOUE,30400,16870052,OFB
,ATLAS DE LA BIODIVERSITE COMMUNALE DE MITRY-MORY,COMMUNE MITRY MORY,51200,16853319,OFB
,"La commune de Changis-sur-Marne œuvre en faveur de la biodiversité et souhaite mettre en place un Atlas de la Biodiversité Communale qui renforcera la connaissance des richesses naturelles du territoire. Oiseaux, papillons, plantes, mammifères, poissons, amphibiens et reptiles (recensés pendant 2 ans) afin de mieux les préserver. Afin que chaque acteur du territoire puisse apporter sa contribution et participer activement à la préservation du patrimoine naturel, les différents outils de recensement des espèces seront présentés lors de manifestations spécifiques.",COMMUNE CHANGIS SUR MARNE,51616,16871009,OFB
,"ATLAS DE LA BIODIVERSITE COMMUNALE DES VILLES DE JOUY-EN-JOSAS, BIEVRES ET BUC",COMMUNE DE JOUY EN JOSAS,104528,19853631,OFB
,REALISATION D'UN ATLAS DE LA BIODIVERSITE COMMUNALE,COMMUNE DE SAINT PIERRE DU PERRAY,60552,18728367,OFB
,Atlas de la Biodiversité Communale de Louveciennes,COMMUNE DE LOUVECIENNES,64649.42,19538589,OFB
,Atlas de la Biodiversité Communale de Verneuil-sur-Seine,COMMUNE DE VERNEUIL-SUR-SEINE,46786.02,19523187,OFB
,Atlas de la biodiversité communautaire de la communauté de communes Plaines et Monts de France,CC PLAINES ET MONTS DE FRANCE,169600,18982920,OFB
,Mise en oeuvre d'un Atlas de la Biodiversité Intercommunal,SAINT QUENTIN EN YVELINES,115188.96,16341347,OFB
,Atlas de la biodiversité communale 2025 - 2027 des communes du Parc naturel régional de la Haute Vallée de Chevreuse,PNR HVC,250000,19340211,OFB
,Atlas de la biodiversité intercommunale de de la Communauté d’Agglomération du Grand Nord de Mayotte,CA DU GRAND NORD DE MAYOTTE,154020.4,19889608,OFB
,Atlas de la Biodiversité d'Amfreville-la-Mivoie et Belbeuf,COMMUNE DE AMFREVILLE LA MI VOIE,96000,16338155,OFB
,Atlas Biodiversité Communale,COMMUNE DE SAINT REMY,53086.8,16719700,OFB
,ABC de Rémilly Les Marais,COMMUNE DE REMILLY LES MARAIS,21600,18061131,OFB
,Réalisation d'un Atlas de la Biodiversité Communale,COMMUNE DE SAINT PAIR SUR MER,67386.26,19375514,OFB
,Atlas de la Biodiversité Communale - Dieppe-Maritime,COMMUNAUTE D AGGLOMERATION DE LA REGION DIEPPOISE,100832,16523470,OFB
,Réalisation d'un Atlas de la Biodiversité Communale sur le territoire de la Communauté de communes Falaises du Talou,COMMUNAUTE DE COMMUNES FALAISES DU TALOU,148467.2,16473956,OFB
,Réalisation d'un Atlas de la Biodiversité Communale,COMMUNE DE NAVARRENX,31900,16640407,OFB
,Atlas de la Biodiversité Communale de MAIRÉ,COMMUNE DE MAIRE,30800,11530432,OFB
,Atlas de la biodiversité communale de Saint Martin Château,COMMUNE DE SAINT MARTIN CHATEAU,24150,16469627,OFB
,Atlas de la biodiversité communale de Bayonne,COMMUNE DE BAYONNE,55176,16467683,OFB
,Atlas de la Biodiversité Intercommunale de Faux-la-Montagne et de La Villedieu,COMMUNE DE FAUX LA MONTAGNE,23000,16672859,OFB
,Elaboration d'un atlas de biodiversité communale,COMMUNE DE CHATELLERAULT,32728,18133933,OFB
,Mise en œuvre d'un atlas de la biodiversité communal à Razès,COMMUNE DE RAZES,46672.4,19551356,OFB
,Atlas de la biodiversité communale,COMMUNE D'IZON,28768,16816287,OFB
,ABC de Bussac-sur-charente,COMMUNE DE BUSSAC,42084,19924383,OFB
,Atlas de la Biodiversité Communautaire du Grand Guéret,COMMUNAUTE D AGGLOMERATION DU GRAND GUERET,72000,18111748,OFB
,Atlas de Biodiversité Intercommunale de la Communauté de Communes de Charente-Limousine,CC DE CHARENTE LIMOUSINE,226528.94,17735282,OFB
,Atlas de la Biodiversité Communale intercommunal de la communauté de Communes Aunis Sud,CC AUNIS SUD,250000,19536644,OFB
,"Atlas de la biodiversité intercommunal des communes d'Arudy, Lys et Sévignacq-Meyracq sur le territoire du Parc national des Pyrénées",PARC NATIONAL DES PYRENEES,81737.6,16804138,OFB
,Atlas de la biodiversité communale de Cahors,COMMUNE DE CAHORS,36518.1,16650185,OFB
,Réalisation d'un ABC Biodiversité,COMMUNE DE SAINT ANTONIN NOBLE VAL,43300,17771508,OFB
,Atlas de la biodiversité communale de Bédouès-Cocurès,COMMUNE DE BEDOUES-COCURES,20060,18090789,OFB
,Atlas de la biodiversité communale d'Assas,COMMUNE D ASSAS,39916,18106076,OFB
,Réalisation d'un Atlas de la Biodiversité Communale,COMMUNE DE LA SALVETAT SAINT GILLES,65832.9,19724081,OFB
,Atlas de la biodiversité communale de Blagnac,COMMUNE DE BLAGNAC,39000,19351949,OFB
,Atlas de la Biodiversité Communale de Bagnères de Bigorre,COMMUNE DE BAGNERES DE BIGORRE,77427.2,18066847,OFB
,Atlas de la Biodiversité Communale,COMMUNE DE BIO,89400,19934558,OFB
,Réalisation d'un atlas de la biodiversité communale,COMMUNE DE MARCIAC,50000,19889566,OFB
,Atlas de la Biodiversité Communale,COMMUNE DE SAINT JEAN,35000,19439412,OFB
,Atlas de la Biodiversité Communale de Balma,COMMUNE DE BALMA,53120,19601519,OFB
,Atlas de Biodiversité Communale du Capcir,COMMUNE LES ANGLES / CAPCIR,117593.49,16739746,OFB
,Réalisation d'un Atlas de la Biodiversité InterCommunale sur le territoire des Aspres,COMMUNAUTE DE COMMUNES DES ASPRES,249960,18450854,OFB
,Atlas de la biodiversité inter-communale des Gorges et Piémonts de la Montagne Noire,CARCASSONNE AGGLO,113360,19759941,OFB
,Elaboration d'un atlas intercommunale de biodiversité,OUEST AVEYRON COMMUNAUTE,160000,19779017,OFB
,Développement de l'Atlas de la Biodiversité interCommunale du Sicoval,COMMUNAUTE D'AGGLOMERATION DU SICOVAL,127960,16844851,OFB
,REALISATION DE L'ATLAS DE LA BIODIVERSITE INTERCOMMUNAL DU CARMAUSIN-SEGALA,COMMUNAUTE DE COMMUNES CARMAUSIN-SEGALA,120388,17447159,OFB
,"Atlas de la Biodiversité Communale sur trois communes de la CCPHG : Frontignan-de-Comminges, Malvezie et Saint-Pé-d’Ardet",CC PYRENEES HAUT GARONNAISES,28000,18101563,OFB
,Atlas de la Biodiversité Communale du PETR du Haut-Rouergue,PETR DU HAUT ROUERGUE,171230.33,18134675,OFB
,Atlas de la biodiversité intercommunale de Pays Ségali Communauté,EPAG DES EAUX DU BASSIN VERSANT VIAUR,219107.07,19895801,OFB
,ATLAS INTERCOMMUNAL DE LA BIODIVERSITE SUR LE BASSIN VERSANT DE L’ETANG DE SALSES-LEUCATE,SYNDICAT MIXTE R.I.V.A.G.E,199971,19828484,OFB
,"Elaboration des Atlas de Biodiversité Communale de Batz-sur-Mer, La Turballe, Le Croisic, Le Pouliguen et Piriac-sur-Mer",COMMUNAUTE D'AGGLOMERATION DE LA PRESQU'ILE DE GUERANDE ATLANTIQUE,134017.27,16711476,OFB
,Atlas de la Biodiversité Communale (ABC) en Pays du Mans,SM DU PAYS DU MANS,136360,19506027,OFB
,Atlas de la biodiversité communale,COMMUNE DE BARBENTANE,38305.8,16843164,OFB
,Atlas de Biodiversité Communale de Bormes-les-Mimosas,COMMUNE DE BORMES LES MIMOSAS,38055,17328027,OFB
,ATLAS DE LA BIODIVERSITE COMMUNALE DE CLAMENSANE,COMMUNE DE CLAMENSANE,36665,17914737,OFB
,Atlas de la Biodiversité Communale,COMMUNE DE LA CROIX VALMER,45000,19845553,OFB
,ATLAS DE LA BIODIVERSITE COMMUNAL DE SAINT GENIEZ 04200,COMMUNE DE SAINT GENIEZ,39600,17894626,OFB
,Mobiliser pour mieux Connaître et mieux Agir avec l'Atlas de la Biodiversité Communale,COMMUNE DE SAUSSET LES PINS,38400,17326421,OFB
,Atlas de la Biodiversité communale,COMMUNE D AUBAGNE,32000,19918544,OFB
,Abc de la Biodiversité sur le territoire de TOURNEFORT et La TOUR,COMMUNE DE TOURNEFORT,40000,18090191,OFB
,Atlas de la Biodiversité Communale de Villeneuve Loubet,COMMUNE DE VILLENEUVE LOUBET,148123.69,18917305,OFB
,"Atlas de la biodiversité de Venelles - ""Construire un territoire durable avec le vivant""",COMMUNE DE VENELLES,31480,16443921,OFB
,Atlas de la biodiversité communale,COMMUNE DE LAMBESC,31966.23,19239804,OFB
,Atlas de la biodiversité intercommunale des Sorgues du Comtat,CA LES SORGUES DU COMTAT,181028,17783029,OFB
,réalisation de 7 atlas de la biodiversité communale,METROPOLE NICE COTE D AZUR,250000,19934885,OFB
,Atlas de la biodiversité communale du Parc naturel régional du Verdon : communes de Rougon (04) et Esparron-de-Verdon (04),PNR DU VERDON,105404.32,19172585,OFB
,Atlas de la biodiversité et de la géodiversité communale,PNR DU LUBERON,130488,19865248,OFB
,Atlas de la biodiversité communale des communes du Mercantour,PARC NATIONAL DU MERCANTOUR,249920,18048963,OFB