identifiant_technique,nom,structure_porteuse,type_de_structure_porteuse,commune,code_commune,annee_debut,ami_ofb,avancement,ressource_documentaire
c01daa30-153b-4b05-a416-daeab799263a,"ABC ""Perseigne"" PNR Normandie-Maine (ligérien)",Normandie-Maine,"Parc naturel régional",Bourg-le-Roi,72043,2020,Vrai,"En cours de réalisation",https://www.parc-naturel-normandie-maine.fr/abc-perseigne.html
c01daa30-153b-4b05-a416-daeab799263a,"ABC ""Perseigne"" PNR Normandie-Maine (ligérien)",Normandie-Maine,"Parc naturel régional",Ancinnes,72005,2020,Vrai,"En cours de réalisation",https://www.parc-naturel-normandie-maine.fr/abc-perseigne.html
c01daa30-153b-4b05-a416-daeab799263a,"ABC ""Perseigne"" PNR Normandie-Maine (ligérien)",Normandie-Maine,"Parc naturel régional",Livet-en-Saosnois,72164,2020,Vrai,"En cours de réalisation",https://www.parc-naturel-normandie-maine.fr/abc-perseigne.html
c01daa30-153b-4b05-a416-daeab799263a,"ABC ""Perseigne"" PNR Normandie-Maine (ligérien)",Normandie-Maine,"Parc naturel régional",Aillières-Beauvoir,72002,2020,Vrai,"En cours de réalisation",https://www.parc-naturel-normandie-maine.fr/abc-perseigne.html
c01daa30-153b-4b05-a416-daeab799263a,"ABC ""Perseigne"" PNR Normandie-Maine (ligérien)",Normandie-Maine,"Parc naturel régional","Les Aulneaux",72015,2020,Vrai,"En cours de réalisation",https://www.parc-naturel-normandie-maine.fr/abc-perseigne.html
c01daa30-153b-4b05-a416-daeab799263a,"ABC ""Perseigne"" PNR Normandie-Maine (ligérien)",Normandie-Maine,"Parc naturel régional",Mamers,72180,2020,Vrai,"En cours de réalisation",https://www.parc-naturel-normandie-maine.fr/abc-perseigne.html
c01daa30-153b-4b05-a416-daeab799263a,"ABC ""Perseigne"" PNR Normandie-Maine (ligérien)",Normandie-Maine,"Parc naturel régional",Neufchâtel-en-Saosnois,72215,2020,Vrai,"En cours de réalisation",https://www.parc-naturel-normandie-maine.fr/abc-perseigne.html
c01daa30-153b-4b05-a416-daeab799263a,"ABC ""Perseigne"" PNR Normandie-Maine (ligérien)",Normandie-Maine,"Parc naturel régional",Saint-Longis,72295,2020,Vrai,"En cours de réalisation",https://www.parc-naturel-normandie-maine.fr/abc-perseigne.html
c01daa30-153b-4b05-a416-daeab799263a,"ABC ""Perseigne"" PNR Normandie-Maine (ligérien)",Normandie-Maine,"Parc naturel régional",Saint-Rémy-du-Val,72317,2020,Vrai,"En cours de réalisation",https://www.parc-naturel-normandie-maine.fr/abc-perseigne.html
c01daa30-153b-4b05-a416-daeab799263a,"ABC ""Perseigne"" PNR Normandie-Maine (ligérien)",Normandie-Maine,"Parc naturel régional",Villeneuve-en-Perseigne,72137,2020,Vrai,"En cours de réalisation",https://www.parc-naturel-normandie-maine.fr/abc-perseigne.html
65d3e920-84cb-4b7a-a295-6b584d18191f,"ABC Albi",Albi,Commune,Albi,81004,2017,Vrai,Fini,https://www.mairie-albi.fr/fr/un-atlas-de-la-biodiversite-pour-2020
77691c0a-80ac-4bc7-b0a3-dd8846b8c1e5,"ABC Alzon & Arrigas",Alzon,Commune,Alzon,30009,2021,Vrai,"En cours de réalisation",
77691c0a-80ac-4bc7-b0a3-dd8846b8c1e5,"ABC Alzon & Arrigas",Alzon,Commune,Arrigas,30017,2021,Vrai,"En cours de réalisation",
c0f6827e-8f7e-4d15-b894-bc5fc8bd2834,"ABC Alzonne",Alzonne,Commune,Alzonne,11009,2021,Vrai,"En cours de réalisation",
e2b3d467-629b-40c1-94b7-080ccb665338,"ABC Antist",Antist,Commune,Antist,65016,2010,Faux,Inconnu,
9502a9fe-ae98-46fc-b286-8526c3671fa7,"ABC Arbas",Arbas,Commune,Arbas,31011,2010,Faux,Inconnu,
eea6503e-5dab-48f5-a57b-f3131ab922db,"ABC Argelès sur Mer",Argelès-sur-Mer,Commune,Argelès-sur-Mer,66008,2021,Vrai,"En cours de réalisation",
f9ff90dc-d62f-45f3-8384-b08d940569b8,"ABC Argelès-Bagnères",Argelès-Bagnères,Commune,Argelès-Bagnères,65024,2010,Faux,Inconnu,
10bea9b9-6bfd-4d8a-85ee-3ae10ee96b99,"ABC Argelès-Gazost",Argelès-Gazost,Commune,Argelès-Gazost,65025,2021,Vrai,"En cours de réalisation",
58ab02af-2c58-4938-9aed-0eb005ac38f7,"ABC Arphy",Arphy,Commune,Arphy,30015,2017,Vrai,Fini,https://www.cevennes-parcnational.fr/fr/des-connaissances/lacquisition-et-le-partage-de-la-connaiss…
1f0f03f0-97c4-425c-96f3-834a73ad1b6b,"ABC Astarac Arros en Gascogne (ComCom)","CC Astarac Arros en Gascogne","Etablissement public de coopération intercommunale (EPCI)",Aux-Aussat,32020,2018,Vrai,Fini,https://www.cdcaag.fr/environnement/atlas-de-la-biodiversite/
1f0f03f0-97c4-425c-96f3-834a73ad1b6b,"ABC Astarac Arros en Gascogne (ComCom)","CC Astarac Arros en Gascogne","Etablissement public de coopération intercommunale (EPCI)",Barcugnan,32028,2018,Vrai,Fini,https://www.cdcaag.fr/environnement/atlas-de-la-biodiversite/
1f0f03f0-97c4-425c-96f3-834a73ad1b6b,"ABC Astarac Arros en Gascogne (ComCom)","CC Astarac Arros en Gascogne","Etablissement public de coopération intercommunale (EPCI)",Bazugues,32034,2018,Vrai,Fini,https://www.cdcaag.fr/environnement/atlas-de-la-biodiversite/
1f0f03f0-97c4-425c-96f3-834a73ad1b6b,"ABC Astarac Arros en Gascogne (ComCom)","CC Astarac Arros en Gascogne","Etablissement public de coopération intercommunale (EPCI)",Beccas,32039,2018,Vrai,Fini,https://www.cdcaag.fr/environnement/atlas-de-la-biodiversite/
1f0f03f0-97c4-425c-96f3-834a73ad1b6b,"ABC Astarac Arros en Gascogne (ComCom)","CC Astarac Arros en Gascogne","Etablissement public de coopération intercommunale (EPCI)",Belloc-Saint-Clamens,32042,2018,Vrai,Fini,https://www.cdcaag.fr/environnement/atlas-de-la-biodiversite/
1f0f03f0-97c4-425c-96f3-834a73ad1b6b,"ABC Astarac Arros en Gascogne (ComCom)","CC Astarac Arros en Gascogne","Etablissement public de coopération intercommunale (EPCI)",Berdoues,32045,2018,Vrai,Fini,https://www.cdcaag.fr/environnement/atlas-de-la-biodiversite/
1f0f03f0-97c4-425c-96f3-834a73ad1b6b,"ABC Astarac Arros en Gascogne (ComCom)","CC Astarac Arros en Gascogne","Etablissement public de coopération intercommunale (EPCI)",Betplan,32050,2018,Vrai,Fini,https://www.cdcaag.fr/environnement/atlas-de-la-biodiversite/
1f0f03f0-97c4-425c-96f3-834a73ad1b6b,"ABC Astarac Arros en Gascogne (ComCom)","CC Astarac Arros en Gascogne","Etablissement public de coopération intercommunale (EPCI)",Castex,32086,2018,Vrai,Fini,https://www.cdcaag.fr/environnement/atlas-de-la-biodiversite/
1f0f03f0-97c4-425c-96f3-834a73ad1b6b,"ABC Astarac Arros en Gascogne (ComCom)","CC Astarac Arros en Gascogne","Etablissement public de coopération intercommunale (EPCI)",Clermont-Pouyguillès,32104,2018,Vrai,Fini,https://www.cdcaag.fr/environnement/atlas-de-la-biodiversite/
1f0f03f0-97c4-425c-96f3-834a73ad1b6b,"ABC Astarac Arros en Gascogne (ComCom)","CC Astarac Arros en Gascogne","Etablissement public de coopération intercommunale (EPCI)",Duffort,32116,2018,Vrai,Fini,https://www.cdcaag.fr/environnement/atlas-de-la-biodiversite/
1f0f03f0-97c4-425c-96f3-834a73ad1b6b,"ABC Astarac Arros en Gascogne (ComCom)","CC Astarac Arros en Gascogne","Etablissement public de coopération intercommunale (EPCI)",Estampes,32126,2018,Vrai,Fini,https://www.cdcaag.fr/environnement/atlas-de-la-biodiversite/
1f0f03f0-97c4-425c-96f3-834a73ad1b6b,"ABC Astarac Arros en Gascogne (ComCom)","CC Astarac Arros en Gascogne","Etablissement public de coopération intercommunale (EPCI)",Haget,32152,2018,Vrai,Fini,https://www.cdcaag.fr/environnement/atlas-de-la-biodiversite/
1f0f03f0-97c4-425c-96f3-834a73ad1b6b,"ABC Astarac Arros en Gascogne (ComCom)","CC Astarac Arros en Gascogne","Etablissement public de coopération intercommunale (EPCI)",Idrac-Respaillès,32156,2018,Vrai,Fini,https://www.cdcaag.fr/environnement/atlas-de-la-biodiversite/
1f0f03f0-97c4-425c-96f3-834a73ad1b6b,"ABC Astarac Arros en Gascogne (ComCom)","CC Astarac Arros en Gascogne","Etablissement public de coopération intercommunale (EPCI)",Labéjan,32172,2018,Vrai,Fini,https://www.cdcaag.fr/environnement/atlas-de-la-biodiversite/
1f0f03f0-97c4-425c-96f3-834a73ad1b6b,"ABC Astarac Arros en Gascogne (ComCom)","CC Astarac Arros en Gascogne","Etablissement public de coopération intercommunale (EPCI)",Lagarde-Hachan,32177,2018,Vrai,Fini,https://www.cdcaag.fr/environnement/atlas-de-la-biodiversite/
1f0f03f0-97c4-425c-96f3-834a73ad1b6b,"ABC Astarac Arros en Gascogne (ComCom)","CC Astarac Arros en Gascogne","Etablissement public de coopération intercommunale (EPCI)",Laguian-Mazous,32181,2018,Vrai,Fini,https://www.cdcaag.fr/environnement/atlas-de-la-biodiversite/
1f0f03f0-97c4-425c-96f3-834a73ad1b6b,"ABC Astarac Arros en Gascogne (ComCom)","CC Astarac Arros en Gascogne","Etablissement public de coopération intercommunale (EPCI)",Loubersan,32215,2018,Vrai,Fini,https://www.cdcaag.fr/environnement/atlas-de-la-biodiversite/
1f0f03f0-97c4-425c-96f3-834a73ad1b6b,"ABC Astarac Arros en Gascogne (ComCom)","CC Astarac Arros en Gascogne","Etablissement public de coopération intercommunale (EPCI)",Malabat,32225,2018,Vrai,Fini,https://www.cdcaag.fr/environnement/atlas-de-la-biodiversite/
1f0f03f0-97c4-425c-96f3-834a73ad1b6b,"ABC Astarac Arros en Gascogne (ComCom)","CC Astarac Arros en Gascogne","Etablissement public de coopération intercommunale (EPCI)",Manas-Bastanous,32226,2018,Vrai,Fini,https://www.cdcaag.fr/environnement/atlas-de-la-biodiversite/
1f0f03f0-97c4-425c-96f3-834a73ad1b6b,"ABC Astarac Arros en Gascogne (ComCom)","CC Astarac Arros en Gascogne","Etablissement public de coopération intercommunale (EPCI)",Miramont-d'Astarac,32254,2018,Vrai,Fini,https://www.cdcaag.fr/environnement/atlas-de-la-biodiversite/
1f0f03f0-97c4-425c-96f3-834a73ad1b6b,"ABC Astarac Arros en Gascogne (ComCom)","CC Astarac Arros en Gascogne","Etablissement public de coopération intercommunale (EPCI)",Moncassin,32263,2018,Vrai,Fini,https://www.cdcaag.fr/environnement/atlas-de-la-biodiversite/
1f0f03f0-97c4-425c-96f3-834a73ad1b6b,"ABC Astarac Arros en Gascogne (ComCom)","CC Astarac Arros en Gascogne","Etablissement public de coopération intercommunale (EPCI)",Montaut,32278,2018,Vrai,Fini,https://www.cdcaag.fr/environnement/atlas-de-la-biodiversite/
1f0f03f0-97c4-425c-96f3-834a73ad1b6b,"ABC Astarac Arros en Gascogne (ComCom)","CC Astarac Arros en Gascogne","Etablissement public de coopération intercommunale (EPCI)",Mont-de-Marrast,32281,2018,Vrai,Fini,https://www.cdcaag.fr/environnement/atlas-de-la-biodiversite/
1f0f03f0-97c4-425c-96f3-834a73ad1b6b,"ABC Astarac Arros en Gascogne (ComCom)","CC Astarac Arros en Gascogne","Etablissement public de coopération intercommunale (EPCI)",Montégut-Arros,32283,2018,Vrai,Fini,https://www.cdcaag.fr/environnement/atlas-de-la-biodiversite/
1f0f03f0-97c4-425c-96f3-834a73ad1b6b,"ABC Astarac Arros en Gascogne (ComCom)","CC Astarac Arros en Gascogne","Etablissement public de coopération intercommunale (EPCI)",Ponsampère,32323,2018,Vrai,Fini,https://www.cdcaag.fr/environnement/atlas-de-la-biodiversite/
1f0f03f0-97c4-425c-96f3-834a73ad1b6b,"ABC Astarac Arros en Gascogne (ComCom)","CC Astarac Arros en Gascogne","Etablissement public de coopération intercommunale (EPCI)",Sadeillan,32355,2018,Vrai,Fini,https://www.cdcaag.fr/environnement/atlas-de-la-biodiversite/
1f0f03f0-97c4-425c-96f3-834a73ad1b6b,"ABC Astarac Arros en Gascogne (ComCom)","CC Astarac Arros en Gascogne","Etablissement public de coopération intercommunale (EPCI)",Sainte-Aurence-Cazaux,32363,2018,Vrai,Fini,https://www.cdcaag.fr/environnement/atlas-de-la-biodiversite/
1f0f03f0-97c4-425c-96f3-834a73ad1b6b,"ABC Astarac Arros en Gascogne (ComCom)","CC Astarac Arros en Gascogne","Etablissement public de coopération intercommunale (EPCI)",Sainte-Dode,32373,2018,Vrai,Fini,https://www.cdcaag.fr/environnement/atlas-de-la-biodiversite/
1f0f03f0-97c4-425c-96f3-834a73ad1b6b,"ABC Astarac Arros en Gascogne (ComCom)","CC Astarac Arros en Gascogne","Etablissement public de coopération intercommunale (EPCI)",Saint-Élix-Theux,32375,2018,Vrai,Fini,https://www.cdcaag.fr/environnement/atlas-de-la-biodiversite/
1f0f03f0-97c4-425c-96f3-834a73ad1b6b,"ABC Astarac Arros en Gascogne (ComCom)","CC Astarac Arros en Gascogne","Etablissement public de coopération intercommunale (EPCI)",Saint-Martin,32389,2018,Vrai,Fini,https://www.cdcaag.fr/environnement/atlas-de-la-biodiversite/
1f0f03f0-97c4-425c-96f3-834a73ad1b6b,"ABC Astarac Arros en Gascogne (ComCom)","CC Astarac Arros en Gascogne","Etablissement public de coopération intercommunale (EPCI)",Saint-Médard,32394,2018,Vrai,Fini,https://www.cdcaag.fr/environnement/atlas-de-la-biodiversite/
1f0f03f0-97c4-425c-96f3-834a73ad1b6b,"ABC Astarac Arros en Gascogne (ComCom)","CC Astarac Arros en Gascogne","Etablissement public de coopération intercommunale (EPCI)",Saint-Michel,32397,2018,Vrai,Fini,https://www.cdcaag.fr/environnement/atlas-de-la-biodiversite/
1f0f03f0-97c4-425c-96f3-834a73ad1b6b,"ABC Astarac Arros en Gascogne (ComCom)","CC Astarac Arros en Gascogne","Etablissement public de coopération intercommunale (EPCI)",Saint-Ost,32401,2018,Vrai,Fini,https://www.cdcaag.fr/environnement/atlas-de-la-biodiversite/
1f0f03f0-97c4-425c-96f3-834a73ad1b6b,"ABC Astarac Arros en Gascogne (ComCom)","CC Astarac Arros en Gascogne","Etablissement public de coopération intercommunale (EPCI)",Sarraguzan,32415,2018,Vrai,Fini,https://www.cdcaag.fr/environnement/atlas-de-la-biodiversite/
1f0f03f0-97c4-425c-96f3-834a73ad1b6b,"ABC Astarac Arros en Gascogne (ComCom)","CC Astarac Arros en Gascogne","Etablissement public de coopération intercommunale (EPCI)",Sauviac,32419,2018,Vrai,Fini,https://www.cdcaag.fr/environnement/atlas-de-la-biodiversite/
1f0f03f0-97c4-425c-96f3-834a73ad1b6b,"ABC Astarac Arros en Gascogne (ComCom)","CC Astarac Arros en Gascogne","Etablissement public de coopération intercommunale (EPCI)",Villecomtal-sur-Arros,32464,2018,Vrai,Fini,https://www.cdcaag.fr/environnement/atlas-de-la-biodiversite/
1f0f03f0-97c4-425c-96f3-834a73ad1b6b,"ABC Astarac Arros en Gascogne (ComCom)","CC Astarac Arros en Gascogne","Etablissement public de coopération intercommunale (EPCI)",Viozan,32466,2018,Vrai,Fini,https://www.cdcaag.fr/environnement/atlas-de-la-biodiversite/
e9551483-1fd6-4d12-871e-7e6dd0d036fb,"ABC Astugue",Astugue,Commune,Astugue,65043,2010,Faux,Inconnu,
09a515a6-fcbe-444c-bdd3-01230f3eeef1,"ABC Ayros-Arbouix",Ayros-Arbouix,Commune,Ayros-Arbouix,65055,2012,Faux,Fini,http://www.pyrenees-parcnational.fr/fr/actualites/latlas-de-la-biodiversite-communale-outil-de-valo…
14e379e2-58ac-4a00-ba31-6f58537405f4,"ABC Bagnères-de-Bigorre",Bagnères-de-Bigorre,Commune,Bagnères-de-Bigorre,65059,2010,Faux,Inconnu,
7ed44d02-ce87-4a73-954f-5aaca8b64a5a,"ABC Banios",Banios,Commune,Banios,65060,2010,Faux,Inconnu,
453a836d-9ca1-4ecb-b84c-f219d8c2c133,"ABC Bazus-Aure",Bazus-Aure,Commune,Bazus-Aure,65075,2017,Vrai,Fini,http://www.pyrenees-parcnational.fr/fr/actualites/latlas-de-la-biodiversite-communale-outil-de-valo…
83eb5b09-6103-4c0e-aea8-46b29fe16d24,"ABC Beaudéan",Beaudéan,Commune,Beaudéan,65078,2010,Faux,Inconnu,
353bc8fb-74d2-46a3-a9de-8079eaf724a2,"ABC Betpouey ",Betpouey,Commune,Betpouey,65089,2017,Vrai,Fini,http://www.pyrenees-parcnational.fr/fr/actualites/latlas-de-la-biodiversite-communale-outil-de-valo…
dfc2674d-49b7-4484-9177-a67af589a98c,"ABC Bettes",Bettes,Commune,Bettes,65091,2010,Faux,Inconnu,
3b30306b-eec1-4e86-9cfe-55739a9fcfd0,"ABC Brassac",Brassac,Commune,Brassac,81037,2010,Faux,Inconnu,
f05617be-2b77-4059-8495-ad60428f2e5c,"ABC Breuillet",,Commune,Breuillet,17064,2022,Vrai,"En phase de lancement",
c9e34800-1268-4149-b12b-d02222e3af48,"ABC Campan",Campan,Commune,Campan,65123,2010,Faux,Inconnu,
728ec173-4b61-47a4-83fd-32c29eda54c7,"ABC Castelnau d'Estrétefonds",Castelnau-d'Estrétefonds,Commune,Castelnau-d'Estrétefonds,31118,2022,Vrai,"En cours de réalisation",https://www.castelnau-estretefonds.fr/vivre-a-castelnau/transition-ecologique/
d2aed755-70c9-4f2e-96b3-a47af8254ade,"ABC Castelnaudary",Castelnaudary,Commune,Castelnaudary,11076,2021,Vrai,"En cours de réalisation",
86f21983-4281-452f-8f48-b95313551d8c,"ABC Cazouls D'Herault",Cazouls-d'Hérault,Commune,Cazouls-d'Hérault,34068,2017,Vrai,Fini,
0ba3a535-9a10-4338-845e-d38396af7b05,"ABC CC Picardie Verte","CC de la Picardie Verte","Etablissement public de coopération intercommunale (EPCI)",Formerie,60245,2022,Vrai,"En phase de lancement",
a87dae5b-4f67-486b-8c94-6f0de5479f99,"ABC Cieutat",Cieutat,Commune,Cieutat,65147,2010,Faux,Inconnu,
2e1ec10f-a830-4679-aa04-f14e9cbc85e6,"ABC Communauté agglomération Paris Vallée de la Marne","CA Paris - Vallée de la Marne","Etablissement public de coopération intercommunale (EPCI)",Torcy,77468,,Vrai,"En phase de lancement",
2e1ec10f-a830-4679-aa04-f14e9cbc85e6,"ABC Communauté agglomération Paris Vallée de la Marne","CA Paris - Vallée de la Marne","Etablissement public de coopération intercommunale (EPCI)",Chelles,60145,,Vrai,"En phase de lancement",
2e1ec10f-a830-4679-aa04-f14e9cbc85e6,"ABC Communauté agglomération Paris Vallée de la Marne","CA Paris - Vallée de la Marne","Etablissement public de coopération intercommunale (EPCI)",Pontault-Combault,77373,,Vrai,"En phase de lancement",
2e1ec10f-a830-4679-aa04-f14e9cbc85e6,"ABC Communauté agglomération Paris Vallée de la Marne","CA Paris - Vallée de la Marne","Etablissement public de coopération intercommunale (EPCI)",Champs-sur-Marne,77083,,Vrai,"En phase de lancement",
2e1ec10f-a830-4679-aa04-f14e9cbc85e6,"ABC Communauté agglomération Paris Vallée de la Marne","CA Paris - Vallée de la Marne","Etablissement public de coopération intercommunale (EPCI)",Roissy-en-Brie,77390,,Vrai,"En phase de lancement",
2e1ec10f-a830-4679-aa04-f14e9cbc85e6,"ABC Communauté agglomération Paris Vallée de la Marne","CA Paris - Vallée de la Marne","Etablissement public de coopération intercommunale (EPCI)",Noisiel,77337,,Vrai,"En phase de lancement",
2e1ec10f-a830-4679-aa04-f14e9cbc85e6,"ABC Communauté agglomération Paris Vallée de la Marne","CA Paris - Vallée de la Marne","Etablissement public de coopération intercommunale (EPCI)",Lognes,77258,,Vrai,"En phase de lancement",
2e1ec10f-a830-4679-aa04-f14e9cbc85e6,"ABC Communauté agglomération Paris Vallée de la Marne","CA Paris - Vallée de la Marne","Etablissement public de coopération intercommunale (EPCI)",Vaires-sur-Marne,77479,,Vrai,"En phase de lancement",
2e1ec10f-a830-4679-aa04-f14e9cbc85e6,"ABC Communauté agglomération Paris Vallée de la Marne","CA Paris - Vallée de la Marne","Etablissement public de coopération intercommunale (EPCI)",Émerainville,77169,,Vrai,"En phase de lancement",
2e1ec10f-a830-4679-aa04-f14e9cbc85e6,"ABC Communauté agglomération Paris Vallée de la Marne","CA Paris - Vallée de la Marne","Etablissement public de coopération intercommunale (EPCI)",Courtry,77139,,Vrai,"En phase de lancement",
2e1ec10f-a830-4679-aa04-f14e9cbc85e6,"ABC Communauté agglomération Paris Vallée de la Marne","CA Paris - Vallée de la Marne","Etablissement public de coopération intercommunale (EPCI)",Brou-sur-Chantereine,77055,,Vrai,"En phase de lancement",
2e1ec10f-a830-4679-aa04-f14e9cbc85e6,"ABC Communauté agglomération Paris Vallée de la Marne","CA Paris - Vallée de la Marne","Etablissement public de coopération intercommunale (EPCI)",Croissy-Beaubourg,77146,,Vrai,"En phase de lancement",
50d3ee55-e6a2-4972-a18f-ce98923aff07,"ABC Congénies",Congénies,Commune,Congénies,30091,2021,Vrai,"En cours de réalisation",https://www.congenies.fr/atlas-de-la-biodiversite-communale/
a3abc64c-1bfb-41e3-a00c-6d4f9efda030,"ABC Cœur de Nacre","CC Coeur de Nacre","Etablissement public de coopération intercommunale (EPCI)",Anisy,14015,2021,Vrai,"En cours de réalisation",https://www.coeurdenacre.fr/biodiversite_c2n.html
a3abc64c-1bfb-41e3-a00c-6d4f9efda030,"ABC Cœur de Nacre","CC Coeur de Nacre","Etablissement public de coopération intercommunale (EPCI)",Basly,14044,2021,Vrai,"En cours de réalisation",https://www.coeurdenacre.fr/biodiversite_c2n.html
a3abc64c-1bfb-41e3-a00c-6d4f9efda030,"ABC Cœur de Nacre","CC Coeur de Nacre","Etablissement public de coopération intercommunale (EPCI)",Bernières-sur-Mer,14066,2021,Vrai,"En cours de réalisation",https://www.coeurdenacre.fr/biodiversite_c2n.html
a3abc64c-1bfb-41e3-a00c-6d4f9efda030,"ABC Cœur de Nacre","CC Coeur de Nacre","Etablissement public de coopération intercommunale (EPCI)",Colomby-Anguerny,14014,2021,Vrai,"En cours de réalisation",https://www.coeurdenacre.fr/biodiversite_c2n.html
a3abc64c-1bfb-41e3-a00c-6d4f9efda030,"ABC Cœur de Nacre","CC Coeur de Nacre","Etablissement public de coopération intercommunale (EPCI)",Courseulles-sur-Mer,14191,2021,Vrai,"En cours de réalisation",https://www.coeurdenacre.fr/biodiversite_c2n.html
a3abc64c-1bfb-41e3-a00c-6d4f9efda030,"ABC Cœur de Nacre","CC Coeur de Nacre","Etablissement public de coopération intercommunale (EPCI)",Cresserons,14197,2021,Vrai,"En cours de réalisation",https://www.coeurdenacre.fr/biodiversite_c2n.html
a3abc64c-1bfb-41e3-a00c-6d4f9efda030,"ABC Cœur de Nacre","CC Coeur de Nacre","Etablissement public de coopération intercommunale (EPCI)",Douvres-la-Délivrande,14228,2021,Vrai,"En cours de réalisation",https://www.coeurdenacre.fr/biodiversite_c2n.html
a3abc64c-1bfb-41e3-a00c-6d4f9efda030,"ABC Cœur de Nacre","CC Coeur de Nacre","Etablissement public de coopération intercommunale (EPCI)",Langrune-sur-Mer,14354,2021,Vrai,"En cours de réalisation",https://www.coeurdenacre.fr/biodiversite_c2n.html
a3abc64c-1bfb-41e3-a00c-6d4f9efda030,"ABC Cœur de Nacre","CC Coeur de Nacre","Etablissement public de coopération intercommunale (EPCI)",Luc-sur-Mer,14384,2021,Vrai,"En cours de réalisation",https://www.coeurdenacre.fr/biodiversite_c2n.html
a3abc64c-1bfb-41e3-a00c-6d4f9efda030,"ABC Cœur de Nacre","CC Coeur de Nacre","Etablissement public de coopération intercommunale (EPCI)",Plumetot,14509,2021,Vrai,"En cours de réalisation",https://www.coeurdenacre.fr/biodiversite_c2n.html
a3abc64c-1bfb-41e3-a00c-6d4f9efda030,"ABC Cœur de Nacre","CC Coeur de Nacre","Etablissement public de coopération intercommunale (EPCI)",Reviers,14535,2021,Vrai,"En cours de réalisation",https://www.coeurdenacre.fr/biodiversite_c2n.html
a3abc64c-1bfb-41e3-a00c-6d4f9efda030,"ABC Cœur de Nacre","CC Coeur de Nacre","Etablissement public de coopération intercommunale (EPCI)",Saint-Aubin-sur-Mer,14562,2021,Vrai,"En cours de réalisation",https://www.coeurdenacre.fr/biodiversite_c2n.html
5f92d452-caab-4a44-aefa-578944f6d12e,"ABC Cœur Et Coteaux Du Comminges (ComCom)","CC Coeur et Coteaux du Comminges","Etablissement public de coopération intercommunale (EPCI)",Blajan,31070,2017,Vrai,Fini,
5f92d452-caab-4a44-aefa-578944f6d12e,"ABC Cœur Et Coteaux Du Comminges (ComCom)","CC Coeur et Coteaux du Comminges","Etablissement public de coopération intercommunale (EPCI)",Lespugue,31295,2017,Vrai,Fini,
5f92d452-caab-4a44-aefa-578944f6d12e,"ABC Cœur Et Coteaux Du Comminges (ComCom)","CC Coeur et Coteaux du Comminges","Etablissement public de coopération intercommunale (EPCI)",Montmaurin,31385,2017,Vrai,Fini,
69f59c6a-cd53-40c4-ba50-c86d93ccda38,"ABC D (D comme Dieulefit)",Dieulefit,Commune,Dieulefit,26114,2019,Vrai,"En cours de réalisation",https://abcdieulefit.forumactif.com/
f1641aa0-d0ba-4d17-b542-36da5590bd66,"ABC d'Aboncourt",Aboncourt,Commune,Aboncourt,54003,2010,Faux,Inconnu,
2f5ab697-c300-47d1-8802-79980ada20d4,"ABC d'Afa",Afa,Commune,Afa,2A001,2012,Faux,Inconnu,
03db0765-cb13-40f5-8a59-54a15cb290ba,"ABC d'Aix en Provence",Aix-en-Provence,Commune,Aix-en-Provence,13001,2021,Vrai,"En cours de réalisation",
e794ab87-7ca1-4495-b6bd-b1dfd9cee1d1,"ABC d'Ajaccio",Ajaccio,Commune,Ajaccio,2A004,2012,Faux,Inconnu,
04d9cd0a-5408-4436-b2d8-4b35582f61f4,"ABC d'Alata",Alata,Commune,Alata,2A006,2012,Faux,Inconnu,
3417a70a-83ea-48df-83a0-c633e8341933,"ABC d'Alençon",Alençon,Commune,Alençon,61001,2022,Vrai,"En phase de lancement",
1f2c73e2-0a99-4e0a-bd24-3d51c114705c,"ABC d'Algajola",Algajola,Commune,Algajola,2B010,2012,Faux,Inconnu,
4be997dc-2bef-4bc2-af24-dddc7c122930,"ABC d'Allain",Allain,Commune,Allain,54008,2010,Faux,Inconnu,
2f7d07a6-a0ad-48fe-a453-8514a89e65ed,"ABC d'Allamps",Allamps,Commune,Allamps,54010,2010,Faux,Inconnu,
7b0b5f3f-a27b-4b33-a1e3-8fa86058cb0a,"ABC d'Alleins",Alleins,Commune,Alleins,13003,2022,Vrai,"En cours de réalisation",
c8542212-5f41-4586-9dd2-5ee2139b57c6,"ABC d'Ambérieu-en-Bugey",Ambérieu-en-Bugey,Commune,Ambérieu-en-Bugey,01004,2014,Faux,Fini,
3a492d44-4b82-45e4-ade6-63a8c45807f9,"ABC d'Amfroipret",Amfroipret,Commune,Amfroipret,59006,2010,Faux,Inconnu,
a81a79f6-ea66-4020-9293-dafa325c5985,"ABC d'Anché",,"Etablissement public de coopération intercommunale (EPCI)",Anché,37004,2018,Faux,Fini,https://www.chinon-vienne-loire.fr/entreprendre/environnement/atlas-de-la-biodiversite/
38de524f-13b0-4c13-acf3-23a8b13447bc,"ABC d'Andaine-Passais (PNR Normandie-Maine)",Normandie-Maine,"Parc naturel régional",Mantilly,61248,2018,Vrai,Fini,https://www.parc-naturel-normandie-maine.fr/actualite/clap-de-fin-pour-l_abc-andaine-passais_491.ht…
38de524f-13b0-4c13-acf3-23a8b13447bc,"ABC d'Andaine-Passais (PNR Normandie-Maine)",Normandie-Maine,"Parc naturel régional","Passais Villages",61324,2018,Vrai,Fini,https://www.parc-naturel-normandie-maine.fr/actualite/clap-de-fin-pour-l_abc-andaine-passais_491.ht…
38de524f-13b0-4c13-acf3-23a8b13447bc,"ABC d'Andaine-Passais (PNR Normandie-Maine)",Normandie-Maine,"Parc naturel régional","Rives d'Andaine",61096,2018,Vrai,Fini,https://www.parc-naturel-normandie-maine.fr/actualite/clap-de-fin-pour-l_abc-andaine-passais_491.ht…
38de524f-13b0-4c13-acf3-23a8b13447bc,"ABC d'Andaine-Passais (PNR Normandie-Maine)",Normandie-Maine,"Parc naturel régional",Saint-Mars-d'Égrenne,61421,2018,Vrai,Fini,https://www.parc-naturel-normandie-maine.fr/actualite/clap-de-fin-pour-l_abc-andaine-passais_491.ht…
38de524f-13b0-4c13-acf3-23a8b13447bc,"ABC d'Andaine-Passais (PNR Normandie-Maine)",Normandie-Maine,"Parc naturel régional",Saint-Roch-sur-Égrenne,61452,2018,Vrai,Fini,https://www.parc-naturel-normandie-maine.fr/actualite/clap-de-fin-pour-l_abc-andaine-passais_491.ht…
da0822b3-805d-4bf4-bfef-12dee78fabbf,"ABC d'Angoulême",Angoulême,Commune,Angoulême,16015,2013,Faux,Inconnu,
a240faeb-25c3-453a-b6f2-4bec6b559aa7,"ABC d'Anost",Anost,Commune,Anost,71009,2016,Faux,Inconnu,
8d8f9cf8-fa12-41a6-bcb3-e0ccfb8ecee1,"ABC d'Antibes",Antibes,Commune,Antibes,06004,2022,Vrai,"En cours de réalisation",
bd1b193b-92b7-41e6-a7ee-3713567d3262,"ABC d'Appietto",Appietto,Commune,Appietto,2A017,2012,Faux,Inconnu,
902ae91b-db64-4f19-bb66-14934a9eabfb,"ABC d'Aregno",Aregno,Commune,Aregno,2B020,2012,Faux,Inconnu,
796d396e-8631-4b36-b8cb-e40822a67289,"ABC d'Argentan",Argentan,Commune,Argentan,61006,2022,Vrai,"En phase de lancement",
2ae23879-8918-4ba3-bbb4-ba769b5f4eac,"ABC d'Arles",Arles,Commune,Arles,13004,2018,Vrai,Fini,https://www.ville-arles.fr/environnement/biodiversite/atlas-de-la-biodiversite-communale/presentati…
00e68f90-5e00-4712-bef2-0bb107b8c024,"ABC d'Aroffe",Aroffe,Commune,Aroffe,88013,2010,Faux,Inconnu,
8d8d81a5-8df4-48f3-9a2d-b5cd5bbe32ae,"ABC d'Arradon",Arradon,Commune,Arradon,56003,2010,Faux,Inconnu,
e97dd918-4f13-4d76-99f2-fe81f81439a9,"ABC d'Artemare",Artemare,Commune,Artemare,01022,2014,Faux,Fini,
382cec7c-1dfe-46fc-81c0-817e11b8536a,"ABC d'Assat",Assat,Commune,Assat,64067,2015,Faux,Inconnu,
08bd9233-743d-4e6c-a6c7-e70563eca9db,"ABC d'Auntun",Autun,Commune,Autun,71014,2021,Vrai,"En cours de réalisation",
e43b950e-ea7b-451c-8e0a-d73363a4cb64,"ABC d'Aurec-sur-Loire",Aurec-sur-Loire,Commune,Aurec-sur-Loire,43012,2021,Vrai,"En cours de réalisation",
68fb3cbe-a769-4abf-9f73-d41136497c73,"ABC d'Aurillac",Aurillac,Commune,Aurillac,15014,2018,Faux,Fini,http://www.aurillac.fr/atlas-biodiversite-aurillac/
839680fa-ffda-4d7a-a2d7-3418af18dc59,"ABC d'Auxi-le-Château",Auxi-le-Château,Commune,Auxi-le-Château,62060,2010,Faux,Inconnu,http://cpieauthie.wix.com/abc#!atlas
b8dab8e2-3903-4f4d-92c4-e77e11d2be55,"ABC d'Avapessa",Avapessa,Commune,Avapessa,2B025,2012,Faux,Inconnu,
01c2cb9e-cf8b-4efa-96ec-edcca5f4c65f,"ABC d'Avignon",Avignon,Commune,Avignon,84007,2017,Faux,Fini,
bf684c2b-4d9d-4189-ae5b-fa946cb611bb,"ABC d'Avoine",Avoine,"Etablissement public de coopération intercommunale (EPCI)",Avoine,37011,2014,Faux,Fini,https://www.chinon-vienne-loire.fr/entreprendre/environnement/atlas-de-la-biodiversite/
2b4cdf93-44f9-4067-9514-9817692380bd,"ABC d'Ayrens",Ayrens,Commune,Ayrens,15016,2012,Faux,Fini,https://fr.calameo.com/books/0005096677df2389a9c1f
2fddb2da-c58b-4b01-a9be-53468ded16e4,"ABC d'Ecully",Écully,Commune,Écully,69081,2021,Vrai,"En cours de réalisation",
5ae6d9a5-3cea-48fa-8303-dd08ecc4a88d,"ABC d'Embrun",Embrun,Commune,Embrun,05046,2018,Vrai,Fini,http://www.ville-embrun.fr/annuaire/atlas-biodiversite-communale
cf5019ae-cb5a-45e0-ae1d-c9bef6c49ef4,"ABC d'Ensuès-La-Redonne",Ensuès-la-Redonne,Commune,Ensuès-la-Redonne,13033,2022,Vrai,"En cours de réalisation",
3da13b49-e0cb-49c4-926b-c79fbc9f9549,"ABC d'Epeigné-les-Bois",Épeigné-les-Bois,Commune,Épeigné-les-Bois,37100,2021,Faux,"En cours de réalisation",
1ff73f43-0086-4b3f-866e-9c6914c68cc3,"ABC d'Epuisay",,,Épuisay,41078,2020,Faux,"En cours de réalisation",
cc6228be-5281-4018-b79e-5808771641f7,"ABC d'Erdre-en-Anjou",Erdre-en-Anjou,Commune,Erdre-en-Anjou,49367,2018,Vrai,"En cours de réalisation",
17fa63d2-b513-4278-a238-c11f7389b285,"ABC d'Eringhem",Eringhem,Commune,Eringhem,59200,2021,Vrai,"En phase de lancement",
311dcc33-6e06-4065-bd6e-7e5c58be34de,"ABC d'Esserval-Tartre",Esserval-Tartre,Commune,Esserval-Tartre,39214,2010,Faux,Inconnu,
a279409f-e823-42a6-bcae-6b26e804a9d3,"ABC d'Essigny-le-Petit",Essigny-le-Petit,Commune,Essigny-le-Petit,02288,2012,Faux,Inconnu,
d112b929-dd55-44ef-8a15-625dc047f9d1,"ABC d'Etain",Étain,Commune,Étain,55181,2021,Vrai,"En cours de réalisation",
341d600e-ce14-455a-989e-430a58de546f,"ABC d'Etaples-Sur-Mer",Étaples,Commune,Étaples,62318,2019,Vrai,"En cours de réalisation",
9d0d5226-b275-4509-b07d-10ae1153043a,"ABC d'Étreux",Étreux,Commune,Étreux,02298,2010,Faux,Inconnu,
fd51a7a7-eadb-494a-8f66-958345ee21a1,"ABC d'Etsaut ",Etsaut,Commune,Etsaut,64223,2017,Vrai,"En cours de réalisation",
f27a29fe-8a8a-4c6f-b0f2-b950638ad12b,"ABC d'Evisa",Évisa,Commune,Évisa,2A108,2022,Vrai,"En cours de réalisation",
604cf0c0-d53f-460a-b1b5-7ae3cfb6c8e4,"ABC d'Ézanville",Ézanville,Commune,Ézanville,95229,2010,Faux,Inconnu,
107453bb-0885-4158-8660-ccf029d1aefe,"ABC d'Hannapes",Hannapes,Commune,Hannapes,02366,2010,Faux,Inconnu,
ed4464e8-c1d0-4b75-a119-7e648c7dd06e,"ABC d'Harly",Harly,Commune,Harly,02371,2012,Faux,Inconnu,
965c6e8e-2a50-4b07-9bae-27b1a14d8f8b,"ABC d'Haubourdin",Haubourdin,Commune,Haubourdin,59286,2010,Faux,Inconnu,
90bc29d8-7d99-49fd-807e-89e09b4755db,"ABC d'Haussimont",Haussimont,Commune,Haussimont,51285,2010,Faux,Inconnu,
68ff0e8d-3ac9-4bb8-b850-ff4c552b63b7,"ABC d'Homblières",Homblières,Commune,Homblières,02383,2012,Faux,Inconnu,
a06290ee-61be-473d-94d0-c4f3f1bcb224,"ABC d'Occhiatana",Occhiatana,Commune,Occhiatana,2B182,2012,Faux,Inconnu,
cff8a939-5b7c-4678-8c61-f95c46d25172,"ABC d'Occoches",Occoches,Commune,Occoches,80602,2017,Faux,"En cours de réalisation",
4a60b518-c34b-4d58-9cc7-3bd3336b561e,"ABC d'Ochey",Ochey,Commune,Ochey,54405,2010,Faux,Inconnu,
7d348d51-b6a0-4889-863f-9d23f2c6308b,"ABC d'Oisy",Oisy,Commune,Oisy,02569,2010,Faux,Inconnu,
0e06b55a-1e8b-4edc-956f-ba8a8d2ee446,"ABC d'Olmi-Cappella",Olmi-Cappella,Commune,Olmi-Cappella,2B190,2012,Faux,Inconnu,
8dec9582-4286-40ed-a629-a20a87477551,"ABC d'Omissy",Omissy,Commune,Omissy,02571,2012,Faux,Inconnu,
ef651e53-637a-45fb-bbc7-680ac1800dad,"ABC d'Ondres",Ondres,Commune,Ondres,40209,2010,Faux,Inconnu,
7a43e6e2-1867-4385-9916-aeb74c2701d1,"ABC d'Orléans Métropole","Orléans Métropole","Etablissement public de coopération intercommunale (EPCI)",Boigny-sur-Bionne,45034,2018,Vrai,"En cours de réalisation",
7a43e6e2-1867-4385-9916-aeb74c2701d1,"ABC d'Orléans Métropole","Orléans Métropole","Etablissement public de coopération intercommunale (EPCI)",Fleury-les-Aubrais,45147,2018,Vrai,"En cours de réalisation",
7a43e6e2-1867-4385-9916-aeb74c2701d1,"ABC d'Orléans Métropole","Orléans Métropole","Etablissement public de coopération intercommunale (EPCI)",Mardié,45194,2018,Vrai,"En cours de réalisation",
7a43e6e2-1867-4385-9916-aeb74c2701d1,"ABC d'Orléans Métropole","Orléans Métropole","Etablissement public de coopération intercommunale (EPCI)",Marigny-les-Usages,45197,2018,Vrai,"En cours de réalisation",
7a43e6e2-1867-4385-9916-aeb74c2701d1,"ABC d'Orléans Métropole","Orléans Métropole","Etablissement public de coopération intercommunale (EPCI)",Saint-Cyr-en-Val,45272,2018,Vrai,"En cours de réalisation",
464470c1-2127-40e7-b5a4-526606b0e338,"ABC d'Orly",,,Orly,94054,2021,Vrai,"En cours de réalisation",
003501a7-33ea-41c9-b1b7-fbf01e26f631,"ABC d'Orly",Orly,Commune,Orly,94054,2021,Faux,"En phase de lancement",
25e894e9-43db-4dc3-8f4a-978ba064d18a,"ABC d'Orx",Orx,Commune,Orx,40213,2021,Vrai,"En cours de réalisation",
024a5dac-6852-4b8d-b064-0077b04c80e2,"ABC d'Osny",Osny,Commune,Osny,95476,2021,Vrai,"En cours de réalisation",
2e9c7002-13a7-40f3-bca7-5850ccf7e8b6,"ABC d'Outrebois",Outrebois,Commune,Outrebois,80614,2017,Faux,"En cours de réalisation",
fd78993a-cbae-4880-b0ef-c6f1059316c9,"ABC d'Ury",Ury,Commune,Ury,77477,2021,Vrai,"En cours de réalisation",
d770f5fe-0d46-4a30-b7c9-884c2ac6e13b,"ABC d'Uvernet-Fours",Uvernet-Fours,Commune,Uvernet-Fours,04226,2017,Vrai,Fini,http://www.mercantour-parcnational.fr/fr/des-connaissances/lacquisition-et-le-partage-de-la-connais…
2a60599f-5f90-42a3-9f53-8cde9c247d14,"ABC d'Ytrac",Ytrac,Commune,Ytrac,15267,2012,Faux,Fini,https://www.cpie15.com/point-info-biodiversit%C3%A9-et-sciences-participatives/atlas-de-la-biodiver…
2b8aecae-b17d-4425-84fd-9cfaddc6ac81,"ABC de Aillant-sur-Milleron",Aillant-sur-Milleron,Commune,Aillant-sur-Milleron,45002,2021,Faux,"En cours de réalisation",
92ae93d4-99f2-4054-8d1e-3c3f3ee2b591,"ABC de Ardon",Ardon,Commune,Ardon,45006,2021,Faux,"En cours de réalisation",
1505febf-d35f-41d0-bde9-f894a3ec5d83,"ABC de Arzal",,Commune,Arzal,56004,2022,Vrai,"En phase de lancement",
b8ea9b83-7a4f-4c3d-bfa5-01f76a8db3b9,"ABC de Aubigny-sur-Nère",Aubigny-sur-Nère,Commune,Aubigny-sur-Nère,18015,2021,Faux,"En cours de réalisation",
995354b7-6229-4658-ba23-a5617dc5ab7d,"ABC de Bagneux",Bagneux,Commune,Bagneux,54041,2010,Faux,Inconnu,
064961ad-5b96-4aa3-b231-b1ec88ecb2fc,"ABC de Ballan Miré",Ballan-Miré,Commune,Ballan-Miré,37018,2022,Vrai,"En cours de réalisation",
3fa63833-945c-4f82-9086-205effe4873f,"ABC de Barisey-au-Plain",Barisey-au-Plain,Commune,Barisey-au-Plain,54046,2010,Faux,Inconnu,
2def5b7e-18e9-47a0-8b10-f584c0eb88e3,"ABC de Barisey-la-Côte",Barisey-la-Côte,Commune,Barisey-la-Côte,54047,2010,Faux,Inconnu,
f5540ac8-ff3f-4fda-8c4d-8126038b131a,"ABC de Barly",Barly,Commune,Barly,80055,2017,Faux,"En cours de réalisation",
f23a447a-8165-48f7-a74b-5a17f861bbbe,"ABC de Bassou",Bassou,Commune,Bassou,89029,2020,Vrai,"En cours de réalisation",
83a28d81-43d4-4e4d-9d8c-3ce5a1f56737,"ABC de Bastia",Bastia,Commune,Bastia,2B033,2017,Vrai,Fini,
d41273cb-9568-4405-8181-cfb82e596c37,"ABC de Battigny",Battigny,Commune,Battigny,54052,2010,Faux,Inconnu,
cecc4086-1478-4134-91ac-2b1003873630,"ABC de Bavent",Bavent,Commune,Bavent,14046,2010,Faux,Inconnu,
e2f09b03-7795-4156-a0cc-25d000f5da74,"ABC de Bazancourt",Bazancourt,Commune,Bazancourt,51043,2020,Vrai,"En cours de réalisation",
8719287d-92f8-4fd4-947f-4837dd7c16f6,"ABC de Beaumont-en-Véron",Beaumont-en-Véron,"Etablissement public de coopération intercommunale (EPCI)",Beaumont-en-Véron,37022,2014,Faux,Fini,https://www.chinon-vienne-loire.fr/entreprendre/environnement/atlas-de-la-biodiversite/
676a4728-288a-498a-a39f-d1b63170c7cd,"ABC de Beaupreau-En-Mauges",Beaupréau-en-Mauges,Commune,Beaupréau-en-Mauges,49023,2021,Vrai,"En cours de réalisation",https://beaupreauenmauges.fr/vivre-a-beaupreau-en-mauges/environnement/biodiversite/152-beaupreau-e…
b2d8cd96-90bf-4e1b-9cba-44746aa41d53,"ABC de Beauvoir-Wavans",Beauvoir-Wavans,Commune,Beauvoir-Wavans,62881,2015,Faux,Inconnu,
eeded230-dcb3-4d5c-8ea7-5d20b82913b8,"ABC de Belgodère",Belgodère,Commune,Belgodère,2B034,2015,Faux,Fini,
ba14fd16-4492-4851-ae87-c3dfb9c21506,"ABC de Belleville en Beaujolais",Belleville-en-Beaujolais,Commune,Belleville-en-Beaujolais,69019,2021,Vrai,"En cours de réalisation",
bd50da98-ca3d-41ab-88a9-1258940ae510,"ABC de Bellignies",Bellignies,Commune,Bellignies,59065,2010,Faux,Inconnu,
6382f573-dd1d-4848-859d-0a0207a2e9fb,"ABC de Bergues",Bergues,Commune,Bergues,59067,2010,Faux,Fini,https://fr.calameo.com/read/006428622a52e35e7b4fc
f178082c-ef07-4674-bac2-9b5162114340,"ABC de Beuvezin",Beuvezin,Commune,Beuvezin,54068,2010,Faux,Inconnu,
ed453e50-8f7c-42bf-9894-4c75d3b54b34,"ABC de Beynes",Beynes,Commune,Beynes,78062,2021,Vrai,"En cours de réalisation",http://beynesentransition.fr/?cat=90
de301ded-5e28-42af-aff0-267767bb6f01,"ABC de Biarrotte",Biarrotte,Commune,Biarrotte,40042,2010,Faux,Inconnu,
67332df2-223b-41c4-8f06-56f936ea4ca2,"ABC de Biaudos",Biaudos,Commune,Biaudos,40044,2010,Faux,Inconnu,
c3131e76-4de7-4fcd-8c49-1006d03d7bb7,"ABC de Billère",Billère,Commune,Billère,64129,2010,Faux,Inconnu,
f0bb9e46-d688-4b59-932b-5c803834b24f,"ABC de Blénod-lès-Toul",Blénod-lès-Toul,Commune,Blénod-lès-Toul,54080,2010,Faux,Inconnu,
b15dd46b-47fb-41bf-ab75-1037cd72f89e,"ABC de Bois-le-Roi",Bois-le-Roi,Commune,Bois-le-Roi,77037,2021,Vrai,"En cours de réalisation",https://www.ville-boisleroi.fr/vivre-bois-le-roi/environnement-et-cadre-de-vie/atlas-de-la-biodiver…
110b87bb-2be4-4684-8ee5-aee2d29e81c6,"ABC de Bonifacio",Bonifacio,Commune,Bonifacio,2A041,2012,Faux,Inconnu,
a87a2d79-1811-4c4f-9b7a-a0ca48250e9d,"ABC de Bonnières",Bonnières,Commune,Bonnières,62154,2013,Faux,Inconnu,
317ac02d-69c5-46fa-9501-353f659f9cfa,"ABC de Boquého",,Commune,Boqueho,22011,2022,Vrai,"En phase de lancement",
351c02a5-8e8d-4fee-ad10-522810976b9d,"ABC de Bordeaux Métropole","Bordeaux Métropole","Etablissement public de coopération intercommunale (EPCI)",Ambarès-et-Lagrave,33003,2010,Faux,Fini,
6d062e92-340b-4d58-ac4a-c0e0b38f75b5,"ABC de Bou","Orléans Métropole Bou","Etablissement public de coopération intercommunale (EPCI)",Bou,45043,2022,Faux,"En cours de réalisation",
8a67a07f-33a3-43a5-b3a9-253765b73204,"ABC de Bouchemaine",Bouchemaine,Commune,Bouchemaine,49035,2010,Faux,Inconnu,
18da0007-e8c1-44d4-b48e-3585194a2475,"ABC de Bouillante","Bouillante Parc national de la Guadeloupe","Parc national",Bouillante,97106,2010,Faux,Fini,http://webissimo.developpement-durable.gouv.fr/IMG/pdf/ABC_Bouillante_version_internet_cle67ff65.pdf
a20bd11a-365d-4fa0-98f4-32848d780f3c,"ABC de Boussay",Boussay,Commune,Boussay,44022,2022,Vrai,"En phase de lancement",
db4d6e5b-5ca4-4047-b022-454932765787,"ABC de Bouvron",Bouvron,Commune,Bouvron,44023,2021,Vrai,"En cours de réalisation",https://www.bouvron.eu/vie-pratique/environnement/biodiversite/abc/
2cbec886-2818-42e2-bc65-00d7784b86fb,"ABC de Brest Métropole","Brest Métropole","Etablissement public de coopération intercommunale (EPCI)",Bohars,29011,2017,Vrai,Fini,https://www.brest.fr/agir-pour-l-environnement/milieux-naturels-et-biodiversite/plan-biodiversite-e…
2cbec886-2818-42e2-bc65-00d7784b86fb,"ABC de Brest Métropole","Brest Métropole","Etablissement public de coopération intercommunale (EPCI)",Brest,29019,2017,Vrai,Fini,https://www.brest.fr/agir-pour-l-environnement/milieux-naturels-et-biodiversite/plan-biodiversite-e…
2cbec886-2818-42e2-bc65-00d7784b86fb,"ABC de Brest Métropole","Brest Métropole","Etablissement public de coopération intercommunale (EPCI)",Gouesnou,29061,2017,Vrai,Fini,https://www.brest.fr/agir-pour-l-environnement/milieux-naturels-et-biodiversite/plan-biodiversite-e…
2cbec886-2818-42e2-bc65-00d7784b86fb,"ABC de Brest Métropole","Brest Métropole","Etablissement public de coopération intercommunale (EPCI)",Guilers,29069,2017,Vrai,Fini,https://www.brest.fr/agir-pour-l-environnement/milieux-naturels-et-biodiversite/plan-biodiversite-e…
2cbec886-2818-42e2-bc65-00d7784b86fb,"ABC de Brest Métropole","Brest Métropole","Etablissement public de coopération intercommunale (EPCI)",Guipavas,29075,2017,Vrai,Fini,https://www.brest.fr/agir-pour-l-environnement/milieux-naturels-et-biodiversite/plan-biodiversite-e…
2cbec886-2818-42e2-bc65-00d7784b86fb,"ABC de Brest Métropole","Brest Métropole","Etablissement public de coopération intercommunale (EPCI)","Le Relecq-Kerhuon",29235,2017,Vrai,Fini,https://www.brest.fr/agir-pour-l-environnement/milieux-naturels-et-biodiversite/plan-biodiversite-e…
2cbec886-2818-42e2-bc65-00d7784b86fb,"ABC de Brest Métropole","Brest Métropole","Etablissement public de coopération intercommunale (EPCI)",Plougastel-Daoulas,29189,2017,Vrai,Fini,https://www.brest.fr/agir-pour-l-environnement/milieux-naturels-et-biodiversite/plan-biodiversite-e…
2cbec886-2818-42e2-bc65-00d7784b86fb,"ABC de Brest Métropole","Brest Métropole","Etablissement public de coopération intercommunale (EPCI)",Plouzané,29212,2017,Vrai,Fini,https://www.brest.fr/agir-pour-l-environnement/milieux-naturels-et-biodiversite/plan-biodiversite-e…
226fdee2-2dc4-4c62-8165-bd01a22e10da,"ABC de Briançon",Briançon,Commune,Briançon,05023,2013,Faux,Fini,https://paca.lpo.fr/etudes/connaissance/atlas-de-la-biodiversite-communale/abc-des-hautes-alpes/bri…
864a59d1-396c-4d13-9d83-a1a0a2323b56,"ABC de Brocéliande","CC de Brocéliande","Etablissement public de coopération intercommunale (EPCI)",Bréal-sous-Montfort,35037,2019,Faux,"En cours de réalisation",
864a59d1-396c-4d13-9d83-a1a0a2323b56,"ABC de Brocéliande","CC de Brocéliande","Etablissement public de coopération intercommunale (EPCI)",Maxent,35169,2019,Faux,"En cours de réalisation",
864a59d1-396c-4d13-9d83-a1a0a2323b56,"ABC de Brocéliande","CC de Brocéliande","Etablissement public de coopération intercommunale (EPCI)",Monterfil,35187,2019,Faux,"En cours de réalisation",
864a59d1-396c-4d13-9d83-a1a0a2323b56,"ABC de Brocéliande","CC de Brocéliande","Etablissement public de coopération intercommunale (EPCI)",Paimpont,35211,2019,Faux,"En cours de réalisation",
864a59d1-396c-4d13-9d83-a1a0a2323b56,"ABC de Brocéliande","CC de Brocéliande","Etablissement public de coopération intercommunale (EPCI)",Plélan-le-Grand,35223,2019,Faux,"En cours de réalisation",
864a59d1-396c-4d13-9d83-a1a0a2323b56,"ABC de Brocéliande","CC de Brocéliande","Etablissement public de coopération intercommunale (EPCI)",Saint-Péran,35305,2019,Faux,"En cours de réalisation",
864a59d1-396c-4d13-9d83-a1a0a2323b56,"ABC de Brocéliande","CC de Brocéliande","Etablissement public de coopération intercommunale (EPCI)",Saint-Thurial,35319,2019,Faux,"En cours de réalisation",
864a59d1-396c-4d13-9d83-a1a0a2323b56,"ABC de Brocéliande","CC de Brocéliande","Etablissement public de coopération intercommunale (EPCI)",Treffendel,35340,2019,Faux,"En cours de réalisation",
41510c43-d5fd-4669-b402-0b45bf542de3,"ABC de Buire-au-Bois",Buire-au-Bois,Commune,Buire-au-Bois,62182,2010,Faux,Inconnu,http://cpieauthie.wix.com/abc#!atlas
b8019d38-8cca-46f1-961f-bc7655a4760f,"ABC de Bulligny",Bulligny,Commune,Bulligny,54105,2010,Faux,Inconnu,
9fb66e23-4414-4ce1-b657-5c7bf4d0ddd1,"ABC de CA Paris-Saclay","CA Communauté Paris-Saclay","Etablissement public de coopération intercommunale (EPCI)",Orsay,91471,2020,Vrai,"En cours de réalisation",
ce4335f9-d41f-4199-97ad-2a487b1012b5,"ABC de CA Saint-Brieuc Armor Agglomération","CA Saint-Brieuc Armor Agglomération","Etablissement public de coopération intercommunale (EPCI)",Binic-Étables-sur-Mer,22055,2022,Vrai,"En phase de lancement",
ce4335f9-d41f-4199-97ad-2a487b1012b5,"ABC de CA Saint-Brieuc Armor Agglomération","CA Saint-Brieuc Armor Agglomération","Etablissement public de coopération intercommunale (EPCI)",Hillion,22081,2022,Vrai,"En phase de lancement",
ce4335f9-d41f-4199-97ad-2a487b1012b5,"ABC de CA Saint-Brieuc Armor Agglomération","CA Saint-Brieuc Armor Agglomération","Etablissement public de coopération intercommunale (EPCI)","La Harmoye",22073,2022,Vrai,"En phase de lancement",
ce4335f9-d41f-4199-97ad-2a487b1012b5,"ABC de CA Saint-Brieuc Armor Agglomération","CA Saint-Brieuc Armor Agglomération","Etablissement public de coopération intercommunale (EPCI)","La Méaugon",22144,2022,Vrai,"En phase de lancement",
ce4335f9-d41f-4199-97ad-2a487b1012b5,"ABC de CA Saint-Brieuc Armor Agglomération","CA Saint-Brieuc Armor Agglomération","Etablissement public de coopération intercommunale (EPCI)",Lanfains,22099,2022,Vrai,"En phase de lancement",
ce4335f9-d41f-4199-97ad-2a487b1012b5,"ABC de CA Saint-Brieuc Armor Agglomération","CA Saint-Brieuc Armor Agglomération","Etablissement public de coopération intercommunale (EPCI)",Langueux,22106,2022,Vrai,"En phase de lancement",
ce4335f9-d41f-4199-97ad-2a487b1012b5,"ABC de CA Saint-Brieuc Armor Agglomération","CA Saint-Brieuc Armor Agglomération","Etablissement public de coopération intercommunale (EPCI)",Lantic,22117,2022,Vrai,"En phase de lancement",
ce4335f9-d41f-4199-97ad-2a487b1012b5,"ABC de CA Saint-Brieuc Armor Agglomération","CA Saint-Brieuc Armor Agglomération","Etablissement public de coopération intercommunale (EPCI)","Le Bodéo",22009,2022,Vrai,"En phase de lancement",
ce4335f9-d41f-4199-97ad-2a487b1012b5,"ABC de CA Saint-Brieuc Armor Agglomération","CA Saint-Brieuc Armor Agglomération","Etablissement public de coopération intercommunale (EPCI)","Le F½il",22059,2022,Vrai,"En phase de lancement",
ce4335f9-d41f-4199-97ad-2a487b1012b5,"ABC de CA Saint-Brieuc Armor Agglomération","CA Saint-Brieuc Armor Agglomération","Etablissement public de coopération intercommunale (EPCI)","Le Leslay",22126,2022,Vrai,"En phase de lancement",
ce4335f9-d41f-4199-97ad-2a487b1012b5,"ABC de CA Saint-Brieuc Armor Agglomération","CA Saint-Brieuc Armor Agglomération","Etablissement public de coopération intercommunale (EPCI)","Le Vieux-Bourg",22386,2022,Vrai,"En phase de lancement",
ce4335f9-d41f-4199-97ad-2a487b1012b5,"ABC de CA Saint-Brieuc Armor Agglomération","CA Saint-Brieuc Armor Agglomération","Etablissement public de coopération intercommunale (EPCI)",Plaine-Haute,22170,2022,Vrai,"En phase de lancement",
ce4335f9-d41f-4199-97ad-2a487b1012b5,"ABC de CA Saint-Brieuc Armor Agglomération","CA Saint-Brieuc Armor Agglomération","Etablissement public de coopération intercommunale (EPCI)",Plaintel,22171,2022,Vrai,"En phase de lancement",
ce4335f9-d41f-4199-97ad-2a487b1012b5,"ABC de CA Saint-Brieuc Armor Agglomération","CA Saint-Brieuc Armor Agglomération","Etablissement public de coopération intercommunale (EPCI)",Plédran,22176,2022,Vrai,"En phase de lancement",
ce4335f9-d41f-4199-97ad-2a487b1012b5,"ABC de CA Saint-Brieuc Armor Agglomération","CA Saint-Brieuc Armor Agglomération","Etablissement public de coopération intercommunale (EPCI)",Plérin,22187,2022,Vrai,"En phase de lancement",
ce4335f9-d41f-4199-97ad-2a487b1012b5,"ABC de CA Saint-Brieuc Armor Agglomération","CA Saint-Brieuc Armor Agglomération","Etablissement public de coopération intercommunale (EPCI)",Pl½uc-L'Hermitage,22203,2022,Vrai,"En phase de lancement",
ce4335f9-d41f-4199-97ad-2a487b1012b5,"ABC de CA Saint-Brieuc Armor Agglomération","CA Saint-Brieuc Armor Agglomération","Etablissement public de coopération intercommunale (EPCI)",Ploufragan,22215,2022,Vrai,"En phase de lancement",
ce4335f9-d41f-4199-97ad-2a487b1012b5,"ABC de CA Saint-Brieuc Armor Agglomération","CA Saint-Brieuc Armor Agglomération","Etablissement public de coopération intercommunale (EPCI)",Plourhan,22232,2022,Vrai,"En phase de lancement",
ce4335f9-d41f-4199-97ad-2a487b1012b5,"ABC de CA Saint-Brieuc Armor Agglomération","CA Saint-Brieuc Armor Agglomération","Etablissement public de coopération intercommunale (EPCI)",Pordic,22251,2022,Vrai,"En phase de lancement",
ce4335f9-d41f-4199-97ad-2a487b1012b5,"ABC de CA Saint-Brieuc Armor Agglomération","CA Saint-Brieuc Armor Agglomération","Etablissement public de coopération intercommunale (EPCI)",Quintin,22262,2022,Vrai,"En phase de lancement",
ce4335f9-d41f-4199-97ad-2a487b1012b5,"ABC de CA Saint-Brieuc Armor Agglomération","CA Saint-Brieuc Armor Agglomération","Etablissement public de coopération intercommunale (EPCI)",Saint-Bihy,22276,2022,Vrai,"En phase de lancement",
ce4335f9-d41f-4199-97ad-2a487b1012b5,"ABC de CA Saint-Brieuc Armor Agglomération","CA Saint-Brieuc Armor Agglomération","Etablissement public de coopération intercommunale (EPCI)",Saint-Brieuc,22278,2022,Vrai,"En phase de lancement",
ce4335f9-d41f-4199-97ad-2a487b1012b5,"ABC de CA Saint-Brieuc Armor Agglomération","CA Saint-Brieuc Armor Agglomération","Etablissement public de coopération intercommunale (EPCI)",Saint-Brandan,22277,2022,Vrai,"En phase de lancement",
ce4335f9-d41f-4199-97ad-2a487b1012b5,"ABC de CA Saint-Brieuc Armor Agglomération","CA Saint-Brieuc Armor Agglomération","Etablissement public de coopération intercommunale (EPCI)",Saint-Carreuc,22281,2022,Vrai,"En phase de lancement",
ce4335f9-d41f-4199-97ad-2a487b1012b5,"ABC de CA Saint-Brieuc Armor Agglomération","CA Saint-Brieuc Armor Agglomération","Etablissement public de coopération intercommunale (EPCI)",Saint-Donan,22287,2022,Vrai,"En phase de lancement",
ce4335f9-d41f-4199-97ad-2a487b1012b5,"ABC de CA Saint-Brieuc Armor Agglomération","CA Saint-Brieuc Armor Agglomération","Etablissement public de coopération intercommunale (EPCI)",Saint-Gildas,22291,2022,Vrai,"En phase de lancement",
ce4335f9-d41f-4199-97ad-2a487b1012b5,"ABC de CA Saint-Brieuc Armor Agglomération","CA Saint-Brieuc Armor Agglomération","Etablissement public de coopération intercommunale (EPCI)",Saint-Julien,22307,2022,Vrai,"En phase de lancement",
ce4335f9-d41f-4199-97ad-2a487b1012b5,"ABC de CA Saint-Brieuc Armor Agglomération","CA Saint-Brieuc Armor Agglomération","Etablissement public de coopération intercommunale (EPCI)",Saint-Quay-Portrieux,22325,2022,Vrai,"En phase de lancement",
ce4335f9-d41f-4199-97ad-2a487b1012b5,"ABC de CA Saint-Brieuc Armor Agglomération","CA Saint-Brieuc Armor Agglomération","Etablissement public de coopération intercommunale (EPCI)",Trégueux,22360,2022,Vrai,"En phase de lancement",
ce4335f9-d41f-4199-97ad-2a487b1012b5,"ABC de CA Saint-Brieuc Armor Agglomération","CA Saint-Brieuc Armor Agglomération","Etablissement public de coopération intercommunale (EPCI)",Trémuson,22372,2022,Vrai,"En phase de lancement",
ce4335f9-d41f-4199-97ad-2a487b1012b5,"ABC de CA Saint-Brieuc Armor Agglomération","CA Saint-Brieuc Armor Agglomération","Etablissement public de coopération intercommunale (EPCI)",Tréveneuc,22377,2022,Vrai,"En phase de lancement",
ce4335f9-d41f-4199-97ad-2a487b1012b5,"ABC de CA Saint-Brieuc Armor Agglomération","CA Saint-Brieuc Armor Agglomération","Etablissement public de coopération intercommunale (EPCI)",Yffiniac,22389,2022,Vrai,"En phase de lancement",
adb60472-80ab-4f81-accd-2aceaebd5a95,"ABC de Calenzana",Calenzana,Commune,Calenzana,2B049,2012,Faux,Inconnu,
0a33c103-428d-4ec8-af59-556bbd2b7a50,"ABC de Caligny",Caligny,Commune,Caligny,61070,2010,Faux,Inconnu,
cd2853e8-cc5e-4e16-9f4a-46affb9ddd3a,"ABC de Calvi",Calvi,Commune,Calvi,2B050,2012,Faux,Inconnu,
d252b9f5-8efa-4ceb-acc2-068c6625ad53,"ABC de Candes-Saint-Martin",Candes-Saint-Martin,Commune,Candes-Saint-Martin,37042,2015,Faux,Fini,https://www.chinon-vienne-loire.fr/entreprendre/environnement/atlas-de-la-biodiversite/
33a4a5a2-e5b2-4408-9656-b839d61b407a,"ABC de Cannes",Cannes,Commune,Cannes,06029,2010,Faux,Inconnu,
67673328-da8d-4580-aa49-c0fccc56853d,"ABC de Canteleu",Canteleu,Commune,Canteleu,76157,2021,Vrai,"En cours de réalisation",http://www.ville-canteleu.fr/Decouvrir-Canteleu/Territoire-engage-pour-la-transition-energetique/Le…
ebf63183-904e-4d5c-9079-df027181926a,"ABC de Carolles",Carolles,Commune,Carolles,50102,2021,Vrai,"En cours de réalisation",
da1fc16d-6ec2-46b9-ae61-c03f54b62714,"ABC de Castelmoron-d'Albret",Castelmoron-d'Albret,Commune,Castelmoron-d'Albret,33103,2010,Faux,Inconnu,
81e91f68-1ed7-453c-9cbe-467d85c3f94d,"ABC de Castres",Castres,Commune,Castres,02142,2012,Faux,Inconnu,
8c5639f7-2038-49f7-a550-e5f1e23559f1,"ABC de Cateri",Cateri,Commune,Cateri,2B084,2012,Faux,Inconnu,
35502d95-d6a7-44da-97c7-53d026dbd97f,"ABC de Caux Seine agglo","CA Caux Seine Agglo","Etablissement public de coopération intercommunale (EPCI)",Mirville,76439,2021,Vrai,"En cours de réalisation",https://www.cauxseine.fr/news.php?num=1358
35502d95-d6a7-44da-97c7-53d026dbd97f,"ABC de Caux Seine agglo","CA Caux Seine Agglo","Etablissement public de coopération intercommunale (EPCI)",Nointot,76468,2021,Vrai,"En cours de réalisation",https://www.cauxseine.fr/news.php?num=1358
35502d95-d6a7-44da-97c7-53d026dbd97f,"ABC de Caux Seine agglo","CA Caux Seine Agglo","Etablissement public de coopération intercommunale (EPCI)",Lanquetot,76382,2021,Vrai,"En cours de réalisation",https://www.cauxseine.fr/news.php?num=1358
35502d95-d6a7-44da-97c7-53d026dbd97f,"ABC de Caux Seine agglo","CA Caux Seine Agglo","Etablissement public de coopération intercommunale (EPCI)",Bolbec,76114,2021,Vrai,"En cours de réalisation",https://www.cauxseine.fr/news.php?num=1358
35502d95-d6a7-44da-97c7-53d026dbd97f,"ABC de Caux Seine agglo","CA Caux Seine Agglo","Etablissement public de coopération intercommunale (EPCI)",Saint-Jean-de-la-Neuville,76593,2021,Vrai,"En cours de réalisation",https://www.cauxseine.fr/news.php?num=1358
35502d95-d6a7-44da-97c7-53d026dbd97f,"ABC de Caux Seine agglo","CA Caux Seine Agglo","Etablissement public de coopération intercommunale (EPCI)",Saint-Eustache-la-Forêt,76576,2021,Vrai,"En cours de réalisation",https://www.cauxseine.fr/news.php?num=1358
35502d95-d6a7-44da-97c7-53d026dbd97f,"ABC de Caux Seine agglo","CA Caux Seine Agglo","Etablissement public de coopération intercommunale (EPCI)",Mélamare,76421,2021,Vrai,"En cours de réalisation",https://www.cauxseine.fr/news.php?num=1358
35502d95-d6a7-44da-97c7-53d026dbd97f,"ABC de Caux Seine agglo","CA Caux Seine Agglo","Etablissement public de coopération intercommunale (EPCI)",Saint-Antoine-la-Forêt,76556,2021,Vrai,"En cours de réalisation",https://www.cauxseine.fr/news.php?num=1358
35502d95-d6a7-44da-97c7-53d026dbd97f,"ABC de Caux Seine agglo","CA Caux Seine Agglo","Etablissement public de coopération intercommunale (EPCI)",Gruchet-le-Valasse,76329,2021,Vrai,"En cours de réalisation",https://www.cauxseine.fr/news.php?num=1358
35502d95-d6a7-44da-97c7-53d026dbd97f,"ABC de Caux Seine agglo","CA Caux Seine Agglo","Etablissement public de coopération intercommunale (EPCI)",Saint-Nicolas-de-la-Taille,76627,2021,Vrai,"En cours de réalisation",https://www.cauxseine.fr/news.php?num=1358
35502d95-d6a7-44da-97c7-53d026dbd97f,"ABC de Caux Seine agglo","CA Caux Seine Agglo","Etablissement public de coopération intercommunale (EPCI)",Lillebonne,76384,2021,Vrai,"En cours de réalisation",https://www.cauxseine.fr/news.php?num=1358
35502d95-d6a7-44da-97c7-53d026dbd97f,"ABC de Caux Seine agglo","CA Caux Seine Agglo","Etablissement public de coopération intercommunale (EPCI)","La Frénaye",76281,2021,Vrai,"En cours de réalisation",https://www.cauxseine.fr/news.php?num=1358
35502d95-d6a7-44da-97c7-53d026dbd97f,"ABC de Caux Seine agglo","CA Caux Seine Agglo","Etablissement public de coopération intercommunale (EPCI)",Tancarville,76684,2021,Vrai,"En cours de réalisation",https://www.cauxseine.fr/news.php?num=1358
35502d95-d6a7-44da-97c7-53d026dbd97f,"ABC de Caux Seine agglo","CA Caux Seine Agglo","Etablissement public de coopération intercommunale (EPCI)",Saint-Jean-de-Folleville,76592,2021,Vrai,"En cours de réalisation",https://www.cauxseine.fr/news.php?num=1358
35502d95-d6a7-44da-97c7-53d026dbd97f,"ABC de Caux Seine agglo","CA Caux Seine Agglo","Etablissement public de coopération intercommunale (EPCI)",Petiville,76499,2021,Vrai,"En cours de réalisation",https://www.cauxseine.fr/news.php?num=1358
35502d95-d6a7-44da-97c7-53d026dbd97f,"ABC de Caux Seine agglo","CA Caux Seine Agglo","Etablissement public de coopération intercommunale (EPCI)",Port-Jérôme-sur-Seine,76476,2021,Vrai,"En cours de réalisation",https://www.cauxseine.fr/news.php?num=1358
5ed1b219-5a6a-437c-87fe-fbc007af7798,"ABC de Celles-en-Bassigny",Celles-en-Bassigny,Commune,Celles-en-Bassigny,52089,2021,Vrai,"En cours de réalisation",https://abc-celles.fr/
a8571f0f-093b-4ea9-ad13-0bcef3580bb7,"ABC de Cellettes",Cellettes,Commune,Cellettes,41031,2022,Faux,"Non commencé",
76a88dc3-aa84-42c2-bdaa-73c68d8ba9b7,"ABC de Cercoux",Cercoux,Commune,Cercoux,17077,2021,Vrai,"En cours de réalisation",
4f5b504a-2e93-4260-8a30-df3c909db768,"ABC de Chadron",Chadron,Commune,Chadron,43047,2015,Faux,Fini,
0c28f6fb-cf29-45ad-9054-2874a9e46e45,"ABC de Chalette-sur-Loing",Châlette-sur-Loing,Commune,Châlette-sur-Loing,45068,2021,Faux,"En cours de réalisation",
6c38b207-e5c5-4fc5-803f-21f34fdd4c2c,"ABC de Chalonnes-sur-Loire",Chalonnes-sur-Loire,Commune,Chalonnes-sur-Loire,49063,2015,Faux,Fini,https://www.chalonnes-sur-loire.fr/culture-patrimoine/patrimoine/atlas-de-la-biodiversit-chalonnais…
a3a12dfb-458c-4f22-9dbd-076e2a4bd682,"ABC de Champien",Champien,Commune,Champien,80185,2010,Faux,Inconnu,
48a4aa4d-66c9-4760-a761-862c01bac5a1,"ABC de Champlan",,Commune,Champlan,91136,2019,Faux,"En cours de réalisation",
91d7d3f9-8130-4c3e-b81f-6d50a12fb400,"ABC de Chaponost",Chaponost,Commune,Chaponost,69043,2011,Faux,Fini,
14cb188a-0994-47fe-ba5e-c24a8318eae4,"ABC de Charost",Chârost,Commune,Chârost,18055,2021,Faux,"En cours de réalisation",
77d2b4ba-9341-4b77-8349-f38129f51331,"ABC de Charritte-de-Bas",Charritte-de-Bas,Commune,Charritte-de-Bas,64187,2010,Faux,Inconnu,
51147457-99f4-4333-b208-d363f95b239a,"ABC de Châteaubourg",Châteaubourg,Commune,Châteaubourg,07059,2021,Vrai,"En cours de réalisation",
a35b315c-c50a-4715-88a1-68360874a0c1,"ABC de Châteauneuf-Grasse",Châteauneuf-Grasse,Commune,Châteauneuf-Grasse,06038,2021,Vrai,"En cours de réalisation",https://www.ville-chateauneuf.fr/page.php?rubrique=abc
acee71cf-2a56-4401-8cc2-4664bba13d86,"ABC de Châtel-Guyon",Châtel-Guyon,Commune,Châtel-Guyon,63103,2010,Faux,Fini,
15e5625d-75eb-4572-85f8-4af9aa4f6555,"ABC de Châtillon d'Azergues",Châtillon,Commune,Châtillon,69050,2016,Faux,Fini,https://chatillondazergues.fr/component/search/?searchword=Atlas%20de%20biodiversit&searchphrase=al…
98a34832-ec9d-49cc-9d80-d4cbc7d32c52,"ABC de Chatillon-sur-Indre",Châtillon-sur-Indre,Commune,Châtillon-sur-Indre,36045,2022,Vrai,"En cours de réalisation",
0051d88c-ea02-4578-b255-4becea1a083f,"ABC de Chauconin-Neufmontiers",,Commune,Chauconin-Neufmontiers,77335,2021,Vrai,"En cours de réalisation",
07a49990-d4ac-410c-9f2a-aab5f58d1261,"ABC de Cherves-Richemont",Cherves-Richemont,Commune,Cherves-Richemont,16097,2010,Faux,Inconnu,
e3b2c49f-fb8e-4a1d-ac35-85b62bc9e74b,"ABC de Chinon",Chinon,Commune,Chinon,37072,2013,Faux,Fini,https://www.chinon-vienne-loire.fr/entreprendre/environnement/atlas-de-la-biodiversite/
3276da30-548e-4996-8c3b-6f51be754403,"ABC de Chouzé-sur-Loire",,"Etablissement public de coopération intercommunale (EPCI)",Chouzé-sur-Loire,37074,2018,Faux,Fini,https://www.chinon-vienne-loire.fr/entreprendre/environnement/atlas-de-la-biodiversite/
ef5bdc00-bc2a-4ed7-9d95-1aec70aac88a,"ABC de CIBA",,"Etablissement public de coopération intercommunale (EPCI)",Gujan-Mestras,33199,2010,Faux,Fini,
ef5bdc00-bc2a-4ed7-9d95-1aec70aac88a,"ABC de CIBA",,"Etablissement public de coopération intercommunale (EPCI)",Lège-Cap-Ferret,33236,2010,Faux,Fini,
ef5bdc00-bc2a-4ed7-9d95-1aec70aac88a,"ABC de CIBA",,"Etablissement public de coopération intercommunale (EPCI)","La Teste-de-Buch",33529,2010,Faux,Fini,
8c4cb685-b079-4f8e-9705-c09535e27c33,"ABC de Cinais",,"Etablissement public de coopération intercommunale (EPCI)",Cinais,37076,2016,Faux,Fini,https://www.chinon-vienne-loire.fr/entreprendre/environnement/atlas-de-la-biodiversite/
4ac9ef3d-e862-4c41-9f8b-707e4f15bcba,"ABC de Clavy-Warby",Clavy-Warby,Commune,Clavy-Warby,08124,2021,Vrai,"En cours de réalisation",
9248a08d-8653-47c6-b781-d92b7a4c4ab8,"ABC de Clisson",Clisson,Commune,Clisson,44043,2020,Faux,"En cours de réalisation",http://www.mairie-clisson.fr/ville-de-clisson/agenda-21/atlas-de-la-biodiversite/
0dc1caad-0fd3-4492-a66a-7e2684f87fbb,"ABC de Cluses",Cluses,Commune,Cluses,74081,2010,Faux,Fini,
6d4cbbf9-5378-4482-8ac2-2e7a03e46c1f,"ABC de Coignières",,Commune,Coignières,78168,2021,Faux,"En cours de réalisation",
e15c74f9-f806-416f-9f30-aca1d546d0b6,"ABC de Collobrières",Collobrières,Commune,Collobrières,83043,2018,Vrai,Fini,
062dd6cb-0e32-42ae-ac23-e289f69fcb09,"ABC de Colombelles / Giberville",Colombelles,Commune,Giberville,14301,2021,Vrai,"En cours de réalisation",https://www.colombelles.fr/cadre-de-vie/urbanisme-environnement-et-cadre-de-vie/
062dd6cb-0e32-42ae-ac23-e289f69fcb09,"ABC de Colombelles / Giberville",Colombelles,Commune,Colombelles,14167,2021,Vrai,"En cours de réalisation",https://www.colombelles.fr/cadre-de-vie/urbanisme-environnement-et-cadre-de-vie/
b1a87d57-eef5-4180-bd64-9e07dd0e6b64,"ABC de Colombey-les-Belles",Colombey-les-Belles,Commune,Colombey-les-Belles,54135,2010,Faux,Inconnu,
5ac7a2a7-970b-4cfa-a205-eede346930b2,"ABC de Combleux","Orléans Métropole Combleux","Etablissement public de coopération intercommunale (EPCI)",Combleux,45100,2022,Faux,"En cours de réalisation",
523ca24f-c881-4aa5-886d-ee1caaef3f85,"ABC de Combs-la-Ville",Combs-la-Ville,Commune,Combs-la-Ville,77122,2010,Faux,Fini,https://fr.calameo.com/read/0007220951d8c1ce1c8e2
e8d33879-b292-4766-86cf-d377570f5e9c,"ABC de Concarneau",Concarneau,Commune,Concarneau,29039,2017,Vrai,Fini,https://www.concarneau.fr/ville/developpement-durable/biodiversite-communale/presentation-de-l-abc
c51a2a7c-5e47-4675-b65d-efbe35d1a768,"ABC de Concoret",Concoret,Commune,Concoret,56043,2021,Vrai,"En cours de réalisation",https://www.concoret.fr/Atlas-de-la-Biodiversite-Communale-ABC
269e95f9-2dbf-4e1f-9d5b-08505b8895ce,"ABC de Contescourt",Contescourt,Commune,Contescourt,02214,2012,Faux,Inconnu,
1b7fe192-6225-44d2-ac03-4abb982e0ec8,"ABC de Controis-en-Sologne","Le Controis-en-Sologne",Commune,"Le Controis-en-Sologne",41059,2021,Faux,"En cours de réalisation",
20e836e5-8c72-44e9-9d66-e551ac0ec612,"ABC de Corbara",Corbara,Commune,Corbara,2B093,2018,Vrai,Fini,
78dd387a-2ef9-444c-b94b-a1c10197a8c4,"ABC de Cormelles Le Royal",Cormelles-le-Royal,Commune,Cormelles-le-Royal,14181,2019,Vrai,Fini,https://www.ville-de-cormelles-le-royal.fr/mairie/cadrevie-abc.html
07e55a4b-6572-4581-b965-1cfd3054ce78,"ABC de Correns",Correns,Commune,Correns,83045,2017,Vrai,Fini,http://www.correns.fr/fr/actualite/180787/atlas-biodiversite-communale-participatif
d39c8bd9-a5e6-407e-a2d6-48111b7fd70a,"ABC de Corte",Corte,Commune,Corte,2B096,2011,Faux,Fini,
ccc47545-0e4c-43c3-b984-149a800201cc,"ABC de Costa",Costa,Commune,Costa,2B097,2012,Faux,Inconnu,
a2e0e1ff-f27e-4a9a-be8a-864b05b5d3a8,"ABC de Coteaux du Lizon","Coteaux du Lizon",Commune,"Coteaux du Lizon",39491,2016,Faux,Inconnu,
c4281c57-73b0-4436-ac7c-287996c3dbe0,"ABC de Cotignac et Pontevès",Cotignac,Commune,Cotignac,83046,2021,Vrai,"En cours de réalisation",http://mairiecotignac.fr/atlas-de-la-biodiversite/
c4281c57-73b0-4436-ac7c-287996c3dbe0,"ABC de Cotignac et Pontevès",Cotignac,Commune,Pontevès,83095,2021,Vrai,"En cours de réalisation",http://mairiecotignac.fr/atlas-de-la-biodiversite/
b214c66f-e266-4f69-8f68-22f179f8be9b,"ABC de Couffé",Couffé,Commune,Couffé,44048,2021,Vrai,"En cours de réalisation",
a225eef9-be59-4f22-9ad5-42ab73ae24e2,"ABC de Coulanges-lès-Nevers",,Commune,Coulanges-lès-Nevers,58088,2021,Vrai,"En phase de lancement",
084abe72-78cc-4dc3-af69-9902699ac17d,"ABC de Courcelles",Courcelles,Commune,Courcelles,54140,2010,Faux,Inconnu,
36374b64-acb6-487a-b3ed-d4ddc4b596be,"ABC de Courchevel",Courchevel,Commune,Courchevel,73227,2022,Vrai,"En cours de réalisation",
2121f416-01f7-4771-afcc-1f51119cd404,"ABC de Courzieu",Courzieu,Commune,Courzieu,69067,2021,Vrai,"En cours de réalisation",
087220bb-5c15-4dc1-b646-370d5fccf827,"ABC de Couziers",Couziers,Commune,Couziers,37088,2015,Faux,Fini,https://www.chinon-vienne-loire.fr/entreprendre/environnement/atlas-de-la-biodiversite/
4f1b8305-6270-4ad9-b218-d6932013aef4,"ABC de Crannes-en-Champagne",Crannes-en-Champagne,Commune,Crannes-en-Champagne,72107,2010,Faux,Fini,
2bd98a79-65e7-4120-84a9-cf64db79835a,"ABC de Craponne",Craponne,Commune,Craponne,69069,2020,Vrai,"En cours de réalisation",https://www.mairie-craponne.fr/attractive/cadre-de-vie-et-developpement-durable/l-atlas-de-la-biodi…
f76151ae-23c9-4cf6-9f1c-e701428ed088,"ABC de Cravant-les-coteaux",,"Etablissement public de coopération intercommunale (EPCI)",Cravant-les-Côteaux,37089,2018,Faux,Fini,https://www.chinon-vienne-loire.fr/entreprendre/environnement/atlas-de-la-biodiversite/
535dad95-bd4e-41ec-88f7-0b8bb18de3db,"ABC de Crépey",Crépey,Commune,Crépey,54143,2010,Faux,Inconnu,
e12cc2d3-850d-4662-8290-aab2e6ec68fb,"ABC de Crépy-en-Valois",Crépy-en-Valois,Commune,Crépy-en-Valois,60176,2012,Faux,Inconnu,
ecb72904-3e3e-411e-a9e1-30041a064b67,"ABC de Crézilles",Crézilles,Commune,Crézilles,54146,2010,Faux,Inconnu,
a9a05bc1-04a7-4d3e-9017-be862688bb06,"ABC de Cuttoli-Corticchiato",Cuttoli-Corticchiato,Commune,Cuttoli-Corticchiato,2A103,2012,Faux,Inconnu,
6576ae0c-ba87-47f2-acc1-97ecfda8ceda,"ABC de Cuzion",Cuzion,Commune,Cuzion,36062,2021,Faux,"En cours de réalisation",
cbab7de3-d06f-4f7c-a088-03e5d1d151d4,"ABC de Dagneux",Dagneux,Commune,Dagneux,01142,2010,Faux,Fini,
aca3c960-62d3-46a6-9554-717675355618,"ABC de Dampierre-sur-Linotte",,,Dampierre-sur-Linotte,70197,2021,Vrai,"En phase de lancement",
821e05a3-0f88-4df7-80e5-e97a450f08d0,"ABC de Danjoutin",Danjoutin,Commune,Danjoutin,90032,2010,Faux,Inconnu,
c85e50e7-4afd-4ca0-a2e2-ab0456b2c776,"ABC de Deshaies","Parc national de la Guadeloupe","Parc national",Deshaies,97111,2022,Faux,"En phase de lancement",
9ff640e4-789c-49fc-a039-8f3f318f2511,"ABC de Dieppe",Dieppe,Commune,Dieppe,76217,2015,Faux,Inconnu,
3ef80ed2-404a-4c96-bc97-fef7793cb313,"ABC de Dinan Agglomération","CA Dinan Agglomération","Etablissement public de coopération intercommunale (EPCI)",Dinan,22050,2020,Vrai,"En cours de réalisation",http://www.dinan-agglomeration.fr/Environnement-developpement-durable/Protection-des-ressources-et-…
e57f7f9b-a5ef-48fa-ba23-d88c1e7d9ca9,"ABC de Dissay",Dissay,Commune,Dissay,86095,2018,Vrai,"En cours de réalisation",
aa5fb1eb-16fe-4a68-ab49-e618508dfc3e,"ABC de Dol de Bretagne, Epiniac et Baguer-Piquan",,Commune,Dol-de-Bretagne,35095,2022,Vrai,"En cours de réalisation",http://dol-de-bretagne.fr/1195/atlas-de-la-biodiversite-communal-1
aa5fb1eb-16fe-4a68-ab49-e618508dfc3e,"ABC de Dol de Bretagne, Epiniac et Baguer-Piquan",,Commune,Epiniac,35104,2022,Vrai,"En cours de réalisation",http://dol-de-bretagne.fr/1195/atlas-de-la-biodiversite-communal-1
aa5fb1eb-16fe-4a68-ab49-e618508dfc3e,"ABC de Dol de Bretagne, Epiniac et Baguer-Piquan",,Commune,Baguer-Pican,35010,2022,Vrai,"En cours de réalisation",http://dol-de-bretagne.fr/1195/atlas-de-la-biodiversite-communal-1
f6356858-2e7a-4bdd-9d91-3e421a113536,"ABC de Dolcourt",Dolcourt,Commune,Dolcourt,54158,2010,Faux,Inconnu,
d555eb7a-2f89-4833-99c4-4b27234e7da7,"ABC de Domloup",Domloup,Commune,Domloup,35099,2022,Vrai,"En phase de lancement",
d2442151-c300-4daa-a0b5-a638c6a98720,"ABC de Doubs",Doubs,Commune,Doubs,25204,2022,Vrai,"En phase de lancement",
0cebc5d8-ad39-49f2-85ca-e3529a54c295,"ABC de Douvres-la-Délivrande",Douvres-la-Délivrande,Commune,Douvres-la-Délivrande,14228,2010,Faux,Inconnu,
804ee88b-9f80-442d-8cc5-a4a8e40f2f4f,"ABC de Dragey-Ronthon / Genêts / Saint-Jean-le-Thomas",Dragey-Ronthon,Commune,Dragey-Ronthon,50167,2022,Vrai,"En cours de réalisation",
804ee88b-9f80-442d-8cc5-a4a8e40f2f4f,"ABC de Dragey-Ronthon / Genêts / Saint-Jean-le-Thomas",Dragey-Ronthon,Commune,Genêts,50199,2022,Vrai,"En cours de réalisation",
804ee88b-9f80-442d-8cc5-a4a8e40f2f4f,"ABC de Dragey-Ronthon / Genêts / Saint-Jean-le-Thomas",Dragey-Ronthon,Commune,Saint-Jean-le-Thomas,50496,2022,Vrai,"En cours de réalisation",
18543a7b-b753-44c1-bd89-f2bb0aaedf45,"ABC de Dreux",Dreux,Commune,Dreux,28134,2021,Vrai,"En cours de réalisation",
c8c1cee8-2780-416e-9e83-f463f739cfe0,"ABC de Dugny",Dugny,Commune,Dugny,93030,2021,Vrai,"En cours de réalisation",
8eb269f2-32ef-4b70-af32-a11ac88cc705,"ABC de Dunkerque",Dunkerque,Commune,Dunkerque,59183,2017,Vrai,Fini,https://www.ville-dunkerque.fr/vie-quotidienne/developpement-durable/la-biodiversite-en-ville/
a89ca318-48ba-4ceb-ad3d-d065c81b8697,"ABC de Epertully",Épertully,Commune,Épertully,71188,2021,Vrai,"En cours de réalisation",
289129cb-793d-43ce-aef2-305ba5f91a8e,"ABC de Fauillet",Fauillet,Commune,Fauillet,47095,2016,Faux,Fini,
2113f6c1-48da-498a-8969-b547171bffd6,"ABC de Favières",Favières,Commune,Favières,54189,2010,Faux,Inconnu,
dda5de41-62da-4ba6-b954-bba57fb299d0,"ABC de Fay-aux-loges",Fay-aux-Loges,Commune,Fay-aux-Loges,45142,2021,Faux,"En cours de réalisation",
f828e0b7-f114-4c02-b8fa-1f5c0c4dc197,"ABC de Fayet",Fayet,Commune,Fayet,02303,2012,Faux,Inconnu,
6c536b09-b920-4683-9cd2-c79ad43fd061,"ABC de Fécocourt",Fécocourt,Commune,Fécocourt,54190,2010,Faux,Inconnu,
a0e2ef00-f211-4c41-88dc-916b57a97794,"ABC de Feliceto",Feliceto,Commune,Feliceto,2B112,2012,Faux,Inconnu,
cfc5347c-70fd-49fe-8f3a-750130e4f5cd,"ABC de Féricy",Féricy,Commune,Féricy,77179,2010,Faux,"En cours de réalisation",
1b929a44-c22e-446c-b365-975dd1fe738d,"ABC de Fieulaine",Fieulaine,Commune,Fieulaine,02310,2012,Faux,Inconnu,
2afb89df-c1ca-4149-8b9f-e33f29651a8f,"ABC de Figari",Figari,Commune,Figari,2A114,2022,Vrai,"En cours de réalisation",
6cb99e20-6ada-4049-9264-1164386edbbe,"ABC de Fleurey-sur-Ouche",Fleurey-sur-Ouche,Commune,Fleurey-sur-Ouche,21273,2021,Vrai,"En phase de lancement",
0a672ead-59b5-4a0b-97c8-a79194eaa7b8,"ABC de Fonsomme",Fonsomme,Commune,Fonsomme,02319,2012,Faux,Inconnu,
51cb2671-a39a-4cdf-9c68-d8f2a04d46d9,"ABC de Fontaine-lès-Vervins",Fontaine-lès-Vervins,Commune,Fontaine-lès-Vervins,02321,2010,Faux,Inconnu,
532cf1ee-a09b-481f-bb33-63c5ef4cdcc1,"ABC de Fontaine-Notre-Dame",Fontaine-Notre-Dame,Commune,Fontaine-Notre-Dame,02322,2012,Faux,Inconnu,
78ca7503-0744-4052-b320-5cf0e653f28f,"ABC de Four",Four,Commune,Four,38172,2013,Faux,Fini,http://www.four38.fr/index.php/mairie/atlas-de-la-biodiversite
83796d87-e8fd-45b6-8351-93a722b3d8af,"ABC de Fourques-sur-Garonne",Fourques-sur-Garonne,Commune,Fourques-sur-Garonne,47101,2010,Faux,Fini,
ca92e46e-86a4-4b8a-87be-00b0fb0da621,"ABC de Francheville",Francheville,Commune,Francheville,69089,2021,Vrai,"En cours de réalisation",https://www.mairie-francheville69.fr/articles/cadre-de-vie/environnement-developpement-durable/atla…
8dd33368-e4f4-4f36-b21d-63c2de802b87,"ABC de Fuveau Gréasque",Fuveau,Commune,Fuveau,13040,2019,Faux,"En cours de réalisation",
8dd33368-e4f4-4f36-b21d-63c2de802b87,"ABC de Fuveau Gréasque",Fuveau,Commune,Gréasque,13046,2019,Faux,"En cours de réalisation",
4bbc4c07-b84e-4486-bb94-9967f5615151,"ABC de Galéria",Galéria,Commune,Galéria,2B121,2012,Faux,Inconnu,
32590d8a-786c-4af8-aefe-b14dd3acea5b,"ABC de Gasville-Oiseme",Gasville-Oisème,Commune,Gasville-Oisème,28173,2022,Faux,"En cours de réalisation",
d7e6884d-f2ab-4cc1-b46e-8551a96e8dbd,"ABC de Gauchy",Gauchy,Commune,Gauchy,02340,2012,Faux,Inconnu,
897d2019-a2ae-432a-a88c-532bc52e1a70,"ABC de Gélaucourt",Gélaucourt,Commune,Gélaucourt,54218,2010,Faux,Inconnu,
954f64a2-5f6f-4a40-b901-be3efaba1e06,"ABC de Gémonville",Gémonville,Commune,Gémonville,54220,2010,Faux,Inconnu,
352558bd-7f71-4be5-95ba-19f887d37e4e,"ABC de Gentioux-Pigerolles",Gentioux-Pigerolles,Commune,Gentioux-Pigerolles,23090,2021,Vrai,"En cours de réalisation",https://abcgentiouxpigerolles.wordpress.com/
ed8acf2c-40de-4a1c-b75c-1ff290cd9ca1,"ABC de Germiny",Germiny,Commune,Germiny,54223,2010,Faux,Inconnu,
f71b4587-903e-4437-bc4d-84f6a2bd7ed9,"ABC de Gézaincourt",Gézaincourt,Commune,Gézaincourt,80377,2017,Faux,"En cours de réalisation",
dc470796-3fa4-4687-afb8-5f58acdf6b00,"ABC de Gibeaumeix",Gibeaumeix,Commune,Gibeaumeix,54226,2010,Faux,Inconnu,
9b5fc6de-4a74-4f75-9c51-2fb9763109d9,"ABC de Gourbeyre","Parc national de la Guadeloupe","Parc national",Gourbeyre,97109,2022,Vrai,"En cours de réalisation",
aa07b2bc-34a9-4c13-9f1e-ae293cd55cee,"ABC de Goyave","Goyave Parc national de la Guadeloupe","Parc national",Goyave,97114,,Vrai,"En cours de réalisation",
c0265e1b-40c8-44a3-8164-6fe1228ec366,"ABC de Grand Angoulême","CA du Grand Angoulême","Etablissement public de coopération intercommunale (EPCI)",Angoulême,16015,2020,Vrai,"En cours de réalisation",
c0265e1b-40c8-44a3-8164-6fe1228ec366,"ABC de Grand Angoulême","CA du Grand Angoulême","Etablissement public de coopération intercommunale (EPCI)",Asnières-sur-Nouère,16019,2020,Vrai,"En cours de réalisation",
c0265e1b-40c8-44a3-8164-6fe1228ec366,"ABC de Grand Angoulême","CA du Grand Angoulême","Etablissement public de coopération intercommunale (EPCI)",Balzac,16026,2020,Vrai,"En cours de réalisation",
c0265e1b-40c8-44a3-8164-6fe1228ec366,"ABC de Grand Angoulême","CA du Grand Angoulême","Etablissement public de coopération intercommunale (EPCI)",Bouëx,16055,2020,Vrai,"En cours de réalisation",
c0265e1b-40c8-44a3-8164-6fe1228ec366,"ABC de Grand Angoulême","CA du Grand Angoulême","Etablissement public de coopération intercommunale (EPCI)",Brie,16061,2020,Vrai,"En cours de réalisation",
c0265e1b-40c8-44a3-8164-6fe1228ec366,"ABC de Grand Angoulême","CA du Grand Angoulême","Etablissement public de coopération intercommunale (EPCI)",Champniers,16078,2020,Vrai,"En cours de réalisation",
c0265e1b-40c8-44a3-8164-6fe1228ec366,"ABC de Grand Angoulême","CA du Grand Angoulême","Etablissement public de coopération intercommunale (EPCI)",Claix,16101,2020,Vrai,"En cours de réalisation",
c0265e1b-40c8-44a3-8164-6fe1228ec366,"ABC de Grand Angoulême","CA du Grand Angoulême","Etablissement public de coopération intercommunale (EPCI)",Dignac,16119,2020,Vrai,"En cours de réalisation",
c0265e1b-40c8-44a3-8164-6fe1228ec366,"ABC de Grand Angoulême","CA du Grand Angoulême","Etablissement public de coopération intercommunale (EPCI)",Dirac,16120,2020,Vrai,"En cours de réalisation",
c0265e1b-40c8-44a3-8164-6fe1228ec366,"ABC de Grand Angoulême","CA du Grand Angoulême","Etablissement public de coopération intercommunale (EPCI)",Fléac,16138,2020,Vrai,"En cours de réalisation",
c0265e1b-40c8-44a3-8164-6fe1228ec366,"ABC de Grand Angoulême","CA du Grand Angoulême","Etablissement public de coopération intercommunale (EPCI)",Garat,16146,2020,Vrai,"En cours de réalisation",
c0265e1b-40c8-44a3-8164-6fe1228ec366,"ABC de Grand Angoulême","CA du Grand Angoulême","Etablissement public de coopération intercommunale (EPCI)",Gond-Pontouvre,16154,2020,Vrai,"En cours de réalisation",
c0265e1b-40c8-44a3-8164-6fe1228ec366,"ABC de Grand Angoulême","CA du Grand Angoulême","Etablissement public de coopération intercommunale (EPCI)",Jauldes,16168,2020,Vrai,"En cours de réalisation",
c0265e1b-40c8-44a3-8164-6fe1228ec366,"ABC de Grand Angoulême","CA du Grand Angoulême","Etablissement public de coopération intercommunale (EPCI)",L'Isle-d'Espagnac,16166,2020,Vrai,"En cours de réalisation",
c0265e1b-40c8-44a3-8164-6fe1228ec366,"ABC de Grand Angoulême","CA du Grand Angoulême","Etablissement public de coopération intercommunale (EPCI)","La Couronne",16113,2020,Vrai,"En cours de réalisation",
c0265e1b-40c8-44a3-8164-6fe1228ec366,"ABC de Grand Angoulême","CA du Grand Angoulême","Etablissement public de coopération intercommunale (EPCI)",Linars,16187,2020,Vrai,"En cours de réalisation",
c0265e1b-40c8-44a3-8164-6fe1228ec366,"ABC de Grand Angoulême","CA du Grand Angoulême","Etablissement public de coopération intercommunale (EPCI)",Magnac-sur-Touvre,16199,2020,Vrai,"En cours de réalisation",
c0265e1b-40c8-44a3-8164-6fe1228ec366,"ABC de Grand Angoulême","CA du Grand Angoulême","Etablissement public de coopération intercommunale (EPCI)",Marsac,16210,2020,Vrai,"En cours de réalisation",
c0265e1b-40c8-44a3-8164-6fe1228ec366,"ABC de Grand Angoulême","CA du Grand Angoulême","Etablissement public de coopération intercommunale (EPCI)",Mornac,16232,2020,Vrai,"En cours de réalisation",
c0265e1b-40c8-44a3-8164-6fe1228ec366,"ABC de Grand Angoulême","CA du Grand Angoulême","Etablissement public de coopération intercommunale (EPCI)",Mouthiers-sur-Boëme,16236,2020,Vrai,"En cours de réalisation",
c0265e1b-40c8-44a3-8164-6fe1228ec366,"ABC de Grand Angoulême","CA du Grand Angoulême","Etablissement public de coopération intercommunale (EPCI)",Nersac,16244,2020,Vrai,"En cours de réalisation",
c0265e1b-40c8-44a3-8164-6fe1228ec366,"ABC de Grand Angoulême","CA du Grand Angoulême","Etablissement public de coopération intercommunale (EPCI)",Plassac-Rouffiac,16263,2020,Vrai,"En cours de réalisation",
c0265e1b-40c8-44a3-8164-6fe1228ec366,"ABC de Grand Angoulême","CA du Grand Angoulême","Etablissement public de coopération intercommunale (EPCI)",Puymoyen,16271,2020,Vrai,"En cours de réalisation",
c0265e1b-40c8-44a3-8164-6fe1228ec366,"ABC de Grand Angoulême","CA du Grand Angoulême","Etablissement public de coopération intercommunale (EPCI)",Roullet-Saint-Estèphe,16287,2020,Vrai,"En cours de réalisation",
c0265e1b-40c8-44a3-8164-6fe1228ec366,"ABC de Grand Angoulême","CA du Grand Angoulême","Etablissement public de coopération intercommunale (EPCI)",Ruelle-sur-Touvre,16291,2020,Vrai,"En cours de réalisation",
c0265e1b-40c8-44a3-8164-6fe1228ec366,"ABC de Grand Angoulême","CA du Grand Angoulême","Etablissement public de coopération intercommunale (EPCI)",Saint-Michel,16341,2020,Vrai,"En cours de réalisation",
c0265e1b-40c8-44a3-8164-6fe1228ec366,"ABC de Grand Angoulême","CA du Grand Angoulême","Etablissement public de coopération intercommunale (EPCI)",Saint-Saturnin,16348,2020,Vrai,"En cours de réalisation",
c0265e1b-40c8-44a3-8164-6fe1228ec366,"ABC de Grand Angoulême","CA du Grand Angoulême","Etablissement public de coopération intercommunale (EPCI)",Saint-Yrieix-sur-Charente,16358,2020,Vrai,"En cours de réalisation",
c0265e1b-40c8-44a3-8164-6fe1228ec366,"ABC de Grand Angoulême","CA du Grand Angoulême","Etablissement public de coopération intercommunale (EPCI)",Sers,16368,2020,Vrai,"En cours de réalisation",
c0265e1b-40c8-44a3-8164-6fe1228ec366,"ABC de Grand Angoulême","CA du Grand Angoulême","Etablissement public de coopération intercommunale (EPCI)",Sireuil,16370,2020,Vrai,"En cours de réalisation",
c0265e1b-40c8-44a3-8164-6fe1228ec366,"ABC de Grand Angoulême","CA du Grand Angoulême","Etablissement public de coopération intercommunale (EPCI)",Soyaux,16374,2020,Vrai,"En cours de réalisation",
c0265e1b-40c8-44a3-8164-6fe1228ec366,"ABC de Grand Angoulême","CA du Grand Angoulême","Etablissement public de coopération intercommunale (EPCI)",Torsac,16382,2020,Vrai,"En cours de réalisation",
c0265e1b-40c8-44a3-8164-6fe1228ec366,"ABC de Grand Angoulême","CA du Grand Angoulême","Etablissement public de coopération intercommunale (EPCI)",Touvre,16385,2020,Vrai,"En cours de réalisation",
c0265e1b-40c8-44a3-8164-6fe1228ec366,"ABC de Grand Angoulême","CA du Grand Angoulême","Etablissement public de coopération intercommunale (EPCI)",Trois-Palis,16388,2020,Vrai,"En cours de réalisation",
c0265e1b-40c8-44a3-8164-6fe1228ec366,"ABC de Grand Angoulême","CA du Grand Angoulême","Etablissement public de coopération intercommunale (EPCI)",Vindelle,16415,2020,Vrai,"En cours de réalisation",
c0265e1b-40c8-44a3-8164-6fe1228ec366,"ABC de Grand Angoulême","CA du Grand Angoulême","Etablissement public de coopération intercommunale (EPCI)",V½uil-et-Giget,16418,2020,Vrai,"En cours de réalisation",
c0265e1b-40c8-44a3-8164-6fe1228ec366,"ABC de Grand Angoulême","CA du Grand Angoulême","Etablissement public de coopération intercommunale (EPCI)",Voulgézac,16420,2020,Vrai,"En cours de réalisation",
c0265e1b-40c8-44a3-8164-6fe1228ec366,"ABC de Grand Angoulême","CA du Grand Angoulême","Etablissement public de coopération intercommunale (EPCI)",Vouzan,16422,2020,Vrai,"En cours de réalisation",
5a64aca6-982c-421d-bb99-2f66c9e67020,"ABC de Granges",Granges,Commune,Granges,71225,2021,Vrai,"En cours de réalisation",https://granges71.fr/atlas-de-la-biodiversite-communale
ec73a472-d4b3-4b48-8a96-c0abe890aea5,"ABC de Grasse",Grasse,Commune,Grasse,06069,2020,Vrai,"En cours de réalisation",http://www.ville-grasse.fr/atlas_de_la_biodiversite_communale_abc.html
39725a7e-2fb9-4de6-ad57-ab14e00dc200,"ABC de Grimonviller",Grimonviller,Commune,Grimonviller,54237,2010,Faux,Inconnu,
7d9ceb0a-d91d-4831-a66d-20053303f2e7,"ABC de Grougis",Grougis,Commune,Grougis,02358,2010,Faux,Inconnu,
65d2cebf-783d-4c7b-bc6d-d059762bf810,"ABC de Gruffy",Gruffy,Commune,Gruffy,74138,2010,Faux,Fini,
df58e02f-bb14-40da-b288-4a92a0999a74,"ABC de Grugies",Grugies,Commune,Grugies,02359,2012,Faux,Inconnu,
32ba179a-c0ff-49dc-b598-22ce3b7076fb,"ABC de Guéthary",Guéthary,Commune,Guéthary,64249,2010,Faux,Inconnu,
60864fec-0f5c-4423-957c-793a2e035bd0,"ABC de Gueux",Gueux,Commune,Gueux,51282,2010,Faux,Inconnu,
0e647e99-f6dc-4c81-8c7d-b3c87430481f,"ABC de Guillaumes",Guillaumes,Commune,Guillaumes,06071,2018,Vrai,Fini,http://www.mercantour-parcnational.fr/fr/des-connaissances/lacquisition-et-le-partage-de-la-connais…
c05d1620-1b5e-4635-b758-85c900878456,"ABC de Guipel",Guipel,Commune,Guipel,35128,2015,Faux,Inconnu,
39da8c5f-3f3b-4f07-85d6-d745cec3fd72,"ABC de Hon-Hergies",Hon-Hergies,Commune,Hon-Hergies,59310,2015,Faux,Inconnu,
10d0d215-1fba-4ce7-9e42-5f0f745db67f,"ABC de Hôpital-Camfrout",Hôpital-Camfrout,Commune,Hôpital-Camfrout,29080,2010,Faux,Inconnu,
d7f21792-e753-4299-84e1-ade04366d00c,"ABC de Huismes",Huismes,Commune,Huismes,37118,2014,Faux,Fini,https://www.chinon-vienne-loire.fr/entreprendre/environnement/atlas-de-la-biodiversite/
6c9390b6-e846-4f40-9e46-755d204f4550,"ABC de Hyères",Hyères,Commune,Hyères,83069,2010,Faux,Inconnu,
52a0b095-d41e-4393-8e56-264f711928c2,"ABC de Jarrie",Jarrie,Commune,Jarrie,38200,2011,Faux,Fini,
09a7b726-4a74-4248-9df6-7e32d8d5e4e7,"ABC de Jaulnay",Jaulnay,Commune,Jaulnay,37121,2022,Vrai,"En phase de lancement",
7a6aed93-6129-4f75-8302-ecf12ff81ed1,"ABC de Jouques, Peyrolles et St-Paul-Lès-Durance",Jouques,Commune,Peyrolles-en-Provence,13074,2022,Vrai,"En cours de réalisation",
7a6aed93-6129-4f75-8302-ecf12ff81ed1,"ABC de Jouques, Peyrolles et St-Paul-Lès-Durance",Jouques,Commune,Saint-Paul-lès-Durance,13099,2022,Vrai,"En cours de réalisation",
7a6aed93-6129-4f75-8302-ecf12ff81ed1,"ABC de Jouques, Peyrolles et St-Paul-Lès-Durance",Jouques,Commune,Jouques,13048,2022,Vrai,"En cours de réalisation",
d780ca7b-9f27-47cc-9fd7-82f4f96172c0,"ABC de Journans",Journans,Commune,Journans,01197,2015,Faux,Fini,
71005d68-90b9-458c-8af7-550b7253ad9d,"ABC de L'Aiguillon-la-Presqu'île","La Faute-sur-Mer",Commune,"La Faute-sur-Mer",85307,2021,Vrai,"En cours de réalisation",
71005d68-90b9-458c-8af7-550b7253ad9d,"ABC de L'Aiguillon-la-Presqu'île","La Faute-sur-Mer",Commune,L'Aiguillon-sur-Mer,85001,2021,Vrai,"En cours de réalisation",
a6c1f214-cafe-4117-9258-9c3817d284c8,"ABC de l'Eurométropole de Strasbourg","Eurométropole de Strasbourg","Etablissement public de coopération intercommunale (EPCI)",Strasbourg,67482,2020,Vrai,"En cours de réalisation",
a6c1f214-cafe-4117-9258-9c3817d284c8,"ABC de l'Eurométropole de Strasbourg","Eurométropole de Strasbourg","Etablissement public de coopération intercommunale (EPCI)",Achenheim,67001,2020,Vrai,"En cours de réalisation",
a6c1f214-cafe-4117-9258-9c3817d284c8,"ABC de l'Eurométropole de Strasbourg","Eurométropole de Strasbourg","Etablissement public de coopération intercommunale (EPCI)",Bischheim,67043,2020,Vrai,"En cours de réalisation",
a6c1f214-cafe-4117-9258-9c3817d284c8,"ABC de l'Eurométropole de Strasbourg","Eurométropole de Strasbourg","Etablissement public de coopération intercommunale (EPCI)",Blaesheim,67049,2020,Vrai,"En cours de réalisation",
a6c1f214-cafe-4117-9258-9c3817d284c8,"ABC de l'Eurométropole de Strasbourg","Eurométropole de Strasbourg","Etablissement public de coopération intercommunale (EPCI)",Breuschwickersheim,67065,2020,Vrai,"En cours de réalisation",
a6c1f214-cafe-4117-9258-9c3817d284c8,"ABC de l'Eurométropole de Strasbourg","Eurométropole de Strasbourg","Etablissement public de coopération intercommunale (EPCI)",Eckbolsheim,67118,2020,Vrai,"En cours de réalisation",
a6c1f214-cafe-4117-9258-9c3817d284c8,"ABC de l'Eurométropole de Strasbourg","Eurométropole de Strasbourg","Etablissement public de coopération intercommunale (EPCI)",Eckwersheim,67119,2020,Vrai,"En cours de réalisation",
a6c1f214-cafe-4117-9258-9c3817d284c8,"ABC de l'Eurométropole de Strasbourg","Eurométropole de Strasbourg","Etablissement public de coopération intercommunale (EPCI)",Entzheim,67124,2020,Vrai,"En cours de réalisation",
a6c1f214-cafe-4117-9258-9c3817d284c8,"ABC de l'Eurométropole de Strasbourg","Eurométropole de Strasbourg","Etablissement public de coopération intercommunale (EPCI)",Eschau,67131,2020,Vrai,"En cours de réalisation",
a6c1f214-cafe-4117-9258-9c3817d284c8,"ABC de l'Eurométropole de Strasbourg","Eurométropole de Strasbourg","Etablissement public de coopération intercommunale (EPCI)",Fegersheim,67137,2020,Vrai,"En cours de réalisation",
a6c1f214-cafe-4117-9258-9c3817d284c8,"ABC de l'Eurométropole de Strasbourg","Eurométropole de Strasbourg","Etablissement public de coopération intercommunale (EPCI)",Geispolsheim,67152,2020,Vrai,"En cours de réalisation",
a6c1f214-cafe-4117-9258-9c3817d284c8,"ABC de l'Eurométropole de Strasbourg","Eurométropole de Strasbourg","Etablissement public de coopération intercommunale (EPCI)",Hangenbieten,67182,2020,Vrai,"En cours de réalisation",
a6c1f214-cafe-4117-9258-9c3817d284c8,"ABC de l'Eurométropole de Strasbourg","Eurométropole de Strasbourg","Etablissement public de coopération intercommunale (EPCI)",Holtzheim,67212,2020,Vrai,"En cours de réalisation",
a6c1f214-cafe-4117-9258-9c3817d284c8,"ABC de l'Eurométropole de Strasbourg","Eurométropole de Strasbourg","Etablissement public de coopération intercommunale (EPCI)",Illkirch-Graffenstaden,67218,2020,Vrai,"En cours de réalisation",
a6c1f214-cafe-4117-9258-9c3817d284c8,"ABC de l'Eurométropole de Strasbourg","Eurométropole de Strasbourg","Etablissement public de coopération intercommunale (EPCI)",Kolbsheim,67247,2020,Vrai,"En cours de réalisation",
a6c1f214-cafe-4117-9258-9c3817d284c8,"ABC de l'Eurométropole de Strasbourg","Eurométropole de Strasbourg","Etablissement public de coopération intercommunale (EPCI)","La Wantzenau",67519,2020,Vrai,"En cours de réalisation",
a6c1f214-cafe-4117-9258-9c3817d284c8,"ABC de l'Eurométropole de Strasbourg","Eurométropole de Strasbourg","Etablissement public de coopération intercommunale (EPCI)",Lampertheim,67256,2020,Vrai,"En cours de réalisation",
a6c1f214-cafe-4117-9258-9c3817d284c8,"ABC de l'Eurométropole de Strasbourg","Eurométropole de Strasbourg","Etablissement public de coopération intercommunale (EPCI)",Lingolsheim,67267,2020,Vrai,"En cours de réalisation",
a6c1f214-cafe-4117-9258-9c3817d284c8,"ABC de l'Eurométropole de Strasbourg","Eurométropole de Strasbourg","Etablissement public de coopération intercommunale (EPCI)",Lipsheim,67268,2020,Vrai,"En cours de réalisation",
a6c1f214-cafe-4117-9258-9c3817d284c8,"ABC de l'Eurométropole de Strasbourg","Eurométropole de Strasbourg","Etablissement public de coopération intercommunale (EPCI)",Mittelhausbergen,67296,2020,Vrai,"En cours de réalisation",
a6c1f214-cafe-4117-9258-9c3817d284c8,"ABC de l'Eurométropole de Strasbourg","Eurométropole de Strasbourg","Etablissement public de coopération intercommunale (EPCI)",Mundolsheim,67309,2020,Vrai,"En cours de réalisation",
a6c1f214-cafe-4117-9258-9c3817d284c8,"ABC de l'Eurométropole de Strasbourg","Eurométropole de Strasbourg","Etablissement public de coopération intercommunale (EPCI)",Niederhausbergen,67326,2020,Vrai,"En cours de réalisation",
a6c1f214-cafe-4117-9258-9c3817d284c8,"ABC de l'Eurométropole de Strasbourg","Eurométropole de Strasbourg","Etablissement public de coopération intercommunale (EPCI)",Oberhausbergen,67343,2020,Vrai,"En cours de réalisation",
a6c1f214-cafe-4117-9258-9c3817d284c8,"ABC de l'Eurométropole de Strasbourg","Eurométropole de Strasbourg","Etablissement public de coopération intercommunale (EPCI)",Oberschaeffolsheim,67350,2020,Vrai,"En cours de réalisation",
a6c1f214-cafe-4117-9258-9c3817d284c8,"ABC de l'Eurométropole de Strasbourg","Eurométropole de Strasbourg","Etablissement public de coopération intercommunale (EPCI)",Osthoffen,67363,2020,Vrai,"En cours de réalisation",
a6c1f214-cafe-4117-9258-9c3817d284c8,"ABC de l'Eurométropole de Strasbourg","Eurométropole de Strasbourg","Etablissement public de coopération intercommunale (EPCI)",Ostwald,67365,2020,Vrai,"En cours de réalisation",
a6c1f214-cafe-4117-9258-9c3817d284c8,"ABC de l'Eurométropole de Strasbourg","Eurométropole de Strasbourg","Etablissement public de coopération intercommunale (EPCI)",Plobsheim,67378,2020,Vrai,"En cours de réalisation",
a6c1f214-cafe-4117-9258-9c3817d284c8,"ABC de l'Eurométropole de Strasbourg","Eurométropole de Strasbourg","Etablissement public de coopération intercommunale (EPCI)",Reichstett,67389,2020,Vrai,"En cours de réalisation",
a6c1f214-cafe-4117-9258-9c3817d284c8,"ABC de l'Eurométropole de Strasbourg","Eurométropole de Strasbourg","Etablissement public de coopération intercommunale (EPCI)",Schiltigheim,67447,2020,Vrai,"En cours de réalisation",
a6c1f214-cafe-4117-9258-9c3817d284c8,"ABC de l'Eurométropole de Strasbourg","Eurométropole de Strasbourg","Etablissement public de coopération intercommunale (EPCI)",Souffelweyersheim,67471,2020,Vrai,"En cours de réalisation",
a6c1f214-cafe-4117-9258-9c3817d284c8,"ABC de l'Eurométropole de Strasbourg","Eurométropole de Strasbourg","Etablissement public de coopération intercommunale (EPCI)",Vendenheim,67506,2020,Vrai,"En cours de réalisation",
a6c1f214-cafe-4117-9258-9c3817d284c8,"ABC de l'Eurométropole de Strasbourg","Eurométropole de Strasbourg","Etablissement public de coopération intercommunale (EPCI)",Wolfisheim,67551,2020,Vrai,"En cours de réalisation",
a6c1f214-cafe-4117-9258-9c3817d284c8,"ABC de l'Eurométropole de Strasbourg","Eurométropole de Strasbourg","Etablissement public de coopération intercommunale (EPCI)",H½nheim,67204,2020,Vrai,"En cours de réalisation",
85e9ba79-bb27-4e52-8677-d8affe9636d0,"ABC de L'Île-Rousse",L'Île-Rousse,Commune,L'Île-Rousse,2B134,2012,Faux,Inconnu,
5c2a8341-7df0-49e8-a4e0-dce8d3b607e8,"ABC de L'Isle-d'Abeau",L'Isle-d'Abeau,Commune,L'Isle-d'Abeau,38193,2010,Faux,Fini,
dc1360f7-4e70-40ee-8cdc-005bb9302c03,"ABC de La Bouëxière",,Commune,"La Bouëxière",35031,2022,Vrai,"En cours de réalisation",https://www.mairie-labouexiere.fr/environnement/atlas-de-la-biodiversite-communale/
695510f7-dc90-4bf4-8191-7def88409288,"ABC de La Celle-Dunoise","La Celle-Dunoise",Commune,"La Celle-Dunoise",23039,2016,Faux,"En cours de réalisation",
37bdf6a7-4412-42c1-8428-f411d8e35e63,"ABC de La Chapelle-Heulin","La Chapelle-Heulin",Commune,"La Chapelle-Heulin",44032,2021,Vrai,"En cours de réalisation",https://www.mairie-lachapelleheulin.fr/atlas-de-la-biodiversite/
4bb3612e-0a0f-489f-bab3-e61501c1fbed,"ABC de la Chapelle-Saint-Mesmin","Orléans Métropole La Chapelle-Saint-Mesmin","Etablissement public de coopération intercommunale (EPCI)","La Chapelle-Saint-Mesmin",45075,2022,Faux,"Non commencé",
db3f6635-ec04-4359-afe1-36baf7fad232,"ABC de La Colle sur Loup","La Colle-sur-Loup",Commune,"La Colle-sur-Loup",06044,2022,Vrai,"En cours de réalisation",
21fd114c-57d4-4ced-ad27-ee777869b08f,"ABC de la communauté de communes Commentry - Montmarault - Néris communauté","CC Commentry Montmarault Néris Communauté","Etablissement public de coopération intercommunale (EPCI)",Commentry,03082,2020,Vrai,"En cours de réalisation",http://www.cmnc03.fr/Envi/atlas-de-la-biodiversit%C3%A9-communautaire
21fd114c-57d4-4ced-ad27-ee777869b08f,"ABC de la communauté de communes Commentry - Montmarault - Néris communauté","CC Commentry Montmarault Néris Communauté","Etablissement public de coopération intercommunale (EPCI)",Montmarault,03186,2020,Vrai,"En cours de réalisation",http://www.cmnc03.fr/Envi/atlas-de-la-biodiversit%C3%A9-communautaire
21fd114c-57d4-4ced-ad27-ee777869b08f,"ABC de la communauté de communes Commentry - Montmarault - Néris communauté","CC Commentry Montmarault Néris Communauté","Etablissement public de coopération intercommunale (EPCI)",Néris-les-Bains,03195,2020,Vrai,"En cours de réalisation",http://www.cmnc03.fr/Envi/atlas-de-la-biodiversit%C3%A9-communautaire
21fd114c-57d4-4ced-ad27-ee777869b08f,"ABC de la communauté de communes Commentry - Montmarault - Néris communauté","CC Commentry Montmarault Néris Communauté","Etablissement public de coopération intercommunale (EPCI)",Beaune-d'Allier,03020,2020,Vrai,"En cours de réalisation",http://www.cmnc03.fr/Envi/atlas-de-la-biodiversit%C3%A9-communautaire
21fd114c-57d4-4ced-ad27-ee777869b08f,"ABC de la communauté de communes Commentry - Montmarault - Néris communauté","CC Commentry Montmarault Néris Communauté","Etablissement public de coopération intercommunale (EPCI)",Bézenet,03027,2020,Vrai,"En cours de réalisation",http://www.cmnc03.fr/Envi/atlas-de-la-biodiversit%C3%A9-communautaire
21fd114c-57d4-4ced-ad27-ee777869b08f,"ABC de la communauté de communes Commentry - Montmarault - Néris communauté","CC Commentry Montmarault Néris Communauté","Etablissement public de coopération intercommunale (EPCI)",Bizeneuille,03031,2020,Vrai,"En cours de réalisation",http://www.cmnc03.fr/Envi/atlas-de-la-biodiversit%C3%A9-communautaire
21fd114c-57d4-4ced-ad27-ee777869b08f,"ABC de la communauté de communes Commentry - Montmarault - Néris communauté","CC Commentry Montmarault Néris Communauté","Etablissement public de coopération intercommunale (EPCI)",Blomard,03032,2020,Vrai,"En cours de réalisation",http://www.cmnc03.fr/Envi/atlas-de-la-biodiversit%C3%A9-communautaire
21fd114c-57d4-4ced-ad27-ee777869b08f,"ABC de la communauté de communes Commentry - Montmarault - Néris communauté","CC Commentry Montmarault Néris Communauté","Etablissement public de coopération intercommunale (EPCI)",Chamblet,03052,2020,Vrai,"En cours de réalisation",http://www.cmnc03.fr/Envi/atlas-de-la-biodiversit%C3%A9-communautaire
21fd114c-57d4-4ced-ad27-ee777869b08f,"ABC de la communauté de communes Commentry - Montmarault - Néris communauté","CC Commentry Montmarault Néris Communauté","Etablissement public de coopération intercommunale (EPCI)",Chappes,03058,2020,Vrai,"En cours de réalisation",http://www.cmnc03.fr/Envi/atlas-de-la-biodiversit%C3%A9-communautaire
21fd114c-57d4-4ced-ad27-ee777869b08f,"ABC de la communauté de communes Commentry - Montmarault - Néris communauté","CC Commentry Montmarault Néris Communauté","Etablissement public de coopération intercommunale (EPCI)",Chavenon,03070,2020,Vrai,"En cours de réalisation",http://www.cmnc03.fr/Envi/atlas-de-la-biodiversit%C3%A9-communautaire
21fd114c-57d4-4ced-ad27-ee777869b08f,"ABC de la communauté de communes Commentry - Montmarault - Néris communauté","CC Commentry Montmarault Néris Communauté","Etablissement public de coopération intercommunale (EPCI)",Colombier,03081,2020,Vrai,"En cours de réalisation",http://www.cmnc03.fr/Envi/atlas-de-la-biodiversit%C3%A9-communautaire
21fd114c-57d4-4ced-ad27-ee777869b08f,"ABC de la communauté de communes Commentry - Montmarault - Néris communauté","CC Commentry Montmarault Néris Communauté","Etablissement public de coopération intercommunale (EPCI)",Cosne-d'Allier,03084,2020,Vrai,"En cours de réalisation",http://www.cmnc03.fr/Envi/atlas-de-la-biodiversit%C3%A9-communautaire
21fd114c-57d4-4ced-ad27-ee777869b08f,"ABC de la communauté de communes Commentry - Montmarault - Néris communauté","CC Commentry Montmarault Néris Communauté","Etablissement public de coopération intercommunale (EPCI)",Deneuille-les-Mines,03097,2020,Vrai,"En cours de réalisation",http://www.cmnc03.fr/Envi/atlas-de-la-biodiversit%C3%A9-communautaire
21fd114c-57d4-4ced-ad27-ee777869b08f,"ABC de la communauté de communes Commentry - Montmarault - Néris communauté","CC Commentry Montmarault Néris Communauté","Etablissement public de coopération intercommunale (EPCI)",Doyet,03104,2020,Vrai,"En cours de réalisation",http://www.cmnc03.fr/Envi/atlas-de-la-biodiversit%C3%A9-communautaire
21fd114c-57d4-4ced-ad27-ee777869b08f,"ABC de la communauté de communes Commentry - Montmarault - Néris communauté","CC Commentry Montmarault Néris Communauté","Etablissement public de coopération intercommunale (EPCI)",Durdat-Larequille,03106,2020,Vrai,"En cours de réalisation",http://www.cmnc03.fr/Envi/atlas-de-la-biodiversit%C3%A9-communautaire
21fd114c-57d4-4ced-ad27-ee777869b08f,"ABC de la communauté de communes Commentry - Montmarault - Néris communauté","CC Commentry Montmarault Néris Communauté","Etablissement public de coopération intercommunale (EPCI)",Hyds,03129,2020,Vrai,"En cours de réalisation",http://www.cmnc03.fr/Envi/atlas-de-la-biodiversit%C3%A9-communautaire
21fd114c-57d4-4ced-ad27-ee777869b08f,"ABC de la communauté de communes Commentry - Montmarault - Néris communauté","CC Commentry Montmarault Néris Communauté","Etablissement public de coopération intercommunale (EPCI)","La Celle",03047,2020,Vrai,"En cours de réalisation",http://www.cmnc03.fr/Envi/atlas-de-la-biodiversit%C3%A9-communautaire
21fd114c-57d4-4ced-ad27-ee777869b08f,"ABC de la communauté de communes Commentry - Montmarault - Néris communauté","CC Commentry Montmarault Néris Communauté","Etablissement public de coopération intercommunale (EPCI)",Louroux-de-Beaune,03151,2020,Vrai,"En cours de réalisation",http://www.cmnc03.fr/Envi/atlas-de-la-biodiversit%C3%A9-communautaire
21fd114c-57d4-4ced-ad27-ee777869b08f,"ABC de la communauté de communes Commentry - Montmarault - Néris communauté","CC Commentry Montmarault Néris Communauté","Etablissement public de coopération intercommunale (EPCI)",Malicorne,03159,2020,Vrai,"En cours de réalisation",http://www.cmnc03.fr/Envi/atlas-de-la-biodiversit%C3%A9-communautaire
21fd114c-57d4-4ced-ad27-ee777869b08f,"ABC de la communauté de communes Commentry - Montmarault - Néris communauté","CC Commentry Montmarault Néris Communauté","Etablissement public de coopération intercommunale (EPCI)",Montvicq,03189,2020,Vrai,"En cours de réalisation",http://www.cmnc03.fr/Envi/atlas-de-la-biodiversit%C3%A9-communautaire
21fd114c-57d4-4ced-ad27-ee777869b08f,"ABC de la communauté de communes Commentry - Montmarault - Néris communauté","CC Commentry Montmarault Néris Communauté","Etablissement public de coopération intercommunale (EPCI)",Murat,03191,2020,Vrai,"En cours de réalisation",http://www.cmnc03.fr/Envi/atlas-de-la-biodiversit%C3%A9-communautaire
21fd114c-57d4-4ced-ad27-ee777869b08f,"ABC de la communauté de communes Commentry - Montmarault - Néris communauté","CC Commentry Montmarault Néris Communauté","Etablissement public de coopération intercommunale (EPCI)",Saint-Angel,03217,2020,Vrai,"En cours de réalisation",http://www.cmnc03.fr/Envi/atlas-de-la-biodiversit%C3%A9-communautaire
21fd114c-57d4-4ced-ad27-ee777869b08f,"ABC de la communauté de communes Commentry - Montmarault - Néris communauté","CC Commentry Montmarault Néris Communauté","Etablissement public de coopération intercommunale (EPCI)",Saint-Bonnet-de-Four,03219,2020,Vrai,"En cours de réalisation",http://www.cmnc03.fr/Envi/atlas-de-la-biodiversit%C3%A9-communautaire
21fd114c-57d4-4ced-ad27-ee777869b08f,"ABC de la communauté de communes Commentry - Montmarault - Néris communauté","CC Commentry Montmarault Néris Communauté","Etablissement public de coopération intercommunale (EPCI)",Saint-Marcel-en-Murat,03243,2020,Vrai,"En cours de réalisation",http://www.cmnc03.fr/Envi/atlas-de-la-biodiversit%C3%A9-communautaire
21fd114c-57d4-4ced-ad27-ee777869b08f,"ABC de la communauté de communes Commentry - Montmarault - Néris communauté","CC Commentry Montmarault Néris Communauté","Etablissement public de coopération intercommunale (EPCI)",Saint-Priest-en-Murat,03256,2020,Vrai,"En cours de réalisation",http://www.cmnc03.fr/Envi/atlas-de-la-biodiversit%C3%A9-communautaire
21fd114c-57d4-4ced-ad27-ee777869b08f,"ABC de la communauté de communes Commentry - Montmarault - Néris communauté","CC Commentry Montmarault Néris Communauté","Etablissement public de coopération intercommunale (EPCI)",Sauvagny,03269,2020,Vrai,"En cours de réalisation",http://www.cmnc03.fr/Envi/atlas-de-la-biodiversit%C3%A9-communautaire
21fd114c-57d4-4ced-ad27-ee777869b08f,"ABC de la communauté de communes Commentry - Montmarault - Néris communauté","CC Commentry Montmarault Néris Communauté","Etablissement public de coopération intercommunale (EPCI)",Sazeret,03270,2020,Vrai,"En cours de réalisation",http://www.cmnc03.fr/Envi/atlas-de-la-biodiversit%C3%A9-communautaire
21fd114c-57d4-4ced-ad27-ee777869b08f,"ABC de la communauté de communes Commentry - Montmarault - Néris communauté","CC Commentry Montmarault Néris Communauté","Etablissement public de coopération intercommunale (EPCI)",Tortezais,03285,2020,Vrai,"En cours de réalisation",http://www.cmnc03.fr/Envi/atlas-de-la-biodiversit%C3%A9-communautaire
21fd114c-57d4-4ced-ad27-ee777869b08f,"ABC de la communauté de communes Commentry - Montmarault - Néris communauté","CC Commentry Montmarault Néris Communauté","Etablissement public de coopération intercommunale (EPCI)",Venas,03303,2020,Vrai,"En cours de réalisation",http://www.cmnc03.fr/Envi/atlas-de-la-biodiversit%C3%A9-communautaire
21fd114c-57d4-4ced-ad27-ee777869b08f,"ABC de la communauté de communes Commentry - Montmarault - Néris communauté","CC Commentry Montmarault Néris Communauté","Etablissement public de coopération intercommunale (EPCI)",Verneix,03305,2020,Vrai,"En cours de réalisation",http://www.cmnc03.fr/Envi/atlas-de-la-biodiversit%C3%A9-communautaire
21fd114c-57d4-4ced-ad27-ee777869b08f,"ABC de la communauté de communes Commentry - Montmarault - Néris communauté","CC Commentry Montmarault Néris Communauté","Etablissement public de coopération intercommunale (EPCI)",Vernusse,03308,2020,Vrai,"En cours de réalisation",http://www.cmnc03.fr/Envi/atlas-de-la-biodiversit%C3%A9-communautaire
21fd114c-57d4-4ced-ad27-ee777869b08f,"ABC de la communauté de communes Commentry - Montmarault - Néris communauté","CC Commentry Montmarault Néris Communauté","Etablissement public de coopération intercommunale (EPCI)",Villefranche-d'Allier,03315,2020,Vrai,"En cours de réalisation",http://www.cmnc03.fr/Envi/atlas-de-la-biodiversit%C3%A9-communautaire
21fd114c-57d4-4ced-ad27-ee777869b08f,"ABC de la communauté de communes Commentry - Montmarault - Néris communauté","CC Commentry Montmarault Néris Communauté","Etablissement public de coopération intercommunale (EPCI)",Voussac,03319,2020,Vrai,"En cours de réalisation",http://www.cmnc03.fr/Envi/atlas-de-la-biodiversit%C3%A9-communautaire
a0d8d406-ecc9-4437-9634-4e217f4607a5,"ABC de la Communauté de communes Côte d'Emeraude","CC Côte d'Émeraude","Etablissement public de coopération intercommunale (EPCI)",Dinard,35093,2021,Vrai,"En cours de réalisation",https://www.cote-emeraude.fr/latlas-de-la-biodiversite-de-la-communaute-de-communes-cote-demeraude/
a0d8d406-ecc9-4437-9634-4e217f4607a5,"ABC de la Communauté de communes Côte d'Emeraude","CC Côte d'Émeraude","Etablissement public de coopération intercommunale (EPCI)",Lancieux,22094,2021,Vrai,"En cours de réalisation",https://www.cote-emeraude.fr/latlas-de-la-biodiversite-de-la-communaute-de-communes-cote-demeraude/
a0d8d406-ecc9-4437-9634-4e217f4607a5,"ABC de la Communauté de communes Côte d'Emeraude","CC Côte d'Émeraude","Etablissement public de coopération intercommunale (EPCI)","La Richardais",35241,2021,Vrai,"En cours de réalisation",https://www.cote-emeraude.fr/latlas-de-la-biodiversite-de-la-communaute-de-communes-cote-demeraude/
a0d8d406-ecc9-4437-9634-4e217f4607a5,"ABC de la Communauté de communes Côte d'Emeraude","CC Côte d'Émeraude","Etablissement public de coopération intercommunale (EPCI)","Le Minihic-sur-Rance",35181,2021,Vrai,"En cours de réalisation",https://www.cote-emeraude.fr/latlas-de-la-biodiversite-de-la-communaute-de-communes-cote-demeraude/
a0d8d406-ecc9-4437-9634-4e217f4607a5,"ABC de la Communauté de communes Côte d'Emeraude","CC Côte d'Émeraude","Etablissement public de coopération intercommunale (EPCI)",Pleurtuit,35228,2021,Vrai,"En cours de réalisation",https://www.cote-emeraude.fr/latlas-de-la-biodiversite-de-la-communaute-de-communes-cote-demeraude/
a0d8d406-ecc9-4437-9634-4e217f4607a5,"ABC de la Communauté de communes Côte d'Emeraude","CC Côte d'Émeraude","Etablissement public de coopération intercommunale (EPCI)",Saint-Briac-sur-Mer,35256,2021,Vrai,"En cours de réalisation",https://www.cote-emeraude.fr/latlas-de-la-biodiversite-de-la-communaute-de-communes-cote-demeraude/
a0d8d406-ecc9-4437-9634-4e217f4607a5,"ABC de la Communauté de communes Côte d'Emeraude","CC Côte d'Émeraude","Etablissement public de coopération intercommunale (EPCI)",Saint-Lunaire,35287,2021,Vrai,"En cours de réalisation",https://www.cote-emeraude.fr/latlas-de-la-biodiversite-de-la-communaute-de-communes-cote-demeraude/
a0d8d406-ecc9-4437-9634-4e217f4607a5,"ABC de la Communauté de communes Côte d'Emeraude","CC Côte d'Émeraude","Etablissement public de coopération intercommunale (EPCI)",Tréméreuc,22368,2021,Vrai,"En cours de réalisation",https://www.cote-emeraude.fr/latlas-de-la-biodiversite-de-la-communaute-de-communes-cote-demeraude/
a0d8d406-ecc9-4437-9634-4e217f4607a5,"ABC de la Communauté de communes Côte d'Emeraude","CC Côte d'Émeraude","Etablissement public de coopération intercommunale (EPCI)",Beaussais-sur-Mer,22209,2021,Vrai,"En cours de réalisation",https://www.cote-emeraude.fr/latlas-de-la-biodiversite-de-la-communaute-de-communes-cote-demeraude/
8c7674a0-c87a-4e1b-8bb6-03cb22e94a8f,"ABC de la communauté de communes de Vendeuvre-Soulaines (CCVS)","CC de Vendeuvre-Soulaines","Etablissement public de coopération intercommunale (EPCI)",Vernonvilliers,10403,2022,Vrai,"En cours de réalisation",
8c7674a0-c87a-4e1b-8bb6-03cb22e94a8f,"ABC de la communauté de communes de Vendeuvre-Soulaines (CCVS)","CC de Vendeuvre-Soulaines","Etablissement public de coopération intercommunale (EPCI)",Maison-des-Champs,10217,2022,Vrai,"En cours de réalisation",
8c7674a0-c87a-4e1b-8bb6-03cb22e94a8f,"ABC de la communauté de communes de Vendeuvre-Soulaines (CCVS)","CC de Vendeuvre-Soulaines","Etablissement public de coopération intercommunale (EPCI)",Montmartin-le-Haut,10252,2022,Vrai,"En cours de réalisation",
8c7674a0-c87a-4e1b-8bb6-03cb22e94a8f,"ABC de la communauté de communes de Vendeuvre-Soulaines (CCVS)","CC de Vendeuvre-Soulaines","Etablissement public de coopération intercommunale (EPCI)",Éclance,10135,2022,Vrai,"En cours de réalisation",
8c7674a0-c87a-4e1b-8bb6-03cb22e94a8f,"ABC de la communauté de communes de Vendeuvre-Soulaines (CCVS)","CC de Vendeuvre-Soulaines","Etablissement public de coopération intercommunale (EPCI)","La Rothière",10327,2022,Vrai,"En cours de réalisation",
8c7674a0-c87a-4e1b-8bb6-03cb22e94a8f,"ABC de la communauté de communes de Vendeuvre-Soulaines (CCVS)","CC de Vendeuvre-Soulaines","Etablissement public de coopération intercommunale (EPCI)",Saulcy,10366,2022,Vrai,"En cours de réalisation",
8c7674a0-c87a-4e1b-8bb6-03cb22e94a8f,"ABC de la communauté de communes de Vendeuvre-Soulaines (CCVS)","CC de Vendeuvre-Soulaines","Etablissement public de coopération intercommunale (EPCI)",Maisons-lès-Soulaines,10219,2022,Vrai,"En cours de réalisation",
8c7674a0-c87a-4e1b-8bb6-03cb22e94a8f,"ABC de la communauté de communes de Vendeuvre-Soulaines (CCVS)","CC de Vendeuvre-Soulaines","Etablissement public de coopération intercommunale (EPCI)",Trannes,10384,2022,Vrai,"En cours de réalisation",
8c7674a0-c87a-4e1b-8bb6-03cb22e94a8f,"ABC de la communauté de communes de Vendeuvre-Soulaines (CCVS)","CC de Vendeuvre-Soulaines","Etablissement public de coopération intercommunale (EPCI)",Thors,10378,2022,Vrai,"En cours de réalisation",
8c7674a0-c87a-4e1b-8bb6-03cb22e94a8f,"ABC de la communauté de communes de Vendeuvre-Soulaines (CCVS)","CC de Vendeuvre-Soulaines","Etablissement public de coopération intercommunale (EPCI)",Bossancourt,10050,2022,Vrai,"En cours de réalisation",
8c7674a0-c87a-4e1b-8bb6-03cb22e94a8f,"ABC de la communauté de communes de Vendeuvre-Soulaines (CCVS)","CC de Vendeuvre-Soulaines","Etablissement public de coopération intercommunale (EPCI)",Argançon,10008,2022,Vrai,"En cours de réalisation",
8c7674a0-c87a-4e1b-8bb6-03cb22e94a8f,"ABC de la communauté de communes de Vendeuvre-Soulaines (CCVS)","CC de Vendeuvre-Soulaines","Etablissement public de coopération intercommunale (EPCI)",Fresnay,10161,2022,Vrai,"En cours de réalisation",
8c7674a0-c87a-4e1b-8bb6-03cb22e94a8f,"ABC de la communauté de communes de Vendeuvre-Soulaines (CCVS)","CC de Vendeuvre-Soulaines","Etablissement public de coopération intercommunale (EPCI)",Lévigny,10194,2022,Vrai,"En cours de réalisation",
8c7674a0-c87a-4e1b-8bb6-03cb22e94a8f,"ABC de la communauté de communes de Vendeuvre-Soulaines (CCVS)","CC de Vendeuvre-Soulaines","Etablissement public de coopération intercommunale (EPCI)",Jessains,10178,2022,Vrai,"En cours de réalisation",
8c7674a0-c87a-4e1b-8bb6-03cb22e94a8f,"ABC de la communauté de communes de Vendeuvre-Soulaines (CCVS)","CC de Vendeuvre-Soulaines","Etablissement public de coopération intercommunale (EPCI)",Beurey,10045,2022,Vrai,"En cours de réalisation",
8c7674a0-c87a-4e1b-8bb6-03cb22e94a8f,"ABC de la communauté de communes de Vendeuvre-Soulaines (CCVS)","CC de Vendeuvre-Soulaines","Etablissement public de coopération intercommunale (EPCI)",Champ-sur-Barse,10078,2022,Vrai,"En cours de réalisation",
8c7674a0-c87a-4e1b-8bb6-03cb22e94a8f,"ABC de la communauté de communes de Vendeuvre-Soulaines (CCVS)","CC de Vendeuvre-Soulaines","Etablissement public de coopération intercommunale (EPCI)",Magny-Fouchard,10215,2022,Vrai,"En cours de réalisation",
8c7674a0-c87a-4e1b-8bb6-03cb22e94a8f,"ABC de la communauté de communes de Vendeuvre-Soulaines (CCVS)","CC de Vendeuvre-Soulaines","Etablissement public de coopération intercommunale (EPCI)",Dolancourt,10126,2022,Vrai,"En cours de réalisation",
8c7674a0-c87a-4e1b-8bb6-03cb22e94a8f,"ABC de la communauté de communes de Vendeuvre-Soulaines (CCVS)","CC de Vendeuvre-Soulaines","Etablissement public de coopération intercommunale (EPCI)",Vauchonvilliers,10397,2022,Vrai,"En cours de réalisation",
8c7674a0-c87a-4e1b-8bb6-03cb22e94a8f,"ABC de la communauté de communes de Vendeuvre-Soulaines (CCVS)","CC de Vendeuvre-Soulaines","Etablissement public de coopération intercommunale (EPCI)",Longpré-le-Sec,10205,2022,Vrai,"En cours de réalisation",
8c7674a0-c87a-4e1b-8bb6-03cb22e94a8f,"ABC de la communauté de communes de Vendeuvre-Soulaines (CCVS)","CC de Vendeuvre-Soulaines","Etablissement public de coopération intercommunale (EPCI)",Ville-sur-Terre,10428,2022,Vrai,"En cours de réalisation",
8c7674a0-c87a-4e1b-8bb6-03cb22e94a8f,"ABC de la communauté de communes de Vendeuvre-Soulaines (CCVS)","CC de Vendeuvre-Soulaines","Etablissement public de coopération intercommunale (EPCI)",Puits-et-Nuisement,10310,2022,Vrai,"En cours de réalisation",
8c7674a0-c87a-4e1b-8bb6-03cb22e94a8f,"ABC de la communauté de communes de Vendeuvre-Soulaines (CCVS)","CC de Vendeuvre-Soulaines","Etablissement public de coopération intercommunale (EPCI)",Chaumesnil,10093,2022,Vrai,"En cours de réalisation",
8c7674a0-c87a-4e1b-8bb6-03cb22e94a8f,"ABC de la communauté de communes de Vendeuvre-Soulaines (CCVS)","CC de Vendeuvre-Soulaines","Etablissement public de coopération intercommunale (EPCI)",Fuligny,10163,2022,Vrai,"En cours de réalisation",
8c7674a0-c87a-4e1b-8bb6-03cb22e94a8f,"ABC de la communauté de communes de Vendeuvre-Soulaines (CCVS)","CC de Vendeuvre-Soulaines","Etablissement public de coopération intercommunale (EPCI)","La Ville-aux-Bois",10411,2022,Vrai,"En cours de réalisation",
8c7674a0-c87a-4e1b-8bb6-03cb22e94a8f,"ABC de la communauté de communes de Vendeuvre-Soulaines (CCVS)","CC de Vendeuvre-Soulaines","Etablissement public de coopération intercommunale (EPCI)",Crespy-le-Neuf,10117,2022,Vrai,"En cours de réalisation",
8c7674a0-c87a-4e1b-8bb6-03cb22e94a8f,"ABC de la communauté de communes de Vendeuvre-Soulaines (CCVS)","CC de Vendeuvre-Soulaines","Etablissement public de coopération intercommunale (EPCI)",Soulaines-Dhuys,10372,2022,Vrai,"En cours de réalisation",
8c7674a0-c87a-4e1b-8bb6-03cb22e94a8f,"ABC de la communauté de communes de Vendeuvre-Soulaines (CCVS)","CC de Vendeuvre-Soulaines","Etablissement public de coopération intercommunale (EPCI)",Juzanvigny,10184,2022,Vrai,"En cours de réalisation",
8c7674a0-c87a-4e1b-8bb6-03cb22e94a8f,"ABC de la communauté de communes de Vendeuvre-Soulaines (CCVS)","CC de Vendeuvre-Soulaines","Etablissement public de coopération intercommunale (EPCI)",Morvilliers,10258,2022,Vrai,"En cours de réalisation",
8c7674a0-c87a-4e1b-8bb6-03cb22e94a8f,"ABC de la communauté de communes de Vendeuvre-Soulaines (CCVS)","CC de Vendeuvre-Soulaines","Etablissement public de coopération intercommunale (EPCI)",Thil,10377,2022,Vrai,"En cours de réalisation",
8c7674a0-c87a-4e1b-8bb6-03cb22e94a8f,"ABC de la communauté de communes de Vendeuvre-Soulaines (CCVS)","CC de Vendeuvre-Soulaines","Etablissement public de coopération intercommunale (EPCI)","La Chaise",10072,2022,Vrai,"En cours de réalisation",
8c7674a0-c87a-4e1b-8bb6-03cb22e94a8f,"ABC de la communauté de communes de Vendeuvre-Soulaines (CCVS)","CC de Vendeuvre-Soulaines","Etablissement public de coopération intercommunale (EPCI)","La Villeneuve-au-Chêne",10423,2022,Vrai,"En cours de réalisation",
8c7674a0-c87a-4e1b-8bb6-03cb22e94a8f,"ABC de la communauté de communes de Vendeuvre-Soulaines (CCVS)","CC de Vendeuvre-Soulaines","Etablissement public de coopération intercommunale (EPCI)",Petit-Mesnil,10286,2022,Vrai,"En cours de réalisation",
8c7674a0-c87a-4e1b-8bb6-03cb22e94a8f,"ABC de la communauté de communes de Vendeuvre-Soulaines (CCVS)","CC de Vendeuvre-Soulaines","Etablissement public de coopération intercommunale (EPCI)",Vendeuvre-sur-Barse,10401,2022,Vrai,"En cours de réalisation",
8c7674a0-c87a-4e1b-8bb6-03cb22e94a8f,"ABC de la communauté de communes de Vendeuvre-Soulaines (CCVS)","CC de Vendeuvre-Soulaines","Etablissement public de coopération intercommunale (EPCI)",Colombé-la-Fosse,10102,2022,Vrai,"En cours de réalisation",
8c7674a0-c87a-4e1b-8bb6-03cb22e94a8f,"ABC de la communauté de communes de Vendeuvre-Soulaines (CCVS)","CC de Vendeuvre-Soulaines","Etablissement public de coopération intercommunale (EPCI)","La Loge-aux-Chèvres",10200,2022,Vrai,"En cours de réalisation",
8c7674a0-c87a-4e1b-8bb6-03cb22e94a8f,"ABC de la communauté de communes de Vendeuvre-Soulaines (CCVS)","CC de Vendeuvre-Soulaines","Etablissement public de coopération intercommunale (EPCI)",Épothémont,10139,2022,Vrai,"En cours de réalisation",
8c7674a0-c87a-4e1b-8bb6-03cb22e94a8f,"ABC de la communauté de communes de Vendeuvre-Soulaines (CCVS)","CC de Vendeuvre-Soulaines","Etablissement public de coopération intercommunale (EPCI)",Amance,10005,2022,Vrai,"En cours de réalisation",
13341cdc-4300-43b1-b5dd-0347454e3624,"ABC de la Communauté de communes du Kreiz-Breizh","CC du Kreiz-Breizh (CCKB)","Etablissement public de coopération intercommunale (EPCI)",Canihuel,22029,2021,Vrai,"En cours de réalisation",https://www.kreiz-breizh.fr/atlas-de-la-biodiversite/
13341cdc-4300-43b1-b5dd-0347454e3624,"ABC de la Communauté de communes du Kreiz-Breizh","CC du Kreiz-Breizh (CCKB)","Etablissement public de coopération intercommunale (EPCI)",Glomel,22061,2021,Vrai,"En cours de réalisation",https://www.kreiz-breizh.fr/atlas-de-la-biodiversite/
13341cdc-4300-43b1-b5dd-0347454e3624,"ABC de la Communauté de communes du Kreiz-Breizh","CC du Kreiz-Breizh (CCKB)","Etablissement public de coopération intercommunale (EPCI)",Gouarec,22064,2021,Vrai,"En cours de réalisation",https://www.kreiz-breizh.fr/atlas-de-la-biodiversite/
13341cdc-4300-43b1-b5dd-0347454e3624,"ABC de la Communauté de communes du Kreiz-Breizh","CC du Kreiz-Breizh (CCKB)","Etablissement public de coopération intercommunale (EPCI)",Kergrist-Moëlou,22087,2021,Vrai,"En cours de réalisation",https://www.kreiz-breizh.fr/atlas-de-la-biodiversite/
13341cdc-4300-43b1-b5dd-0347454e3624,"ABC de la Communauté de communes du Kreiz-Breizh","CC du Kreiz-Breizh (CCKB)","Etablissement public de coopération intercommunale (EPCI)","Bon Repos sur Blavet",22107,2021,Vrai,"En cours de réalisation",https://www.kreiz-breizh.fr/atlas-de-la-biodiversite/
13341cdc-4300-43b1-b5dd-0347454e3624,"ABC de la Communauté de communes du Kreiz-Breizh","CC du Kreiz-Breizh (CCKB)","Etablissement public de coopération intercommunale (EPCI)",Lanrivain,22115,2021,Vrai,"En cours de réalisation",https://www.kreiz-breizh.fr/atlas-de-la-biodiversite/
13341cdc-4300-43b1-b5dd-0347454e3624,"ABC de la Communauté de communes du Kreiz-Breizh","CC du Kreiz-Breizh (CCKB)","Etablissement public de coopération intercommunale (EPCI)",Lescouët-Gouarec,22124,2021,Vrai,"En cours de réalisation",https://www.kreiz-breizh.fr/atlas-de-la-biodiversite/
13341cdc-4300-43b1-b5dd-0347454e3624,"ABC de la Communauté de communes du Kreiz-Breizh","CC du Kreiz-Breizh (CCKB)","Etablissement public de coopération intercommunale (EPCI)",Locarn,22128,2021,Vrai,"En cours de réalisation",https://www.kreiz-breizh.fr/atlas-de-la-biodiversite/
13341cdc-4300-43b1-b5dd-0347454e3624,"ABC de la Communauté de communes du Kreiz-Breizh","CC du Kreiz-Breizh (CCKB)","Etablissement public de coopération intercommunale (EPCI)",Maël-Carhaix,22137,2021,Vrai,"En cours de réalisation",https://www.kreiz-breizh.fr/atlas-de-la-biodiversite/
13341cdc-4300-43b1-b5dd-0347454e3624,"ABC de la Communauté de communes du Kreiz-Breizh","CC du Kreiz-Breizh (CCKB)","Etablissement public de coopération intercommunale (EPCI)",Mellionnec,22146,2021,Vrai,"En cours de réalisation",https://www.kreiz-breizh.fr/atlas-de-la-biodiversite/
13341cdc-4300-43b1-b5dd-0347454e3624,"ABC de la Communauté de communes du Kreiz-Breizh","CC du Kreiz-Breizh (CCKB)","Etablissement public de coopération intercommunale (EPCI)",Paule,22163,2021,Vrai,"En cours de réalisation",https://www.kreiz-breizh.fr/atlas-de-la-biodiversite/
13341cdc-4300-43b1-b5dd-0347454e3624,"ABC de la Communauté de communes du Kreiz-Breizh","CC du Kreiz-Breizh (CCKB)","Etablissement public de coopération intercommunale (EPCI)",Peumerit-Quintin,22169,2021,Vrai,"En cours de réalisation",https://www.kreiz-breizh.fr/atlas-de-la-biodiversite/
13341cdc-4300-43b1-b5dd-0347454e3624,"ABC de la Communauté de communes du Kreiz-Breizh","CC du Kreiz-Breizh (CCKB)","Etablissement public de coopération intercommunale (EPCI)",Plélauff,22181,2021,Vrai,"En cours de réalisation",https://www.kreiz-breizh.fr/atlas-de-la-biodiversite/
13341cdc-4300-43b1-b5dd-0347454e3624,"ABC de la Communauté de communes du Kreiz-Breizh","CC du Kreiz-Breizh (CCKB)","Etablissement public de coopération intercommunale (EPCI)",Plouguernével,22220,2021,Vrai,"En cours de réalisation",https://www.kreiz-breizh.fr/atlas-de-la-biodiversite/
13341cdc-4300-43b1-b5dd-0347454e3624,"ABC de la Communauté de communes du Kreiz-Breizh","CC du Kreiz-Breizh (CCKB)","Etablissement public de coopération intercommunale (EPCI)",Plounévez-Quintin,22229,2021,Vrai,"En cours de réalisation",https://www.kreiz-breizh.fr/atlas-de-la-biodiversite/
13341cdc-4300-43b1-b5dd-0347454e3624,"ABC de la Communauté de communes du Kreiz-Breizh","CC du Kreiz-Breizh (CCKB)","Etablissement public de coopération intercommunale (EPCI)",Rostrenen,22266,2021,Vrai,"En cours de réalisation",https://www.kreiz-breizh.fr/atlas-de-la-biodiversite/
13341cdc-4300-43b1-b5dd-0347454e3624,"ABC de la Communauté de communes du Kreiz-Breizh","CC du Kreiz-Breizh (CCKB)","Etablissement public de coopération intercommunale (EPCI)",Saint-Connan,22284,2021,Vrai,"En cours de réalisation",https://www.kreiz-breizh.fr/atlas-de-la-biodiversite/
13341cdc-4300-43b1-b5dd-0347454e3624,"ABC de la Communauté de communes du Kreiz-Breizh","CC du Kreiz-Breizh (CCKB)","Etablissement public de coopération intercommunale (EPCI)",Saint-Gilles-Pligeaux,22294,2021,Vrai,"En cours de réalisation",https://www.kreiz-breizh.fr/atlas-de-la-biodiversite/
13341cdc-4300-43b1-b5dd-0347454e3624,"ABC de la Communauté de communes du Kreiz-Breizh","CC du Kreiz-Breizh (CCKB)","Etablissement public de coopération intercommunale (EPCI)",Saint-Nicolas-du-Pélem,22321,2021,Vrai,"En cours de réalisation",https://www.kreiz-breizh.fr/atlas-de-la-biodiversite/
13341cdc-4300-43b1-b5dd-0347454e3624,"ABC de la Communauté de communes du Kreiz-Breizh","CC du Kreiz-Breizh (CCKB)","Etablissement public de coopération intercommunale (EPCI)",Sainte-Tréphine,22331,2021,Vrai,"En cours de réalisation",https://www.kreiz-breizh.fr/atlas-de-la-biodiversite/
13341cdc-4300-43b1-b5dd-0347454e3624,"ABC de la Communauté de communes du Kreiz-Breizh","CC du Kreiz-Breizh (CCKB)","Etablissement public de coopération intercommunale (EPCI)",Saint-Igeaux,22334,2021,Vrai,"En cours de réalisation",https://www.kreiz-breizh.fr/atlas-de-la-biodiversite/
13341cdc-4300-43b1-b5dd-0347454e3624,"ABC de la Communauté de communes du Kreiz-Breizh","CC du Kreiz-Breizh (CCKB)","Etablissement public de coopération intercommunale (EPCI)",Trébrivan,22344,2021,Vrai,"En cours de réalisation",https://www.kreiz-breizh.fr/atlas-de-la-biodiversite/
13341cdc-4300-43b1-b5dd-0347454e3624,"ABC de la Communauté de communes du Kreiz-Breizh","CC du Kreiz-Breizh (CCKB)","Etablissement public de coopération intercommunale (EPCI)",Trémargat,22365,2021,Vrai,"En cours de réalisation",https://www.kreiz-breizh.fr/atlas-de-la-biodiversite/
2ccd90f0-f483-4ded-9bb2-31e2f937955a,"ABC de La Couronne","La Couronne",Commune,"La Couronne",16113,2010,Faux,Inconnu,
84862a89-aaa6-49cf-ac3a-dedadbaefa4a,"ABC de La Croix Valmer","La Croix-Valmer",Commune,"La Croix-Valmer",83048,2021,Vrai,"En cours de réalisation",
d08015d7-37d8-40ee-8f4e-791c4f27ecc1,"ABC de la CU de Dunkerque","CU de Dunkerque","Etablissement public de coopération intercommunale (EPCI)",Grande-Synthe,59271,2015,Faux,"En cours de réalisation",
d08015d7-37d8-40ee-8f4e-791c4f27ecc1,"ABC de la CU de Dunkerque","CU de Dunkerque","Etablissement public de coopération intercommunale (EPCI)",Gravelines,59273,2015,Faux,"En cours de réalisation",
d7319158-12a3-4ce2-9345-356374b2ba1b,"ABC de la forêt d'Orient","Forêt D'Orient","Parc naturel régional",Blaincourt-sur-Aube,10046,2019,Vrai,"En cours de réalisation",https://youtu.be/YiHAbMrKWTM
d7319158-12a3-4ce2-9345-356374b2ba1b,"ABC de la forêt d'Orient","Forêt D'Orient","Parc naturel régional",Brienne-la-Vieille,10063,2019,Vrai,"En cours de réalisation",https://youtu.be/YiHAbMrKWTM
d7319158-12a3-4ce2-9345-356374b2ba1b,"ABC de la forêt d'Orient","Forêt D'Orient","Parc naturel régional",Brienne-le-Château,10064,2019,Vrai,"En cours de réalisation",https://youtu.be/YiHAbMrKWTM
d7319158-12a3-4ce2-9345-356374b2ba1b,"ABC de la forêt d'Orient","Forêt D'Orient","Parc naturel régional",Dienville,10123,2019,Vrai,"En cours de réalisation",https://youtu.be/YiHAbMrKWTM
d7319158-12a3-4ce2-9345-356374b2ba1b,"ABC de la forêt d'Orient","Forêt D'Orient","Parc naturel régional",Épagne,10138,2019,Vrai,"En cours de réalisation",https://youtu.be/YiHAbMrKWTM
d7319158-12a3-4ce2-9345-356374b2ba1b,"ABC de la forêt d'Orient","Forêt D'Orient","Parc naturel régional",Juvanzé,10183,2019,Vrai,"En cours de réalisation",https://youtu.be/YiHAbMrKWTM
d7319158-12a3-4ce2-9345-356374b2ba1b,"ABC de la forêt d'Orient","Forêt D'Orient","Parc naturel régional",Hampigny,10171,2019,Vrai,"En cours de réalisation",https://youtu.be/YiHAbMrKWTM
d7319158-12a3-4ce2-9345-356374b2ba1b,"ABC de la forêt d'Orient","Forêt D'Orient","Parc naturel régional",Lassicourt,10189,2019,Vrai,"En cours de réalisation",https://youtu.be/YiHAbMrKWTM
d7319158-12a3-4ce2-9345-356374b2ba1b,"ABC de la forêt d'Orient","Forêt D'Orient","Parc naturel régional",Lesmont,10193,2019,Vrai,"En cours de réalisation",https://youtu.be/YiHAbMrKWTM
d7319158-12a3-4ce2-9345-356374b2ba1b,"ABC de la forêt d'Orient","Forêt D'Orient","Parc naturel régional",Maizières-lès-Brienne,10221,2019,Vrai,"En cours de réalisation",https://youtu.be/YiHAbMrKWTM
d7319158-12a3-4ce2-9345-356374b2ba1b,"ABC de la forêt d'Orient","Forêt D'Orient","Parc naturel régional",Mathaux,10228,2019,Vrai,"En cours de réalisation",https://youtu.be/YiHAbMrKWTM
d7319158-12a3-4ce2-9345-356374b2ba1b,"ABC de la forêt d'Orient","Forêt D'Orient","Parc naturel régional",Molins-sur-Aube,10243,2019,Vrai,"En cours de réalisation",https://youtu.be/YiHAbMrKWTM
d7319158-12a3-4ce2-9345-356374b2ba1b,"ABC de la forêt d'Orient","Forêt D'Orient","Parc naturel régional",Pel-et-Der,10283,2019,Vrai,"En cours de réalisation",https://youtu.be/YiHAbMrKWTM
d7319158-12a3-4ce2-9345-356374b2ba1b,"ABC de la forêt d'Orient","Forêt D'Orient","Parc naturel régional",Perthes-lès-Brienne,10285,2019,Vrai,"En cours de réalisation",https://youtu.be/YiHAbMrKWTM
d7319158-12a3-4ce2-9345-356374b2ba1b,"ABC de la forêt d'Orient","Forêt D'Orient","Parc naturel régional",Précy-Notre-Dame,10303,2019,Vrai,"En cours de réalisation",https://youtu.be/YiHAbMrKWTM
d7319158-12a3-4ce2-9345-356374b2ba1b,"ABC de la forêt d'Orient","Forêt D'Orient","Parc naturel régional",Précy-Saint-Martin,10304,2019,Vrai,"En cours de réalisation",https://youtu.be/YiHAbMrKWTM
d7319158-12a3-4ce2-9345-356374b2ba1b,"ABC de la forêt d'Orient","Forêt D'Orient","Parc naturel régional",Radonvilliers,10313,2019,Vrai,"En cours de réalisation",https://youtu.be/YiHAbMrKWTM
d7319158-12a3-4ce2-9345-356374b2ba1b,"ABC de la forêt d'Orient","Forêt D'Orient","Parc naturel régional",Rosnay-l'Hôpital,10326,2019,Vrai,"En cours de réalisation",https://youtu.be/YiHAbMrKWTM
d7319158-12a3-4ce2-9345-356374b2ba1b,"ABC de la forêt d'Orient","Forêt D'Orient","Parc naturel régional",Saint-Christophe-Dodinicourt,10337,2019,Vrai,"En cours de réalisation",https://youtu.be/YiHAbMrKWTM
d7319158-12a3-4ce2-9345-356374b2ba1b,"ABC de la forêt d'Orient","Forêt D'Orient","Parc naturel régional",Saint-Léger-sous-Brienne,10345,2019,Vrai,"En cours de réalisation",https://youtu.be/YiHAbMrKWTM
d7319158-12a3-4ce2-9345-356374b2ba1b,"ABC de la forêt d'Orient","Forêt D'Orient","Parc naturel régional",Unienville,10389,2019,Vrai,"En cours de réalisation",https://youtu.be/YiHAbMrKWTM
d7319158-12a3-4ce2-9345-356374b2ba1b,"ABC de la forêt d'Orient","Forêt D'Orient","Parc naturel régional",Vallentigny,10393,2019,Vrai,"En cours de réalisation",https://youtu.be/YiHAbMrKWTM
77da1941-d4b1-41a3-9e72-849ab3ca0f85,"ABC de la Haie-Fouassière","La Haie-Fouassière",Commune,"La Haie-Fouassière",44070,2021,Vrai,"En cours de réalisation",http://www.la-haye-fouassiere.fr/fr/information/112496/atlas-biodiversite-communale
56665457-1892-47d1-803c-20cc2c5f87f1,"ABC de la Lagune (secteur Sète)",Marseillan,Commune,Marseillan,34150,2021,Vrai,"En cours de réalisation",
56665457-1892-47d1-803c-20cc2c5f87f1,"ABC de la Lagune (secteur Sète)",Marseillan,Commune,Mèze,34157,2021,Vrai,"En cours de réalisation",
56665457-1892-47d1-803c-20cc2c5f87f1,"ABC de la Lagune (secteur Sète)",Marseillan,Commune,Loupian,34143,2021,Vrai,"En cours de réalisation",
56665457-1892-47d1-803c-20cc2c5f87f1,"ABC de la Lagune (secteur Sète)",Marseillan,Commune,Bouzigues,34039,2021,Vrai,"En cours de réalisation",
56665457-1892-47d1-803c-20cc2c5f87f1,"ABC de la Lagune (secteur Sète)",Marseillan,Commune,Balaruc-le-Vieux,34024,2021,Vrai,"En cours de réalisation",
56665457-1892-47d1-803c-20cc2c5f87f1,"ABC de la Lagune (secteur Sète)",Marseillan,Commune,Balaruc-les-Bains,34023,2021,Vrai,"En cours de réalisation",
56665457-1892-47d1-803c-20cc2c5f87f1,"ABC de la Lagune (secteur Sète)",Marseillan,Commune,Sète,34301,2021,Vrai,"En cours de réalisation",
56665457-1892-47d1-803c-20cc2c5f87f1,"ABC de la Lagune (secteur Sète)",Marseillan,Commune,Frontignan,34108,2021,Vrai,"En cours de réalisation",
83df6d33-eb66-40dd-8bf3-91fc7f378d2e,"ABC de la Métropole Aix-Marseille-Provence","Métropole d'Aix-Marseille-Provence","Etablissement public de coopération intercommunale (EPCI)",Aix-en-Provence,13001,2018,Vrai,Fini,
83df6d33-eb66-40dd-8bf3-91fc7f378d2e,"ABC de la Métropole Aix-Marseille-Provence","Métropole d'Aix-Marseille-Provence","Etablissement public de coopération intercommunale (EPCI)",Allauch,13002,2018,Vrai,Fini,
83df6d33-eb66-40dd-8bf3-91fc7f378d2e,"ABC de la Métropole Aix-Marseille-Provence","Métropole d'Aix-Marseille-Provence","Etablissement public de coopération intercommunale (EPCI)",Alleins,13003,2018,Vrai,Fini,
83df6d33-eb66-40dd-8bf3-91fc7f378d2e,"ABC de la Métropole Aix-Marseille-Provence","Métropole d'Aix-Marseille-Provence","Etablissement public de coopération intercommunale (EPCI)",Aubagne,13005,2018,Vrai,Fini,
83df6d33-eb66-40dd-8bf3-91fc7f378d2e,"ABC de la Métropole Aix-Marseille-Provence","Métropole d'Aix-Marseille-Provence","Etablissement public de coopération intercommunale (EPCI)",Auriol,13007,2018,Vrai,Fini,
83df6d33-eb66-40dd-8bf3-91fc7f378d2e,"ABC de la Métropole Aix-Marseille-Provence","Métropole d'Aix-Marseille-Provence","Etablissement public de coopération intercommunale (EPCI)",Aurons,13008,2018,Vrai,Fini,
83df6d33-eb66-40dd-8bf3-91fc7f378d2e,"ABC de la Métropole Aix-Marseille-Provence","Métropole d'Aix-Marseille-Provence","Etablissement public de coopération intercommunale (EPCI)","La Barben",13009,2018,Vrai,Fini,
83df6d33-eb66-40dd-8bf3-91fc7f378d2e,"ABC de la Métropole Aix-Marseille-Provence","Métropole d'Aix-Marseille-Provence","Etablissement public de coopération intercommunale (EPCI)",Beaurecueil,13012,2018,Vrai,Fini,
83df6d33-eb66-40dd-8bf3-91fc7f378d2e,"ABC de la Métropole Aix-Marseille-Provence","Métropole d'Aix-Marseille-Provence","Etablissement public de coopération intercommunale (EPCI)",Belcodène,13013,2018,Vrai,Fini,
83df6d33-eb66-40dd-8bf3-91fc7f378d2e,"ABC de la Métropole Aix-Marseille-Provence","Métropole d'Aix-Marseille-Provence","Etablissement public de coopération intercommunale (EPCI)",Berre-l'Étang,13014,2018,Vrai,Fini,
83df6d33-eb66-40dd-8bf3-91fc7f378d2e,"ABC de la Métropole Aix-Marseille-Provence","Métropole d'Aix-Marseille-Provence","Etablissement public de coopération intercommunale (EPCI)",Bouc-Bel-Air,13015,2018,Vrai,Fini,
83df6d33-eb66-40dd-8bf3-91fc7f378d2e,"ABC de la Métropole Aix-Marseille-Provence","Métropole d'Aix-Marseille-Provence","Etablissement public de coopération intercommunale (EPCI)","La Bouilladisse",13016,2018,Vrai,Fini,
83df6d33-eb66-40dd-8bf3-91fc7f378d2e,"ABC de la Métropole Aix-Marseille-Provence","Métropole d'Aix-Marseille-Provence","Etablissement public de coopération intercommunale (EPCI)",Cabriès,13019,2018,Vrai,Fini,
83df6d33-eb66-40dd-8bf3-91fc7f378d2e,"ABC de la Métropole Aix-Marseille-Provence","Métropole d'Aix-Marseille-Provence","Etablissement public de coopération intercommunale (EPCI)",Cadolive,13020,2018,Vrai,Fini,
83df6d33-eb66-40dd-8bf3-91fc7f378d2e,"ABC de la Métropole Aix-Marseille-Provence","Métropole d'Aix-Marseille-Provence","Etablissement public de coopération intercommunale (EPCI)",Carry-le-Rouet,13021,2018,Vrai,Fini,
83df6d33-eb66-40dd-8bf3-91fc7f378d2e,"ABC de la Métropole Aix-Marseille-Provence","Métropole d'Aix-Marseille-Provence","Etablissement public de coopération intercommunale (EPCI)",Cassis,13022,2018,Vrai,Fini,
83df6d33-eb66-40dd-8bf3-91fc7f378d2e,"ABC de la Métropole Aix-Marseille-Provence","Métropole d'Aix-Marseille-Provence","Etablissement public de coopération intercommunale (EPCI)",Ceyreste,13023,2018,Vrai,Fini,
83df6d33-eb66-40dd-8bf3-91fc7f378d2e,"ABC de la Métropole Aix-Marseille-Provence","Métropole d'Aix-Marseille-Provence","Etablissement public de coopération intercommunale (EPCI)",Charleval,13024,2018,Vrai,Fini,
83df6d33-eb66-40dd-8bf3-91fc7f378d2e,"ABC de la Métropole Aix-Marseille-Provence","Métropole d'Aix-Marseille-Provence","Etablissement public de coopération intercommunale (EPCI)",Châteauneuf-le-Rouge,13025,2018,Vrai,Fini,
83df6d33-eb66-40dd-8bf3-91fc7f378d2e,"ABC de la Métropole Aix-Marseille-Provence","Métropole d'Aix-Marseille-Provence","Etablissement public de coopération intercommunale (EPCI)",Châteauneuf-les-Martigues,13026,2018,Vrai,Fini,
83df6d33-eb66-40dd-8bf3-91fc7f378d2e,"ABC de la Métropole Aix-Marseille-Provence","Métropole d'Aix-Marseille-Provence","Etablissement public de coopération intercommunale (EPCI)","La Ciotat",13028,2018,Vrai,Fini,
83df6d33-eb66-40dd-8bf3-91fc7f378d2e,"ABC de la Métropole Aix-Marseille-Provence","Métropole d'Aix-Marseille-Provence","Etablissement public de coopération intercommunale (EPCI)",Cornillon-Confoux,13029,2018,Vrai,Fini,
83df6d33-eb66-40dd-8bf3-91fc7f378d2e,"ABC de la Métropole Aix-Marseille-Provence","Métropole d'Aix-Marseille-Provence","Etablissement public de coopération intercommunale (EPCI)",Cuges-les-Pins,13030,2018,Vrai,Fini,
83df6d33-eb66-40dd-8bf3-91fc7f378d2e,"ABC de la Métropole Aix-Marseille-Provence","Métropole d'Aix-Marseille-Provence","Etablissement public de coopération intercommunale (EPCI)","La Destrousse",13031,2018,Vrai,Fini,
83df6d33-eb66-40dd-8bf3-91fc7f378d2e,"ABC de la Métropole Aix-Marseille-Provence","Métropole d'Aix-Marseille-Provence","Etablissement public de coopération intercommunale (EPCI)",Éguilles,13032,2018,Vrai,Fini,
83df6d33-eb66-40dd-8bf3-91fc7f378d2e,"ABC de la Métropole Aix-Marseille-Provence","Métropole d'Aix-Marseille-Provence","Etablissement public de coopération intercommunale (EPCI)",Ensuès-la-Redonne,13033,2018,Vrai,Fini,
83df6d33-eb66-40dd-8bf3-91fc7f378d2e,"ABC de la Métropole Aix-Marseille-Provence","Métropole d'Aix-Marseille-Provence","Etablissement public de coopération intercommunale (EPCI)",Eyguières,13035,2018,Vrai,Fini,
83df6d33-eb66-40dd-8bf3-91fc7f378d2e,"ABC de la Métropole Aix-Marseille-Provence","Métropole d'Aix-Marseille-Provence","Etablissement public de coopération intercommunale (EPCI)","La Fare-les-Oliviers",13037,2018,Vrai,Fini,
83df6d33-eb66-40dd-8bf3-91fc7f378d2e,"ABC de la Métropole Aix-Marseille-Provence","Métropole d'Aix-Marseille-Provence","Etablissement public de coopération intercommunale (EPCI)",Fos-sur-Mer,13039,2018,Vrai,Fini,
83df6d33-eb66-40dd-8bf3-91fc7f378d2e,"ABC de la Métropole Aix-Marseille-Provence","Métropole d'Aix-Marseille-Provence","Etablissement public de coopération intercommunale (EPCI)",Fuveau,13040,2018,Vrai,Fini,
83df6d33-eb66-40dd-8bf3-91fc7f378d2e,"ABC de la Métropole Aix-Marseille-Provence","Métropole d'Aix-Marseille-Provence","Etablissement public de coopération intercommunale (EPCI)",Gardanne,13041,2018,Vrai,Fini,
83df6d33-eb66-40dd-8bf3-91fc7f378d2e,"ABC de la Métropole Aix-Marseille-Provence","Métropole d'Aix-Marseille-Provence","Etablissement public de coopération intercommunale (EPCI)",Gémenos,13042,2018,Vrai,Fini,
83df6d33-eb66-40dd-8bf3-91fc7f378d2e,"ABC de la Métropole Aix-Marseille-Provence","Métropole d'Aix-Marseille-Provence","Etablissement public de coopération intercommunale (EPCI)",Gignac-la-Nerthe,13043,2018,Vrai,Fini,
83df6d33-eb66-40dd-8bf3-91fc7f378d2e,"ABC de la Métropole Aix-Marseille-Provence","Métropole d'Aix-Marseille-Provence","Etablissement public de coopération intercommunale (EPCI)",Grans,13044,2018,Vrai,Fini,
83df6d33-eb66-40dd-8bf3-91fc7f378d2e,"ABC de la Métropole Aix-Marseille-Provence","Métropole d'Aix-Marseille-Provence","Etablissement public de coopération intercommunale (EPCI)",Gréasque,13046,2018,Vrai,Fini,
83df6d33-eb66-40dd-8bf3-91fc7f378d2e,"ABC de la Métropole Aix-Marseille-Provence","Métropole d'Aix-Marseille-Provence","Etablissement public de coopération intercommunale (EPCI)",Istres,13047,2018,Vrai,Fini,
83df6d33-eb66-40dd-8bf3-91fc7f378d2e,"ABC de la Métropole Aix-Marseille-Provence","Métropole d'Aix-Marseille-Provence","Etablissement public de coopération intercommunale (EPCI)",Jouques,13048,2018,Vrai,Fini,
83df6d33-eb66-40dd-8bf3-91fc7f378d2e,"ABC de la Métropole Aix-Marseille-Provence","Métropole d'Aix-Marseille-Provence","Etablissement public de coopération intercommunale (EPCI)",Lamanon,13049,2018,Vrai,Fini,
83df6d33-eb66-40dd-8bf3-91fc7f378d2e,"ABC de la Métropole Aix-Marseille-Provence","Métropole d'Aix-Marseille-Provence","Etablissement public de coopération intercommunale (EPCI)",Lambesc,13050,2018,Vrai,Fini,
83df6d33-eb66-40dd-8bf3-91fc7f378d2e,"ABC de la Métropole Aix-Marseille-Provence","Métropole d'Aix-Marseille-Provence","Etablissement public de coopération intercommunale (EPCI)",Lançon-Provence,13051,2018,Vrai,Fini,
83df6d33-eb66-40dd-8bf3-91fc7f378d2e,"ABC de la Métropole Aix-Marseille-Provence","Métropole d'Aix-Marseille-Provence","Etablissement public de coopération intercommunale (EPCI)",Mallemort,13053,2018,Vrai,Fini,
83df6d33-eb66-40dd-8bf3-91fc7f378d2e,"ABC de la Métropole Aix-Marseille-Provence","Métropole d'Aix-Marseille-Provence","Etablissement public de coopération intercommunale (EPCI)",Marignane,13054,2018,Vrai,Fini,
83df6d33-eb66-40dd-8bf3-91fc7f378d2e,"ABC de la Métropole Aix-Marseille-Provence","Métropole d'Aix-Marseille-Provence","Etablissement public de coopération intercommunale (EPCI)",Marseille,13055,2018,Vrai,Fini,
83df6d33-eb66-40dd-8bf3-91fc7f378d2e,"ABC de la Métropole Aix-Marseille-Provence","Métropole d'Aix-Marseille-Provence","Etablissement public de coopération intercommunale (EPCI)",Martigues,13056,2018,Vrai,Fini,
83df6d33-eb66-40dd-8bf3-91fc7f378d2e,"ABC de la Métropole Aix-Marseille-Provence","Métropole d'Aix-Marseille-Provence","Etablissement public de coopération intercommunale (EPCI)",Meyrargues,13059,2018,Vrai,Fini,
83df6d33-eb66-40dd-8bf3-91fc7f378d2e,"ABC de la Métropole Aix-Marseille-Provence","Métropole d'Aix-Marseille-Provence","Etablissement public de coopération intercommunale (EPCI)",Meyreuil,13060,2018,Vrai,Fini,
83df6d33-eb66-40dd-8bf3-91fc7f378d2e,"ABC de la Métropole Aix-Marseille-Provence","Métropole d'Aix-Marseille-Provence","Etablissement public de coopération intercommunale (EPCI)",Mimet,13062,2018,Vrai,Fini,
83df6d33-eb66-40dd-8bf3-91fc7f378d2e,"ABC de la Métropole Aix-Marseille-Provence","Métropole d'Aix-Marseille-Provence","Etablissement public de coopération intercommunale (EPCI)",Miramas,13063,2018,Vrai,Fini,
83df6d33-eb66-40dd-8bf3-91fc7f378d2e,"ABC de la Métropole Aix-Marseille-Provence","Métropole d'Aix-Marseille-Provence","Etablissement public de coopération intercommunale (EPCI)",Pélissanne,13069,2018,Vrai,Fini,
83df6d33-eb66-40dd-8bf3-91fc7f378d2e,"ABC de la Métropole Aix-Marseille-Provence","Métropole d'Aix-Marseille-Provence","Etablissement public de coopération intercommunale (EPCI)","La Penne-sur-Huveaune",13070,2018,Vrai,Fini,
83df6d33-eb66-40dd-8bf3-91fc7f378d2e,"ABC de la Métropole Aix-Marseille-Provence","Métropole d'Aix-Marseille-Provence","Etablissement public de coopération intercommunale (EPCI)","Les Pennes-Mirabeau",13071,2018,Vrai,Fini,
83df6d33-eb66-40dd-8bf3-91fc7f378d2e,"ABC de la Métropole Aix-Marseille-Provence","Métropole d'Aix-Marseille-Provence","Etablissement public de coopération intercommunale (EPCI)",Peynier,13072,2018,Vrai,Fini,
83df6d33-eb66-40dd-8bf3-91fc7f378d2e,"ABC de la Métropole Aix-Marseille-Provence","Métropole d'Aix-Marseille-Provence","Etablissement public de coopération intercommunale (EPCI)",Peypin,13073,2018,Vrai,Fini,
83df6d33-eb66-40dd-8bf3-91fc7f378d2e,"ABC de la Métropole Aix-Marseille-Provence","Métropole d'Aix-Marseille-Provence","Etablissement public de coopération intercommunale (EPCI)",Peyrolles-en-Provence,13074,2018,Vrai,Fini,
83df6d33-eb66-40dd-8bf3-91fc7f378d2e,"ABC de la Métropole Aix-Marseille-Provence","Métropole d'Aix-Marseille-Provence","Etablissement public de coopération intercommunale (EPCI)",Plan-de-Cuques,13075,2018,Vrai,Fini,
83df6d33-eb66-40dd-8bf3-91fc7f378d2e,"ABC de la Métropole Aix-Marseille-Provence","Métropole d'Aix-Marseille-Provence","Etablissement public de coopération intercommunale (EPCI)",Port-de-Bouc,13077,2018,Vrai,Fini,
83df6d33-eb66-40dd-8bf3-91fc7f378d2e,"ABC de la Métropole Aix-Marseille-Provence","Métropole d'Aix-Marseille-Provence","Etablissement public de coopération intercommunale (EPCI)",Port-Saint-Louis-du-Rhône,13078,2018,Vrai,Fini,
83df6d33-eb66-40dd-8bf3-91fc7f378d2e,"ABC de la Métropole Aix-Marseille-Provence","Métropole d'Aix-Marseille-Provence","Etablissement public de coopération intercommunale (EPCI)",Puyloubier,13079,2018,Vrai,Fini,
83df6d33-eb66-40dd-8bf3-91fc7f378d2e,"ABC de la Métropole Aix-Marseille-Provence","Métropole d'Aix-Marseille-Provence","Etablissement public de coopération intercommunale (EPCI)","Le Puy-Sainte-Réparade",13080,2018,Vrai,Fini,
83df6d33-eb66-40dd-8bf3-91fc7f378d2e,"ABC de la Métropole Aix-Marseille-Provence","Métropole d'Aix-Marseille-Provence","Etablissement public de coopération intercommunale (EPCI)",Rognac,13081,2018,Vrai,Fini,
83df6d33-eb66-40dd-8bf3-91fc7f378d2e,"ABC de la Métropole Aix-Marseille-Provence","Métropole d'Aix-Marseille-Provence","Etablissement public de coopération intercommunale (EPCI)",Rognes,13082,2018,Vrai,Fini,
83df6d33-eb66-40dd-8bf3-91fc7f378d2e,"ABC de la Métropole Aix-Marseille-Provence","Métropole d'Aix-Marseille-Provence","Etablissement public de coopération intercommunale (EPCI)","La Roque-d'Anthéron",13084,2018,Vrai,Fini,
83df6d33-eb66-40dd-8bf3-91fc7f378d2e,"ABC de la Métropole Aix-Marseille-Provence","Métropole d'Aix-Marseille-Provence","Etablissement public de coopération intercommunale (EPCI)",Roquefort-la-Bédoule,13085,2018,Vrai,Fini,
83df6d33-eb66-40dd-8bf3-91fc7f378d2e,"ABC de la Métropole Aix-Marseille-Provence","Métropole d'Aix-Marseille-Provence","Etablissement public de coopération intercommunale (EPCI)",Roquevaire,13086,2018,Vrai,Fini,
83df6d33-eb66-40dd-8bf3-91fc7f378d2e,"ABC de la Métropole Aix-Marseille-Provence","Métropole d'Aix-Marseille-Provence","Etablissement public de coopération intercommunale (EPCI)",Rousset,13087,2018,Vrai,Fini,
83df6d33-eb66-40dd-8bf3-91fc7f378d2e,"ABC de la Métropole Aix-Marseille-Provence","Métropole d'Aix-Marseille-Provence","Etablissement public de coopération intercommunale (EPCI)","Le Rove",13088,2018,Vrai,Fini,
83df6d33-eb66-40dd-8bf3-91fc7f378d2e,"ABC de la Métropole Aix-Marseille-Provence","Métropole d'Aix-Marseille-Provence","Etablissement public de coopération intercommunale (EPCI)",Saint-Antonin-sur-Bayon,13090,2018,Vrai,Fini,
83df6d33-eb66-40dd-8bf3-91fc7f378d2e,"ABC de la Métropole Aix-Marseille-Provence","Métropole d'Aix-Marseille-Provence","Etablissement public de coopération intercommunale (EPCI)",Saint-Cannat,13091,2018,Vrai,Fini,
83df6d33-eb66-40dd-8bf3-91fc7f378d2e,"ABC de la Métropole Aix-Marseille-Provence","Métropole d'Aix-Marseille-Provence","Etablissement public de coopération intercommunale (EPCI)",Saint-Chamas,13092,2018,Vrai,Fini,
83df6d33-eb66-40dd-8bf3-91fc7f378d2e,"ABC de la Métropole Aix-Marseille-Provence","Métropole d'Aix-Marseille-Provence","Etablissement public de coopération intercommunale (EPCI)",Saint-Estève-Janson,13093,2018,Vrai,Fini,
83df6d33-eb66-40dd-8bf3-91fc7f378d2e,"ABC de la Métropole Aix-Marseille-Provence","Métropole d'Aix-Marseille-Provence","Etablissement public de coopération intercommunale (EPCI)",Saint-Marc-Jaumegarde,13095,2018,Vrai,Fini,
83df6d33-eb66-40dd-8bf3-91fc7f378d2e,"ABC de la Métropole Aix-Marseille-Provence","Métropole d'Aix-Marseille-Provence","Etablissement public de coopération intercommunale (EPCI)",Saint-Mitre-les-Remparts,13098,2018,Vrai,Fini,
83df6d33-eb66-40dd-8bf3-91fc7f378d2e,"ABC de la Métropole Aix-Marseille-Provence","Métropole d'Aix-Marseille-Provence","Etablissement public de coopération intercommunale (EPCI)",Saint-Paul-lès-Durance,13099,2018,Vrai,Fini,
83df6d33-eb66-40dd-8bf3-91fc7f378d2e,"ABC de la Métropole Aix-Marseille-Provence","Métropole d'Aix-Marseille-Provence","Etablissement public de coopération intercommunale (EPCI)",Saint-Savournin,13101,2018,Vrai,Fini,
83df6d33-eb66-40dd-8bf3-91fc7f378d2e,"ABC de la Métropole Aix-Marseille-Provence","Métropole d'Aix-Marseille-Provence","Etablissement public de coopération intercommunale (EPCI)",Saint-Victoret,13102,2018,Vrai,Fini,
83df6d33-eb66-40dd-8bf3-91fc7f378d2e,"ABC de la Métropole Aix-Marseille-Provence","Métropole d'Aix-Marseille-Provence","Etablissement public de coopération intercommunale (EPCI)",Salon-de-Provence,13103,2018,Vrai,Fini,
83df6d33-eb66-40dd-8bf3-91fc7f378d2e,"ABC de la Métropole Aix-Marseille-Provence","Métropole d'Aix-Marseille-Provence","Etablissement public de coopération intercommunale (EPCI)",Sausset-les-Pins,13104,2018,Vrai,Fini,
83df6d33-eb66-40dd-8bf3-91fc7f378d2e,"ABC de la Métropole Aix-Marseille-Provence","Métropole d'Aix-Marseille-Provence","Etablissement public de coopération intercommunale (EPCI)",Sénas,13105,2018,Vrai,Fini,
83df6d33-eb66-40dd-8bf3-91fc7f378d2e,"ABC de la Métropole Aix-Marseille-Provence","Métropole d'Aix-Marseille-Provence","Etablissement public de coopération intercommunale (EPCI)",Septèmes-les-Vallons,13106,2018,Vrai,Fini,
83df6d33-eb66-40dd-8bf3-91fc7f378d2e,"ABC de la Métropole Aix-Marseille-Provence","Métropole d'Aix-Marseille-Provence","Etablissement public de coopération intercommunale (EPCI)",Simiane-Collongue,13107,2018,Vrai,Fini,
83df6d33-eb66-40dd-8bf3-91fc7f378d2e,"ABC de la Métropole Aix-Marseille-Provence","Métropole d'Aix-Marseille-Provence","Etablissement public de coopération intercommunale (EPCI)","Le Tholonet",13109,2018,Vrai,Fini,
83df6d33-eb66-40dd-8bf3-91fc7f378d2e,"ABC de la Métropole Aix-Marseille-Provence","Métropole d'Aix-Marseille-Provence","Etablissement public de coopération intercommunale (EPCI)",Trets,13110,2018,Vrai,Fini,
83df6d33-eb66-40dd-8bf3-91fc7f378d2e,"ABC de la Métropole Aix-Marseille-Provence","Métropole d'Aix-Marseille-Provence","Etablissement public de coopération intercommunale (EPCI)",Vauvenargues,13111,2018,Vrai,Fini,
83df6d33-eb66-40dd-8bf3-91fc7f378d2e,"ABC de la Métropole Aix-Marseille-Provence","Métropole d'Aix-Marseille-Provence","Etablissement public de coopération intercommunale (EPCI)",Velaux,13112,2018,Vrai,Fini,
83df6d33-eb66-40dd-8bf3-91fc7f378d2e,"ABC de la Métropole Aix-Marseille-Provence","Métropole d'Aix-Marseille-Provence","Etablissement public de coopération intercommunale (EPCI)",Venelles,13113,2018,Vrai,Fini,
83df6d33-eb66-40dd-8bf3-91fc7f378d2e,"ABC de la Métropole Aix-Marseille-Provence","Métropole d'Aix-Marseille-Provence","Etablissement public de coopération intercommunale (EPCI)",Ventabren,13114,2018,Vrai,Fini,
83df6d33-eb66-40dd-8bf3-91fc7f378d2e,"ABC de la Métropole Aix-Marseille-Provence","Métropole d'Aix-Marseille-Provence","Etablissement public de coopération intercommunale (EPCI)",Vernègues,13115,2018,Vrai,Fini,
83df6d33-eb66-40dd-8bf3-91fc7f378d2e,"ABC de la Métropole Aix-Marseille-Provence","Métropole d'Aix-Marseille-Provence","Etablissement public de coopération intercommunale (EPCI)",Vitrolles,13117,2018,Vrai,Fini,
83df6d33-eb66-40dd-8bf3-91fc7f378d2e,"ABC de la Métropole Aix-Marseille-Provence","Métropole d'Aix-Marseille-Provence","Etablissement public de coopération intercommunale (EPCI)",Coudoux,13118,2018,Vrai,Fini,
83df6d33-eb66-40dd-8bf3-91fc7f378d2e,"ABC de la Métropole Aix-Marseille-Provence","Métropole d'Aix-Marseille-Provence","Etablissement public de coopération intercommunale (EPCI)",Carnoux-en-Provence,13119,2018,Vrai,Fini,
83df6d33-eb66-40dd-8bf3-91fc7f378d2e,"ABC de la Métropole Aix-Marseille-Provence","Métropole d'Aix-Marseille-Provence","Etablissement public de coopération intercommunale (EPCI)",Saint-Zacharie,83120,2018,Vrai,Fini,
83df6d33-eb66-40dd-8bf3-91fc7f378d2e,"ABC de la Métropole Aix-Marseille-Provence","Métropole d'Aix-Marseille-Provence","Etablissement public de coopération intercommunale (EPCI)",Pertuis,84089,2018,Vrai,Fini,
3ade0dd0-b48e-47fe-a812-60fe8fb0e562,"ABC de la Motte du Caire","La Motte-du-Caire",Commune,"La Motte-du-Caire",04134,2021,Vrai,"En cours de réalisation",https://cenpaca.wixsite.com/la-motte-du-caire
c7515f37-2b22-457b-9d21-1843f47fbb35,"ABC de La Motte Saint Martin","La Motte-Saint-Martin",Commune,"La Motte-Saint-Martin",38266,2020,Vrai,"En cours de réalisation",https://www.lamottesaintmartin.fr/vie-pratique/abc-altlas-de-la-biodiversite-communale/
7fc45ed7-a8a3-4772-996e-131dbaf01fbe,"ABC de La Motte-Servolex","La Motte-Servolex",Commune,"La Motte-Servolex",73179,2021,Vrai,"En cours de réalisation",https://www.mairie-lamotteservolex.fr/nature-et-cadre-de-vie/actions-de-la-commune-la-motte-servole…
fbc6caea-f6f5-4a83-ab0a-cd4382aa523e,"ABC de La Plaine-des-Palmistes","La Plaine-des-Palmistes",Commune,"La Plaine-des-Palmistes",97406,2010,Faux,Fini,
7357824b-e710-4ab8-b867-2ff5afd3edde,"ABC de La Rivière-Drugeon","La Rivière-Drugeon",Commune,"La Rivière-Drugeon",25493,2010,Faux,Inconnu,
895e2e58-4bc7-4dc5-880a-82879f4aecec,"ABC de La Roche-Clermault",,"Etablissement public de coopération intercommunale (EPCI)","La Roche-Clermault",37202,2016,Faux,Fini,https://www.chinon-vienne-loire.fr/entreprendre/environnement/atlas-de-la-biodiversite/
33f10285-b210-42a6-b2eb-95804e546c14,"ABC de La Roche-sur-Yon",,,"La Roche-sur-Yon",85191,2022,Vrai,"En phase de lancement",
49501b83-15e1-41f5-8aca-90725ac917e5,"ABC de La Rochelle","La Rochelle",Commune,"La Rochelle",17300,2010,Faux,Inconnu,
338d68e5-5fc0-47bc-a378-b0ad9c6ff172,"ABC de La Souterraine","La Souterraine",Commune,"La Souterraine",23176,2020,Vrai,"En cours de réalisation",
733328b2-706b-416b-a903-dfda0c8b70e5,"ABC de la Vallée de l'Homme","CC de la Vallée de l'Homme","Etablissement public de coopération intercommunale (EPCI)",Aubas,24014,2021,Vrai,"En cours de réalisation",
733328b2-706b-416b-a903-dfda0c8b70e5,"ABC de la Vallée de l'Homme","CC de la Vallée de l'Homme","Etablissement public de coopération intercommunale (EPCI)",Audrix,24015,2021,Vrai,"En cours de réalisation",
733328b2-706b-416b-a903-dfda0c8b70e5,"ABC de la Vallée de l'Homme","CC de la Vallée de l'Homme","Etablissement public de coopération intercommunale (EPCI)",Campagne,24076,2021,Vrai,"En cours de réalisation",
733328b2-706b-416b-a903-dfda0c8b70e5,"ABC de la Vallée de l'Homme","CC de la Vallée de l'Homme","Etablissement public de coopération intercommunale (EPCI)",Coly-Saint-Amand,24364,2021,Vrai,"En cours de réalisation",
733328b2-706b-416b-a903-dfda0c8b70e5,"ABC de la Vallée de l'Homme","CC de la Vallée de l'Homme","Etablissement public de coopération intercommunale (EPCI)",Fanlac,24174,2021,Vrai,"En cours de réalisation",
733328b2-706b-416b-a903-dfda0c8b70e5,"ABC de la Vallée de l'Homme","CC de la Vallée de l'Homme","Etablissement public de coopération intercommunale (EPCI)",Fleurac,24183,2021,Vrai,"En cours de réalisation",
733328b2-706b-416b-a903-dfda0c8b70e5,"ABC de la Vallée de l'Homme","CC de la Vallée de l'Homme","Etablissement public de coopération intercommunale (EPCI)",Journiac,24217,2021,Vrai,"En cours de réalisation",
733328b2-706b-416b-a903-dfda0c8b70e5,"ABC de la Vallée de l'Homme","CC de la Vallée de l'Homme","Etablissement public de coopération intercommunale (EPCI)","La Chapelle-Aubareil",24106,2021,Vrai,"En cours de réalisation",
733328b2-706b-416b-a903-dfda0c8b70e5,"ABC de la Vallée de l'Homme","CC de la Vallée de l'Homme","Etablissement public de coopération intercommunale (EPCI)","Le Bugue",24067,2021,Vrai,"En cours de réalisation",
733328b2-706b-416b-a903-dfda0c8b70e5,"ABC de la Vallée de l'Homme","CC de la Vallée de l'Homme","Etablissement public de coopération intercommunale (EPCI)","Les Eyzies",24172,2021,Vrai,"En cours de réalisation",
733328b2-706b-416b-a903-dfda0c8b70e5,"ABC de la Vallée de l'Homme","CC de la Vallée de l'Homme","Etablissement public de coopération intercommunale (EPCI)","Les Farges",24175,2021,Vrai,"En cours de réalisation",
733328b2-706b-416b-a903-dfda0c8b70e5,"ABC de la Vallée de l'Homme","CC de la Vallée de l'Homme","Etablissement public de coopération intercommunale (EPCI)",Limeuil,24240,2021,Vrai,"En cours de réalisation",
733328b2-706b-416b-a903-dfda0c8b70e5,"ABC de la Vallée de l'Homme","CC de la Vallée de l'Homme","Etablissement public de coopération intercommunale (EPCI)",Mauzens-et-Miremont,24261,2021,Vrai,"En cours de réalisation",
733328b2-706b-416b-a903-dfda0c8b70e5,"ABC de la Vallée de l'Homme","CC de la Vallée de l'Homme","Etablissement public de coopération intercommunale (EPCI)",Montignac,24291,2021,Vrai,"En cours de réalisation",
733328b2-706b-416b-a903-dfda0c8b70e5,"ABC de la Vallée de l'Homme","CC de la Vallée de l'Homme","Etablissement public de coopération intercommunale (EPCI)",Peyzac-le-Moustier,24326,2021,Vrai,"En cours de réalisation",
733328b2-706b-416b-a903-dfda0c8b70e5,"ABC de la Vallée de l'Homme","CC de la Vallée de l'Homme","Etablissement public de coopération intercommunale (EPCI)",Plazac,24330,2021,Vrai,"En cours de réalisation",
733328b2-706b-416b-a903-dfda0c8b70e5,"ABC de la Vallée de l'Homme","CC de la Vallée de l'Homme","Etablissement public de coopération intercommunale (EPCI)",Rouffignac-Saint-Cernin-de-Reilhac,24356,2021,Vrai,"En cours de réalisation",
733328b2-706b-416b-a903-dfda0c8b70e5,"ABC de la Vallée de l'Homme","CC de la Vallée de l'Homme","Etablissement public de coopération intercommunale (EPCI)",Saint-Avit-de-Vialard,24377,2021,Vrai,"En cours de réalisation",
733328b2-706b-416b-a903-dfda0c8b70e5,"ABC de la Vallée de l'Homme","CC de la Vallée de l'Homme","Etablissement public de coopération intercommunale (EPCI)",Saint-Chamassy,24388,2021,Vrai,"En cours de réalisation",
733328b2-706b-416b-a903-dfda0c8b70e5,"ABC de la Vallée de l'Homme","CC de la Vallée de l'Homme","Etablissement public de coopération intercommunale (EPCI)",Saint-Félix-de-Reillac-et-Mortemart,24404,2021,Vrai,"En cours de réalisation",
733328b2-706b-416b-a903-dfda0c8b70e5,"ABC de la Vallée de l'Homme","CC de la Vallée de l'Homme","Etablissement public de coopération intercommunale (EPCI)",Saint-Léon-sur-Vézère,24443,2021,Vrai,"En cours de réalisation",
733328b2-706b-416b-a903-dfda0c8b70e5,"ABC de la Vallée de l'Homme","CC de la Vallée de l'Homme","Etablissement public de coopération intercommunale (EPCI)",Savignac-de-Miremont,24524,2021,Vrai,"En cours de réalisation",
733328b2-706b-416b-a903-dfda0c8b70e5,"ABC de la Vallée de l'Homme","CC de la Vallée de l'Homme","Etablissement public de coopération intercommunale (EPCI)",Sergeac,24531,2021,Vrai,"En cours de réalisation",
733328b2-706b-416b-a903-dfda0c8b70e5,"ABC de la Vallée de l'Homme","CC de la Vallée de l'Homme","Etablissement public de coopération intercommunale (EPCI)",Thonac,24552,2021,Vrai,"En cours de réalisation",
733328b2-706b-416b-a903-dfda0c8b70e5,"ABC de la Vallée de l'Homme","CC de la Vallée de l'Homme","Etablissement public de coopération intercommunale (EPCI)",Tursac,24559,2021,Vrai,"En cours de réalisation",
733328b2-706b-416b-a903-dfda0c8b70e5,"ABC de la Vallée de l'Homme","CC de la Vallée de l'Homme","Etablissement public de coopération intercommunale (EPCI)",Valojoulx,24563,2021,Vrai,"En cours de réalisation",
83aa936e-6668-4052-b782-b181991d84e3,"ABC de la Vallée de la Dordogne (Epidor)","Epidor (EPTB Dordogne)","Établissement public territorial de bassin (EPTB)",Floirac,17160,2018,Vrai,Fini,https://www.youtube.com/watch?v=_HEv6UpedPM
83aa936e-6668-4052-b782-b181991d84e3,"ABC de la Vallée de la Dordogne (Epidor)","Epidor (EPTB Dordogne)","Établissement public territorial de bassin (EPTB)",Argentat-sur-Dordogne,19010,2018,Vrai,Fini,https://www.youtube.com/watch?v=_HEv6UpedPM
83aa936e-6668-4052-b782-b181991d84e3,"ABC de la Vallée de la Dordogne (Epidor)","Epidor (EPTB Dordogne)","Établissement public territorial de bassin (EPTB)",Carsac-Aillac,24082,2018,Vrai,Fini,https://www.youtube.com/watch?v=_HEv6UpedPM
83aa936e-6668-4052-b782-b181991d84e3,"ABC de la Vallée de la Dordogne (Epidor)","Epidor (EPTB Dordogne)","Établissement public territorial de bassin (EPTB)",Coutras,33138,2018,Vrai,Fini,https://www.youtube.com/watch?v=_HEv6UpedPM
928feb2b-c2c5-46cf-ad5b-8e893c44be5e,"ABC de la Vallée de la Haute Sarthe (PNR Normandie-Maine)",Normandie-Maine,"Parc naturel régional",Aunay-les-Bois,61013,2021,Vrai,"En cours de réalisation",https://www.parc-naturel-normandie-maine.fr/actualite/Le-Parc--laureat-de-deux-Atlas-de-la-Biodiver…
928feb2b-c2c5-46cf-ad5b-8e893c44be5e,"ABC de la Vallée de la Haute Sarthe (PNR Normandie-Maine)",Normandie-Maine,"Parc naturel régional",Coulonges-sur-Sarthe,61126,2021,Vrai,"En cours de réalisation",https://www.parc-naturel-normandie-maine.fr/actualite/Le-Parc--laureat-de-deux-Atlas-de-la-Biodiver…
928feb2b-c2c5-46cf-ad5b-8e893c44be5e,"ABC de la Vallée de la Haute Sarthe (PNR Normandie-Maine)",Normandie-Maine,"Parc naturel régional",Hauterive,61202,2021,Vrai,"En cours de réalisation",https://www.parc-naturel-normandie-maine.fr/actualite/Le-Parc--laureat-de-deux-Atlas-de-la-Biodiver…
928feb2b-c2c5-46cf-ad5b-8e893c44be5e,"ABC de la Vallée de la Haute Sarthe (PNR Normandie-Maine)",Normandie-Maine,"Parc naturel régional",Laleu,61215,2021,Vrai,"En cours de réalisation",https://www.parc-naturel-normandie-maine.fr/actualite/Le-Parc--laureat-de-deux-Atlas-de-la-Biodiver…
928feb2b-c2c5-46cf-ad5b-8e893c44be5e,"ABC de la Vallée de la Haute Sarthe (PNR Normandie-Maine)",Normandie-Maine,"Parc naturel régional","Le Mêle-sur-Sarthe",61258,2021,Vrai,"En cours de réalisation",https://www.parc-naturel-normandie-maine.fr/actualite/Le-Parc--laureat-de-deux-Atlas-de-la-Biodiver…
928feb2b-c2c5-46cf-ad5b-8e893c44be5e,"ABC de la Vallée de la Haute Sarthe (PNR Normandie-Maine)",Normandie-Maine,"Parc naturel régional","Le Ménil-Broût",61261,2021,Vrai,"En cours de réalisation",https://www.parc-naturel-normandie-maine.fr/actualite/Le-Parc--laureat-de-deux-Atlas-de-la-Biodiver…
928feb2b-c2c5-46cf-ad5b-8e893c44be5e,"ABC de la Vallée de la Haute Sarthe (PNR Normandie-Maine)",Normandie-Maine,"Parc naturel régional","Les Ventes-de-Bourse",61499,2021,Vrai,"En cours de réalisation",https://www.parc-naturel-normandie-maine.fr/actualite/Le-Parc--laureat-de-deux-Atlas-de-la-Biodiver…
928feb2b-c2c5-46cf-ad5b-8e893c44be5e,"ABC de la Vallée de la Haute Sarthe (PNR Normandie-Maine)",Normandie-Maine,"Parc naturel régional",Marchemaisons,61251,2021,Vrai,"En cours de réalisation",https://www.parc-naturel-normandie-maine.fr/actualite/Le-Parc--laureat-de-deux-Atlas-de-la-Biodiver…
928feb2b-c2c5-46cf-ad5b-8e893c44be5e,"ABC de la Vallée de la Haute Sarthe (PNR Normandie-Maine)",Normandie-Maine,"Parc naturel régional",Saint-Aubin-d'Appenai,61365,2021,Vrai,"En cours de réalisation",https://www.parc-naturel-normandie-maine.fr/actualite/Le-Parc--laureat-de-deux-Atlas-de-la-Biodiver…
928feb2b-c2c5-46cf-ad5b-8e893c44be5e,"ABC de la Vallée de la Haute Sarthe (PNR Normandie-Maine)",Normandie-Maine,"Parc naturel régional",Saint-Léger-sur-Sarthe,61415,2021,Vrai,"En cours de réalisation",https://www.parc-naturel-normandie-maine.fr/actualite/Le-Parc--laureat-de-deux-Atlas-de-la-Biodiver…
c9c03075-7d5b-4731-aee6-a37c667b8d75,"ABC de la Vallée dorée",,"Etablissement public de coopération intercommunale (EPCI)",Bailleval,60042,2018,Vrai,"En cours de réalisation",
c9c03075-7d5b-4731-aee6-a37c667b8d75,"ABC de la Vallée dorée",,"Etablissement public de coopération intercommunale (EPCI)",Cauffry,60134,2018,Vrai,"En cours de réalisation",
c9c03075-7d5b-4731-aee6-a37c667b8d75,"ABC de la Vallée dorée",,"Etablissement public de coopération intercommunale (EPCI)",Labruyère,60332,2018,Vrai,"En cours de réalisation",
c9c03075-7d5b-4731-aee6-a37c667b8d75,"ABC de la Vallée dorée",,"Etablissement public de coopération intercommunale (EPCI)",Laigneville,60342,2018,Vrai,"En cours de réalisation",
c9c03075-7d5b-4731-aee6-a37c667b8d75,"ABC de la Vallée dorée",,"Etablissement public de coopération intercommunale (EPCI)",Liancourt,60360,2018,Vrai,"En cours de réalisation",
c9c03075-7d5b-4731-aee6-a37c667b8d75,"ABC de la Vallée dorée",,"Etablissement public de coopération intercommunale (EPCI)",Mogneville,60404,2018,Vrai,"En cours de réalisation",
c9c03075-7d5b-4731-aee6-a37c667b8d75,"ABC de la Vallée dorée",,"Etablissement public de coopération intercommunale (EPCI)",Monchy-Saint-Éloi,60409,2018,Vrai,"En cours de réalisation",
c9c03075-7d5b-4731-aee6-a37c667b8d75,"ABC de la Vallée dorée",,"Etablissement public de coopération intercommunale (EPCI)",Rantigny,60524,2018,Vrai,"En cours de réalisation",
c9c03075-7d5b-4731-aee6-a37c667b8d75,"ABC de la Vallée dorée",,"Etablissement public de coopération intercommunale (EPCI)",Rosoy,60547,2018,Vrai,"En cours de réalisation",
c9c03075-7d5b-4731-aee6-a37c667b8d75,"ABC de la Vallée dorée",,"Etablissement public de coopération intercommunale (EPCI)",Verderonne,60669,2018,Vrai,"En cours de réalisation",
634b52fa-689a-46ee-b049-a7560ba9ba9c,"ABC de La Vallée-Mulâtre","La Vallée-Mulâtre",Commune,"La Vallée-Mulâtre",02760,2010,Faux,Inconnu,
2358fde7-ff3b-4e20-8610-02ce5252dddb,"ABC de la ville de Metz",Metz,Commune,Metz,57463,2022,Vrai,"En phase de lancement",
43ba9a25-ec9e-406b-976c-5f4e8e535a43,"ABC de la “HAUTE VALLEE DE LA MOSELLE”","Ballons Des Vosges","Parc naturel régional",Ramonchamp,88369,2021,Vrai,"En cours de réalisation",
43ba9a25-ec9e-406b-976c-5f4e8e535a43,"ABC de la “HAUTE VALLEE DE LA MOSELLE”","Ballons Des Vosges","Parc naturel régional",Rupt-sur-Moselle,88408,2021,Vrai,"En cours de réalisation",
43ba9a25-ec9e-406b-976c-5f4e8e535a43,"ABC de la “HAUTE VALLEE DE LA MOSELLE”","Ballons Des Vosges","Parc naturel régional",Ferdrupt,88170,2021,Vrai,"En cours de réalisation",
43ba9a25-ec9e-406b-976c-5f4e8e535a43,"ABC de la “HAUTE VALLEE DE LA MOSELLE”","Ballons Des Vosges","Parc naturel régional","Le Ménil",88302,2021,Vrai,"En cours de réalisation",
43ba9a25-ec9e-406b-976c-5f4e8e535a43,"ABC de la “HAUTE VALLEE DE LA MOSELLE”","Ballons Des Vosges","Parc naturel régional","Le Thillot",88468,2021,Vrai,"En cours de réalisation",
43ba9a25-ec9e-406b-976c-5f4e8e535a43,"ABC de la “HAUTE VALLEE DE LA MOSELLE”","Ballons Des Vosges","Parc naturel régional",Fresse-sur-Moselle,88188,2021,Vrai,"En cours de réalisation",
43ba9a25-ec9e-406b-976c-5f4e8e535a43,"ABC de la “HAUTE VALLEE DE LA MOSELLE”","Ballons Des Vosges","Parc naturel régional",Bussang,88081,2021,Vrai,"En cours de réalisation",
43ba9a25-ec9e-406b-976c-5f4e8e535a43,"ABC de la “HAUTE VALLEE DE LA MOSELLE”","Ballons Des Vosges","Parc naturel régional",Saint-Maurice-sur-Moselle,88426,2021,Vrai,"En cours de réalisation",
10c39950-905e-4244-ad93-4979324e9618,"ABC de Ladinhac",Ladinhac,Commune,Ladinhac,15089,2020,Vrai,"En cours de réalisation",http://www.ladinhac.fr/atlas-de-la-biodiversite-communale
df1a2f6c-c6a3-452e-bb3e-a5b40c2bade6,"ABC de Lahonce",Lahonce,Commune,Lahonce,64304,2021,Vrai,"En cours de réalisation",
91735436-31fc-485a-821c-5b6c2ae94aa2,"ABC de Laillé",Laillé,Commune,Laillé,35139,2021,Vrai,"En cours de réalisation",https://www.laille.fr/-ABC-Atlas-de-la-biodiversite-communale-.html
e39d0963-84a6-4800-8ff4-ffcb6135670f,"ABC de Lama",Lama,Commune,Lama,2B136,2012,Faux,Inconnu,
9d4fa1bc-ab97-4b60-b17e-883c6efe7327,"ABC de Lamballe Terre et Mer","CA de Lamballe Terre et Mer Lamballe-Armor","Etablissement public de coopération intercommunale (EPCI)",Lamballe-Armor,22093,2018,Faux,Fini,https://www.lamballe-terre-mer.bzh/accueil/projets/environnement/actions-en-faveur-des-milieux-natu…
9d4fa1bc-ab97-4b60-b17e-883c6efe7327,"ABC de Lamballe Terre et Mer","CA de Lamballe Terre et Mer Lamballe-Armor","Etablissement public de coopération intercommunale (EPCI)",Andel,22002,2018,Faux,Fini,https://www.lamballe-terre-mer.bzh/accueil/projets/environnement/actions-en-faveur-des-milieux-natu…
9d4fa1bc-ab97-4b60-b17e-883c6efe7327,"ABC de Lamballe Terre et Mer","CA de Lamballe Terre et Mer Lamballe-Armor","Etablissement public de coopération intercommunale (EPCI)","La Bouillie",22012,2018,Faux,Fini,https://www.lamballe-terre-mer.bzh/accueil/projets/environnement/actions-en-faveur-des-milieux-natu…
9d4fa1bc-ab97-4b60-b17e-883c6efe7327,"ABC de Lamballe Terre et Mer","CA de Lamballe Terre et Mer Lamballe-Armor","Etablissement public de coopération intercommunale (EPCI)",Bréhand,22015,2018,Faux,Fini,https://www.lamballe-terre-mer.bzh/accueil/projets/environnement/actions-en-faveur-des-milieux-natu…
9d4fa1bc-ab97-4b60-b17e-883c6efe7327,"ABC de Lamballe Terre et Mer","CA de Lamballe Terre et Mer Lamballe-Armor","Etablissement public de coopération intercommunale (EPCI)",Coëtmieux,22044,2018,Faux,Fini,https://www.lamballe-terre-mer.bzh/accueil/projets/environnement/actions-en-faveur-des-milieux-natu…
9d4fa1bc-ab97-4b60-b17e-883c6efe7327,"ABC de Lamballe Terre et Mer","CA de Lamballe Terre et Mer Lamballe-Armor","Etablissement public de coopération intercommunale (EPCI)",Éréac,22053,2018,Faux,Fini,https://www.lamballe-terre-mer.bzh/accueil/projets/environnement/actions-en-faveur-des-milieux-natu…
9d4fa1bc-ab97-4b60-b17e-883c6efe7327,"ABC de Lamballe Terre et Mer","CA de Lamballe Terre et Mer Lamballe-Armor","Etablissement public de coopération intercommunale (EPCI)",Erquy,22054,2018,Faux,Fini,https://www.lamballe-terre-mer.bzh/accueil/projets/environnement/actions-en-faveur-des-milieux-natu…
9d4fa1bc-ab97-4b60-b17e-883c6efe7327,"ABC de Lamballe Terre et Mer","CA de Lamballe Terre et Mer Lamballe-Armor","Etablissement public de coopération intercommunale (EPCI)",Hénanbihen,22076,2018,Faux,Fini,https://www.lamballe-terre-mer.bzh/accueil/projets/environnement/actions-en-faveur-des-milieux-natu…
9d4fa1bc-ab97-4b60-b17e-883c6efe7327,"ABC de Lamballe Terre et Mer","CA de Lamballe Terre et Mer Lamballe-Armor","Etablissement public de coopération intercommunale (EPCI)",Hénansal,22077,2018,Faux,Fini,https://www.lamballe-terre-mer.bzh/accueil/projets/environnement/actions-en-faveur-des-milieux-natu…
9d4fa1bc-ab97-4b60-b17e-883c6efe7327,"ABC de Lamballe Terre et Mer","CA de Lamballe Terre et Mer Lamballe-Armor","Etablissement public de coopération intercommunale (EPCI)",Hénon,22079,2018,Faux,Fini,https://www.lamballe-terre-mer.bzh/accueil/projets/environnement/actions-en-faveur-des-milieux-natu…
9d4fa1bc-ab97-4b60-b17e-883c6efe7327,"ABC de Lamballe Terre et Mer","CA de Lamballe Terre et Mer Lamballe-Armor","Etablissement public de coopération intercommunale (EPCI)","Jugon-les-Lacs - Commune nouvelle",22084,2018,Faux,Fini,https://www.lamballe-terre-mer.bzh/accueil/projets/environnement/actions-en-faveur-des-milieux-natu…
9d4fa1bc-ab97-4b60-b17e-883c6efe7327,"ABC de Lamballe Terre et Mer","CA de Lamballe Terre et Mer Lamballe-Armor","Etablissement public de coopération intercommunale (EPCI)",Landéhen,22098,2018,Faux,Fini,https://www.lamballe-terre-mer.bzh/accueil/projets/environnement/actions-en-faveur-des-milieux-natu…
9d4fa1bc-ab97-4b60-b17e-883c6efe7327,"ABC de Lamballe Terre et Mer","CA de Lamballe Terre et Mer Lamballe-Armor","Etablissement public de coopération intercommunale (EPCI)",Lanrelas,22114,2018,Faux,Fini,https://www.lamballe-terre-mer.bzh/accueil/projets/environnement/actions-en-faveur-des-milieux-natu…
9d4fa1bc-ab97-4b60-b17e-883c6efe7327,"ABC de Lamballe Terre et Mer","CA de Lamballe Terre et Mer Lamballe-Armor","Etablissement public de coopération intercommunale (EPCI)","La Malhoure",22140,2018,Faux,Fini,https://www.lamballe-terre-mer.bzh/accueil/projets/environnement/actions-en-faveur-des-milieux-natu…
9d4fa1bc-ab97-4b60-b17e-883c6efe7327,"ABC de Lamballe Terre et Mer","CA de Lamballe Terre et Mer Lamballe-Armor","Etablissement public de coopération intercommunale (EPCI)",Moncontour,22153,2018,Faux,Fini,https://www.lamballe-terre-mer.bzh/accueil/projets/environnement/actions-en-faveur-des-milieux-natu…
9d4fa1bc-ab97-4b60-b17e-883c6efe7327,"ABC de Lamballe Terre et Mer","CA de Lamballe Terre et Mer Lamballe-Armor","Etablissement public de coopération intercommunale (EPCI)",Noyal,22160,2018,Faux,Fini,https://www.lamballe-terre-mer.bzh/accueil/projets/environnement/actions-en-faveur-des-milieux-natu…
9d4fa1bc-ab97-4b60-b17e-883c6efe7327,"ABC de Lamballe Terre et Mer","CA de Lamballe Terre et Mer Lamballe-Armor","Etablissement public de coopération intercommunale (EPCI)",Penguily,22165,2018,Faux,Fini,https://www.lamballe-terre-mer.bzh/accueil/projets/environnement/actions-en-faveur-des-milieux-natu…
9d4fa1bc-ab97-4b60-b17e-883c6efe7327,"ABC de Lamballe Terre et Mer","CA de Lamballe Terre et Mer Lamballe-Armor","Etablissement public de coopération intercommunale (EPCI)",Plédéliac,22175,2018,Faux,Fini,https://www.lamballe-terre-mer.bzh/accueil/projets/environnement/actions-en-faveur-des-milieux-natu…
9d4fa1bc-ab97-4b60-b17e-883c6efe7327,"ABC de Lamballe Terre et Mer","CA de Lamballe Terre et Mer Lamballe-Armor","Etablissement public de coopération intercommunale (EPCI)",Plémy,22184,2018,Faux,Fini,https://www.lamballe-terre-mer.bzh/accueil/projets/environnement/actions-en-faveur-des-milieux-natu…
9d4fa1bc-ab97-4b60-b17e-883c6efe7327,"ABC de Lamballe Terre et Mer","CA de Lamballe Terre et Mer Lamballe-Armor","Etablissement public de coopération intercommunale (EPCI)",Plénée-Jugon,22185,2018,Faux,Fini,https://www.lamballe-terre-mer.bzh/accueil/projets/environnement/actions-en-faveur-des-milieux-natu…
9d4fa1bc-ab97-4b60-b17e-883c6efe7327,"ABC de Lamballe Terre et Mer","CA de Lamballe Terre et Mer Lamballe-Armor","Etablissement public de coopération intercommunale (EPCI)",Pléneuf-Val-André,22186,2018,Faux,Fini,https://www.lamballe-terre-mer.bzh/accueil/projets/environnement/actions-en-faveur-des-milieux-natu…
9d4fa1bc-ab97-4b60-b17e-883c6efe7327,"ABC de Lamballe Terre et Mer","CA de Lamballe Terre et Mer Lamballe-Armor","Etablissement public de coopération intercommunale (EPCI)",Plestan,22193,2018,Faux,Fini,https://www.lamballe-terre-mer.bzh/accueil/projets/environnement/actions-en-faveur-des-milieux-natu…
9d4fa1bc-ab97-4b60-b17e-883c6efe7327,"ABC de Lamballe Terre et Mer","CA de Lamballe Terre et Mer Lamballe-Armor","Etablissement public de coopération intercommunale (EPCI)",Plurien,22242,2018,Faux,Fini,https://www.lamballe-terre-mer.bzh/accueil/projets/environnement/actions-en-faveur-des-milieux-natu…
9d4fa1bc-ab97-4b60-b17e-883c6efe7327,"ABC de Lamballe Terre et Mer","CA de Lamballe Terre et Mer Lamballe-Armor","Etablissement public de coopération intercommunale (EPCI)",Pommeret,22246,2018,Faux,Fini,https://www.lamballe-terre-mer.bzh/accueil/projets/environnement/actions-en-faveur-des-milieux-natu…
9d4fa1bc-ab97-4b60-b17e-883c6efe7327,"ABC de Lamballe Terre et Mer","CA de Lamballe Terre et Mer Lamballe-Armor","Etablissement public de coopération intercommunale (EPCI)",Quessoy,22258,2018,Faux,Fini,https://www.lamballe-terre-mer.bzh/accueil/projets/environnement/actions-en-faveur-des-milieux-natu…
9d4fa1bc-ab97-4b60-b17e-883c6efe7327,"ABC de Lamballe Terre et Mer","CA de Lamballe Terre et Mer Lamballe-Armor","Etablissement public de coopération intercommunale (EPCI)",Quintenic,22261,2018,Faux,Fini,https://www.lamballe-terre-mer.bzh/accueil/projets/environnement/actions-en-faveur-des-milieux-natu…
9d4fa1bc-ab97-4b60-b17e-883c6efe7327,"ABC de Lamballe Terre et Mer","CA de Lamballe Terre et Mer Lamballe-Armor","Etablissement public de coopération intercommunale (EPCI)",Rouillac,22267,2018,Faux,Fini,https://www.lamballe-terre-mer.bzh/accueil/projets/environnement/actions-en-faveur-des-milieux-natu…
9d4fa1bc-ab97-4b60-b17e-883c6efe7327,"ABC de Lamballe Terre et Mer","CA de Lamballe Terre et Mer Lamballe-Armor","Etablissement public de coopération intercommunale (EPCI)",Saint-Alban,22273,2018,Faux,Fini,https://www.lamballe-terre-mer.bzh/accueil/projets/environnement/actions-en-faveur-des-milieux-natu…
9d4fa1bc-ab97-4b60-b17e-883c6efe7327,"ABC de Lamballe Terre et Mer","CA de Lamballe Terre et Mer Lamballe-Armor","Etablissement public de coopération intercommunale (EPCI)",Saint-Denoual,22286,2018,Faux,Fini,https://www.lamballe-terre-mer.bzh/accueil/projets/environnement/actions-en-faveur-des-milieux-natu…
9d4fa1bc-ab97-4b60-b17e-883c6efe7327,"ABC de Lamballe Terre et Mer","CA de Lamballe Terre et Mer Lamballe-Armor","Etablissement public de coopération intercommunale (EPCI)",Saint-Glen,22296,2018,Faux,Fini,https://www.lamballe-terre-mer.bzh/accueil/projets/environnement/actions-en-faveur-des-milieux-natu…
9d4fa1bc-ab97-4b60-b17e-883c6efe7327,"ABC de Lamballe Terre et Mer","CA de Lamballe Terre et Mer Lamballe-Armor","Etablissement public de coopération intercommunale (EPCI)",Saint-Rieul,22326,2018,Faux,Fini,https://www.lamballe-terre-mer.bzh/accueil/projets/environnement/actions-en-faveur-des-milieux-natu…
9d4fa1bc-ab97-4b60-b17e-883c6efe7327,"ABC de Lamballe Terre et Mer","CA de Lamballe Terre et Mer Lamballe-Armor","Etablissement public de coopération intercommunale (EPCI)",Saint-Trimoël,22332,2018,Faux,Fini,https://www.lamballe-terre-mer.bzh/accueil/projets/environnement/actions-en-faveur-des-milieux-natu…
9d4fa1bc-ab97-4b60-b17e-883c6efe7327,"ABC de Lamballe Terre et Mer","CA de Lamballe Terre et Mer Lamballe-Armor","Etablissement public de coopération intercommunale (EPCI)",Sévignac,22337,2018,Faux,Fini,https://www.lamballe-terre-mer.bzh/accueil/projets/environnement/actions-en-faveur-des-milieux-natu…
9d4fa1bc-ab97-4b60-b17e-883c6efe7327,"ABC de Lamballe Terre et Mer","CA de Lamballe Terre et Mer Lamballe-Armor","Etablissement public de coopération intercommunale (EPCI)",Tramain,22341,2018,Faux,Fini,https://www.lamballe-terre-mer.bzh/accueil/projets/environnement/actions-en-faveur-des-milieux-natu…
9d4fa1bc-ab97-4b60-b17e-883c6efe7327,"ABC de Lamballe Terre et Mer","CA de Lamballe Terre et Mer Lamballe-Armor","Etablissement public de coopération intercommunale (EPCI)",Trébry,22345,2018,Faux,Fini,https://www.lamballe-terre-mer.bzh/accueil/projets/environnement/actions-en-faveur-des-milieux-natu…
9d4fa1bc-ab97-4b60-b17e-883c6efe7327,"ABC de Lamballe Terre et Mer","CA de Lamballe Terre et Mer Lamballe-Armor","Etablissement public de coopération intercommunale (EPCI)",Trédaniel,22346,2018,Faux,Fini,https://www.lamballe-terre-mer.bzh/accueil/projets/environnement/actions-en-faveur-des-milieux-natu…
9d4fa1bc-ab97-4b60-b17e-883c6efe7327,"ABC de Lamballe Terre et Mer","CA de Lamballe Terre et Mer Lamballe-Armor","Etablissement public de coopération intercommunale (EPCI)",Trédias,22348,2018,Faux,Fini,https://www.lamballe-terre-mer.bzh/accueil/projets/environnement/actions-en-faveur-des-milieux-natu…
9d4fa1bc-ab97-4b60-b17e-883c6efe7327,"ABC de Lamballe Terre et Mer","CA de Lamballe Terre et Mer Lamballe-Armor","Etablissement public de coopération intercommunale (EPCI)",Trémeur,22369,2018,Faux,Fini,https://www.lamballe-terre-mer.bzh/accueil/projets/environnement/actions-en-faveur-des-milieux-natu…
c650229e-36ee-4e15-bf30-f40216b9c2bf,"ABC de Lamure-sur-Azergues",Lamure-sur-Azergues,Commune,Lamure-sur-Azergues,69107,2010,Faux,Fini,
d7f1d8bb-d423-4195-bb95-26e9544f3319,"ABC de Landos",Landos,Commune,Landos,43111,2012,Faux,Fini,
2d9285f6-d074-4b50-9830-ec6e2b672052,"ABC de Langeac",Langeac,Commune,Langeac,43112,2012,Faux,Fini,
cbb2643e-c4dc-420a-bc07-3ffea09ab31d,"ABC de Langueux",Langueux,Commune,Langueux,22106,2015,Faux,Inconnu,
7b764f9e-d82a-441c-9ab4-380659fc88dd,"ABC de Lannion-Trégor Communauté","CA Lannion-Trégor Communauté","Etablissement public de coopération intercommunale (EPCI)",Berhet,22006,2018,Vrai,Fini,https://atlasdelabiodiversite.lannion-tregor.com/
7b764f9e-d82a-441c-9ab4-380659fc88dd,"ABC de Lannion-Trégor Communauté","CA Lannion-Trégor Communauté","Etablissement public de coopération intercommunale (EPCI)",Camlez,22028,2018,Vrai,Fini,https://atlasdelabiodiversite.lannion-tregor.com/
7b764f9e-d82a-441c-9ab4-380659fc88dd,"ABC de Lannion-Trégor Communauté","CA Lannion-Trégor Communauté","Etablissement public de coopération intercommunale (EPCI)",Caouënnec-Lanvézéac,22030,2018,Vrai,Fini,https://atlasdelabiodiversite.lannion-tregor.com/
7b764f9e-d82a-441c-9ab4-380659fc88dd,"ABC de Lannion-Trégor Communauté","CA Lannion-Trégor Communauté","Etablissement public de coopération intercommunale (EPCI)",Cavan,22034,2018,Vrai,Fini,https://atlasdelabiodiversite.lannion-tregor.com/
7b764f9e-d82a-441c-9ab4-380659fc88dd,"ABC de Lannion-Trégor Communauté","CA Lannion-Trégor Communauté","Etablissement public de coopération intercommunale (EPCI)",Coatascorn,22041,2018,Vrai,Fini,https://atlasdelabiodiversite.lannion-tregor.com/
7b764f9e-d82a-441c-9ab4-380659fc88dd,"ABC de Lannion-Trégor Communauté","CA Lannion-Trégor Communauté","Etablissement public de coopération intercommunale (EPCI)",Coatréven,22042,2018,Vrai,Fini,https://atlasdelabiodiversite.lannion-tregor.com/
7b764f9e-d82a-441c-9ab4-380659fc88dd,"ABC de Lannion-Trégor Communauté","CA Lannion-Trégor Communauté","Etablissement public de coopération intercommunale (EPCI)",Kerbors,22085,2018,Vrai,Fini,https://atlasdelabiodiversite.lannion-tregor.com/
7b764f9e-d82a-441c-9ab4-380659fc88dd,"ABC de Lannion-Trégor Communauté","CA Lannion-Trégor Communauté","Etablissement public de coopération intercommunale (EPCI)",Kermaria-Sulard,22090,2018,Vrai,Fini,https://atlasdelabiodiversite.lannion-tregor.com/
7b764f9e-d82a-441c-9ab4-380659fc88dd,"ABC de Lannion-Trégor Communauté","CA Lannion-Trégor Communauté","Etablissement public de coopération intercommunale (EPCI)",Langoat,22101,2018,Vrai,Fini,https://atlasdelabiodiversite.lannion-tregor.com/
7b764f9e-d82a-441c-9ab4-380659fc88dd,"ABC de Lannion-Trégor Communauté","CA Lannion-Trégor Communauté","Etablissement public de coopération intercommunale (EPCI)",Lanmérin,22110,2018,Vrai,Fini,https://atlasdelabiodiversite.lannion-tregor.com/
7b764f9e-d82a-441c-9ab4-380659fc88dd,"ABC de Lannion-Trégor Communauté","CA Lannion-Trégor Communauté","Etablissement public de coopération intercommunale (EPCI)",Lanmodez,22111,2018,Vrai,Fini,https://atlasdelabiodiversite.lannion-tregor.com/
7b764f9e-d82a-441c-9ab4-380659fc88dd,"ABC de Lannion-Trégor Communauté","CA Lannion-Trégor Communauté","Etablissement public de coopération intercommunale (EPCI)",Lannion,22113,2018,Vrai,Fini,https://atlasdelabiodiversite.lannion-tregor.com/
7b764f9e-d82a-441c-9ab4-380659fc88dd,"ABC de Lannion-Trégor Communauté","CA Lannion-Trégor Communauté","Etablissement public de coopération intercommunale (EPCI)",Lanvellec,22119,2018,Vrai,Fini,https://atlasdelabiodiversite.lannion-tregor.com/
7b764f9e-d82a-441c-9ab4-380659fc88dd,"ABC de Lannion-Trégor Communauté","CA Lannion-Trégor Communauté","Etablissement public de coopération intercommunale (EPCI)",Lézardrieux,22127,2018,Vrai,Fini,https://atlasdelabiodiversite.lannion-tregor.com/
7b764f9e-d82a-441c-9ab4-380659fc88dd,"ABC de Lannion-Trégor Communauté","CA Lannion-Trégor Communauté","Etablissement public de coopération intercommunale (EPCI)",Loguivy-Plougras,22131,2018,Vrai,Fini,https://atlasdelabiodiversite.lannion-tregor.com/
7b764f9e-d82a-441c-9ab4-380659fc88dd,"ABC de Lannion-Trégor Communauté","CA Lannion-Trégor Communauté","Etablissement public de coopération intercommunale (EPCI)",Louannec,22134,2018,Vrai,Fini,https://atlasdelabiodiversite.lannion-tregor.com/
7b764f9e-d82a-441c-9ab4-380659fc88dd,"ABC de Lannion-Trégor Communauté","CA Lannion-Trégor Communauté","Etablissement public de coopération intercommunale (EPCI)",Mantallot,22141,2018,Vrai,Fini,https://atlasdelabiodiversite.lannion-tregor.com/
7b764f9e-d82a-441c-9ab4-380659fc88dd,"ABC de Lannion-Trégor Communauté","CA Lannion-Trégor Communauté","Etablissement public de coopération intercommunale (EPCI)",Minihy-Tréguier,22152,2018,Vrai,Fini,https://atlasdelabiodiversite.lannion-tregor.com/
7b764f9e-d82a-441c-9ab4-380659fc88dd,"ABC de Lannion-Trégor Communauté","CA Lannion-Trégor Communauté","Etablissement public de coopération intercommunale (EPCI)",Penvénan,22166,2018,Vrai,Fini,https://atlasdelabiodiversite.lannion-tregor.com/
7b764f9e-d82a-441c-9ab4-380659fc88dd,"ABC de Lannion-Trégor Communauté","CA Lannion-Trégor Communauté","Etablissement public de coopération intercommunale (EPCI)",Perros-Guirec,22168,2018,Vrai,Fini,https://atlasdelabiodiversite.lannion-tregor.com/
7b764f9e-d82a-441c-9ab4-380659fc88dd,"ABC de Lannion-Trégor Communauté","CA Lannion-Trégor Communauté","Etablissement public de coopération intercommunale (EPCI)",Plestin-les-Grèves,22194,2018,Vrai,Fini,https://atlasdelabiodiversite.lannion-tregor.com/
7b764f9e-d82a-441c-9ab4-380659fc88dd,"ABC de Lannion-Trégor Communauté","CA Lannion-Trégor Communauté","Etablissement public de coopération intercommunale (EPCI)",Pleubian,22195,2018,Vrai,Fini,https://atlasdelabiodiversite.lannion-tregor.com/
7b764f9e-d82a-441c-9ab4-380659fc88dd,"ABC de Lannion-Trégor Communauté","CA Lannion-Trégor Communauté","Etablissement public de coopération intercommunale (EPCI)",Pleudaniel,22196,2018,Vrai,Fini,https://atlasdelabiodiversite.lannion-tregor.com/
7b764f9e-d82a-441c-9ab4-380659fc88dd,"ABC de Lannion-Trégor Communauté","CA Lannion-Trégor Communauté","Etablissement public de coopération intercommunale (EPCI)",Pleumeur-Bodou,22198,2018,Vrai,Fini,https://atlasdelabiodiversite.lannion-tregor.com/
7b764f9e-d82a-441c-9ab4-380659fc88dd,"ABC de Lannion-Trégor Communauté","CA Lannion-Trégor Communauté","Etablissement public de coopération intercommunale (EPCI)",Pleumeur-Gautier,22199,2018,Vrai,Fini,https://atlasdelabiodiversite.lannion-tregor.com/
7b764f9e-d82a-441c-9ab4-380659fc88dd,"ABC de Lannion-Trégor Communauté","CA Lannion-Trégor Communauté","Etablissement public de coopération intercommunale (EPCI)",Plouaret,22207,2018,Vrai,Fini,https://atlasdelabiodiversite.lannion-tregor.com/
7b764f9e-d82a-441c-9ab4-380659fc88dd,"ABC de Lannion-Trégor Communauté","CA Lannion-Trégor Communauté","Etablissement public de coopération intercommunale (EPCI)",Ploubezre,22211,2018,Vrai,Fini,https://atlasdelabiodiversite.lannion-tregor.com/
7b764f9e-d82a-441c-9ab4-380659fc88dd,"ABC de Lannion-Trégor Communauté","CA Lannion-Trégor Communauté","Etablissement public de coopération intercommunale (EPCI)",Plougras,22217,2018,Vrai,Fini,https://atlasdelabiodiversite.lannion-tregor.com/
7b764f9e-d82a-441c-9ab4-380659fc88dd,"ABC de Lannion-Trégor Communauté","CA Lannion-Trégor Communauté","Etablissement public de coopération intercommunale (EPCI)",Plougrescant,22218,2018,Vrai,Fini,https://atlasdelabiodiversite.lannion-tregor.com/
7b764f9e-d82a-441c-9ab4-380659fc88dd,"ABC de Lannion-Trégor Communauté","CA Lannion-Trégor Communauté","Etablissement public de coopération intercommunale (EPCI)",Plouguiel,22221,2018,Vrai,Fini,https://atlasdelabiodiversite.lannion-tregor.com/
7b764f9e-d82a-441c-9ab4-380659fc88dd,"ABC de Lannion-Trégor Communauté","CA Lannion-Trégor Communauté","Etablissement public de coopération intercommunale (EPCI)",Ploulec'h,22224,2018,Vrai,Fini,https://atlasdelabiodiversite.lannion-tregor.com/
7b764f9e-d82a-441c-9ab4-380659fc88dd,"ABC de Lannion-Trégor Communauté","CA Lannion-Trégor Communauté","Etablissement public de coopération intercommunale (EPCI)",Ploumilliau,22226,2018,Vrai,Fini,https://atlasdelabiodiversite.lannion-tregor.com/
7b764f9e-d82a-441c-9ab4-380659fc88dd,"ABC de Lannion-Trégor Communauté","CA Lannion-Trégor Communauté","Etablissement public de coopération intercommunale (EPCI)",Plounérin,22227,2018,Vrai,Fini,https://atlasdelabiodiversite.lannion-tregor.com/
7b764f9e-d82a-441c-9ab4-380659fc88dd,"ABC de Lannion-Trégor Communauté","CA Lannion-Trégor Communauté","Etablissement public de coopération intercommunale (EPCI)",Plounévez-Moëdec,22228,2018,Vrai,Fini,https://atlasdelabiodiversite.lannion-tregor.com/
7b764f9e-d82a-441c-9ab4-380659fc88dd,"ABC de Lannion-Trégor Communauté","CA Lannion-Trégor Communauté","Etablissement public de coopération intercommunale (EPCI)",Plouzélambre,22235,2018,Vrai,Fini,https://atlasdelabiodiversite.lannion-tregor.com/
7b764f9e-d82a-441c-9ab4-380659fc88dd,"ABC de Lannion-Trégor Communauté","CA Lannion-Trégor Communauté","Etablissement public de coopération intercommunale (EPCI)",Plufur,22238,2018,Vrai,Fini,https://atlasdelabiodiversite.lannion-tregor.com/
7b764f9e-d82a-441c-9ab4-380659fc88dd,"ABC de Lannion-Trégor Communauté","CA Lannion-Trégor Communauté","Etablissement public de coopération intercommunale (EPCI)",Pluzunet,22245,2018,Vrai,Fini,https://atlasdelabiodiversite.lannion-tregor.com/
7b764f9e-d82a-441c-9ab4-380659fc88dd,"ABC de Lannion-Trégor Communauté","CA Lannion-Trégor Communauté","Etablissement public de coopération intercommunale (EPCI)",Prat,22254,2018,Vrai,Fini,https://atlasdelabiodiversite.lannion-tregor.com/
7b764f9e-d82a-441c-9ab4-380659fc88dd,"ABC de Lannion-Trégor Communauté","CA Lannion-Trégor Communauté","Etablissement public de coopération intercommunale (EPCI)",Quemperven,22257,2018,Vrai,Fini,https://atlasdelabiodiversite.lannion-tregor.com/
7b764f9e-d82a-441c-9ab4-380659fc88dd,"ABC de Lannion-Trégor Communauté","CA Lannion-Trégor Communauté","Etablissement public de coopération intercommunale (EPCI)","La Roche-Jaudy",22264,2018,Vrai,Fini,https://atlasdelabiodiversite.lannion-tregor.com/
7b764f9e-d82a-441c-9ab4-380659fc88dd,"ABC de Lannion-Trégor Communauté","CA Lannion-Trégor Communauté","Etablissement public de coopération intercommunale (EPCI)",Rospez,22265,2018,Vrai,Fini,https://atlasdelabiodiversite.lannion-tregor.com/
7b764f9e-d82a-441c-9ab4-380659fc88dd,"ABC de Lannion-Trégor Communauté","CA Lannion-Trégor Communauté","Etablissement public de coopération intercommunale (EPCI)",Saint-Michel-en-Grève,22319,2018,Vrai,Fini,https://atlasdelabiodiversite.lannion-tregor.com/
7b764f9e-d82a-441c-9ab4-380659fc88dd,"ABC de Lannion-Trégor Communauté","CA Lannion-Trégor Communauté","Etablissement public de coopération intercommunale (EPCI)",Saint-Quay-Perros,22324,2018,Vrai,Fini,https://atlasdelabiodiversite.lannion-tregor.com/
7b764f9e-d82a-441c-9ab4-380659fc88dd,"ABC de Lannion-Trégor Communauté","CA Lannion-Trégor Communauté","Etablissement public de coopération intercommunale (EPCI)",Tonquédec,22340,2018,Vrai,Fini,https://atlasdelabiodiversite.lannion-tregor.com/
7b764f9e-d82a-441c-9ab4-380659fc88dd,"ABC de Lannion-Trégor Communauté","CA Lannion-Trégor Communauté","Etablissement public de coopération intercommunale (EPCI)",Trébeurden,22343,2018,Vrai,Fini,https://atlasdelabiodiversite.lannion-tregor.com/
7b764f9e-d82a-441c-9ab4-380659fc88dd,"ABC de Lannion-Trégor Communauté","CA Lannion-Trégor Communauté","Etablissement public de coopération intercommunale (EPCI)",Trédarzec,22347,2018,Vrai,Fini,https://atlasdelabiodiversite.lannion-tregor.com/
7b764f9e-d82a-441c-9ab4-380659fc88dd,"ABC de Lannion-Trégor Communauté","CA Lannion-Trégor Communauté","Etablissement public de coopération intercommunale (EPCI)",Trédrez-Locquémeau,22349,2018,Vrai,Fini,https://atlasdelabiodiversite.lannion-tregor.com/
7b764f9e-d82a-441c-9ab4-380659fc88dd,"ABC de Lannion-Trégor Communauté","CA Lannion-Trégor Communauté","Etablissement public de coopération intercommunale (EPCI)",Tréduder,22350,2018,Vrai,Fini,https://atlasdelabiodiversite.lannion-tregor.com/
7b764f9e-d82a-441c-9ab4-380659fc88dd,"ABC de Lannion-Trégor Communauté","CA Lannion-Trégor Communauté","Etablissement public de coopération intercommunale (EPCI)",Trégastel,22353,2018,Vrai,Fini,https://atlasdelabiodiversite.lannion-tregor.com/
7b764f9e-d82a-441c-9ab4-380659fc88dd,"ABC de Lannion-Trégor Communauté","CA Lannion-Trégor Communauté","Etablissement public de coopération intercommunale (EPCI)",Trégrom,22359,2018,Vrai,Fini,https://atlasdelabiodiversite.lannion-tregor.com/
7b764f9e-d82a-441c-9ab4-380659fc88dd,"ABC de Lannion-Trégor Communauté","CA Lannion-Trégor Communauté","Etablissement public de coopération intercommunale (EPCI)",Tréguier,22362,2018,Vrai,Fini,https://atlasdelabiodiversite.lannion-tregor.com/
7b764f9e-d82a-441c-9ab4-380659fc88dd,"ABC de Lannion-Trégor Communauté","CA Lannion-Trégor Communauté","Etablissement public de coopération intercommunale (EPCI)",Trélévern,22363,2018,Vrai,Fini,https://atlasdelabiodiversite.lannion-tregor.com/
7b764f9e-d82a-441c-9ab4-380659fc88dd,"ABC de Lannion-Trégor Communauté","CA Lannion-Trégor Communauté","Etablissement public de coopération intercommunale (EPCI)",Trémel,22366,2018,Vrai,Fini,https://atlasdelabiodiversite.lannion-tregor.com/
7b764f9e-d82a-441c-9ab4-380659fc88dd,"ABC de Lannion-Trégor Communauté","CA Lannion-Trégor Communauté","Etablissement public de coopération intercommunale (EPCI)",Trévou-Tréguignec,22379,2018,Vrai,Fini,https://atlasdelabiodiversite.lannion-tregor.com/
7b764f9e-d82a-441c-9ab4-380659fc88dd,"ABC de Lannion-Trégor Communauté","CA Lannion-Trégor Communauté","Etablissement public de coopération intercommunale (EPCI)",Trézény,22381,2018,Vrai,Fini,https://atlasdelabiodiversite.lannion-tregor.com/
7b764f9e-d82a-441c-9ab4-380659fc88dd,"ABC de Lannion-Trégor Communauté","CA Lannion-Trégor Communauté","Etablissement public de coopération intercommunale (EPCI)",Troguéry,22383,2018,Vrai,Fini,https://atlasdelabiodiversite.lannion-tregor.com/
7b764f9e-d82a-441c-9ab4-380659fc88dd,"ABC de Lannion-Trégor Communauté","CA Lannion-Trégor Communauté","Etablissement public de coopération intercommunale (EPCI)","Le Vieux-Marché",22387,2018,Vrai,Fini,https://atlasdelabiodiversite.lannion-tregor.com/
6f4f4ea0-7629-40b4-be51-e3813c6534db,"ABC de Lasseube",Lasseube,Commune,Lasseube,64324,2020,Vrai,"En cours de réalisation",
fb56a413-b3bc-453b-9122-0e4cb6f6b526,"ABC de Lathus-Saint-Rémy et Saulgé",Lathus-Saint-Rémy,Commune,Lathus-Saint-Rémy,86120,2021,Vrai,"En cours de réalisation",
fb56a413-b3bc-453b-9122-0e4cb6f6b526,"ABC de Lathus-Saint-Rémy et Saulgé",Lathus-Saint-Rémy,Commune,Saulgé,86254,2021,Vrai,"En cours de réalisation",
b6491aca-2180-417a-8617-505955a27a48,"ABC de Lavatoggio",Lavatoggio,Commune,Lavatoggio,2B138,2012,Faux,Inconnu,
6b0d993d-4f6d-461d-80f8-bfa7a4687452,"ABC de Le Charme","Le Charme",Commune,"Le Charme",45079,2021,Faux,"En cours de réalisation",
e2b28a58-021f-4edb-a809-cb5c54afee21,"ABC de Le Conquet","Le Conquet",Commune,"Le Conquet",29040,2010,Faux,Inconnu,
cb082239-b72b-493d-8211-28cfe803b30c,"ABC de Le Dorat","Le Dorat",Commune,"Le Dorat",87059,2012,Faux,Inconnu,
333c5ea8-b076-45b4-b1fa-d5412b03fbe7,"ABC de Le Genest-Saint-Isle","Le Genest-Saint-Isle",Commune,"Le Genest-Saint-Isle",53103,2010,Faux,Inconnu,
7b00067d-6125-4c4c-8637-fd3e1c7e081f,"ABC de Le Pechereau","Le Pêchereau",Commune,"Le Pêchereau",36154,2017,Vrai,Fini,
eabae324-8a29-4d02-ae7d-73f75363fb36,"ABC de Le Plessis-Pâté","Le Plessis-Pâté",Commune,"Le Plessis-Pâté",91494,2010,Faux,Inconnu,
445decfe-e66e-48d8-b115-9a27ffce7416,"ABC de Le Pouliguen","Le Pouliguen",Commune,"Le Pouliguen",44135,2010,Faux,Inconnu,
c14d87c5-6bcb-4a44-bf6c-1684b442cbb6,"ABC de Leforest",Leforest,Commune,Leforest,62497,2018,Vrai,Fini,http://www.villedeleforest.fr/L-Atlas-de-la-biodiversite-de.html
020b9411-5b9b-47ac-bc9c-ee1e8e2ce5f0,"ABC de Lentigny",Lentigny,Commune,Lentigny,42120,2021,Vrai,"En cours de réalisation",
77ef06db-ae73-4d9a-a828-07b96bcb99e2,"ABC de Lerné",Lerné,Commune,Lerné,37126,2015,Faux,Fini,https://www.chinon-vienne-loire.fr/entreprendre/environnement/atlas-de-la-biodiversite/
15b8f947-8ee0-49b6-a8a5-7728490c18f2,"ABC de Les Belleville","Les Belleville",Commune,"Les Belleville",73257,2018,Vrai,Fini,https://www.lesbelleville.fr/mon-quotidien/environnement/partenariat-avec-le-parc-national-de-la-va…
0ffc7404-1003-4ae3-8ae1-a7b7db2df770,"ABC de Lesdins",Lesdins,Commune,Lesdins,02420,2012,Faux,Inconnu,
88e0e4c8-89f2-41c1-9816-0c0fedead5dc,"ABC de Lestrem",Lestrem,Commune,Lestrem,62502,2018,Vrai,Fini,http://www.ville-lestrem.fr/a-la-une/746-atlas-de-la-biodiversite-communale.html
e8def710-d77e-4036-912e-f4608a09b1f8,"ABC de Liergues","Porte des Pierres Dorées",Commune,"Porte des Pierres Dorées",69159,2015,Faux,Fini,
6fe5111d-d7ec-40d2-9a99-d6a88f6736da,"ABC de Liévin",Liévin,Commune,Liévin,62510,2021,Vrai,"En phase de lancement",
d55de30f-0f5a-4d9b-b497-3aebd2957847,"ABC de Livry-Gargan",Livry-Gargan,Commune,Livry-Gargan,93046,2021,Vrai,"En cours de réalisation",
09cda72e-abd8-4a00-9fab-58575bd77db8,"ABC de Locmariaquer",Locmariaquer,Commune,Locmariaquer,56116,2010,Faux,Inconnu,
0ff5068b-5275-4d24-9e53-b87f0c027209,"ABC de Loire Forez Agglo (2021)","CA Loire Forez Agglomération","Etablissement public de coopération intercommunale (EPCI)",Bard,42012,2021,Vrai,"En cours de réalisation",
0ff5068b-5275-4d24-9e53-b87f0c027209,"ABC de Loire Forez Agglo (2021)","CA Loire Forez Agglomération","Etablissement public de coopération intercommunale (EPCI)",Chazelles-sur-Lavieu,42058,2021,Vrai,"En cours de réalisation",
0ff5068b-5275-4d24-9e53-b87f0c027209,"ABC de Loire Forez Agglo (2021)","CA Loire Forez Agglomération","Etablissement public de coopération intercommunale (EPCI)",Écotay-l'Olme,42087,2021,Vrai,"En cours de réalisation",
0ff5068b-5275-4d24-9e53-b87f0c027209,"ABC de Loire Forez Agglo (2021)","CA Loire Forez Agglomération","Etablissement public de coopération intercommunale (EPCI)",Lérigneux,42121,2021,Vrai,"En cours de réalisation",
0ff5068b-5275-4d24-9e53-b87f0c027209,"ABC de Loire Forez Agglo (2021)","CA Loire Forez Agglomération","Etablissement public de coopération intercommunale (EPCI)",Lézigneux,42122,2021,Vrai,"En cours de réalisation",
0ff5068b-5275-4d24-9e53-b87f0c027209,"ABC de Loire Forez Agglo (2021)","CA Loire Forez Agglomération","Etablissement public de coopération intercommunale (EPCI)",Margerie-Chantagret,42137,2021,Vrai,"En cours de réalisation",
0ff5068b-5275-4d24-9e53-b87f0c027209,"ABC de Loire Forez Agglo (2021)","CA Loire Forez Agglomération","Etablissement public de coopération intercommunale (EPCI)",Roche,42188,2021,Vrai,"En cours de réalisation",
0ff5068b-5275-4d24-9e53-b87f0c027209,"ABC de Loire Forez Agglo (2021)","CA Loire Forez Agglomération","Etablissement public de coopération intercommunale (EPCI)",Verrières-en-Forez,42328,2021,Vrai,"En cours de réalisation",
4517ffc7-56f0-45f5-bded-1881dc7a3edc,"ABC de Loire Forez Agglomération (2018)","CA Loire Forez Agglomération","Etablissement public de coopération intercommunale (EPCI)",Apinac,42006,2018,Vrai,"En cours de réalisation",
4517ffc7-56f0-45f5-bded-1881dc7a3edc,"ABC de Loire Forez Agglomération (2018)","CA Loire Forez Agglomération","Etablissement public de coopération intercommunale (EPCI)",Cervières,42034,2018,Vrai,"En cours de réalisation",
4517ffc7-56f0-45f5-bded-1881dc7a3edc,"ABC de Loire Forez Agglomération (2018)","CA Loire Forez Agglomération","Etablissement public de coopération intercommunale (EPCI)","La Chamba",42040,2018,Vrai,"En cours de réalisation",
4517ffc7-56f0-45f5-bded-1881dc7a3edc,"ABC de Loire Forez Agglomération (2018)","CA Loire Forez Agglomération","Etablissement public de coopération intercommunale (EPCI)","La Chambonie",42045,2018,Vrai,"En cours de réalisation",
4517ffc7-56f0-45f5-bded-1881dc7a3edc,"ABC de Loire Forez Agglomération (2018)","CA Loire Forez Agglomération","Etablissement public de coopération intercommunale (EPCI)","La Chapelle-en-Lafaye",42050,2018,Vrai,"En cours de réalisation",
4517ffc7-56f0-45f5-bded-1881dc7a3edc,"ABC de Loire Forez Agglomération (2018)","CA Loire Forez Agglomération","Etablissement public de coopération intercommunale (EPCI)",Chenereilles,42060,2018,Vrai,"En cours de réalisation",
4517ffc7-56f0-45f5-bded-1881dc7a3edc,"ABC de Loire Forez Agglomération (2018)","CA Loire Forez Agglomération","Etablissement public de coopération intercommunale (EPCI)","La Côte-en-Couzan",42072,2018,Vrai,"En cours de réalisation",
4517ffc7-56f0-45f5-bded-1881dc7a3edc,"ABC de Loire Forez Agglomération (2018)","CA Loire Forez Agglomération","Etablissement public de coopération intercommunale (EPCI)",Estivareilles,42091,2018,Vrai,"En cours de réalisation",
4517ffc7-56f0-45f5-bded-1881dc7a3edc,"ABC de Loire Forez Agglomération (2018)","CA Loire Forez Agglomération","Etablissement public de coopération intercommunale (EPCI)",Gumières,42107,2018,Vrai,"En cours de réalisation",
4517ffc7-56f0-45f5-bded-1881dc7a3edc,"ABC de Loire Forez Agglomération (2018)","CA Loire Forez Agglomération","Etablissement public de coopération intercommunale (EPCI)",Luriecq,42126,2018,Vrai,"En cours de réalisation",
4517ffc7-56f0-45f5-bded-1881dc7a3edc,"ABC de Loire Forez Agglomération (2018)","CA Loire Forez Agglomération","Etablissement public de coopération intercommunale (EPCI)",Marols,42140,2018,Vrai,"En cours de réalisation",
4517ffc7-56f0-45f5-bded-1881dc7a3edc,"ABC de Loire Forez Agglomération (2018)","CA Loire Forez Agglomération","Etablissement public de coopération intercommunale (EPCI)",Merle-Leignec,42142,2018,Vrai,"En cours de réalisation",
4517ffc7-56f0-45f5-bded-1881dc7a3edc,"ABC de Loire Forez Agglomération (2018)","CA Loire Forez Agglomération","Etablissement public de coopération intercommunale (EPCI)",Montarcher,42146,2018,Vrai,"En cours de réalisation",
4517ffc7-56f0-45f5-bded-1881dc7a3edc,"ABC de Loire Forez Agglomération (2018)","CA Loire Forez Agglomération","Etablissement public de coopération intercommunale (EPCI)",Noirétable,42159,2018,Vrai,"En cours de réalisation",
4517ffc7-56f0-45f5-bded-1881dc7a3edc,"ABC de Loire Forez Agglomération (2018)","CA Loire Forez Agglomération","Etablissement public de coopération intercommunale (EPCI)",Périgneux,42169,2018,Vrai,"En cours de réalisation",
4517ffc7-56f0-45f5-bded-1881dc7a3edc,"ABC de Loire Forez Agglomération (2018)","CA Loire Forez Agglomération","Etablissement public de coopération intercommunale (EPCI)",Saint-Bonnet-le-Château,42204,2018,Vrai,"En cours de réalisation",
4517ffc7-56f0-45f5-bded-1881dc7a3edc,"ABC de Loire Forez Agglomération (2018)","CA Loire Forez Agglomération","Etablissement public de coopération intercommunale (EPCI)",Saint-Didier-sur-Rochefort,42217,2018,Vrai,"En cours de réalisation",
4517ffc7-56f0-45f5-bded-1881dc7a3edc,"ABC de Loire Forez Agglomération (2018)","CA Loire Forez Agglomération","Etablissement public de coopération intercommunale (EPCI)",Saint-Hilaire-Cusson-la-Valmitte,42235,2018,Vrai,"En cours de réalisation",
4517ffc7-56f0-45f5-bded-1881dc7a3edc,"ABC de Loire Forez Agglomération (2018)","CA Loire Forez Agglomération","Etablissement public de coopération intercommunale (EPCI)",Saint-Jean-la-Vêtre,42238,2018,Vrai,"En cours de réalisation",
4517ffc7-56f0-45f5-bded-1881dc7a3edc,"ABC de Loire Forez Agglomération (2018)","CA Loire Forez Agglomération","Etablissement public de coopération intercommunale (EPCI)",Saint-Jean-Soleymieux,42240,2018,Vrai,"En cours de réalisation",
4517ffc7-56f0-45f5-bded-1881dc7a3edc,"ABC de Loire Forez Agglomération (2018)","CA Loire Forez Agglomération","Etablissement public de coopération intercommunale (EPCI)",Saint-Priest-la-Vêtre,42278,2018,Vrai,"En cours de réalisation",
4517ffc7-56f0-45f5-bded-1881dc7a3edc,"ABC de Loire Forez Agglomération (2018)","CA Loire Forez Agglomération","Etablissement public de coopération intercommunale (EPCI)",Soleymieux,42301,2018,Vrai,"En cours de réalisation",
4517ffc7-56f0-45f5-bded-1881dc7a3edc,"ABC de Loire Forez Agglomération (2018)","CA Loire Forez Agglomération","Etablissement public de coopération intercommunale (EPCI)","La Tourette",42312,2018,Vrai,"En cours de réalisation",
4517ffc7-56f0-45f5-bded-1881dc7a3edc,"ABC de Loire Forez Agglomération (2018)","CA Loire Forez Agglomération","Etablissement public de coopération intercommunale (EPCI)",Usson-en-Forez,42318,2018,Vrai,"En cours de réalisation",
4517ffc7-56f0-45f5-bded-1881dc7a3edc,"ABC de Loire Forez Agglomération (2018)","CA Loire Forez Agglomération","Etablissement public de coopération intercommunale (EPCI)","La Valla-sur-Rochefort",42321,2018,Vrai,"En cours de réalisation",
4517ffc7-56f0-45f5-bded-1881dc7a3edc,"ABC de Loire Forez Agglomération (2018)","CA Loire Forez Agglomération","Etablissement public de coopération intercommunale (EPCI)",Vêtre-sur-Anzon,42245,2018,Vrai,"En cours de réalisation",
42ca57f7-667c-431a-91dd-fa251423fd47,"ABC de Longeville-Les-Metz",Longeville-lès-Metz,Commune,Longeville-lès-Metz,57412,2021,Vrai,"En cours de réalisation",
b68d7e14-78e4-4e14-88b2-00be321bcfc9,"ABC de Longpré-les-Corps-Saints",Longpré-les-Corps-Saints,Commune,Longpré-les-Corps-Saints,80488,2010,Faux,Inconnu,
12ae8036-d341-4b4e-9e72-081447f4c7df,"ABC de Longuevillette",Longuevillette,Commune,Longuevillette,80491,2017,Faux,"En cours de réalisation",
3a62b41c-9590-4e6e-87ce-9a20cda7678a,"ABC de Loos-en-Gohelle",Loos-en-Gohelle,Commune,Loos-en-Gohelle,62528,2010,Faux,Fini,
4d309d43-61b3-49ee-9b98-1a917a07c272,"ABC de Loperhet",Loperhet,Commune,Loperhet,29140,2010,Faux,Inconnu,
6173eb74-a451-4e67-acff-d8bafb02456f,"ABC de Lorient Agglomération","CA Lorient Agglomération","Etablissement public de coopération intercommunale (EPCI)",Brandérion,56021,2017,Vrai,"En cours de réalisation",
6173eb74-a451-4e67-acff-d8bafb02456f,"ABC de Lorient Agglomération","CA Lorient Agglomération","Etablissement public de coopération intercommunale (EPCI)",Bubry,56026,2017,Vrai,"En cours de réalisation",
6173eb74-a451-4e67-acff-d8bafb02456f,"ABC de Lorient Agglomération","CA Lorient Agglomération","Etablissement public de coopération intercommunale (EPCI)",Calan,56029,2017,Vrai,"En cours de réalisation",
6173eb74-a451-4e67-acff-d8bafb02456f,"ABC de Lorient Agglomération","CA Lorient Agglomération","Etablissement public de coopération intercommunale (EPCI)",Caudan,56036,2017,Vrai,"En cours de réalisation",
6173eb74-a451-4e67-acff-d8bafb02456f,"ABC de Lorient Agglomération","CA Lorient Agglomération","Etablissement public de coopération intercommunale (EPCI)",Cléguer,56040,2017,Vrai,"En cours de réalisation",
6173eb74-a451-4e67-acff-d8bafb02456f,"ABC de Lorient Agglomération","CA Lorient Agglomération","Etablissement public de coopération intercommunale (EPCI)",Gâvres,56062,2017,Vrai,"En cours de réalisation",
6173eb74-a451-4e67-acff-d8bafb02456f,"ABC de Lorient Agglomération","CA Lorient Agglomération","Etablissement public de coopération intercommunale (EPCI)",Gestel,56063,2017,Vrai,"En cours de réalisation",
6173eb74-a451-4e67-acff-d8bafb02456f,"ABC de Lorient Agglomération","CA Lorient Agglomération","Etablissement public de coopération intercommunale (EPCI)",Groix,56069,2017,Vrai,"En cours de réalisation",
6173eb74-a451-4e67-acff-d8bafb02456f,"ABC de Lorient Agglomération","CA Lorient Agglomération","Etablissement public de coopération intercommunale (EPCI)",Guidel,56078,2017,Vrai,"En cours de réalisation",
6173eb74-a451-4e67-acff-d8bafb02456f,"ABC de Lorient Agglomération","CA Lorient Agglomération","Etablissement public de coopération intercommunale (EPCI)",Hennebont,56083,2017,Vrai,"En cours de réalisation",
6173eb74-a451-4e67-acff-d8bafb02456f,"ABC de Lorient Agglomération","CA Lorient Agglomération","Etablissement public de coopération intercommunale (EPCI)",Inguiniel,56089,2017,Vrai,"En cours de réalisation",
6173eb74-a451-4e67-acff-d8bafb02456f,"ABC de Lorient Agglomération","CA Lorient Agglomération","Etablissement public de coopération intercommunale (EPCI)",Inzinzac-Lochrist,56090,2017,Vrai,"En cours de réalisation",
6173eb74-a451-4e67-acff-d8bafb02456f,"ABC de Lorient Agglomération","CA Lorient Agglomération","Etablissement public de coopération intercommunale (EPCI)",Lanester,56098,2017,Vrai,"En cours de réalisation",
6173eb74-a451-4e67-acff-d8bafb02456f,"ABC de Lorient Agglomération","CA Lorient Agglomération","Etablissement public de coopération intercommunale (EPCI)",Languidic,56101,2017,Vrai,"En cours de réalisation",
6173eb74-a451-4e67-acff-d8bafb02456f,"ABC de Lorient Agglomération","CA Lorient Agglomération","Etablissement public de coopération intercommunale (EPCI)",Lanvaudan,56104,2017,Vrai,"En cours de réalisation",
6173eb74-a451-4e67-acff-d8bafb02456f,"ABC de Lorient Agglomération","CA Lorient Agglomération","Etablissement public de coopération intercommunale (EPCI)",Larmor-Plage,56107,2017,Vrai,"En cours de réalisation",
6173eb74-a451-4e67-acff-d8bafb02456f,"ABC de Lorient Agglomération","CA Lorient Agglomération","Etablissement public de coopération intercommunale (EPCI)",Locmiquélic,56118,2017,Vrai,"En cours de réalisation",
6173eb74-a451-4e67-acff-d8bafb02456f,"ABC de Lorient Agglomération","CA Lorient Agglomération","Etablissement public de coopération intercommunale (EPCI)",Lorient,56121,2017,Vrai,"En cours de réalisation",
6173eb74-a451-4e67-acff-d8bafb02456f,"ABC de Lorient Agglomération","CA Lorient Agglomération","Etablissement public de coopération intercommunale (EPCI)",Ploemeur,56162,2017,Vrai,"En cours de réalisation",
6173eb74-a451-4e67-acff-d8bafb02456f,"ABC de Lorient Agglomération","CA Lorient Agglomération","Etablissement public de coopération intercommunale (EPCI)",Plouay,56166,2017,Vrai,"En cours de réalisation",
6173eb74-a451-4e67-acff-d8bafb02456f,"ABC de Lorient Agglomération","CA Lorient Agglomération","Etablissement public de coopération intercommunale (EPCI)",Pont-Scorff,56179,2017,Vrai,"En cours de réalisation",
6173eb74-a451-4e67-acff-d8bafb02456f,"ABC de Lorient Agglomération","CA Lorient Agglomération","Etablissement public de coopération intercommunale (EPCI)",Port-Louis,56181,2017,Vrai,"En cours de réalisation",
6173eb74-a451-4e67-acff-d8bafb02456f,"ABC de Lorient Agglomération","CA Lorient Agglomération","Etablissement public de coopération intercommunale (EPCI)",Quéven,56185,2017,Vrai,"En cours de réalisation",
6173eb74-a451-4e67-acff-d8bafb02456f,"ABC de Lorient Agglomération","CA Lorient Agglomération","Etablissement public de coopération intercommunale (EPCI)",Quistinic,56188,2017,Vrai,"En cours de réalisation",
6173eb74-a451-4e67-acff-d8bafb02456f,"ABC de Lorient Agglomération","CA Lorient Agglomération","Etablissement public de coopération intercommunale (EPCI)",Riantec,56193,2017,Vrai,"En cours de réalisation",
965e0742-c4dd-430b-9a0d-032914faa63b,"ABC de Lucheux",Lucheux,Commune,Lucheux,80495,2017,Faux,"En cours de réalisation",
46039d8b-e997-43da-af8c-b4a76fe32da9,"ABC de Lumio",Lumio,Commune,Lumio,2B150,2012,Faux,Inconnu,
9ed928e4-6dea-4df5-aa2f-7b7a6c3b8b82,"ABC de Machecoul-Saint-Même",Machecoul-Saint-Même,Commune,Machecoul-Saint-Même,44087,2021,Vrai,"En cours de réalisation",https://www.machecoul-saint-meme.fr/cadre-de-vie/environnement/atlas-de-la-biodiversite/
4fbc3bb3-8ee5-4d3a-8d53-97d9c2434283,"ABC de Malaunay",Malaunay,Commune,Malaunay,76402,2021,Vrai,"En cours de réalisation",https://jeparticipe.malaunay.fr/fr-FR/folders/abc
0ece8993-25d1-46e1-bdc2-c38ac7ac7242,"ABC de Mallemort",Mallemort,Commune,Mallemort,13053,2022,Vrai,"En cours de réalisation",
4ca1832c-d9b1-45d1-bad1-a046838e2b62,"ABC de Mana",,,Mana,97306,2019,Vrai,"En cours de réalisation",https://www.facebook.com/ABCMana973/
a589e8a8-cc67-49a8-874d-b6eb33d7f207,"ABC de Manso",Manso,Commune,Manso,2B153,2012,Faux,Inconnu,
454092bb-5a7f-4a10-a125-a246110d59cb,"ABC de Marçay","CC Chinon, Vienne et Loire","Etablissement public de coopération intercommunale (EPCI)",Marçay,37144,2015,Faux,Fini,
07abb910-e2f6-4944-b3c0-1d6ad0938558,"ABC de Marcy",Marcy,Commune,Marcy,02459,2012,Faux,Inconnu,
fcef3df0-0f1f-42d8-9eb4-f5ffb94d6733,"ABC de Marignier",Marignier,Commune,Marignier,74164,2019,Faux,"En cours de réalisation",
9f7e300d-b8d4-4905-88fb-3d863ed9afae,"ABC de Marsac-sur-l'Isle",,"Établissement public territorial de bassin (EPTB)",Marsac-sur-l'Isle,24256,2021,Vrai,"En cours de réalisation",
893da5a9-98b0-443b-9c3d-cb8f3c733ab2,"ABC de Matoury",,,Matoury,97307,,Faux,"En phase de lancement",
4fa55a8c-a1ef-479e-b6e9-4cbef1ecd48e,"ABC de Mausoléo",Mausoléo,Commune,Mausoléo,2B156,2012,Faux,Inconnu,
640b8945-4dd5-4c02-82f7-6c6be0148504,"ABC de Mayenne Communauté","CC Mayenne Communauté","Etablissement public de coopération intercommunale (EPCI)",Alexain,53002,2015,Faux,Fini,https://www.mayenne-communaute.net/a-votre-service/habitat/plan-local-d-urbanisme-intercommunal/
640b8945-4dd5-4c02-82f7-6c6be0148504,"ABC de Mayenne Communauté","CC Mayenne Communauté","Etablissement public de coopération intercommunale (EPCI)",Aron,53008,2015,Faux,Fini,https://www.mayenne-communaute.net/a-votre-service/habitat/plan-local-d-urbanisme-intercommunal/
640b8945-4dd5-4c02-82f7-6c6be0148504,"ABC de Mayenne Communauté","CC Mayenne Communauté","Etablissement public de coopération intercommunale (EPCI)","La Bazoge-Montpinçon",53021,2015,Faux,Fini,https://www.mayenne-communaute.net/a-votre-service/habitat/plan-local-d-urbanisme-intercommunal/
640b8945-4dd5-4c02-82f7-6c6be0148504,"ABC de Mayenne Communauté","CC Mayenne Communauté","Etablissement public de coopération intercommunale (EPCI)",Belgeard,53028,2015,Faux,Fini,https://www.mayenne-communaute.net/a-votre-service/habitat/plan-local-d-urbanisme-intercommunal/
640b8945-4dd5-4c02-82f7-6c6be0148504,"ABC de Mayenne Communauté","CC Mayenne Communauté","Etablissement public de coopération intercommunale (EPCI)",Champéon,53051,2015,Faux,Fini,https://www.mayenne-communaute.net/a-votre-service/habitat/plan-local-d-urbanisme-intercommunal/
640b8945-4dd5-4c02-82f7-6c6be0148504,"ABC de Mayenne Communauté","CC Mayenne Communauté","Etablissement public de coopération intercommunale (EPCI)","La Chapelle-au-Riboul",53057,2015,Faux,Fini,https://www.mayenne-communaute.net/a-votre-service/habitat/plan-local-d-urbanisme-intercommunal/
640b8945-4dd5-4c02-82f7-6c6be0148504,"ABC de Mayenne Communauté","CC Mayenne Communauté","Etablissement public de coopération intercommunale (EPCI)",Charchigné,53061,2015,Faux,Fini,https://www.mayenne-communaute.net/a-votre-service/habitat/plan-local-d-urbanisme-intercommunal/
640b8945-4dd5-4c02-82f7-6c6be0148504,"ABC de Mayenne Communauté","CC Mayenne Communauté","Etablissement public de coopération intercommunale (EPCI)",Commer,53072,2015,Faux,Fini,https://www.mayenne-communaute.net/a-votre-service/habitat/plan-local-d-urbanisme-intercommunal/
640b8945-4dd5-4c02-82f7-6c6be0148504,"ABC de Mayenne Communauté","CC Mayenne Communauté","Etablissement public de coopération intercommunale (EPCI)",Contest,53074,2015,Faux,Fini,https://www.mayenne-communaute.net/a-votre-service/habitat/plan-local-d-urbanisme-intercommunal/
640b8945-4dd5-4c02-82f7-6c6be0148504,"ABC de Mayenne Communauté","CC Mayenne Communauté","Etablissement public de coopération intercommunale (EPCI)",Grazay,53109,2015,Faux,Fini,https://www.mayenne-communaute.net/a-votre-service/habitat/plan-local-d-urbanisme-intercommunal/
640b8945-4dd5-4c02-82f7-6c6be0148504,"ABC de Mayenne Communauté","CC Mayenne Communauté","Etablissement public de coopération intercommunale (EPCI)","La Haie-Traversaine",53111,2015,Faux,Fini,https://www.mayenne-communaute.net/a-votre-service/habitat/plan-local-d-urbanisme-intercommunal/
640b8945-4dd5-4c02-82f7-6c6be0148504,"ABC de Mayenne Communauté","CC Mayenne Communauté","Etablissement public de coopération intercommunale (EPCI)",Hardanges,53114,2015,Faux,Fini,https://www.mayenne-communaute.net/a-votre-service/habitat/plan-local-d-urbanisme-intercommunal/
640b8945-4dd5-4c02-82f7-6c6be0148504,"ABC de Mayenne Communauté","CC Mayenne Communauté","Etablissement public de coopération intercommunale (EPCI)","Le Horps",53116,2015,Faux,Fini,https://www.mayenne-communaute.net/a-votre-service/habitat/plan-local-d-urbanisme-intercommunal/
640b8945-4dd5-4c02-82f7-6c6be0148504,"ABC de Mayenne Communauté","CC Mayenne Communauté","Etablissement public de coopération intercommunale (EPCI)","Le Housseau-Brétignolles",53118,2015,Faux,Fini,https://www.mayenne-communaute.net/a-votre-service/habitat/plan-local-d-urbanisme-intercommunal/
640b8945-4dd5-4c02-82f7-6c6be0148504,"ABC de Mayenne Communauté","CC Mayenne Communauté","Etablissement public de coopération intercommunale (EPCI)",Jublains,53122,2015,Faux,Fini,https://www.mayenne-communaute.net/a-votre-service/habitat/plan-local-d-urbanisme-intercommunal/
640b8945-4dd5-4c02-82f7-6c6be0148504,"ABC de Mayenne Communauté","CC Mayenne Communauté","Etablissement public de coopération intercommunale (EPCI)",Lassay-les-Châteaux,53127,2015,Faux,Fini,https://www.mayenne-communaute.net/a-votre-service/habitat/plan-local-d-urbanisme-intercommunal/
640b8945-4dd5-4c02-82f7-6c6be0148504,"ABC de Mayenne Communauté","CC Mayenne Communauté","Etablissement public de coopération intercommunale (EPCI)",Marcillé-la-Ville,53144,2015,Faux,Fini,https://www.mayenne-communaute.net/a-votre-service/habitat/plan-local-d-urbanisme-intercommunal/
640b8945-4dd5-4c02-82f7-6c6be0148504,"ABC de Mayenne Communauté","CC Mayenne Communauté","Etablissement public de coopération intercommunale (EPCI)",Martigné-sur-Mayenne,53146,2015,Faux,Fini,https://www.mayenne-communaute.net/a-votre-service/habitat/plan-local-d-urbanisme-intercommunal/
640b8945-4dd5-4c02-82f7-6c6be0148504,"ABC de Mayenne Communauté","CC Mayenne Communauté","Etablissement public de coopération intercommunale (EPCI)",Mayenne,53147,2015,Faux,Fini,https://www.mayenne-communaute.net/a-votre-service/habitat/plan-local-d-urbanisme-intercommunal/
640b8945-4dd5-4c02-82f7-6c6be0148504,"ABC de Mayenne Communauté","CC Mayenne Communauté","Etablissement public de coopération intercommunale (EPCI)",Montreuil-Poulay,53160,2015,Faux,Fini,https://www.mayenne-communaute.net/a-votre-service/habitat/plan-local-d-urbanisme-intercommunal/
640b8945-4dd5-4c02-82f7-6c6be0148504,"ABC de Mayenne Communauté","CC Mayenne Communauté","Etablissement public de coopération intercommunale (EPCI)",Moulay,53162,2015,Faux,Fini,https://www.mayenne-communaute.net/a-votre-service/habitat/plan-local-d-urbanisme-intercommunal/
640b8945-4dd5-4c02-82f7-6c6be0148504,"ABC de Mayenne Communauté","CC Mayenne Communauté","Etablissement public de coopération intercommunale (EPCI)",Parigné-sur-Braye,53174,2015,Faux,Fini,https://www.mayenne-communaute.net/a-votre-service/habitat/plan-local-d-urbanisme-intercommunal/
640b8945-4dd5-4c02-82f7-6c6be0148504,"ABC de Mayenne Communauté","CC Mayenne Communauté","Etablissement public de coopération intercommunale (EPCI)",Placé,53179,2015,Faux,Fini,https://www.mayenne-communaute.net/a-votre-service/habitat/plan-local-d-urbanisme-intercommunal/
640b8945-4dd5-4c02-82f7-6c6be0148504,"ABC de Mayenne Communauté","CC Mayenne Communauté","Etablissement public de coopération intercommunale (EPCI)",Rennes-en-Grenouilles,53189,2015,Faux,Fini,https://www.mayenne-communaute.net/a-votre-service/habitat/plan-local-d-urbanisme-intercommunal/
640b8945-4dd5-4c02-82f7-6c6be0148504,"ABC de Mayenne Communauté","CC Mayenne Communauté","Etablissement public de coopération intercommunale (EPCI)","Le Ribay",53190,2015,Faux,Fini,https://www.mayenne-communaute.net/a-votre-service/habitat/plan-local-d-urbanisme-intercommunal/
640b8945-4dd5-4c02-82f7-6c6be0148504,"ABC de Mayenne Communauté","CC Mayenne Communauté","Etablissement public de coopération intercommunale (EPCI)",Sacé,53195,2015,Faux,Fini,https://www.mayenne-communaute.net/a-votre-service/habitat/plan-local-d-urbanisme-intercommunal/
640b8945-4dd5-4c02-82f7-6c6be0148504,"ABC de Mayenne Communauté","CC Mayenne Communauté","Etablissement public de coopération intercommunale (EPCI)",Saint-Baudelle,53200,2015,Faux,Fini,https://www.mayenne-communaute.net/a-votre-service/habitat/plan-local-d-urbanisme-intercommunal/
640b8945-4dd5-4c02-82f7-6c6be0148504,"ABC de Mayenne Communauté","CC Mayenne Communauté","Etablissement public de coopération intercommunale (EPCI)",Saint-Fraimbault-de-Prières,53216,2015,Faux,Fini,https://www.mayenne-communaute.net/a-votre-service/habitat/plan-local-d-urbanisme-intercommunal/
640b8945-4dd5-4c02-82f7-6c6be0148504,"ABC de Mayenne Communauté","CC Mayenne Communauté","Etablissement public de coopération intercommunale (EPCI)",Saint-Georges-Buttavent,53219,2015,Faux,Fini,https://www.mayenne-communaute.net/a-votre-service/habitat/plan-local-d-urbanisme-intercommunal/
640b8945-4dd5-4c02-82f7-6c6be0148504,"ABC de Mayenne Communauté","CC Mayenne Communauté","Etablissement public de coopération intercommunale (EPCI)",Saint-Germain-d'Anxure,53222,2015,Faux,Fini,https://www.mayenne-communaute.net/a-votre-service/habitat/plan-local-d-urbanisme-intercommunal/
640b8945-4dd5-4c02-82f7-6c6be0148504,"ABC de Mayenne Communauté","CC Mayenne Communauté","Etablissement public de coopération intercommunale (EPCI)",Saint-Julien-du-Terroux,53230,2015,Faux,Fini,https://www.mayenne-communaute.net/a-votre-service/habitat/plan-local-d-urbanisme-intercommunal/
640b8945-4dd5-4c02-82f7-6c6be0148504,"ABC de Mayenne Communauté","CC Mayenne Communauté","Etablissement public de coopération intercommunale (EPCI)",Sainte-Marie-du-Bois,53235,2015,Faux,Fini,https://www.mayenne-communaute.net/a-votre-service/habitat/plan-local-d-urbanisme-intercommunal/
640b8945-4dd5-4c02-82f7-6c6be0148504,"ABC de Mayenne Communauté","CC Mayenne Communauté","Etablissement public de coopération intercommunale (EPCI)",Thub½uf,53263,2015,Faux,Fini,https://www.mayenne-communaute.net/a-votre-service/habitat/plan-local-d-urbanisme-intercommunal/
c77e06e8-4c0c-4499-8190-9eaaaafa0b11,"ABC de Mazaugues",Mazaugues,Commune,Mazaugues,83076,2014,Faux,Fini,https://www.pnr-saintebaume.fr/en-actions/patrimoine-naturel/atlas-de-biodiversite-communale-abc/
53c945ce-1dee-4bfb-9b86-76eae1b2450a,"ABC de Médoc Atlantique","Le Verdon-sur-Mer",Commune,"Le Verdon-sur-Mer",33544,2014,Faux,Fini,
ca4bce2b-8da2-4f20-a998-fa5053fe3e0b,"ABC de Médulienne","Le Porge",Commune,"Le Porge",33333,2010,Faux,Fini,
e3ac28dd-6136-4a9c-b5b3-d8260924d333,"ABC de Melesse",Melesse,Commune,Melesse,35173,2015,Faux,Inconnu,
e0dce66d-f312-4c4e-ba0d-b94577562cd1,"ABC de Melle",Melle,Commune,Melle,79174,2010,Faux,Inconnu,
24c954f1-665c-4c15-a337-1787447fe6ce,"ABC de Mennecy",,Commune,Mennecy,91386,2021,Faux,"En cours de réalisation",
cff065a5-f5ce-45b3-9263-2ac43248fd22,"ABC de Mennevret",Mennevret,Commune,Mennevret,02476,2010,Faux,Inconnu,
7f941f0d-790a-42e2-a9f3-ec35b9930b84,"ABC de Merdrignac",Merdrignac,Commune,Merdrignac,22147,2022,Vrai,"En phase de lancement",
1ee69e9f-9306-4cee-b5c9-bcd25f399b72,"ABC de Mérignac",Mérignac,Commune,Mérignac,33281,2013,Faux,Fini,
f917a4f8-9b24-4ccb-b85f-d656bf5b1921,"ABC de Mers Sur Indre",Mers-sur-Indre,Commune,Mers-sur-Indre,36120,2017,Vrai,Fini,
364b87f5-1499-4b14-8356-5fd740044a54,"ABC de Merville-Franceville-Plage",Merville-Franceville-Plage,Commune,Merville-Franceville-Plage,14409,2010,Faux,Inconnu,
cd324c56-3f4f-4427-b6a9-ead5dded0c24,"ABC de Mesnières-en-Bray",Mesnières-en-Bray,Commune,Mesnières-en-Bray,76427,2022,Vrai,"En phase de lancement",
ba708f34-faf2-4823-9d92-ae1e5cf86c30,"ABC de Mesnil-Saint-Laurent",Mesnil-Saint-Laurent,Commune,Mesnil-Saint-Laurent,02481,2012,Faux,Inconnu,
161b262e-a36b-444c-9178-c28df718cc22,"ABC de Métropole du Grand Paris","Métropole du Grand Paris","Etablissement public de coopération intercommunale (EPCI)",Paris,75056,2017,Vrai,"En cours de réalisation",https://www.metropolegrandparis.fr/fr/atlas-de-la-biodiversite-metropolitaine-137
161b262e-a36b-444c-9178-c28df718cc22,"ABC de Métropole du Grand Paris","Métropole du Grand Paris","Etablissement public de coopération intercommunale (EPCI)",Athis-Mons,91027,2017,Vrai,"En cours de réalisation",https://www.metropolegrandparis.fr/fr/atlas-de-la-biodiversite-metropolitaine-137
161b262e-a36b-444c-9178-c28df718cc22,"ABC de Métropole du Grand Paris","Métropole du Grand Paris","Etablissement public de coopération intercommunale (EPCI)",Juvisy-sur-Orge,91326,2017,Vrai,"En cours de réalisation",https://www.metropolegrandparis.fr/fr/atlas-de-la-biodiversite-metropolitaine-137
161b262e-a36b-444c-9178-c28df718cc22,"ABC de Métropole du Grand Paris","Métropole du Grand Paris","Etablissement public de coopération intercommunale (EPCI)",Morangis,91432,2017,Vrai,"En cours de réalisation",https://www.metropolegrandparis.fr/fr/atlas-de-la-biodiversite-metropolitaine-137
161b262e-a36b-444c-9178-c28df718cc22,"ABC de Métropole du Grand Paris","Métropole du Grand Paris","Etablissement public de coopération intercommunale (EPCI)",Paray-Vieille-Poste,91479,2017,Vrai,"En cours de réalisation",https://www.metropolegrandparis.fr/fr/atlas-de-la-biodiversite-metropolitaine-137
161b262e-a36b-444c-9178-c28df718cc22,"ABC de Métropole du Grand Paris","Métropole du Grand Paris","Etablissement public de coopération intercommunale (EPCI)",Savigny-sur-Orge,91589,2017,Vrai,"En cours de réalisation",https://www.metropolegrandparis.fr/fr/atlas-de-la-biodiversite-metropolitaine-137
161b262e-a36b-444c-9178-c28df718cc22,"ABC de Métropole du Grand Paris","Métropole du Grand Paris","Etablissement public de coopération intercommunale (EPCI)",Viry-Châtillon,91687,2017,Vrai,"En cours de réalisation",https://www.metropolegrandparis.fr/fr/atlas-de-la-biodiversite-metropolitaine-137
161b262e-a36b-444c-9178-c28df718cc22,"ABC de Métropole du Grand Paris","Métropole du Grand Paris","Etablissement public de coopération intercommunale (EPCI)",Antony,92002,2017,Vrai,"En cours de réalisation",https://www.metropolegrandparis.fr/fr/atlas-de-la-biodiversite-metropolitaine-137
161b262e-a36b-444c-9178-c28df718cc22,"ABC de Métropole du Grand Paris","Métropole du Grand Paris","Etablissement public de coopération intercommunale (EPCI)",Asnières-sur-Seine,92004,2017,Vrai,"En cours de réalisation",https://www.metropolegrandparis.fr/fr/atlas-de-la-biodiversite-metropolitaine-137
161b262e-a36b-444c-9178-c28df718cc22,"ABC de Métropole du Grand Paris","Métropole du Grand Paris","Etablissement public de coopération intercommunale (EPCI)",Bagneux,92007,2017,Vrai,"En cours de réalisation",https://www.metropolegrandparis.fr/fr/atlas-de-la-biodiversite-metropolitaine-137
161b262e-a36b-444c-9178-c28df718cc22,"ABC de Métropole du Grand Paris","Métropole du Grand Paris","Etablissement public de coopération intercommunale (EPCI)",Bois-Colombes,92009,2017,Vrai,"En cours de réalisation",https://www.metropolegrandparis.fr/fr/atlas-de-la-biodiversite-metropolitaine-137
161b262e-a36b-444c-9178-c28df718cc22,"ABC de Métropole du Grand Paris","Métropole du Grand Paris","Etablissement public de coopération intercommunale (EPCI)",Boulogne-Billancourt,92012,2017,Vrai,"En cours de réalisation",https://www.metropolegrandparis.fr/fr/atlas-de-la-biodiversite-metropolitaine-137
161b262e-a36b-444c-9178-c28df718cc22,"ABC de Métropole du Grand Paris","Métropole du Grand Paris","Etablissement public de coopération intercommunale (EPCI)",Bourg-la-Reine,92014,2017,Vrai,"En cours de réalisation",https://www.metropolegrandparis.fr/fr/atlas-de-la-biodiversite-metropolitaine-137
161b262e-a36b-444c-9178-c28df718cc22,"ABC de Métropole du Grand Paris","Métropole du Grand Paris","Etablissement public de coopération intercommunale (EPCI)",Châtenay-Malabry,92019,2017,Vrai,"En cours de réalisation",https://www.metropolegrandparis.fr/fr/atlas-de-la-biodiversite-metropolitaine-137
161b262e-a36b-444c-9178-c28df718cc22,"ABC de Métropole du Grand Paris","Métropole du Grand Paris","Etablissement public de coopération intercommunale (EPCI)",Châtillon,92020,2017,Vrai,"En cours de réalisation",https://www.metropolegrandparis.fr/fr/atlas-de-la-biodiversite-metropolitaine-137
161b262e-a36b-444c-9178-c28df718cc22,"ABC de Métropole du Grand Paris","Métropole du Grand Paris","Etablissement public de coopération intercommunale (EPCI)",Chaville,92022,2017,Vrai,"En cours de réalisation",https://www.metropolegrandparis.fr/fr/atlas-de-la-biodiversite-metropolitaine-137
161b262e-a36b-444c-9178-c28df718cc22,"ABC de Métropole du Grand Paris","Métropole du Grand Paris","Etablissement public de coopération intercommunale (EPCI)",Clamart,92023,2017,Vrai,"En cours de réalisation",https://www.metropolegrandparis.fr/fr/atlas-de-la-biodiversite-metropolitaine-137
161b262e-a36b-444c-9178-c28df718cc22,"ABC de Métropole du Grand Paris","Métropole du Grand Paris","Etablissement public de coopération intercommunale (EPCI)",Clichy,92024,2017,Vrai,"En cours de réalisation",https://www.metropolegrandparis.fr/fr/atlas-de-la-biodiversite-metropolitaine-137
161b262e-a36b-444c-9178-c28df718cc22,"ABC de Métropole du Grand Paris","Métropole du Grand Paris","Etablissement public de coopération intercommunale (EPCI)",Colombes,92025,2017,Vrai,"En cours de réalisation",https://www.metropolegrandparis.fr/fr/atlas-de-la-biodiversite-metropolitaine-137
161b262e-a36b-444c-9178-c28df718cc22,"ABC de Métropole du Grand Paris","Métropole du Grand Paris","Etablissement public de coopération intercommunale (EPCI)",Courbevoie,92026,2017,Vrai,"En cours de réalisation",https://www.metropolegrandparis.fr/fr/atlas-de-la-biodiversite-metropolitaine-137
161b262e-a36b-444c-9178-c28df718cc22,"ABC de Métropole du Grand Paris","Métropole du Grand Paris","Etablissement public de coopération intercommunale (EPCI)",Fontenay-aux-Roses,92032,2017,Vrai,"En cours de réalisation",https://www.metropolegrandparis.fr/fr/atlas-de-la-biodiversite-metropolitaine-137
161b262e-a36b-444c-9178-c28df718cc22,"ABC de Métropole du Grand Paris","Métropole du Grand Paris","Etablissement public de coopération intercommunale (EPCI)",Garches,92033,2017,Vrai,"En cours de réalisation",https://www.metropolegrandparis.fr/fr/atlas-de-la-biodiversite-metropolitaine-137
161b262e-a36b-444c-9178-c28df718cc22,"ABC de Métropole du Grand Paris","Métropole du Grand Paris","Etablissement public de coopération intercommunale (EPCI)","La Garenne-Colombes",92035,2017,Vrai,"En cours de réalisation",https://www.metropolegrandparis.fr/fr/atlas-de-la-biodiversite-metropolitaine-137
161b262e-a36b-444c-9178-c28df718cc22,"ABC de Métropole du Grand Paris","Métropole du Grand Paris","Etablissement public de coopération intercommunale (EPCI)",Gennevilliers,92036,2017,Vrai,"En cours de réalisation",https://www.metropolegrandparis.fr/fr/atlas-de-la-biodiversite-metropolitaine-137
161b262e-a36b-444c-9178-c28df718cc22,"ABC de Métropole du Grand Paris","Métropole du Grand Paris","Etablissement public de coopération intercommunale (EPCI)",Issy-les-Moulineaux,92040,2017,Vrai,"En cours de réalisation",https://www.metropolegrandparis.fr/fr/atlas-de-la-biodiversite-metropolitaine-137
161b262e-a36b-444c-9178-c28df718cc22,"ABC de Métropole du Grand Paris","Métropole du Grand Paris","Etablissement public de coopération intercommunale (EPCI)",Levallois-Perret,92044,2017,Vrai,"En cours de réalisation",https://www.metropolegrandparis.fr/fr/atlas-de-la-biodiversite-metropolitaine-137
161b262e-a36b-444c-9178-c28df718cc22,"ABC de Métropole du Grand Paris","Métropole du Grand Paris","Etablissement public de coopération intercommunale (EPCI)",Malakoff,92046,2017,Vrai,"En cours de réalisation",https://www.metropolegrandparis.fr/fr/atlas-de-la-biodiversite-metropolitaine-137
161b262e-a36b-444c-9178-c28df718cc22,"ABC de Métropole du Grand Paris","Métropole du Grand Paris","Etablissement public de coopération intercommunale (EPCI)",Marnes-la-Coquette,92047,2017,Vrai,"En cours de réalisation",https://www.metropolegrandparis.fr/fr/atlas-de-la-biodiversite-metropolitaine-137
161b262e-a36b-444c-9178-c28df718cc22,"ABC de Métropole du Grand Paris","Métropole du Grand Paris","Etablissement public de coopération intercommunale (EPCI)",Meudon,92048,2017,Vrai,"En cours de réalisation",https://www.metropolegrandparis.fr/fr/atlas-de-la-biodiversite-metropolitaine-137
161b262e-a36b-444c-9178-c28df718cc22,"ABC de Métropole du Grand Paris","Métropole du Grand Paris","Etablissement public de coopération intercommunale (EPCI)",Montrouge,92049,2017,Vrai,"En cours de réalisation",https://www.metropolegrandparis.fr/fr/atlas-de-la-biodiversite-metropolitaine-137
161b262e-a36b-444c-9178-c28df718cc22,"ABC de Métropole du Grand Paris","Métropole du Grand Paris","Etablissement public de coopération intercommunale (EPCI)",Nanterre,92050,2017,Vrai,"En cours de réalisation",https://www.metropolegrandparis.fr/fr/atlas-de-la-biodiversite-metropolitaine-137
161b262e-a36b-444c-9178-c28df718cc22,"ABC de Métropole du Grand Paris","Métropole du Grand Paris","Etablissement public de coopération intercommunale (EPCI)",Neuilly-sur-Seine,92051,2017,Vrai,"En cours de réalisation",https://www.metropolegrandparis.fr/fr/atlas-de-la-biodiversite-metropolitaine-137
161b262e-a36b-444c-9178-c28df718cc22,"ABC de Métropole du Grand Paris","Métropole du Grand Paris","Etablissement public de coopération intercommunale (EPCI)","Le Plessis-Robinson",92060,2017,Vrai,"En cours de réalisation",https://www.metropolegrandparis.fr/fr/atlas-de-la-biodiversite-metropolitaine-137
161b262e-a36b-444c-9178-c28df718cc22,"ABC de Métropole du Grand Paris","Métropole du Grand Paris","Etablissement public de coopération intercommunale (EPCI)",Puteaux,92062,2017,Vrai,"En cours de réalisation",https://www.metropolegrandparis.fr/fr/atlas-de-la-biodiversite-metropolitaine-137
161b262e-a36b-444c-9178-c28df718cc22,"ABC de Métropole du Grand Paris","Métropole du Grand Paris","Etablissement public de coopération intercommunale (EPCI)",Rueil-Malmaison,92063,2017,Vrai,"En cours de réalisation",https://www.metropolegrandparis.fr/fr/atlas-de-la-biodiversite-metropolitaine-137
161b262e-a36b-444c-9178-c28df718cc22,"ABC de Métropole du Grand Paris","Métropole du Grand Paris","Etablissement public de coopération intercommunale (EPCI)",Saint-Cloud,92064,2017,Vrai,"En cours de réalisation",https://www.metropolegrandparis.fr/fr/atlas-de-la-biodiversite-metropolitaine-137
161b262e-a36b-444c-9178-c28df718cc22,"ABC de Métropole du Grand Paris","Métropole du Grand Paris","Etablissement public de coopération intercommunale (EPCI)",Sceaux,92071,2017,Vrai,"En cours de réalisation",https://www.metropolegrandparis.fr/fr/atlas-de-la-biodiversite-metropolitaine-137
161b262e-a36b-444c-9178-c28df718cc22,"ABC de Métropole du Grand Paris","Métropole du Grand Paris","Etablissement public de coopération intercommunale (EPCI)",Sèvres,92072,2017,Vrai,"En cours de réalisation",https://www.metropolegrandparis.fr/fr/atlas-de-la-biodiversite-metropolitaine-137
161b262e-a36b-444c-9178-c28df718cc22,"ABC de Métropole du Grand Paris","Métropole du Grand Paris","Etablissement public de coopération intercommunale (EPCI)",Suresnes,92073,2017,Vrai,"En cours de réalisation",https://www.metropolegrandparis.fr/fr/atlas-de-la-biodiversite-metropolitaine-137
161b262e-a36b-444c-9178-c28df718cc22,"ABC de Métropole du Grand Paris","Métropole du Grand Paris","Etablissement public de coopération intercommunale (EPCI)",Vanves,92075,2017,Vrai,"En cours de réalisation",https://www.metropolegrandparis.fr/fr/atlas-de-la-biodiversite-metropolitaine-137
161b262e-a36b-444c-9178-c28df718cc22,"ABC de Métropole du Grand Paris","Métropole du Grand Paris","Etablissement public de coopération intercommunale (EPCI)",Vaucresson,92076,2017,Vrai,"En cours de réalisation",https://www.metropolegrandparis.fr/fr/atlas-de-la-biodiversite-metropolitaine-137
161b262e-a36b-444c-9178-c28df718cc22,"ABC de Métropole du Grand Paris","Métropole du Grand Paris","Etablissement public de coopération intercommunale (EPCI)",Ville-d'Avray,92077,2017,Vrai,"En cours de réalisation",https://www.metropolegrandparis.fr/fr/atlas-de-la-biodiversite-metropolitaine-137
161b262e-a36b-444c-9178-c28df718cc22,"ABC de Métropole du Grand Paris","Métropole du Grand Paris","Etablissement public de coopération intercommunale (EPCI)",Villeneuve-la-Garenne,92078,2017,Vrai,"En cours de réalisation",https://www.metropolegrandparis.fr/fr/atlas-de-la-biodiversite-metropolitaine-137
161b262e-a36b-444c-9178-c28df718cc22,"ABC de Métropole du Grand Paris","Métropole du Grand Paris","Etablissement public de coopération intercommunale (EPCI)",Aubervilliers,93001,2017,Vrai,"En cours de réalisation",https://www.metropolegrandparis.fr/fr/atlas-de-la-biodiversite-metropolitaine-137
161b262e-a36b-444c-9178-c28df718cc22,"ABC de Métropole du Grand Paris","Métropole du Grand Paris","Etablissement public de coopération intercommunale (EPCI)",Aulnay-sous-Bois,93005,2017,Vrai,"En cours de réalisation",https://www.metropolegrandparis.fr/fr/atlas-de-la-biodiversite-metropolitaine-137
161b262e-a36b-444c-9178-c28df718cc22,"ABC de Métropole du Grand Paris","Métropole du Grand Paris","Etablissement public de coopération intercommunale (EPCI)",Bagnolet,93006,2017,Vrai,"En cours de réalisation",https://www.metropolegrandparis.fr/fr/atlas-de-la-biodiversite-metropolitaine-137
161b262e-a36b-444c-9178-c28df718cc22,"ABC de Métropole du Grand Paris","Métropole du Grand Paris","Etablissement public de coopération intercommunale (EPCI)","Le Blanc-Mesnil",93007,2017,Vrai,"En cours de réalisation",https://www.metropolegrandparis.fr/fr/atlas-de-la-biodiversite-metropolitaine-137
161b262e-a36b-444c-9178-c28df718cc22,"ABC de Métropole du Grand Paris","Métropole du Grand Paris","Etablissement public de coopération intercommunale (EPCI)",Bobigny,93008,2017,Vrai,"En cours de réalisation",https://www.metropolegrandparis.fr/fr/atlas-de-la-biodiversite-metropolitaine-137
161b262e-a36b-444c-9178-c28df718cc22,"ABC de Métropole du Grand Paris","Métropole du Grand Paris","Etablissement public de coopération intercommunale (EPCI)",Bondy,93010,2017,Vrai,"En cours de réalisation",https://www.metropolegrandparis.fr/fr/atlas-de-la-biodiversite-metropolitaine-137
161b262e-a36b-444c-9178-c28df718cc22,"ABC de Métropole du Grand Paris","Métropole du Grand Paris","Etablissement public de coopération intercommunale (EPCI)","Le Bourget",93013,2017,Vrai,"En cours de réalisation",https://www.metropolegrandparis.fr/fr/atlas-de-la-biodiversite-metropolitaine-137
161b262e-a36b-444c-9178-c28df718cc22,"ABC de Métropole du Grand Paris","Métropole du Grand Paris","Etablissement public de coopération intercommunale (EPCI)",Clichy-sous-Bois,93014,2017,Vrai,"En cours de réalisation",https://www.metropolegrandparis.fr/fr/atlas-de-la-biodiversite-metropolitaine-137
161b262e-a36b-444c-9178-c28df718cc22,"ABC de Métropole du Grand Paris","Métropole du Grand Paris","Etablissement public de coopération intercommunale (EPCI)",Coubron,93015,2017,Vrai,"En cours de réalisation",https://www.metropolegrandparis.fr/fr/atlas-de-la-biodiversite-metropolitaine-137
161b262e-a36b-444c-9178-c28df718cc22,"ABC de Métropole du Grand Paris","Métropole du Grand Paris","Etablissement public de coopération intercommunale (EPCI)","La Courneuve",93027,2017,Vrai,"En cours de réalisation",https://www.metropolegrandparis.fr/fr/atlas-de-la-biodiversite-metropolitaine-137
161b262e-a36b-444c-9178-c28df718cc22,"ABC de Métropole du Grand Paris","Métropole du Grand Paris","Etablissement public de coopération intercommunale (EPCI)",Drancy,93029,2017,Vrai,"En cours de réalisation",https://www.metropolegrandparis.fr/fr/atlas-de-la-biodiversite-metropolitaine-137
161b262e-a36b-444c-9178-c28df718cc22,"ABC de Métropole du Grand Paris","Métropole du Grand Paris","Etablissement public de coopération intercommunale (EPCI)",Dugny,93030,2017,Vrai,"En cours de réalisation",https://www.metropolegrandparis.fr/fr/atlas-de-la-biodiversite-metropolitaine-137
161b262e-a36b-444c-9178-c28df718cc22,"ABC de Métropole du Grand Paris","Métropole du Grand Paris","Etablissement public de coopération intercommunale (EPCI)",Épinay-sur-Seine,93031,2017,Vrai,"En cours de réalisation",https://www.metropolegrandparis.fr/fr/atlas-de-la-biodiversite-metropolitaine-137
161b262e-a36b-444c-9178-c28df718cc22,"ABC de Métropole du Grand Paris","Métropole du Grand Paris","Etablissement public de coopération intercommunale (EPCI)",Gagny,93032,2017,Vrai,"En cours de réalisation",https://www.metropolegrandparis.fr/fr/atlas-de-la-biodiversite-metropolitaine-137
161b262e-a36b-444c-9178-c28df718cc22,"ABC de Métropole du Grand Paris","Métropole du Grand Paris","Etablissement public de coopération intercommunale (EPCI)",Gournay-sur-Marne,93033,2017,Vrai,"En cours de réalisation",https://www.metropolegrandparis.fr/fr/atlas-de-la-biodiversite-metropolitaine-137
161b262e-a36b-444c-9178-c28df718cc22,"ABC de Métropole du Grand Paris","Métropole du Grand Paris","Etablissement public de coopération intercommunale (EPCI)",L'Île-Saint-Denis,93039,2017,Vrai,"En cours de réalisation",https://www.metropolegrandparis.fr/fr/atlas-de-la-biodiversite-metropolitaine-137
161b262e-a36b-444c-9178-c28df718cc22,"ABC de Métropole du Grand Paris","Métropole du Grand Paris","Etablissement public de coopération intercommunale (EPCI)","Les Lilas",93045,2017,Vrai,"En cours de réalisation",https://www.metropolegrandparis.fr/fr/atlas-de-la-biodiversite-metropolitaine-137
161b262e-a36b-444c-9178-c28df718cc22,"ABC de Métropole du Grand Paris","Métropole du Grand Paris","Etablissement public de coopération intercommunale (EPCI)",Livry-Gargan,93046,2017,Vrai,"En cours de réalisation",https://www.metropolegrandparis.fr/fr/atlas-de-la-biodiversite-metropolitaine-137
161b262e-a36b-444c-9178-c28df718cc22,"ABC de Métropole du Grand Paris","Métropole du Grand Paris","Etablissement public de coopération intercommunale (EPCI)",Montfermeil,93047,2017,Vrai,"En cours de réalisation",https://www.metropolegrandparis.fr/fr/atlas-de-la-biodiversite-metropolitaine-137
161b262e-a36b-444c-9178-c28df718cc22,"ABC de Métropole du Grand Paris","Métropole du Grand Paris","Etablissement public de coopération intercommunale (EPCI)",Montreuil,93048,2017,Vrai,"En cours de réalisation",https://www.metropolegrandparis.fr/fr/atlas-de-la-biodiversite-metropolitaine-137
161b262e-a36b-444c-9178-c28df718cc22,"ABC de Métropole du Grand Paris","Métropole du Grand Paris","Etablissement public de coopération intercommunale (EPCI)",Neuilly-Plaisance,93049,2017,Vrai,"En cours de réalisation",https://www.metropolegrandparis.fr/fr/atlas-de-la-biodiversite-metropolitaine-137
161b262e-a36b-444c-9178-c28df718cc22,"ABC de Métropole du Grand Paris","Métropole du Grand Paris","Etablissement public de coopération intercommunale (EPCI)",Neuilly-sur-Marne,93050,2017,Vrai,"En cours de réalisation",https://www.metropolegrandparis.fr/fr/atlas-de-la-biodiversite-metropolitaine-137
161b262e-a36b-444c-9178-c28df718cc22,"ABC de Métropole du Grand Paris","Métropole du Grand Paris","Etablissement public de coopération intercommunale (EPCI)",Noisy-le-Grand,93051,2017,Vrai,"En cours de réalisation",https://www.metropolegrandparis.fr/fr/atlas-de-la-biodiversite-metropolitaine-137
161b262e-a36b-444c-9178-c28df718cc22,"ABC de Métropole du Grand Paris","Métropole du Grand Paris","Etablissement public de coopération intercommunale (EPCI)",Noisy-le-Sec,93053,2017,Vrai,"En cours de réalisation",https://www.metropolegrandparis.fr/fr/atlas-de-la-biodiversite-metropolitaine-137
161b262e-a36b-444c-9178-c28df718cc22,"ABC de Métropole du Grand Paris","Métropole du Grand Paris","Etablissement public de coopération intercommunale (EPCI)",Pantin,93055,2017,Vrai,"En cours de réalisation",https://www.metropolegrandparis.fr/fr/atlas-de-la-biodiversite-metropolitaine-137
161b262e-a36b-444c-9178-c28df718cc22,"ABC de Métropole du Grand Paris","Métropole du Grand Paris","Etablissement public de coopération intercommunale (EPCI)","Les Pavillons-sous-Bois",93057,2017,Vrai,"En cours de réalisation",https://www.metropolegrandparis.fr/fr/atlas-de-la-biodiversite-metropolitaine-137
161b262e-a36b-444c-9178-c28df718cc22,"ABC de Métropole du Grand Paris","Métropole du Grand Paris","Etablissement public de coopération intercommunale (EPCI)",Pierrefitte-sur-Seine,93059,2017,Vrai,"En cours de réalisation",https://www.metropolegrandparis.fr/fr/atlas-de-la-biodiversite-metropolitaine-137
161b262e-a36b-444c-9178-c28df718cc22,"ABC de Métropole du Grand Paris","Métropole du Grand Paris","Etablissement public de coopération intercommunale (EPCI)","Le Pré-Saint-Gervais",93061,2017,Vrai,"En cours de réalisation",https://www.metropolegrandparis.fr/fr/atlas-de-la-biodiversite-metropolitaine-137
161b262e-a36b-444c-9178-c28df718cc22,"ABC de Métropole du Grand Paris","Métropole du Grand Paris","Etablissement public de coopération intercommunale (EPCI)","Le Raincy",93062,2017,Vrai,"En cours de réalisation",https://www.metropolegrandparis.fr/fr/atlas-de-la-biodiversite-metropolitaine-137
161b262e-a36b-444c-9178-c28df718cc22,"ABC de Métropole du Grand Paris","Métropole du Grand Paris","Etablissement public de coopération intercommunale (EPCI)",Romainville,93063,2017,Vrai,"En cours de réalisation",https://www.metropolegrandparis.fr/fr/atlas-de-la-biodiversite-metropolitaine-137
161b262e-a36b-444c-9178-c28df718cc22,"ABC de Métropole du Grand Paris","Métropole du Grand Paris","Etablissement public de coopération intercommunale (EPCI)",Rosny-sous-Bois,93064,2017,Vrai,"En cours de réalisation",https://www.metropolegrandparis.fr/fr/atlas-de-la-biodiversite-metropolitaine-137
161b262e-a36b-444c-9178-c28df718cc22,"ABC de Métropole du Grand Paris","Métropole du Grand Paris","Etablissement public de coopération intercommunale (EPCI)",Saint-Denis,93066,2017,Vrai,"En cours de réalisation",https://www.metropolegrandparis.fr/fr/atlas-de-la-biodiversite-metropolitaine-137
161b262e-a36b-444c-9178-c28df718cc22,"ABC de Métropole du Grand Paris","Métropole du Grand Paris","Etablissement public de coopération intercommunale (EPCI)",Saint-Ouen-sur-Seine,93070,2017,Vrai,"En cours de réalisation",https://www.metropolegrandparis.fr/fr/atlas-de-la-biodiversite-metropolitaine-137
161b262e-a36b-444c-9178-c28df718cc22,"ABC de Métropole du Grand Paris","Métropole du Grand Paris","Etablissement public de coopération intercommunale (EPCI)",Sevran,93071,2017,Vrai,"En cours de réalisation",https://www.metropolegrandparis.fr/fr/atlas-de-la-biodiversite-metropolitaine-137
161b262e-a36b-444c-9178-c28df718cc22,"ABC de Métropole du Grand Paris","Métropole du Grand Paris","Etablissement public de coopération intercommunale (EPCI)",Stains,93072,2017,Vrai,"En cours de réalisation",https://www.metropolegrandparis.fr/fr/atlas-de-la-biodiversite-metropolitaine-137
161b262e-a36b-444c-9178-c28df718cc22,"ABC de Métropole du Grand Paris","Métropole du Grand Paris","Etablissement public de coopération intercommunale (EPCI)",Tremblay-en-France,93073,2017,Vrai,"En cours de réalisation",https://www.metropolegrandparis.fr/fr/atlas-de-la-biodiversite-metropolitaine-137
161b262e-a36b-444c-9178-c28df718cc22,"ABC de Métropole du Grand Paris","Métropole du Grand Paris","Etablissement public de coopération intercommunale (EPCI)",Vaujours,93074,2017,Vrai,"En cours de réalisation",https://www.metropolegrandparis.fr/fr/atlas-de-la-biodiversite-metropolitaine-137
161b262e-a36b-444c-9178-c28df718cc22,"ABC de Métropole du Grand Paris","Métropole du Grand Paris","Etablissement public de coopération intercommunale (EPCI)",Villemomble,93077,2017,Vrai,"En cours de réalisation",https://www.metropolegrandparis.fr/fr/atlas-de-la-biodiversite-metropolitaine-137
161b262e-a36b-444c-9178-c28df718cc22,"ABC de Métropole du Grand Paris","Métropole du Grand Paris","Etablissement public de coopération intercommunale (EPCI)",Villepinte,93078,2017,Vrai,"En cours de réalisation",https://www.metropolegrandparis.fr/fr/atlas-de-la-biodiversite-metropolitaine-137
161b262e-a36b-444c-9178-c28df718cc22,"ABC de Métropole du Grand Paris","Métropole du Grand Paris","Etablissement public de coopération intercommunale (EPCI)",Villetaneuse,93079,2017,Vrai,"En cours de réalisation",https://www.metropolegrandparis.fr/fr/atlas-de-la-biodiversite-metropolitaine-137
161b262e-a36b-444c-9178-c28df718cc22,"ABC de Métropole du Grand Paris","Métropole du Grand Paris","Etablissement public de coopération intercommunale (EPCI)",Ablon-sur-Seine,94001,2017,Vrai,"En cours de réalisation",https://www.metropolegrandparis.fr/fr/atlas-de-la-biodiversite-metropolitaine-137
161b262e-a36b-444c-9178-c28df718cc22,"ABC de Métropole du Grand Paris","Métropole du Grand Paris","Etablissement public de coopération intercommunale (EPCI)",Alfortville,94002,2017,Vrai,"En cours de réalisation",https://www.metropolegrandparis.fr/fr/atlas-de-la-biodiversite-metropolitaine-137
161b262e-a36b-444c-9178-c28df718cc22,"ABC de Métropole du Grand Paris","Métropole du Grand Paris","Etablissement public de coopération intercommunale (EPCI)",Arcueil,94003,2017,Vrai,"En cours de réalisation",https://www.metropolegrandparis.fr/fr/atlas-de-la-biodiversite-metropolitaine-137
161b262e-a36b-444c-9178-c28df718cc22,"ABC de Métropole du Grand Paris","Métropole du Grand Paris","Etablissement public de coopération intercommunale (EPCI)",Boissy-Saint-Léger,94004,2017,Vrai,"En cours de réalisation",https://www.metropolegrandparis.fr/fr/atlas-de-la-biodiversite-metropolitaine-137
161b262e-a36b-444c-9178-c28df718cc22,"ABC de Métropole du Grand Paris","Métropole du Grand Paris","Etablissement public de coopération intercommunale (EPCI)",Bonneuil-sur-Marne,94011,2017,Vrai,"En cours de réalisation",https://www.metropolegrandparis.fr/fr/atlas-de-la-biodiversite-metropolitaine-137
161b262e-a36b-444c-9178-c28df718cc22,"ABC de Métropole du Grand Paris","Métropole du Grand Paris","Etablissement public de coopération intercommunale (EPCI)",Bry-sur-Marne,94015,2017,Vrai,"En cours de réalisation",https://www.metropolegrandparis.fr/fr/atlas-de-la-biodiversite-metropolitaine-137
161b262e-a36b-444c-9178-c28df718cc22,"ABC de Métropole du Grand Paris","Métropole du Grand Paris","Etablissement public de coopération intercommunale (EPCI)",Cachan,94016,2017,Vrai,"En cours de réalisation",https://www.metropolegrandparis.fr/fr/atlas-de-la-biodiversite-metropolitaine-137
161b262e-a36b-444c-9178-c28df718cc22,"ABC de Métropole du Grand Paris","Métropole du Grand Paris","Etablissement public de coopération intercommunale (EPCI)",Champigny-sur-Marne,94017,2017,Vrai,"En cours de réalisation",https://www.metropolegrandparis.fr/fr/atlas-de-la-biodiversite-metropolitaine-137
161b262e-a36b-444c-9178-c28df718cc22,"ABC de Métropole du Grand Paris","Métropole du Grand Paris","Etablissement public de coopération intercommunale (EPCI)",Charenton-le-Pont,94018,2017,Vrai,"En cours de réalisation",https://www.metropolegrandparis.fr/fr/atlas-de-la-biodiversite-metropolitaine-137
161b262e-a36b-444c-9178-c28df718cc22,"ABC de Métropole du Grand Paris","Métropole du Grand Paris","Etablissement public de coopération intercommunale (EPCI)",Chennevières-sur-Marne,94019,2017,Vrai,"En cours de réalisation",https://www.metropolegrandparis.fr/fr/atlas-de-la-biodiversite-metropolitaine-137
161b262e-a36b-444c-9178-c28df718cc22,"ABC de Métropole du Grand Paris","Métropole du Grand Paris","Etablissement public de coopération intercommunale (EPCI)",Chevilly-Larue,94021,2017,Vrai,"En cours de réalisation",https://www.metropolegrandparis.fr/fr/atlas-de-la-biodiversite-metropolitaine-137
161b262e-a36b-444c-9178-c28df718cc22,"ABC de Métropole du Grand Paris","Métropole du Grand Paris","Etablissement public de coopération intercommunale (EPCI)",Choisy-le-Roi,94022,2017,Vrai,"En cours de réalisation",https://www.metropolegrandparis.fr/fr/atlas-de-la-biodiversite-metropolitaine-137
161b262e-a36b-444c-9178-c28df718cc22,"ABC de Métropole du Grand Paris","Métropole du Grand Paris","Etablissement public de coopération intercommunale (EPCI)",Créteil,94028,2017,Vrai,"En cours de réalisation",https://www.metropolegrandparis.fr/fr/atlas-de-la-biodiversite-metropolitaine-137
161b262e-a36b-444c-9178-c28df718cc22,"ABC de Métropole du Grand Paris","Métropole du Grand Paris","Etablissement public de coopération intercommunale (EPCI)",Fontenay-sous-Bois,94033,2017,Vrai,"En cours de réalisation",https://www.metropolegrandparis.fr/fr/atlas-de-la-biodiversite-metropolitaine-137
161b262e-a36b-444c-9178-c28df718cc22,"ABC de Métropole du Grand Paris","Métropole du Grand Paris","Etablissement public de coopération intercommunale (EPCI)",Fresnes,94034,2017,Vrai,"En cours de réalisation",https://www.metropolegrandparis.fr/fr/atlas-de-la-biodiversite-metropolitaine-137
161b262e-a36b-444c-9178-c28df718cc22,"ABC de Métropole du Grand Paris","Métropole du Grand Paris","Etablissement public de coopération intercommunale (EPCI)",Gentilly,94037,2017,Vrai,"En cours de réalisation",https://www.metropolegrandparis.fr/fr/atlas-de-la-biodiversite-metropolitaine-137
161b262e-a36b-444c-9178-c28df718cc22,"ABC de Métropole du Grand Paris","Métropole du Grand Paris","Etablissement public de coopération intercommunale (EPCI)",L'Haÿ-les-Roses,94038,2017,Vrai,"En cours de réalisation",https://www.metropolegrandparis.fr/fr/atlas-de-la-biodiversite-metropolitaine-137
161b262e-a36b-444c-9178-c28df718cc22,"ABC de Métropole du Grand Paris","Métropole du Grand Paris","Etablissement public de coopération intercommunale (EPCI)",Ivry-sur-Seine,94041,2017,Vrai,"En cours de réalisation",https://www.metropolegrandparis.fr/fr/atlas-de-la-biodiversite-metropolitaine-137
161b262e-a36b-444c-9178-c28df718cc22,"ABC de Métropole du Grand Paris","Métropole du Grand Paris","Etablissement public de coopération intercommunale (EPCI)",Joinville-le-Pont,94042,2017,Vrai,"En cours de réalisation",https://www.metropolegrandparis.fr/fr/atlas-de-la-biodiversite-metropolitaine-137
161b262e-a36b-444c-9178-c28df718cc22,"ABC de Métropole du Grand Paris","Métropole du Grand Paris","Etablissement public de coopération intercommunale (EPCI)","Le Kremlin-Bicêtre",94043,2017,Vrai,"En cours de réalisation",https://www.metropolegrandparis.fr/fr/atlas-de-la-biodiversite-metropolitaine-137
161b262e-a36b-444c-9178-c28df718cc22,"ABC de Métropole du Grand Paris","Métropole du Grand Paris","Etablissement public de coopération intercommunale (EPCI)",Limeil-Brévannes,94044,2017,Vrai,"En cours de réalisation",https://www.metropolegrandparis.fr/fr/atlas-de-la-biodiversite-metropolitaine-137
161b262e-a36b-444c-9178-c28df718cc22,"ABC de Métropole du Grand Paris","Métropole du Grand Paris","Etablissement public de coopération intercommunale (EPCI)",Maisons-Alfort,94046,2017,Vrai,"En cours de réalisation",https://www.metropolegrandparis.fr/fr/atlas-de-la-biodiversite-metropolitaine-137
161b262e-a36b-444c-9178-c28df718cc22,"ABC de Métropole du Grand Paris","Métropole du Grand Paris","Etablissement public de coopération intercommunale (EPCI)",Mandres-les-Roses,94047,2017,Vrai,"En cours de réalisation",https://www.metropolegrandparis.fr/fr/atlas-de-la-biodiversite-metropolitaine-137
161b262e-a36b-444c-9178-c28df718cc22,"ABC de Métropole du Grand Paris","Métropole du Grand Paris","Etablissement public de coopération intercommunale (EPCI)",Marolles-en-Brie,94048,2017,Vrai,"En cours de réalisation",https://www.metropolegrandparis.fr/fr/atlas-de-la-biodiversite-metropolitaine-137
161b262e-a36b-444c-9178-c28df718cc22,"ABC de Métropole du Grand Paris","Métropole du Grand Paris","Etablissement public de coopération intercommunale (EPCI)",Nogent-sur-Marne,94052,2017,Vrai,"En cours de réalisation",https://www.metropolegrandparis.fr/fr/atlas-de-la-biodiversite-metropolitaine-137
161b262e-a36b-444c-9178-c28df718cc22,"ABC de Métropole du Grand Paris","Métropole du Grand Paris","Etablissement public de coopération intercommunale (EPCI)",Noiseau,94053,2017,Vrai,"En cours de réalisation",https://www.metropolegrandparis.fr/fr/atlas-de-la-biodiversite-metropolitaine-137
161b262e-a36b-444c-9178-c28df718cc22,"ABC de Métropole du Grand Paris","Métropole du Grand Paris","Etablissement public de coopération intercommunale (EPCI)",Orly,94054,2017,Vrai,"En cours de réalisation",https://www.metropolegrandparis.fr/fr/atlas-de-la-biodiversite-metropolitaine-137
161b262e-a36b-444c-9178-c28df718cc22,"ABC de Métropole du Grand Paris","Métropole du Grand Paris","Etablissement public de coopération intercommunale (EPCI)",Ormesson-sur-Marne,94055,2017,Vrai,"En cours de réalisation",https://www.metropolegrandparis.fr/fr/atlas-de-la-biodiversite-metropolitaine-137
161b262e-a36b-444c-9178-c28df718cc22,"ABC de Métropole du Grand Paris","Métropole du Grand Paris","Etablissement public de coopération intercommunale (EPCI)",Périgny,94056,2017,Vrai,"En cours de réalisation",https://www.metropolegrandparis.fr/fr/atlas-de-la-biodiversite-metropolitaine-137
161b262e-a36b-444c-9178-c28df718cc22,"ABC de Métropole du Grand Paris","Métropole du Grand Paris","Etablissement public de coopération intercommunale (EPCI)","Le Perreux-sur-Marne",94058,2017,Vrai,"En cours de réalisation",https://www.metropolegrandparis.fr/fr/atlas-de-la-biodiversite-metropolitaine-137
161b262e-a36b-444c-9178-c28df718cc22,"ABC de Métropole du Grand Paris","Métropole du Grand Paris","Etablissement public de coopération intercommunale (EPCI)","Le Plessis-Trévise",94059,2017,Vrai,"En cours de réalisation",https://www.metropolegrandparis.fr/fr/atlas-de-la-biodiversite-metropolitaine-137
161b262e-a36b-444c-9178-c28df718cc22,"ABC de Métropole du Grand Paris","Métropole du Grand Paris","Etablissement public de coopération intercommunale (EPCI)","La Queue-en-Brie",94060,2017,Vrai,"En cours de réalisation",https://www.metropolegrandparis.fr/fr/atlas-de-la-biodiversite-metropolitaine-137
161b262e-a36b-444c-9178-c28df718cc22,"ABC de Métropole du Grand Paris","Métropole du Grand Paris","Etablissement public de coopération intercommunale (EPCI)",Rungis,94065,2017,Vrai,"En cours de réalisation",https://www.metropolegrandparis.fr/fr/atlas-de-la-biodiversite-metropolitaine-137
161b262e-a36b-444c-9178-c28df718cc22,"ABC de Métropole du Grand Paris","Métropole du Grand Paris","Etablissement public de coopération intercommunale (EPCI)",Saint-Mandé,94067,2017,Vrai,"En cours de réalisation",https://www.metropolegrandparis.fr/fr/atlas-de-la-biodiversite-metropolitaine-137
161b262e-a36b-444c-9178-c28df718cc22,"ABC de Métropole du Grand Paris","Métropole du Grand Paris","Etablissement public de coopération intercommunale (EPCI)",Saint-Maur-des-Fossés,94068,2017,Vrai,"En cours de réalisation",https://www.metropolegrandparis.fr/fr/atlas-de-la-biodiversite-metropolitaine-137
161b262e-a36b-444c-9178-c28df718cc22,"ABC de Métropole du Grand Paris","Métropole du Grand Paris","Etablissement public de coopération intercommunale (EPCI)",Saint-Maurice,94069,2017,Vrai,"En cours de réalisation",https://www.metropolegrandparis.fr/fr/atlas-de-la-biodiversite-metropolitaine-137
161b262e-a36b-444c-9178-c28df718cc22,"ABC de Métropole du Grand Paris","Métropole du Grand Paris","Etablissement public de coopération intercommunale (EPCI)",Santeny,94070,2017,Vrai,"En cours de réalisation",https://www.metropolegrandparis.fr/fr/atlas-de-la-biodiversite-metropolitaine-137
161b262e-a36b-444c-9178-c28df718cc22,"ABC de Métropole du Grand Paris","Métropole du Grand Paris","Etablissement public de coopération intercommunale (EPCI)",Sucy-en-Brie,94071,2017,Vrai,"En cours de réalisation",https://www.metropolegrandparis.fr/fr/atlas-de-la-biodiversite-metropolitaine-137
161b262e-a36b-444c-9178-c28df718cc22,"ABC de Métropole du Grand Paris","Métropole du Grand Paris","Etablissement public de coopération intercommunale (EPCI)",Thiais,94073,2017,Vrai,"En cours de réalisation",https://www.metropolegrandparis.fr/fr/atlas-de-la-biodiversite-metropolitaine-137
161b262e-a36b-444c-9178-c28df718cc22,"ABC de Métropole du Grand Paris","Métropole du Grand Paris","Etablissement public de coopération intercommunale (EPCI)",Valenton,94074,2017,Vrai,"En cours de réalisation",https://www.metropolegrandparis.fr/fr/atlas-de-la-biodiversite-metropolitaine-137
161b262e-a36b-444c-9178-c28df718cc22,"ABC de Métropole du Grand Paris","Métropole du Grand Paris","Etablissement public de coopération intercommunale (EPCI)",Villecresnes,94075,2017,Vrai,"En cours de réalisation",https://www.metropolegrandparis.fr/fr/atlas-de-la-biodiversite-metropolitaine-137
161b262e-a36b-444c-9178-c28df718cc22,"ABC de Métropole du Grand Paris","Métropole du Grand Paris","Etablissement public de coopération intercommunale (EPCI)",Villejuif,94076,2017,Vrai,"En cours de réalisation",https://www.metropolegrandparis.fr/fr/atlas-de-la-biodiversite-metropolitaine-137
161b262e-a36b-444c-9178-c28df718cc22,"ABC de Métropole du Grand Paris","Métropole du Grand Paris","Etablissement public de coopération intercommunale (EPCI)",Villeneuve-le-Roi,94077,2017,Vrai,"En cours de réalisation",https://www.metropolegrandparis.fr/fr/atlas-de-la-biodiversite-metropolitaine-137
161b262e-a36b-444c-9178-c28df718cc22,"ABC de Métropole du Grand Paris","Métropole du Grand Paris","Etablissement public de coopération intercommunale (EPCI)",Villeneuve-Saint-Georges,94078,2017,Vrai,"En cours de réalisation",https://www.metropolegrandparis.fr/fr/atlas-de-la-biodiversite-metropolitaine-137
161b262e-a36b-444c-9178-c28df718cc22,"ABC de Métropole du Grand Paris","Métropole du Grand Paris","Etablissement public de coopération intercommunale (EPCI)",Villiers-sur-Marne,94079,2017,Vrai,"En cours de réalisation",https://www.metropolegrandparis.fr/fr/atlas-de-la-biodiversite-metropolitaine-137
161b262e-a36b-444c-9178-c28df718cc22,"ABC de Métropole du Grand Paris","Métropole du Grand Paris","Etablissement public de coopération intercommunale (EPCI)",Vincennes,94080,2017,Vrai,"En cours de réalisation",https://www.metropolegrandparis.fr/fr/atlas-de-la-biodiversite-metropolitaine-137
161b262e-a36b-444c-9178-c28df718cc22,"ABC de Métropole du Grand Paris","Métropole du Grand Paris","Etablissement public de coopération intercommunale (EPCI)",Vitry-sur-Seine,94081,2017,Vrai,"En cours de réalisation",https://www.metropolegrandparis.fr/fr/atlas-de-la-biodiversite-metropolitaine-137
161b262e-a36b-444c-9178-c28df718cc22,"ABC de Métropole du Grand Paris","Métropole du Grand Paris","Etablissement public de coopération intercommunale (EPCI)",Argenteuil,95018,2017,Vrai,"En cours de réalisation",https://www.metropolegrandparis.fr/fr/atlas-de-la-biodiversite-metropolitaine-137
5e0bb6ee-8731-465c-86a1-2cd71b707096,"ABC de Métropole Européenne de Lille","Métropole Européenne de Lille","Etablissement public de coopération intercommunale (EPCI)",Villeneuve-d'Ascq,59009,2018,Vrai,Fini,
5e0bb6ee-8731-465c-86a1-2cd71b707096,"ABC de Métropole Européenne de Lille","Métropole Européenne de Lille","Etablissement public de coopération intercommunale (EPCI)",Anstaing,59013,2018,Vrai,Fini,
5e0bb6ee-8731-465c-86a1-2cd71b707096,"ABC de Métropole Européenne de Lille","Métropole Européenne de Lille","Etablissement public de coopération intercommunale (EPCI)",Armentières,59017,2018,Vrai,Fini,
5e0bb6ee-8731-465c-86a1-2cd71b707096,"ABC de Métropole Européenne de Lille","Métropole Européenne de Lille","Etablissement public de coopération intercommunale (EPCI)",Aubers,59025,2018,Vrai,Fini,
5e0bb6ee-8731-465c-86a1-2cd71b707096,"ABC de Métropole Européenne de Lille","Métropole Européenne de Lille","Etablissement public de coopération intercommunale (EPCI)",Baisieux,59044,2018,Vrai,Fini,
5e0bb6ee-8731-465c-86a1-2cd71b707096,"ABC de Métropole Européenne de Lille","Métropole Européenne de Lille","Etablissement public de coopération intercommunale (EPCI)","La Bassée",59051,2018,Vrai,Fini,
5e0bb6ee-8731-465c-86a1-2cd71b707096,"ABC de Métropole Européenne de Lille","Métropole Européenne de Lille","Etablissement public de coopération intercommunale (EPCI)",Beaucamps-Ligny,59056,2018,Vrai,Fini,
5e0bb6ee-8731-465c-86a1-2cd71b707096,"ABC de Métropole Européenne de Lille","Métropole Européenne de Lille","Etablissement public de coopération intercommunale (EPCI)",Bois-Grenier,59088,2018,Vrai,Fini,
5e0bb6ee-8731-465c-86a1-2cd71b707096,"ABC de Métropole Européenne de Lille","Métropole Européenne de Lille","Etablissement public de coopération intercommunale (EPCI)",Bondues,59090,2018,Vrai,Fini,
5e0bb6ee-8731-465c-86a1-2cd71b707096,"ABC de Métropole Européenne de Lille","Métropole Européenne de Lille","Etablissement public de coopération intercommunale (EPCI)",Bousbecque,59098,2018,Vrai,Fini,
5e0bb6ee-8731-465c-86a1-2cd71b707096,"ABC de Métropole Européenne de Lille","Métropole Européenne de Lille","Etablissement public de coopération intercommunale (EPCI)",Bouvines,59106,2018,Vrai,Fini,
5e0bb6ee-8731-465c-86a1-2cd71b707096,"ABC de Métropole Européenne de Lille","Métropole Européenne de Lille","Etablissement public de coopération intercommunale (EPCI)",Capinghem,59128,2018,Vrai,Fini,
5e0bb6ee-8731-465c-86a1-2cd71b707096,"ABC de Métropole Européenne de Lille","Métropole Européenne de Lille","Etablissement public de coopération intercommunale (EPCI)","La Chapelle-d'Armentières",59143,2018,Vrai,Fini,
5e0bb6ee-8731-465c-86a1-2cd71b707096,"ABC de Métropole Européenne de Lille","Métropole Européenne de Lille","Etablissement public de coopération intercommunale (EPCI)",Chéreng,59146,2018,Vrai,Fini,
5e0bb6ee-8731-465c-86a1-2cd71b707096,"ABC de Métropole Européenne de Lille","Métropole Européenne de Lille","Etablissement public de coopération intercommunale (EPCI)",Comines,59152,2018,Vrai,Fini,
5e0bb6ee-8731-465c-86a1-2cd71b707096,"ABC de Métropole Européenne de Lille","Métropole Européenne de Lille","Etablissement public de coopération intercommunale (EPCI)",Croix,59163,2018,Vrai,Fini,
5e0bb6ee-8731-465c-86a1-2cd71b707096,"ABC de Métropole Européenne de Lille","Métropole Européenne de Lille","Etablissement public de coopération intercommunale (EPCI)",Deûlémont,59173,2018,Vrai,Fini,
5e0bb6ee-8731-465c-86a1-2cd71b707096,"ABC de Métropole Européenne de Lille","Métropole Européenne de Lille","Etablissement public de coopération intercommunale (EPCI)",Emmerin,59193,2018,Vrai,Fini,
5e0bb6ee-8731-465c-86a1-2cd71b707096,"ABC de Métropole Européenne de Lille","Métropole Européenne de Lille","Etablissement public de coopération intercommunale (EPCI)",Englos,59195,2018,Vrai,Fini,
5e0bb6ee-8731-465c-86a1-2cd71b707096,"ABC de Métropole Européenne de Lille","Métropole Européenne de Lille","Etablissement public de coopération intercommunale (EPCI)",Ennetières-en-Weppes,59196,2018,Vrai,Fini,
5e0bb6ee-8731-465c-86a1-2cd71b707096,"ABC de Métropole Européenne de Lille","Métropole Européenne de Lille","Etablissement public de coopération intercommunale (EPCI)",Erquinghem-le-Sec,59201,2018,Vrai,Fini,
5e0bb6ee-8731-465c-86a1-2cd71b707096,"ABC de Métropole Européenne de Lille","Métropole Européenne de Lille","Etablissement public de coopération intercommunale (EPCI)",Erquinghem-Lys,59202,2018,Vrai,Fini,
5e0bb6ee-8731-465c-86a1-2cd71b707096,"ABC de Métropole Européenne de Lille","Métropole Européenne de Lille","Etablissement public de coopération intercommunale (EPCI)",Escobecques,59208,2018,Vrai,Fini,
5e0bb6ee-8731-465c-86a1-2cd71b707096,"ABC de Métropole Européenne de Lille","Métropole Européenne de Lille","Etablissement public de coopération intercommunale (EPCI)",Faches-Thumesnil,59220,2018,Vrai,Fini,
5e0bb6ee-8731-465c-86a1-2cd71b707096,"ABC de Métropole Européenne de Lille","Métropole Européenne de Lille","Etablissement public de coopération intercommunale (EPCI)",Forest-sur-Marque,59247,2018,Vrai,Fini,
5e0bb6ee-8731-465c-86a1-2cd71b707096,"ABC de Métropole Européenne de Lille","Métropole Européenne de Lille","Etablissement public de coopération intercommunale (EPCI)",Fournes-en-Weppes,59250,2018,Vrai,Fini,
5e0bb6ee-8731-465c-86a1-2cd71b707096,"ABC de Métropole Européenne de Lille","Métropole Européenne de Lille","Etablissement public de coopération intercommunale (EPCI)",Frelinghien,59252,2018,Vrai,Fini,
5e0bb6ee-8731-465c-86a1-2cd71b707096,"ABC de Métropole Européenne de Lille","Métropole Européenne de Lille","Etablissement public de coopération intercommunale (EPCI)",Fretin,59256,2018,Vrai,Fini,
5e0bb6ee-8731-465c-86a1-2cd71b707096,"ABC de Métropole Européenne de Lille","Métropole Européenne de Lille","Etablissement public de coopération intercommunale (EPCI)",Fromelles,59257,2018,Vrai,Fini,
5e0bb6ee-8731-465c-86a1-2cd71b707096,"ABC de Métropole Européenne de Lille","Métropole Européenne de Lille","Etablissement public de coopération intercommunale (EPCI)",Gruson,59275,2018,Vrai,Fini,
5e0bb6ee-8731-465c-86a1-2cd71b707096,"ABC de Métropole Européenne de Lille","Métropole Européenne de Lille","Etablissement public de coopération intercommunale (EPCI)",Hallennes-lez-Haubourdin,59278,2018,Vrai,Fini,
5e0bb6ee-8731-465c-86a1-2cd71b707096,"ABC de Métropole Européenne de Lille","Métropole Européenne de Lille","Etablissement public de coopération intercommunale (EPCI)",Halluin,59279,2018,Vrai,Fini,
5e0bb6ee-8731-465c-86a1-2cd71b707096,"ABC de Métropole Européenne de Lille","Métropole Européenne de Lille","Etablissement public de coopération intercommunale (EPCI)",Hantay,59281,2018,Vrai,Fini,
5e0bb6ee-8731-465c-86a1-2cd71b707096,"ABC de Métropole Européenne de Lille","Métropole Européenne de Lille","Etablissement public de coopération intercommunale (EPCI)",Haubourdin,59286,2018,Vrai,Fini,
5e0bb6ee-8731-465c-86a1-2cd71b707096,"ABC de Métropole Européenne de Lille","Métropole Européenne de Lille","Etablissement public de coopération intercommunale (EPCI)",Hem,59299,2018,Vrai,Fini,
5e0bb6ee-8731-465c-86a1-2cd71b707096,"ABC de Métropole Européenne de Lille","Métropole Européenne de Lille","Etablissement public de coopération intercommunale (EPCI)",Herlies,59303,2018,Vrai,Fini,
5e0bb6ee-8731-465c-86a1-2cd71b707096,"ABC de Métropole Européenne de Lille","Métropole Européenne de Lille","Etablissement public de coopération intercommunale (EPCI)",Houplin-Ancoisne,59316,2018,Vrai,Fini,
5e0bb6ee-8731-465c-86a1-2cd71b707096,"ABC de Métropole Européenne de Lille","Métropole Européenne de Lille","Etablissement public de coopération intercommunale (EPCI)",Houplines,59317,2018,Vrai,Fini,
5e0bb6ee-8731-465c-86a1-2cd71b707096,"ABC de Métropole Européenne de Lille","Métropole Européenne de Lille","Etablissement public de coopération intercommunale (EPCI)",Illies,59320,2018,Vrai,Fini,
5e0bb6ee-8731-465c-86a1-2cd71b707096,"ABC de Métropole Européenne de Lille","Métropole Européenne de Lille","Etablissement public de coopération intercommunale (EPCI)",Lambersart,59328,2018,Vrai,Fini,
5e0bb6ee-8731-465c-86a1-2cd71b707096,"ABC de Métropole Européenne de Lille","Métropole Européenne de Lille","Etablissement public de coopération intercommunale (EPCI)",Lannoy,59332,2018,Vrai,Fini,
5e0bb6ee-8731-465c-86a1-2cd71b707096,"ABC de Métropole Européenne de Lille","Métropole Européenne de Lille","Etablissement public de coopération intercommunale (EPCI)",Leers,59339,2018,Vrai,Fini,
5e0bb6ee-8731-465c-86a1-2cd71b707096,"ABC de Métropole Européenne de Lille","Métropole Européenne de Lille","Etablissement public de coopération intercommunale (EPCI)",Lesquin,59343,2018,Vrai,Fini,
5e0bb6ee-8731-465c-86a1-2cd71b707096,"ABC de Métropole Européenne de Lille","Métropole Européenne de Lille","Etablissement public de coopération intercommunale (EPCI)",Lezennes,59346,2018,Vrai,Fini,
5e0bb6ee-8731-465c-86a1-2cd71b707096,"ABC de Métropole Européenne de Lille","Métropole Européenne de Lille","Etablissement public de coopération intercommunale (EPCI)",Lille,59350,2018,Vrai,Fini,
5e0bb6ee-8731-465c-86a1-2cd71b707096,"ABC de Métropole Européenne de Lille","Métropole Européenne de Lille","Etablissement public de coopération intercommunale (EPCI)",Linselles,59352,2018,Vrai,Fini,
5e0bb6ee-8731-465c-86a1-2cd71b707096,"ABC de Métropole Européenne de Lille","Métropole Européenne de Lille","Etablissement public de coopération intercommunale (EPCI)",Lompret,59356,2018,Vrai,Fini,
5e0bb6ee-8731-465c-86a1-2cd71b707096,"ABC de Métropole Européenne de Lille","Métropole Européenne de Lille","Etablissement public de coopération intercommunale (EPCI)",Loos,59360,2018,Vrai,Fini,
5e0bb6ee-8731-465c-86a1-2cd71b707096,"ABC de Métropole Européenne de Lille","Métropole Européenne de Lille","Etablissement public de coopération intercommunale (EPCI)",Lys-lez-Lannoy,59367,2018,Vrai,Fini,
5e0bb6ee-8731-465c-86a1-2cd71b707096,"ABC de Métropole Européenne de Lille","Métropole Européenne de Lille","Etablissement public de coopération intercommunale (EPCI)","La Madeleine",59368,2018,Vrai,Fini,
5e0bb6ee-8731-465c-86a1-2cd71b707096,"ABC de Métropole Européenne de Lille","Métropole Européenne de Lille","Etablissement public de coopération intercommunale (EPCI)","Le Maisnil",59371,2018,Vrai,Fini,
5e0bb6ee-8731-465c-86a1-2cd71b707096,"ABC de Métropole Européenne de Lille","Métropole Européenne de Lille","Etablissement public de coopération intercommunale (EPCI)",Marcq-en-Bar½ul,59378,2018,Vrai,Fini,
5e0bb6ee-8731-465c-86a1-2cd71b707096,"ABC de Métropole Européenne de Lille","Métropole Européenne de Lille","Etablissement public de coopération intercommunale (EPCI)",Marquette-lez-Lille,59386,2018,Vrai,Fini,
5e0bb6ee-8731-465c-86a1-2cd71b707096,"ABC de Métropole Européenne de Lille","Métropole Européenne de Lille","Etablissement public de coopération intercommunale (EPCI)",Marquillies,59388,2018,Vrai,Fini,
5e0bb6ee-8731-465c-86a1-2cd71b707096,"ABC de Métropole Européenne de Lille","Métropole Européenne de Lille","Etablissement public de coopération intercommunale (EPCI)",Mons-en-Bar½ul,59410,2018,Vrai,Fini,
5e0bb6ee-8731-465c-86a1-2cd71b707096,"ABC de Métropole Européenne de Lille","Métropole Européenne de Lille","Etablissement public de coopération intercommunale (EPCI)",Mouvaux,59421,2018,Vrai,Fini,
5e0bb6ee-8731-465c-86a1-2cd71b707096,"ABC de Métropole Européenne de Lille","Métropole Européenne de Lille","Etablissement public de coopération intercommunale (EPCI)",Neuville-en-Ferrain,59426,2018,Vrai,Fini,
5e0bb6ee-8731-465c-86a1-2cd71b707096,"ABC de Métropole Européenne de Lille","Métropole Européenne de Lille","Etablissement public de coopération intercommunale (EPCI)",Noyelles-lès-Seclin,59437,2018,Vrai,Fini,
5e0bb6ee-8731-465c-86a1-2cd71b707096,"ABC de Métropole Européenne de Lille","Métropole Européenne de Lille","Etablissement public de coopération intercommunale (EPCI)",Pérenchies,59457,2018,Vrai,Fini,
5e0bb6ee-8731-465c-86a1-2cd71b707096,"ABC de Métropole Européenne de Lille","Métropole Européenne de Lille","Etablissement public de coopération intercommunale (EPCI)",Péronne-en-Mélantois,59458,2018,Vrai,Fini,
5e0bb6ee-8731-465c-86a1-2cd71b707096,"ABC de Métropole Européenne de Lille","Métropole Européenne de Lille","Etablissement public de coopération intercommunale (EPCI)",Prémesques,59470,2018,Vrai,Fini,
5e0bb6ee-8731-465c-86a1-2cd71b707096,"ABC de Métropole Européenne de Lille","Métropole Européenne de Lille","Etablissement public de coopération intercommunale (EPCI)",Quesnoy-sur-Deûle,59482,2018,Vrai,Fini,
5e0bb6ee-8731-465c-86a1-2cd71b707096,"ABC de Métropole Européenne de Lille","Métropole Européenne de Lille","Etablissement public de coopération intercommunale (EPCI)",Radinghem-en-Weppes,59487,2018,Vrai,Fini,
5e0bb6ee-8731-465c-86a1-2cd71b707096,"ABC de Métropole Européenne de Lille","Métropole Européenne de Lille","Etablissement public de coopération intercommunale (EPCI)",Ronchin,59507,2018,Vrai,Fini,
5e0bb6ee-8731-465c-86a1-2cd71b707096,"ABC de Métropole Européenne de Lille","Métropole Européenne de Lille","Etablissement public de coopération intercommunale (EPCI)",Roncq,59508,2018,Vrai,Fini,
5e0bb6ee-8731-465c-86a1-2cd71b707096,"ABC de Métropole Européenne de Lille","Métropole Européenne de Lille","Etablissement public de coopération intercommunale (EPCI)",Roubaix,59512,2018,Vrai,Fini,
5e0bb6ee-8731-465c-86a1-2cd71b707096,"ABC de Métropole Européenne de Lille","Métropole Européenne de Lille","Etablissement public de coopération intercommunale (EPCI)",Sailly-lez-Lannoy,59522,2018,Vrai,Fini,
5e0bb6ee-8731-465c-86a1-2cd71b707096,"ABC de Métropole Européenne de Lille","Métropole Européenne de Lille","Etablissement public de coopération intercommunale (EPCI)",Sainghin-en-Mélantois,59523,2018,Vrai,Fini,
5e0bb6ee-8731-465c-86a1-2cd71b707096,"ABC de Métropole Européenne de Lille","Métropole Européenne de Lille","Etablissement public de coopération intercommunale (EPCI)",Sainghin-en-Weppes,59524,2018,Vrai,Fini,
5e0bb6ee-8731-465c-86a1-2cd71b707096,"ABC de Métropole Européenne de Lille","Métropole Européenne de Lille","Etablissement public de coopération intercommunale (EPCI)",Saint-André-lez-Lille,59527,2018,Vrai,Fini,
5e0bb6ee-8731-465c-86a1-2cd71b707096,"ABC de Métropole Européenne de Lille","Métropole Européenne de Lille","Etablissement public de coopération intercommunale (EPCI)",Salomé,59550,2018,Vrai,Fini,
5e0bb6ee-8731-465c-86a1-2cd71b707096,"ABC de Métropole Européenne de Lille","Métropole Européenne de Lille","Etablissement public de coopération intercommunale (EPCI)",Santes,59553,2018,Vrai,Fini,
5e0bb6ee-8731-465c-86a1-2cd71b707096,"ABC de Métropole Européenne de Lille","Métropole Européenne de Lille","Etablissement public de coopération intercommunale (EPCI)",Seclin,59560,2018,Vrai,Fini,
5e0bb6ee-8731-465c-86a1-2cd71b707096,"ABC de Métropole Européenne de Lille","Métropole Européenne de Lille","Etablissement public de coopération intercommunale (EPCI)",Sequedin,59566,2018,Vrai,Fini,
5e0bb6ee-8731-465c-86a1-2cd71b707096,"ABC de Métropole Européenne de Lille","Métropole Européenne de Lille","Etablissement public de coopération intercommunale (EPCI)",Templemars,59585,2018,Vrai,Fini,
5e0bb6ee-8731-465c-86a1-2cd71b707096,"ABC de Métropole Européenne de Lille","Métropole Européenne de Lille","Etablissement public de coopération intercommunale (EPCI)",Toufflers,59598,2018,Vrai,Fini,
5e0bb6ee-8731-465c-86a1-2cd71b707096,"ABC de Métropole Européenne de Lille","Métropole Européenne de Lille","Etablissement public de coopération intercommunale (EPCI)",Tourcoing,59599,2018,Vrai,Fini,
5e0bb6ee-8731-465c-86a1-2cd71b707096,"ABC de Métropole Européenne de Lille","Métropole Européenne de Lille","Etablissement public de coopération intercommunale (EPCI)",Tressin,59602,2018,Vrai,Fini,
5e0bb6ee-8731-465c-86a1-2cd71b707096,"ABC de Métropole Européenne de Lille","Métropole Européenne de Lille","Etablissement public de coopération intercommunale (EPCI)",Vendeville,59609,2018,Vrai,Fini,
5e0bb6ee-8731-465c-86a1-2cd71b707096,"ABC de Métropole Européenne de Lille","Métropole Européenne de Lille","Etablissement public de coopération intercommunale (EPCI)",Verlinghem,59611,2018,Vrai,Fini,
5e0bb6ee-8731-465c-86a1-2cd71b707096,"ABC de Métropole Européenne de Lille","Métropole Européenne de Lille","Etablissement public de coopération intercommunale (EPCI)",Wambrechies,59636,2018,Vrai,Fini,
5e0bb6ee-8731-465c-86a1-2cd71b707096,"ABC de Métropole Européenne de Lille","Métropole Européenne de Lille","Etablissement public de coopération intercommunale (EPCI)",Warneton,59643,2018,Vrai,Fini,
5e0bb6ee-8731-465c-86a1-2cd71b707096,"ABC de Métropole Européenne de Lille","Métropole Européenne de Lille","Etablissement public de coopération intercommunale (EPCI)",Wasquehal,59646,2018,Vrai,Fini,
5e0bb6ee-8731-465c-86a1-2cd71b707096,"ABC de Métropole Européenne de Lille","Métropole Européenne de Lille","Etablissement public de coopération intercommunale (EPCI)",Wattignies,59648,2018,Vrai,Fini,
5e0bb6ee-8731-465c-86a1-2cd71b707096,"ABC de Métropole Européenne de Lille","Métropole Européenne de Lille","Etablissement public de coopération intercommunale (EPCI)",Wattrelos,59650,2018,Vrai,Fini,
5e0bb6ee-8731-465c-86a1-2cd71b707096,"ABC de Métropole Européenne de Lille","Métropole Européenne de Lille","Etablissement public de coopération intercommunale (EPCI)",Wavrin,59653,2018,Vrai,Fini,
5e0bb6ee-8731-465c-86a1-2cd71b707096,"ABC de Métropole Européenne de Lille","Métropole Européenne de Lille","Etablissement public de coopération intercommunale (EPCI)",Wervicq-Sud,59656,2018,Vrai,Fini,
5e0bb6ee-8731-465c-86a1-2cd71b707096,"ABC de Métropole Européenne de Lille","Métropole Européenne de Lille","Etablissement public de coopération intercommunale (EPCI)",Wicres,59658,2018,Vrai,Fini,
5e0bb6ee-8731-465c-86a1-2cd71b707096,"ABC de Métropole Européenne de Lille","Métropole Européenne de Lille","Etablissement public de coopération intercommunale (EPCI)",Willems,59660,2018,Vrai,Fini,
5e0bb6ee-8731-465c-86a1-2cd71b707096,"ABC de Métropole Européenne de Lille","Métropole Européenne de Lille","Etablissement public de coopération intercommunale (EPCI)",Don,59670,2018,Vrai,Fini,
097c1300-8274-4f84-a355-c5eecc48e564,"ABC de Meylan",Meylan,Commune,Meylan,38229,2019,Faux,"En cours de réalisation",https://www.meylan.fr/169-atlas-de-la-biodiversite.htm
5e7ef2cf-42f9-4a20-85a9-790c8fb7a890,"ABC de Molain",Molain,Commune,Molain,02488,2010,Faux,Inconnu,
13fd5e1f-333c-4e2b-985d-259edc0180e5,"ABC de Moltifao",Moltifao,Commune,Moltifao,2B162,2011,Faux,Fini,
e6bf9c20-23bd-474f-a27f-d958eb48edf7,"ABC de Moncale",Moncale,Commune,Moncale,2B165,2012,Faux,Inconnu,
9df722ee-dcf3-4d7d-ba0c-a402d75dc6c5,"ABC de Mondeville",Mondeville,Commune,Mondeville,14437,2020,Vrai,"En cours de réalisation",https://www.mondeville.fr/changer/vegetalisons-la-ville/abc-biodiversite/
12273137-a401-498e-90b0-f7e124b0377b,"ABC de Monnaie",Monnaie,Commune,Monnaie,37153,2021,Faux,"En cours de réalisation",
29815f66-998e-472c-ba2e-8f2645f62f46,"ABC de Mont-l'Étroit",Mont-l'Étroit,Commune,Mont-l'Étroit,54379,2010,Faux,Inconnu,
305c5ab0-a70a-45a5-a01b-bb42480ee6e5,"ABC de Mont-le-Vignoble",Mont-le-Vignoble,Commune,Mont-le-Vignoble,54380,2010,Faux,Inconnu,
706734b8-fb78-4fe0-bf63-4147602b6258,"ABC de Montceaux-Ragny",Montceaux-Ragny,Commune,Montceaux-Ragny,71308,2010,Faux,Inconnu,
bf589d1c-fc58-40d0-872e-c8e4a77f007b,"ABC de Montegrosso",Montegrosso,Commune,Montegrosso,2B167,2012,Faux,Inconnu,
b4082133-da7a-4ac1-b4af-c7ce4235b497,"ABC de Montesquieu","CC de Montesquieu","Etablissement public de coopération intercommunale (EPCI)",Ayguemorte-les-Graves,33023,2017,Vrai,Fini,
b4082133-da7a-4ac1-b4af-c7ce4235b497,"ABC de Montesquieu","CC de Montesquieu","Etablissement public de coopération intercommunale (EPCI)",Beautiran,33037,2017,Vrai,Fini,
b4082133-da7a-4ac1-b4af-c7ce4235b497,"ABC de Montesquieu","CC de Montesquieu","Etablissement public de coopération intercommunale (EPCI)",Cabanac-et-Villagrains,33077,2017,Vrai,Fini,
b4082133-da7a-4ac1-b4af-c7ce4235b497,"ABC de Montesquieu","CC de Montesquieu","Etablissement public de coopération intercommunale (EPCI)",Cadaujac,33080,2017,Vrai,Fini,
b4082133-da7a-4ac1-b4af-c7ce4235b497,"ABC de Montesquieu","CC de Montesquieu","Etablissement public de coopération intercommunale (EPCI)",Castres-Gironde,33109,2017,Vrai,Fini,
b4082133-da7a-4ac1-b4af-c7ce4235b497,"ABC de Montesquieu","CC de Montesquieu","Etablissement public de coopération intercommunale (EPCI)",Isle-Saint-Georges,33206,2017,Vrai,Fini,
b4082133-da7a-4ac1-b4af-c7ce4235b497,"ABC de Montesquieu","CC de Montesquieu","Etablissement public de coopération intercommunale (EPCI)","La Brède",33213,2017,Vrai,Fini,
b4082133-da7a-4ac1-b4af-c7ce4235b497,"ABC de Montesquieu","CC de Montesquieu","Etablissement public de coopération intercommunale (EPCI)",Léognan,33238,2017,Vrai,Fini,
b4082133-da7a-4ac1-b4af-c7ce4235b497,"ABC de Montesquieu","CC de Montesquieu","Etablissement public de coopération intercommunale (EPCI)",Martillac,33274,2017,Vrai,Fini,
b4082133-da7a-4ac1-b4af-c7ce4235b497,"ABC de Montesquieu","CC de Montesquieu","Etablissement public de coopération intercommunale (EPCI)",Saint-Médard-d'Eyrans,33448,2017,Vrai,Fini,
b4082133-da7a-4ac1-b4af-c7ce4235b497,"ABC de Montesquieu","CC de Montesquieu","Etablissement public de coopération intercommunale (EPCI)",Saint-Morillon,33454,2017,Vrai,Fini,
b4082133-da7a-4ac1-b4af-c7ce4235b497,"ABC de Montesquieu","CC de Montesquieu","Etablissement public de coopération intercommunale (EPCI)",Saint-Selve,33474,2017,Vrai,Fini,
b4082133-da7a-4ac1-b4af-c7ce4235b497,"ABC de Montesquieu","CC de Montesquieu","Etablissement public de coopération intercommunale (EPCI)",Saucats,33501,2017,Vrai,Fini,
72f91add-f627-4861-8788-9c432acb6b3d,"ABC de Monticello",Monticello,Commune,Monticello,2B168,2012,Faux,Inconnu,
6d713ffc-1efc-465a-82d9-463aad6ef755,"ABC de Montivilliers",Montivilliers,Commune,Montivilliers,76447,2021,Vrai,"En cours de réalisation",https://www.ville-montivilliers.fr/publication/mon-guide-de-latlas-de-la-biodiversite-communale/
2f57fd40-cad2-43fb-bbd6-70a4ee05831b,"ABC de Montmorillon",Montmorillon,Commune,Montmorillon,86165,2021,Vrai,"En cours de réalisation",
81c2ee4a-4389-45c8-8f4f-42dd71f8ca96,"ABC de Morancez","CA Chartres Métropole","Etablissement public de coopération intercommunale (EPCI)",Morancez,28269,2022,Faux,"Non commencé",
7b4513da-8861-41c3-a1ae-762a2f2e8218,"ABC de Morcourt",Morcourt,Commune,Morcourt,02525,2012,Faux,Inconnu,
bf1ef259-ed67-42cc-8c47-0ab37bf3bfaf,"ABC de Moret-Loing-et-Orvanne",Moret-Loing-et-Orvanne,Commune,Moret-Loing-et-Orvanne,77316,2021,Vrai,"En cours de réalisation",https://www.vosinfos.fr/events/presentation-de-latlas-de-la-biodiversite-communale-de-moret-loing-e…
15e79ee7-b3d2-4924-89df-be4a342060ef,"ABC de Morne-à-l'Eau","Morne-à-l'Eau Parc national de la Guadeloupe","Parc national",Morne-à-l'Eau,97116,,Faux,"En cours de réalisation",
565fe9ce-1cc6-4588-b545-faec48af70e6,"ABC de Mouans-Sartoux",Mouans-Sartoux,Commune,Mouans-Sartoux,06084,2019,Vrai,Fini,https://www.atlasbiodiversite-mouans-sartoux.fr
7e2c51f0-201c-4610-8da5-3797cdbd2c95,"ABC de Mourjou",Puycapel,Commune,Puycapel,15027,2011,Faux,Fini,https://puycapel.fr/index.php/documents/atlas-de-la-biodiversite-mourjou/
ed31ee2a-bcbf-4fa1-bf0a-27b0a3fb3f32,"ABC de Moutrot",Moutrot,Commune,Moutrot,54392,2010,Faux,Inconnu,
25eaad45-e035-462f-a948-05fa9777a70c,"ABC de Mulhouse Alsace Agglomération","CA Mulhouse Alsace Agglomération","Etablissement public de coopération intercommunale (EPCI)",Baldersheim,68015,2017,Vrai,"En cours de réalisation",
25eaad45-e035-462f-a948-05fa9777a70c,"ABC de Mulhouse Alsace Agglomération","CA Mulhouse Alsace Agglomération","Etablissement public de coopération intercommunale (EPCI)",Bantzenheim,68020,2017,Vrai,"En cours de réalisation",
25eaad45-e035-462f-a948-05fa9777a70c,"ABC de Mulhouse Alsace Agglomération","CA Mulhouse Alsace Agglomération","Etablissement public de coopération intercommunale (EPCI)",Battenheim,68022,2017,Vrai,"En cours de réalisation",
25eaad45-e035-462f-a948-05fa9777a70c,"ABC de Mulhouse Alsace Agglomération","CA Mulhouse Alsace Agglomération","Etablissement public de coopération intercommunale (EPCI)",Berrwiller,68032,2017,Vrai,"En cours de réalisation",
25eaad45-e035-462f-a948-05fa9777a70c,"ABC de Mulhouse Alsace Agglomération","CA Mulhouse Alsace Agglomération","Etablissement public de coopération intercommunale (EPCI)",Bollwiller,68043,2017,Vrai,"En cours de réalisation",
25eaad45-e035-462f-a948-05fa9777a70c,"ABC de Mulhouse Alsace Agglomération","CA Mulhouse Alsace Agglomération","Etablissement public de coopération intercommunale (EPCI)",Bruebach,68055,2017,Vrai,"En cours de réalisation",
25eaad45-e035-462f-a948-05fa9777a70c,"ABC de Mulhouse Alsace Agglomération","CA Mulhouse Alsace Agglomération","Etablissement public de coopération intercommunale (EPCI)",Brunstatt-Didenheim,68056,2017,Vrai,"En cours de réalisation",
25eaad45-e035-462f-a948-05fa9777a70c,"ABC de Mulhouse Alsace Agglomération","CA Mulhouse Alsace Agglomération","Etablissement public de coopération intercommunale (EPCI)",Chalampé,68064,2017,Vrai,"En cours de réalisation",
25eaad45-e035-462f-a948-05fa9777a70c,"ABC de Mulhouse Alsace Agglomération","CA Mulhouse Alsace Agglomération","Etablissement public de coopération intercommunale (EPCI)",Dietwiller,68072,2017,Vrai,"En cours de réalisation",
25eaad45-e035-462f-a948-05fa9777a70c,"ABC de Mulhouse Alsace Agglomération","CA Mulhouse Alsace Agglomération","Etablissement public de coopération intercommunale (EPCI)",Eschentzwiller,68084,2017,Vrai,"En cours de réalisation",
25eaad45-e035-462f-a948-05fa9777a70c,"ABC de Mulhouse Alsace Agglomération","CA Mulhouse Alsace Agglomération","Etablissement public de coopération intercommunale (EPCI)",Feldkirch,68088,2017,Vrai,"En cours de réalisation",
25eaad45-e035-462f-a948-05fa9777a70c,"ABC de Mulhouse Alsace Agglomération","CA Mulhouse Alsace Agglomération","Etablissement public de coopération intercommunale (EPCI)",Flaxlanden,68093,2017,Vrai,"En cours de réalisation",
25eaad45-e035-462f-a948-05fa9777a70c,"ABC de Mulhouse Alsace Agglomération","CA Mulhouse Alsace Agglomération","Etablissement public de coopération intercommunale (EPCI)",Galfingue,68101,2017,Vrai,"En cours de réalisation",
25eaad45-e035-462f-a948-05fa9777a70c,"ABC de Mulhouse Alsace Agglomération","CA Mulhouse Alsace Agglomération","Etablissement public de coopération intercommunale (EPCI)",Habsheim,68118,2017,Vrai,"En cours de réalisation",
25eaad45-e035-462f-a948-05fa9777a70c,"ABC de Mulhouse Alsace Agglomération","CA Mulhouse Alsace Agglomération","Etablissement public de coopération intercommunale (EPCI)",Heimsbrunn,68129,2017,Vrai,"En cours de réalisation",
25eaad45-e035-462f-a948-05fa9777a70c,"ABC de Mulhouse Alsace Agglomération","CA Mulhouse Alsace Agglomération","Etablissement public de coopération intercommunale (EPCI)",Hombourg,68144,2017,Vrai,"En cours de réalisation",
25eaad45-e035-462f-a948-05fa9777a70c,"ABC de Mulhouse Alsace Agglomération","CA Mulhouse Alsace Agglomération","Etablissement public de coopération intercommunale (EPCI)",Illzach,68154,2017,Vrai,"En cours de réalisation",
25eaad45-e035-462f-a948-05fa9777a70c,"ABC de Mulhouse Alsace Agglomération","CA Mulhouse Alsace Agglomération","Etablissement public de coopération intercommunale (EPCI)",Kingersheim,68166,2017,Vrai,"En cours de réalisation",
25eaad45-e035-462f-a948-05fa9777a70c,"ABC de Mulhouse Alsace Agglomération","CA Mulhouse Alsace Agglomération","Etablissement public de coopération intercommunale (EPCI)",Lutterbach,68195,2017,Vrai,"En cours de réalisation",
25eaad45-e035-462f-a948-05fa9777a70c,"ABC de Mulhouse Alsace Agglomération","CA Mulhouse Alsace Agglomération","Etablissement public de coopération intercommunale (EPCI)",Morschwiller-le-Bas,68218,2017,Vrai,"En cours de réalisation",
25eaad45-e035-462f-a948-05fa9777a70c,"ABC de Mulhouse Alsace Agglomération","CA Mulhouse Alsace Agglomération","Etablissement public de coopération intercommunale (EPCI)",Mulhouse,68224,2017,Vrai,"En cours de réalisation",
25eaad45-e035-462f-a948-05fa9777a70c,"ABC de Mulhouse Alsace Agglomération","CA Mulhouse Alsace Agglomération","Etablissement public de coopération intercommunale (EPCI)",Niffer,68238,2017,Vrai,"En cours de réalisation",
25eaad45-e035-462f-a948-05fa9777a70c,"ABC de Mulhouse Alsace Agglomération","CA Mulhouse Alsace Agglomération","Etablissement public de coopération intercommunale (EPCI)",Ottmarsheim,68253,2017,Vrai,"En cours de réalisation",
25eaad45-e035-462f-a948-05fa9777a70c,"ABC de Mulhouse Alsace Agglomération","CA Mulhouse Alsace Agglomération","Etablissement public de coopération intercommunale (EPCI)",Petit-Landau,68254,2017,Vrai,"En cours de réalisation",
25eaad45-e035-462f-a948-05fa9777a70c,"ABC de Mulhouse Alsace Agglomération","CA Mulhouse Alsace Agglomération","Etablissement public de coopération intercommunale (EPCI)",Pfastatt,68256,2017,Vrai,"En cours de réalisation",
25eaad45-e035-462f-a948-05fa9777a70c,"ABC de Mulhouse Alsace Agglomération","CA Mulhouse Alsace Agglomération","Etablissement public de coopération intercommunale (EPCI)",Pulversheim,68258,2017,Vrai,"En cours de réalisation",
25eaad45-e035-462f-a948-05fa9777a70c,"ABC de Mulhouse Alsace Agglomération","CA Mulhouse Alsace Agglomération","Etablissement public de coopération intercommunale (EPCI)",Reiningue,68267,2017,Vrai,"En cours de réalisation",
25eaad45-e035-462f-a948-05fa9777a70c,"ABC de Mulhouse Alsace Agglomération","CA Mulhouse Alsace Agglomération","Etablissement public de coopération intercommunale (EPCI)",Richwiller,68270,2017,Vrai,"En cours de réalisation",
25eaad45-e035-462f-a948-05fa9777a70c,"ABC de Mulhouse Alsace Agglomération","CA Mulhouse Alsace Agglomération","Etablissement public de coopération intercommunale (EPCI)",Riedisheim,68271,2017,Vrai,"En cours de réalisation",
25eaad45-e035-462f-a948-05fa9777a70c,"ABC de Mulhouse Alsace Agglomération","CA Mulhouse Alsace Agglomération","Etablissement public de coopération intercommunale (EPCI)",Rixheim,68278,2017,Vrai,"En cours de réalisation",
25eaad45-e035-462f-a948-05fa9777a70c,"ABC de Mulhouse Alsace Agglomération","CA Mulhouse Alsace Agglomération","Etablissement public de coopération intercommunale (EPCI)",Ruelisheim,68289,2017,Vrai,"En cours de réalisation",
25eaad45-e035-462f-a948-05fa9777a70c,"ABC de Mulhouse Alsace Agglomération","CA Mulhouse Alsace Agglomération","Etablissement public de coopération intercommunale (EPCI)",Sausheim,68300,2017,Vrai,"En cours de réalisation",
25eaad45-e035-462f-a948-05fa9777a70c,"ABC de Mulhouse Alsace Agglomération","CA Mulhouse Alsace Agglomération","Etablissement public de coopération intercommunale (EPCI)",Staffelfelden,68321,2017,Vrai,"En cours de réalisation",
25eaad45-e035-462f-a948-05fa9777a70c,"ABC de Mulhouse Alsace Agglomération","CA Mulhouse Alsace Agglomération","Etablissement public de coopération intercommunale (EPCI)",Steinbrunn-le-Bas,68323,2017,Vrai,"En cours de réalisation",
25eaad45-e035-462f-a948-05fa9777a70c,"ABC de Mulhouse Alsace Agglomération","CA Mulhouse Alsace Agglomération","Etablissement public de coopération intercommunale (EPCI)",Ungersheim,68343,2017,Vrai,"En cours de réalisation",
25eaad45-e035-462f-a948-05fa9777a70c,"ABC de Mulhouse Alsace Agglomération","CA Mulhouse Alsace Agglomération","Etablissement public de coopération intercommunale (EPCI)",Wittelsheim,68375,2017,Vrai,"En cours de réalisation",
25eaad45-e035-462f-a948-05fa9777a70c,"ABC de Mulhouse Alsace Agglomération","CA Mulhouse Alsace Agglomération","Etablissement public de coopération intercommunale (EPCI)",Wittenheim,68376,2017,Vrai,"En cours de réalisation",
25eaad45-e035-462f-a948-05fa9777a70c,"ABC de Mulhouse Alsace Agglomération","CA Mulhouse Alsace Agglomération","Etablissement public de coopération intercommunale (EPCI)",Zillisheim,68384,2017,Vrai,"En cours de réalisation",
25eaad45-e035-462f-a948-05fa9777a70c,"ABC de Mulhouse Alsace Agglomération","CA Mulhouse Alsace Agglomération","Etablissement public de coopération intercommunale (EPCI)",Zimmersheim,68386,2017,Vrai,"En cours de réalisation",
006806d5-52ba-41f8-8dad-55470762f7d9,"ABC de Muro",Muro,Commune,Muro,2B173,2012,Faux,Inconnu,
4b1ff5de-62b0-49bb-9747-9b9560790528,"ABC de Mûrs-Erigné",Mûrs-Erigné,Commune,Mûrs-Erigné,49223,2022,Vrai,"En phase de lancement",
a38cae61-0b3d-4bd7-a3ee-0fdb36561e24,"ABC de Muttersholtz",Muttersholtz,Commune,Muttersholtz,67311,2010,Faux,Fini,https://www.muttersholtz.fr/projets/atlas-de-la-biodiversite-communale-de-muttersholtz/
1b8ceaee-1df4-40fe-97ae-ec1255ca3d43,"ABC de Naves",Naves,Commune,Naves,19146,2022,Vrai,"En phase de lancement",
73bc90c8-b257-4a6a-87c8-e51c3b2c2254,"ABC de Nerac",Nérac,Commune,Nérac,47195,2021,Vrai,"En cours de réalisation",
9a589ea5-817b-43cb-8f65-b04948a02a32,"ABC de Nessa",Nessa,Commune,Nessa,2B175,2012,Faux,Inconnu,
632d560f-0ba5-4d34-ba7f-96222425de21,"ABC de Neuf-Brisach",Neuf-Brisach,Commune,Neuf-Brisach,68231,2010,Faux,Inconnu,
e17070a0-e56e-497e-a3fe-a1208a5a4222,"ABC de Neuville-Saint-Amand",Neuville-Saint-Amand,Commune,Neuville-Saint-Amand,02549,2012,Faux,Inconnu,
e98a82d6-dbe3-407d-8120-c34f1f82fbe0,"ABC de Nevers",Nevers,Commune,Nevers,58194,2021,Vrai,"En phase de lancement",
3e04c75a-ffa0-45a7-b42f-e1ab86eceb1a,"ABC de Niort",Niort,Commune,Niort,79191,2021,Vrai,"En cours de réalisation",
a60c457a-064b-4afa-8c87-210afb536f9b,"ABC de Noailles",Noailles,Commune,Noailles,60462,2021,Vrai,"En phase de lancement",
b621ec2b-18d1-48d2-a4d8-2a3b0ffd4a31,"ABC de Noceta",Noceta,Commune,Noceta,2B177,2011,Faux,Fini,
7efed30a-0355-45ed-931c-5a5e52de67f0,"ABC de Noeux-lès-Auxi",N½ux-lès-Auxi,Commune,N½ux-lès-Auxi,62616,2013,Faux,Inconnu,
195fa5fc-8620-408b-9b78-96f1af33be2b,"ABC de Nogent-Le-Bernard",Nogent-le-Bernard,Commune,Nogent-le-Bernard,72220,2021,Vrai,"En cours de réalisation",
b7514c59-f605-4a5e-a5a3-232c42554649,"ABC de Nogent-sur-vernisson",Nogent-sur-Vernisson,Commune,Nogent-sur-Vernisson,45229,2010,Faux,Fini,
0e43f928-52f8-4a80-ae39-f07686e57f16,"ABC de Noirlieu",Noirlieu,Commune,Noirlieu,51404,2012,Faux,Inconnu,
7bc32308-681d-4e30-8e60-e83fdbff69a2,"ABC de Novella",Novella,Commune,Novella,2B180,2012,Faux,Inconnu,
01f5ec3d-9c12-48ea-8116-824bcc93de40,"ABC de Noyers sur Jabron",Noyers-sur-Jabron,Commune,Noyers-sur-Jabron,04139,2021,Vrai,"En cours de réalisation",https://cenpaca.wixsite.com/noyerssurjabron
40d322ea-e66a-4f83-8174-cbbced2b932f,"ABC de Nuaillé",Nuaillé,Commune,Nuaillé,49231,2010,Faux,Fini,
5df93138-000d-4953-9c19-593ca5c9bbb9,"ABC de Ouistreham",Ouistreham,Commune,Ouistreham,14488,2021,Vrai,"En cours de réalisation",https://ouistreham-rivabella.fr/vivre-a-ouistreham/urbanisme-environnement-et-logement/environnemen…
d29891b0-7a93-480a-94d3-bc5d5ed7083c,"ABC de Palasca",Palasca,Commune,Palasca,2B199,2012,Faux,Inconnu,
7b821239-8e03-408e-a7af-9aa08e6275bb,"ABC de Pannes",Pannes,Commune,Pannes,45247,2021,Faux,"En cours de réalisation",
59e8b167-a617-4cd8-ac83-ea7a332f9abc,"ABC de Papaïchton","Parc amazonien de Guyane","Parc national",Papaichton,97362,2019,Vrai,"En cours de réalisation",
a040a335-605e-4bf7-b28a-deb6e6dd6c1e,"ABC de Penne",Penne,Commune,Penne,81206,2020,Vrai,"En cours de réalisation",
3d85fd1c-f7cc-47dd-82b3-09c784052117,"ABC de Peri",Peri,Commune,Peri,2A209,2010,Faux,Fini,
d4533dd5-57ea-4c5e-a316-1fd9f2263b5a,"ABC de Pessac",Pessac,Commune,Pessac,33318,2013,Faux,Fini,
198b4870-dfea-4a06-8a84-8d8cbba7ca0a,"ABC de Pietralba",Pietralba,Commune,Pietralba,2B223,2012,Faux,Inconnu,
562c19e6-db44-4d12-aa4e-74b5173ad5dc,"ABC de Pigna",Pigna,Commune,Pigna,2B231,2012,Faux,Inconnu,
9f3ee263-d02a-4c92-9d88-0d359eb975cb,"ABC de Pioggiola",Pioggiola,Commune,Pioggiola,2B235,2012,Faux,Inconnu,
d123c9d2-353d-4754-983f-1d1d3290df1b,"ABC de Plabennec",Plabennec,Commune,Plabennec,29160,2010,Faux,Inconnu,
ba27f050-2c88-4686-aa37-1351df22bb34,"ABC de Planfoy",Planfoy,Commune,Planfoy,42172,2010,Faux,Fini,
7fc7e111-ef3d-4d6b-bc0c-a76d9072869a,"ABC de Plédran",Plédran,Commune,Plédran,22176,2021,Vrai,"En cours de réalisation",https://www.pledran.bzh/Atlas-de-la-Biodiversite-Communale.html
0f2ee4be-09cc-439c-816e-30e4e63d2134,"ABC de Plérin",Plérin,Commune,Plérin,22187,2016,Faux,Inconnu,
4ccb5ccb-1425-4fd0-84fd-66f8f83f2e47,"ABC de Plérin",Plérin,Commune,Plérin,22187,2010,Faux,Inconnu,http://www.vivarmor.fr/nos-actions/atlas-de-la-biodiversite-communale/abc-plerin/
81bfe6b3-e055-4d6d-bbf1-b26fddde2541,"ABC de Plougasnou",,,Plougasnou,29188,2022,Vrai,"En phase de lancement",
409f5a70-5c5a-410f-be21-b40fcdd06870,"ABC de Plougastel-Daoulas",Plougastel-Daoulas,Commune,Plougastel-Daoulas,29189,2014,Faux,Inconnu,
74702d09-5637-467c-b583-c02626bbe366,"ABC de Plougoumelen",Plougoumelen,Commune,Plougoumelen,56167,2016,Faux,Inconnu,
b7bb8ce3-106e-4363-8515-65a311bf61f9,"ABC de Plouguerneau",Plouguerneau,Commune,Plouguerneau,29195,2021,Vrai,"En cours de réalisation",https://plouguerneau.bzh/
78155d9d-69b1-43b6-8e4f-20583d967cb3,"ABC de Pommeuse",Pommeuse,Commune,Pommeuse,77371,2010,Faux,"En cours de réalisation",
183f4cdb-15fe-4547-ba27-088f57117e69,"ABC de Poncins",Poncins,Commune,Poncins,42174,2015,Faux,Fini,
e8c48912-69be-4530-9d2a-21096693bbc8,"ABC de Porspoder",Porspoder,Commune,Porspoder,29221,2021,Vrai,"En cours de réalisation",http://www.porspoder.fr/
bf407f5a-d808-4f56-a5de-4bc910f48c67,"ABC de Porto Vecchio",Porto-Vecchio,Commune,Porto-Vecchio,2A247,2018,Vrai,"En cours de réalisation",
a42850d6-e517-4982-8b28-5608aa9a395b,"ABC de Ports-Sur-Vienne",Ports,Commune,Ports,37187,2018,Vrai,Fini,
c1ddf0ca-c88d-4f6f-9292-22a5e42a6df4,"ABC de Prix-Les-Mézières",Prix-lès-Mézières,Commune,Prix-lès-Mézières,08346,2021,Vrai,"En cours de réalisation",
0f40e836-0fe9-499f-9019-b342dc0fbbe5,"ABC de Prunelli di Fiumorbo",Prunelli-di-Fiumorbo,Commune,Prunelli-di-Fiumorbo,2B251,2020,Vrai,Fini,https://www.abcprunellidifiumorbu.fr/
1359b31c-2b3f-4b33-a7a3-e277df589be1,"ABC de Pulney",Pulney,Commune,Pulney,54438,2010,Faux,Inconnu,
ce9f0a3b-98de-49a7-a38e-ff05a5d8aaa3,"ABC de Pussay",Pussay,Commune,Pussay,91511,2018,Vrai,Fini,
7b343aef-5e8e-40a3-9727-2e4d77a0c442,"ABC de Putanges-le-Lac",Putanges-le-Lac,Commune,Putanges-le-Lac,61339,2010,Faux,Inconnu,
8761ce38-fdbc-4b0f-8d66-567f4050631c,"ABC de Puycapel",Puycapel,Commune,Puycapel,15027,2020,Vrai,"En cours de réalisation",https://atlas.puycapel.fr/atlasbiodiversite/
d2dafe85-68c6-4287-9d5b-9893298eaf8d,"ABC de Quimper",Quimper,Commune,Quimper,29232,2021,Vrai,"En cours de réalisation",https://www.quimper.bzh/actualite/33068/3-la-ville-lance-la-realisation-d-un-atlas-de-la-biodiversi…
fc4b1b51-2085-4bab-9588-f0145e93b4b0,"ABC de Redon",,Commune,Redon,35236,1,Faux,"En phase de lancement",
1bc136f9-568c-4c63-a7ca-aa76c2533fff,"ABC de Remaucourt",Remaucourt,Commune,Remaucourt,02637,2012,Faux,Inconnu,
d7109a02-0b55-4dfe-a6c3-cc9c113a2be6,"ABC de Rémire-Montjoly",,,Remire-Montjoly,97309,2021,Vrai,"En cours de réalisation",
03c9c61b-564e-40bb-8711-7b6833eac692,"ABC de Renazé",Renazé,Commune,Renazé,53188,2010,Faux,Inconnu,
9269567c-32e8-47b8-82a6-23613098d7c5,"ABC de Ribeauville",Ribeauville,Commune,Ribeauville,02647,2010,Faux,Inconnu,
701d1d36-fd78-4c95-917a-044d5f0de31c,"ABC de Rivière",Rivière,Commune,Rivière,37201,2013,Faux,Fini,https://www.chinon-vienne-loire.fr/entreprendre/environnement/atlas-de-la-biodiversite/
7e3b32ee-34e6-4dd5-b792-9485a4faa5af,"ABC de Roeux",R½ux,Commune,R½ux,62718,2010,Faux,Inconnu,
1e084a9d-694b-4c57-94de-91a85aafe9f5,"ABC de Romans-sur-Isère",Romans-sur-Isère,Commune,Romans-sur-Isère,26281,2013,Faux,Fini,http://www.lpo-drome.fr/nos-actions/sauvegarder/accompagnement-collectivites-politiques-publiques/a…
5ac1dfaa-ba8f-4c4e-a14f-8c069d480045,"ABC de Romillé",Romillé,Commune,Romillé,35245,2021,Vrai,"En cours de réalisation",https://romille.fr/atlas-de-le-biodiversite-communale/
effd6777-7272-4e82-a58a-c7708ca2578e,"ABC de Rouvroy",Rouvroy,Commune,Rouvroy,02659,2012,Faux,Inconnu,
5734fc47-9e01-49bd-abc3-d1dc091b4efe,"ABC de Royan",Royan,Commune,Royan,17306,2010,Faux,Inconnu,
8417b0ee-783a-4f80-acf0-bc5a7010e2ca,"ABC de Saint Aubin Du Cormier",Saint-Aubin-du-Cormier,Commune,Saint-Aubin-du-Cormier,35253,2017,Vrai,Fini,https://www.saint-aubin-du-cormier.bzh/biodiversite-communale/
1293db94-b541-4433-90df-3f99b460d16c,"ABC de Saint Didier de Formans",Saint-Didier-de-Formans,Commune,Saint-Didier-de-Formans,01347,2021,Vrai,"En cours de réalisation",
ce168ab8-6360-41f2-a0c5-f19e996eed3b,"ABC de Saint Etienne Métropole","Saint-Etienne Métropole","Etablissement public de coopération intercommunale (EPCI)",Aboën,42001,2021,Vrai,"En cours de réalisation",
ce168ab8-6360-41f2-a0c5-f19e996eed3b,"ABC de Saint Etienne Métropole","Saint-Etienne Métropole","Etablissement public de coopération intercommunale (EPCI)",Andrézieux-Bouthéon,42005,2021,Vrai,"En cours de réalisation",
ce168ab8-6360-41f2-a0c5-f19e996eed3b,"ABC de Saint Etienne Métropole","Saint-Etienne Métropole","Etablissement public de coopération intercommunale (EPCI)",Caloire,42031,2021,Vrai,"En cours de réalisation",
ce168ab8-6360-41f2-a0c5-f19e996eed3b,"ABC de Saint Etienne Métropole","Saint-Etienne Métropole","Etablissement public de coopération intercommunale (EPCI)",Cellieu,42032,2021,Vrai,"En cours de réalisation",
ce168ab8-6360-41f2-a0c5-f19e996eed3b,"ABC de Saint Etienne Métropole","Saint-Etienne Métropole","Etablissement public de coopération intercommunale (EPCI)",Chagnon,42036,2021,Vrai,"En cours de réalisation",
ce168ab8-6360-41f2-a0c5-f19e996eed3b,"ABC de Saint Etienne Métropole","Saint-Etienne Métropole","Etablissement public de coopération intercommunale (EPCI)",Chamb½uf,42043,2021,Vrai,"En cours de réalisation",
ce168ab8-6360-41f2-a0c5-f19e996eed3b,"ABC de Saint Etienne Métropole","Saint-Etienne Métropole","Etablissement public de coopération intercommunale (EPCI)",Châteauneuf,42053,2021,Vrai,"En cours de réalisation",
ce168ab8-6360-41f2-a0c5-f19e996eed3b,"ABC de Saint Etienne Métropole","Saint-Etienne Métropole","Etablissement public de coopération intercommunale (EPCI)",Dargoire,42083,2021,Vrai,"En cours de réalisation",
ce168ab8-6360-41f2-a0c5-f19e996eed3b,"ABC de Saint Etienne Métropole","Saint-Etienne Métropole","Etablissement public de coopération intercommunale (EPCI)",Doizieux,42085,2021,Vrai,"En cours de réalisation",
ce168ab8-6360-41f2-a0c5-f19e996eed3b,"ABC de Saint Etienne Métropole","Saint-Etienne Métropole","Etablissement public de coopération intercommunale (EPCI)",Farnay,42093,2021,Vrai,"En cours de réalisation",
ce168ab8-6360-41f2-a0c5-f19e996eed3b,"ABC de Saint Etienne Métropole","Saint-Etienne Métropole","Etablissement public de coopération intercommunale (EPCI)",Firminy,42095,2021,Vrai,"En cours de réalisation",
ce168ab8-6360-41f2-a0c5-f19e996eed3b,"ABC de Saint Etienne Métropole","Saint-Etienne Métropole","Etablissement public de coopération intercommunale (EPCI)",Fontanès,42096,2021,Vrai,"En cours de réalisation",
ce168ab8-6360-41f2-a0c5-f19e996eed3b,"ABC de Saint Etienne Métropole","Saint-Etienne Métropole","Etablissement public de coopération intercommunale (EPCI)",Fraisses,42099,2021,Vrai,"En cours de réalisation",
ce168ab8-6360-41f2-a0c5-f19e996eed3b,"ABC de Saint Etienne Métropole","Saint-Etienne Métropole","Etablissement public de coopération intercommunale (EPCI)",Genilac,42225,2021,Vrai,"En cours de réalisation",
ce168ab8-6360-41f2-a0c5-f19e996eed3b,"ABC de Saint Etienne Métropole","Saint-Etienne Métropole","Etablissement public de coopération intercommunale (EPCI)","La Fouillouse",42097,2021,Vrai,"En cours de réalisation",
ce168ab8-6360-41f2-a0c5-f19e996eed3b,"ABC de Saint Etienne Métropole","Saint-Etienne Métropole","Etablissement public de coopération intercommunale (EPCI)","La Gimond",42100,2021,Vrai,"En cours de réalisation",
ce168ab8-6360-41f2-a0c5-f19e996eed3b,"ABC de Saint Etienne Métropole","Saint-Etienne Métropole","Etablissement public de coopération intercommunale (EPCI)","La Grand-Croix",42103,2021,Vrai,"En cours de réalisation",
ce168ab8-6360-41f2-a0c5-f19e996eed3b,"ABC de Saint Etienne Métropole","Saint-Etienne Métropole","Etablissement public de coopération intercommunale (EPCI)","La Ricamarie",42183,2021,Vrai,"En cours de réalisation",
ce168ab8-6360-41f2-a0c5-f19e996eed3b,"ABC de Saint Etienne Métropole","Saint-Etienne Métropole","Etablissement public de coopération intercommunale (EPCI)","La Talaudière",42305,2021,Vrai,"En cours de réalisation",
ce168ab8-6360-41f2-a0c5-f19e996eed3b,"ABC de Saint Etienne Métropole","Saint-Etienne Métropole","Etablissement public de coopération intercommunale (EPCI)","La Terrasse-sur-Dorlay",42308,2021,Vrai,"En cours de réalisation",
ce168ab8-6360-41f2-a0c5-f19e996eed3b,"ABC de Saint Etienne Métropole","Saint-Etienne Métropole","Etablissement public de coopération intercommunale (EPCI)","La Tour-en-Jarez",42311,2021,Vrai,"En cours de réalisation",
ce168ab8-6360-41f2-a0c5-f19e996eed3b,"ABC de Saint Etienne Métropole","Saint-Etienne Métropole","Etablissement public de coopération intercommunale (EPCI)","La Valla-en-Gier",42322,2021,Vrai,"En cours de réalisation",
ce168ab8-6360-41f2-a0c5-f19e996eed3b,"ABC de Saint Etienne Métropole","Saint-Etienne Métropole","Etablissement public de coopération intercommunale (EPCI)","Le Chambon-Feugerolles",42044,2021,Vrai,"En cours de réalisation",
ce168ab8-6360-41f2-a0c5-f19e996eed3b,"ABC de Saint Etienne Métropole","Saint-Etienne Métropole","Etablissement public de coopération intercommunale (EPCI)",L'Étrat,42092,2021,Vrai,"En cours de réalisation",
ce168ab8-6360-41f2-a0c5-f19e996eed3b,"ABC de Saint Etienne Métropole","Saint-Etienne Métropole","Etablissement public de coopération intercommunale (EPCI)",L'Horme,42110,2021,Vrai,"En cours de réalisation",
ce168ab8-6360-41f2-a0c5-f19e996eed3b,"ABC de Saint Etienne Métropole","Saint-Etienne Métropole","Etablissement public de coopération intercommunale (EPCI)",Lorette,42123,2021,Vrai,"En cours de réalisation",
ce168ab8-6360-41f2-a0c5-f19e996eed3b,"ABC de Saint Etienne Métropole","Saint-Etienne Métropole","Etablissement public de coopération intercommunale (EPCI)",Marcenod,42133,2021,Vrai,"En cours de réalisation",
ce168ab8-6360-41f2-a0c5-f19e996eed3b,"ABC de Saint Etienne Métropole","Saint-Etienne Métropole","Etablissement public de coopération intercommunale (EPCI)",Pavezin,42167,2021,Vrai,"En cours de réalisation",
ce168ab8-6360-41f2-a0c5-f19e996eed3b,"ABC de Saint Etienne Métropole","Saint-Etienne Métropole","Etablissement public de coopération intercommunale (EPCI)",Rive-de-Gier,42186,2021,Vrai,"En cours de réalisation",
ce168ab8-6360-41f2-a0c5-f19e996eed3b,"ABC de Saint Etienne Métropole","Saint-Etienne Métropole","Etablissement public de coopération intercommunale (EPCI)",Roche-la-Molière,42189,2021,Vrai,"En cours de réalisation",
ce168ab8-6360-41f2-a0c5-f19e996eed3b,"ABC de Saint Etienne Métropole","Saint-Etienne Métropole","Etablissement public de coopération intercommunale (EPCI)",Rozier-Côtes-d'Aurec,42192,2021,Vrai,"En cours de réalisation",
ce168ab8-6360-41f2-a0c5-f19e996eed3b,"ABC de Saint Etienne Métropole","Saint-Etienne Métropole","Etablissement public de coopération intercommunale (EPCI)",Saint-Bonnet-les-Oules,42206,2021,Vrai,"En cours de réalisation",
ce168ab8-6360-41f2-a0c5-f19e996eed3b,"ABC de Saint Etienne Métropole","Saint-Etienne Métropole","Etablissement public de coopération intercommunale (EPCI)",Saint-Chamond,42207,2021,Vrai,"En cours de réalisation",
ce168ab8-6360-41f2-a0c5-f19e996eed3b,"ABC de Saint Etienne Métropole","Saint-Etienne Métropole","Etablissement public de coopération intercommunale (EPCI)",Saint-Christo-en-Jarez,42208,2021,Vrai,"En cours de réalisation",
ce168ab8-6360-41f2-a0c5-f19e996eed3b,"ABC de Saint Etienne Métropole","Saint-Etienne Métropole","Etablissement public de coopération intercommunale (EPCI)",Sainte-Croix-en-Jarez,42210,2021,Vrai,"En cours de réalisation",
ce168ab8-6360-41f2-a0c5-f19e996eed3b,"ABC de Saint Etienne Métropole","Saint-Etienne Métropole","Etablissement public de coopération intercommunale (EPCI)",Saint-Étienne,42218,2021,Vrai,"En cours de réalisation",
ce168ab8-6360-41f2-a0c5-f19e996eed3b,"ABC de Saint Etienne Métropole","Saint-Etienne Métropole","Etablissement public de coopération intercommunale (EPCI)",Saint-Galmier,42222,2021,Vrai,"En cours de réalisation",
ce168ab8-6360-41f2-a0c5-f19e996eed3b,"ABC de Saint Etienne Métropole","Saint-Etienne Métropole","Etablissement public de coopération intercommunale (EPCI)",Saint-Genest-Lerpt,42223,2021,Vrai,"En cours de réalisation",
ce168ab8-6360-41f2-a0c5-f19e996eed3b,"ABC de Saint Etienne Métropole","Saint-Etienne Métropole","Etablissement public de coopération intercommunale (EPCI)",Saint-Héand,42234,2021,Vrai,"En cours de réalisation",
ce168ab8-6360-41f2-a0c5-f19e996eed3b,"ABC de Saint Etienne Métropole","Saint-Etienne Métropole","Etablissement public de coopération intercommunale (EPCI)",Saint-Jean-Bonnefonds,42237,2021,Vrai,"En cours de réalisation",
ce168ab8-6360-41f2-a0c5-f19e996eed3b,"ABC de Saint Etienne Métropole","Saint-Etienne Métropole","Etablissement public de coopération intercommunale (EPCI)",Saint-Joseph,42242,2021,Vrai,"En cours de réalisation",
ce168ab8-6360-41f2-a0c5-f19e996eed3b,"ABC de Saint Etienne Métropole","Saint-Etienne Métropole","Etablissement public de coopération intercommunale (EPCI)",Saint-Martin-la-Plaine,42259,2021,Vrai,"En cours de réalisation",
ce168ab8-6360-41f2-a0c5-f19e996eed3b,"ABC de Saint Etienne Métropole","Saint-Etienne Métropole","Etablissement public de coopération intercommunale (EPCI)",Saint-Maurice-en-Gourgois,42262,2021,Vrai,"En cours de réalisation",
ce168ab8-6360-41f2-a0c5-f19e996eed3b,"ABC de Saint Etienne Métropole","Saint-Etienne Métropole","Etablissement public de coopération intercommunale (EPCI)",Saint-Nizier-de-Fornas,42266,2021,Vrai,"En cours de réalisation",
ce168ab8-6360-41f2-a0c5-f19e996eed3b,"ABC de Saint Etienne Métropole","Saint-Etienne Métropole","Etablissement public de coopération intercommunale (EPCI)",Saint-Paul-en-Cornillon,42270,2021,Vrai,"En cours de réalisation",
ce168ab8-6360-41f2-a0c5-f19e996eed3b,"ABC de Saint Etienne Métropole","Saint-Etienne Métropole","Etablissement public de coopération intercommunale (EPCI)",Saint-Paul-en-Jarez,42271,2021,Vrai,"En cours de réalisation",
ce168ab8-6360-41f2-a0c5-f19e996eed3b,"ABC de Saint Etienne Métropole","Saint-Etienne Métropole","Etablissement public de coopération intercommunale (EPCI)",Saint-Priest-en-Jarez,42275,2021,Vrai,"En cours de réalisation",
ce168ab8-6360-41f2-a0c5-f19e996eed3b,"ABC de Saint Etienne Métropole","Saint-Etienne Métropole","Etablissement public de coopération intercommunale (EPCI)",Saint-Romain-en-Jarez,42283,2021,Vrai,"En cours de réalisation",
ce168ab8-6360-41f2-a0c5-f19e996eed3b,"ABC de Saint Etienne Métropole","Saint-Etienne Métropole","Etablissement public de coopération intercommunale (EPCI)",Sorbiers,42302,2021,Vrai,"En cours de réalisation",
ce168ab8-6360-41f2-a0c5-f19e996eed3b,"ABC de Saint Etienne Métropole","Saint-Etienne Métropole","Etablissement public de coopération intercommunale (EPCI)",Tartaras,42307,2021,Vrai,"En cours de réalisation",
ce168ab8-6360-41f2-a0c5-f19e996eed3b,"ABC de Saint Etienne Métropole","Saint-Etienne Métropole","Etablissement public de coopération intercommunale (EPCI)",Unieux,42316,2021,Vrai,"En cours de réalisation",
ce168ab8-6360-41f2-a0c5-f19e996eed3b,"ABC de Saint Etienne Métropole","Saint-Etienne Métropole","Etablissement public de coopération intercommunale (EPCI)",Valfleury,42320,2021,Vrai,"En cours de réalisation",
ce168ab8-6360-41f2-a0c5-f19e996eed3b,"ABC de Saint Etienne Métropole","Saint-Etienne Métropole","Etablissement public de coopération intercommunale (EPCI)",Villars,42330,2021,Vrai,"En cours de réalisation",
f2bdcb4e-9042-4377-8179-b82d5a39d3d0,"ABC de Saint Germain En Laye",Saint-Germain-en-Laye,Commune,Saint-Germain-en-Laye,78551,2017,Vrai,"En cours de réalisation",https://www.saintgermainenlaye.fr/219/atlas-de-la-biodiversite-communale.htm
4f4acea7-ea66-4d16-854a-dad41504bbb5,"ABC de Saint Jean Saint Nicolas",Saint-Jean-Saint-Nicolas,Commune,Saint-Jean-Saint-Nicolas,05145,2017,Vrai,Fini,https://cguigniercaro.wixsite.com/abc-sjsn
22e8f5b5-e000-420e-85fc-cbf862c4ff83,"ABC de Saint Jeannet",Saint-Jeannet,Commune,Saint-Jeannet,06122,2022,Vrai,"En cours de réalisation",
1cefa95e-aefb-4683-b855-0d90516e80b3,"ABC de Saint Lunaire",Saint-Lunaire,Commune,Saint-Lunaire,35287,2017,Vrai,Fini,https://www.saint-lunaire.fr/vivre/saint-lunaire-durablement/biodiversite/
edd41f9e-c154-4703-88a4-31df1e80d005,"ABC de Saint Martin d'Uriage",Saint-Martin-d'Uriage,Commune,Saint-Martin-d'Uriage,38422,2021,Vrai,"En cours de réalisation",http://mairie.saintmartinduriage.fr/biodiversite/
dd498095-b81a-4a43-ad40-09f4be18cfad,"ABC de Saint Maurice l'Exil",Saint-Maurice-l'Exil,Commune,Saint-Maurice-l'Exil,38425,2022,Vrai,"En cours de réalisation",
0073d80d-0a19-406c-ad18-c45dc12d6eb6,"ABC de Saint Paul de Vence",Saint-Paul-de-Vence,Commune,Saint-Paul-de-Vence,06128,2021,Vrai,"En cours de réalisation",https://saintpauldevence.org/atlas-de-la-biodiversite-communale-ensemble-realisons-le/
f74cac92-a6c3-4cea-95ca-94e01e304cae,"ABC de Saint Paul Le Jeune",Saint-Paul-le-Jeune,Commune,Saint-Paul-le-Jeune,07280,2018,Vrai,"En cours de réalisation",https://www.cevennes-parcnational.fr/fr/des-connaissances/lacquisition-et-le-partage-de-la-connaiss…
6cb9f177-585e-4f1f-9be2-44c80c55a677,"ABC de Saint Pierre de Quiberon",Saint-Pierre-Quiberon,Commune,Saint-Pierre-Quiberon,56234,2022,Vrai,"En phase de lancement",
08641b60-aa09-4f8e-b7a5-92c4d8a008e0,"ABC de Saint Sauveur Sur Tinée",Saint-Sauveur-sur-Tinée,Commune,Saint-Sauveur-sur-Tinée,06129,2018,Vrai,Fini,http://www.mercantour-parcnational.fr/fr/des-connaissances/lacquisition-et-le-partage-de-la-connais…
9d7541fe-5abc-4865-81f4-0713bd3d40f8,"ABC de Saint Simon",Saint-Simon,Commune,Saint-Simon,15215,2020,Vrai,"En cours de réalisation",https://www.saintsimon15.fr/fr/actualites/l-atlas-de-la-biodiversite-communale/
b3a7847e-a2f0-484d-a510-5829968a453d,"ABC de Saint Vincent Sur Jabron",Saint-Vincent-sur-Jabron,Commune,Saint-Vincent-sur-Jabron,04199,2017,Vrai,Fini,https://cenpaca.wixsite.com/abc-jabron-baronnies
f4ad3105-cf77-435c-94a5-4a8403b86585,"ABC de Saint-Agathon",Saint-Agathon,Commune,Saint-Agathon,22272,2021,Vrai,"En cours de réalisation",http://www.saintagathon.fr/pages/biodiversite-presentation-de-l-ABC
54aae5ca-f98f-4cd4-81be-07860f06e6ff,"ABC de Saint-Alban-Leysse",Saint-Alban-Leysse,Commune,Saint-Alban-Leysse,73222,2011,Faux,Fini,
b7640ab2-374f-4321-a6a2-98da01e56236,"ABC de Saint-André-de-Cubzac",Saint-André-de-Cubzac,Commune,Saint-André-de-Cubzac,33366,2014,Faux,Inconnu,
0a50f952-3c01-433c-8714-9b12657f0791,"ABC de Saint-André-de-Seignanx",Saint-André-de-Seignanx,Commune,Saint-André-de-Seignanx,40248,2010,Faux,Inconnu,
a58a9d0a-7601-4b18-8e80-5784dd05e09a,"ABC de Saint-Barthélemy",Saint-Barthélemy,Commune,Saint-Barthélemy,40251,2010,Faux,Inconnu,
3d076711-f6c4-4624-ace7-feb6358797db,"ABC de Saint-Barthélemy-de-Bussière",Saint-Barthélemy-de-Bussière,Commune,Saint-Barthélemy-de-Bussière,24381,2010,Faux,Inconnu,
f014d35b-542e-4792-aec2-44a5905da4be,"ABC de Saint-Bénigne",Saint-Bénigne,Commune,Saint-Bénigne,01337,2014,Faux,Fini,
5e150cfd-ec05-41e3-ae01-ef9d417a14f4,"ABC de Saint-Benoît-la-Forêt",Saint-Benoît-la-Forêt,Commune,Saint-Benoît-la-Forêt,37210,2013,Faux,Fini,https://www.chinon-vienne-loire.fr/entreprendre/environnement/atlas-de-la-biodiversite/
19b5769e-f1ea-4805-8f9d-513956be845e,"ABC de Saint-Brieuc",Saint-Brieuc,Commune,Saint-Brieuc,22278,2014,Faux,Inconnu,
7991ff09-7352-469a-996c-0a5abaed18c6,"ABC de Saint-Claude",Saint-Claude,Commune,Saint-Claude,97124,2022,Vrai,"En phase de lancement",
b337e44a-c316-42ae-ab2d-7ac2aa855410,"ABC de Saint-Colomban",Saint-Colomban,Commune,Saint-Colomban,44155,2021,Vrai,"En cours de réalisation",
18c58913-ea1e-472f-9cf6-18a50e36a676,"ABC de Saint-Denis-du-Payré",Saint-Denis-du-Payré,Commune,Saint-Denis-du-Payré,85207,2010,Faux,Inconnu,
25adcc05-f8a4-4342-8ea1-9405b9c471b4,"ABC de Saint-François",Saint-François,Commune,Saint-François,97125,2020,Vrai,"En cours de réalisation",
aaf17f47-95e5-411f-a8ae-b71f16067eb1,"ABC de Saint-Germain-des-Prés",Saint-Germain-des-Prés,Commune,Saint-Germain-des-Prés,45279,,Faux,"En cours de réalisation",
553e57a7-461a-4e50-83a2-3de622f1965f,"ABC de Saint-Germain-lès-Arpajon",,Commune,Saint-Germain-lès-Arpajon,91552,2021,Faux,"En cours de réalisation",
68bbaf89-c16d-4e94-bed1-f0b1f512df4f,"ABC de Saint-Germain-sur-Vienne",Saint-Germain-sur-Vienne,Commune,Saint-Germain-sur-Vienne,37220,2015,Faux,Fini,https://www.chinon-vienne-loire.fr/entreprendre/environnement/atlas-de-la-biodiversite/
98063986-56c1-4706-ab5a-b255cbda2c85,"ABC de Saint-Gilles-Croix-de-Vie",,Commune,Saint-Gilles-Croix-de-Vie,85222,2022,Vrai,"En cours de réalisation",https://www.saintgillescroixdevie.fr/atlas-de-la-biodiversite-communale/
ea75a864-df30-436c-aa2d-43c350a07b1b,"ABC de Saint-Hilaire-de-RIEZ",Saint-Hilaire-de-Riez,Commune,Saint-Hilaire-de-Riez,85226,2021,Vrai,"En cours de réalisation",https://www.sainthilairederiez.fr/latlas-de-la-biodiversite-communale/
cf1f9d43-3337-4b7e-9634-01b9d40198c2,"ABC de Saint-Hilaire-en-Lignières",Saint-Hilaire-en-Lignières,Commune,Saint-Hilaire-en-Lignières,18216,2021,Faux,"En cours de réalisation",
9b67e2c1-1ebb-4161-8f2d-e0b397fb0da3,"ABC de Saint-Hilaire-Saint-Mesmin","Orléans Métropole Saint-Hilaire-Saint-Mesmin","Etablissement public de coopération intercommunale (EPCI)",Saint-Hilaire-Saint-Mesmin,45282,2022,Faux,"Non commencé",
e62447b9-b6d4-43e6-9dcb-59f1b1c08fd0,"ABC de Saint-Jean d'Angély",Saint-Jean-d'Angély,Commune,Saint-Jean-d'Angély,17347,2021,Faux,"En cours de réalisation",
501e0552-e51a-4a6c-980c-3166b8aa21a9,"ABC de Saint-Jean-de-Luz",Saint-Jean-de-Luz,Commune,Saint-Jean-de-Luz,64483,2014,Faux,Inconnu,
6c97e3b7-7201-43b6-9bac-ea5c0cb08fa1,"ABC de Saint-Jean-des-Mauvrets","Les Garennes sur Loire",Commune,"Les Garennes sur Loire",49167,2015,Faux,Inconnu,
33dae726-d6d1-4aa5-be66-da91f6de0944,"ABC de Saint-Jeoire-Prieuré",Saint-Jeoire-Prieuré,Commune,Saint-Jeoire-Prieuré,73249,2010,Faux,Fini,
7ce7eb95-55c8-4cba-8f2e-dadfbd174aeb,"ABC de Saint-Jouin-Bruneval",Saint-Jouin-Bruneval,Commune,Saint-Jouin-Bruneval,76595,2010,Faux,Inconnu,
885ba032-bdb4-4446-a7a2-9cf1cb788307,"ABC de Saint-Just",Saint-Just,Commune,Saint-Just,18218,2021,Faux,"En cours de réalisation",
e5df516a-d30f-420e-9c6d-9af3101dd324,"ABC de Saint-Laurent-Blangy",Saint-Laurent-Blangy,Commune,Saint-Laurent-Blangy,62753,2010,Faux,Inconnu,
28632b63-730a-40b4-8829-6a733f4ed622,"ABC de Saint-Laurent-de-Gosse",Saint-Laurent-de-Gosse,Commune,Saint-Laurent-de-Gosse,40268,2010,Faux,Inconnu,
d927a229-00ed-450e-8d05-c47ec9b3be64,"ABC de Saint-Léger-Les-Mélèzes",Saint-Léger-les-Mélèzes,Commune,Saint-Léger-les-Mélèzes,05149,2018,Vrai,Fini,http://www.ecrins-parcnational.fr/actualite/saint-leger-abc
9c8770ef-06c9-4a32-9d24-06a00f1dcc23,"ABC de Saint-Loup-Hors",Saint-Loup-Hors,Commune,Saint-Loup-Hors,14609,2021,Vrai,"En cours de réalisation",https://www.saint-loup-hors.fr/saint-loup-hors-et-lenvironnement-une-longue-histoire-qui-se-poursui…
c5b5bc1d-56dc-4b88-b25c-2d3b9d2cdf80,"ABC de Saint-Loup-Terrier",Saint-Loup-Terrier,Commune,Saint-Loup-Terrier,08387,2020,Vrai,"En cours de réalisation",https://www.facebook.com/Commune-de-Saint-Loup-Terrier-101730758247228/
bece920b-4f54-4d61-ab96-f3efa13afa10,"ABC de Saint-Martin-de-Seignanx",Saint-Martin-de-Seignanx,Commune,Saint-Martin-de-Seignanx,40273,2010,Faux,Inconnu,
baa6741e-acc9-4d98-97e9-5fd5f5f7dd29,"ABC de Saint-Martin-Rivière",Saint-Martin-Rivière,Commune,Saint-Martin-Rivière,02683,2010,Faux,Inconnu,
0f7b6a55-f4b0-47eb-bd2c-e6785a4c703b,"ABC de Saint-Parres-aux-Tertres",Saint-Parres-aux-Tertres,Commune,Saint-Parres-aux-Tertres,10357,2020,Vrai,"En cours de réalisation",
29befb67-cbc1-4f9e-88fa-4961418566e4,"ABC de Saint-Pierre-de-Frugie",Saint-Pierre-de-Frugie,Commune,Saint-Pierre-de-Frugie,24486,2010,Faux,Inconnu,
e4934660-1522-449c-9ef8-f94c7f60e1c6,"ABC de Saint-Priest-sous-Aixe",Saint-Priest-sous-Aixe,Commune,Saint-Priest-sous-Aixe,87177,2012,Faux,Inconnu,
0ee080ed-1b9e-4335-ab4a-e1b4be98d7bd,"ABC de Saint-Pryvé-Saint-Mesmin","Orléans Métropole","Etablissement public de coopération intercommunale (EPCI)",Saint-Pryvé-Saint-Mesmin,45298,2022,Faux,"Non commencé",
a13b592c-7ed4-481b-a00a-5010b52d9603,"ABC de Saint-Quentin",Saint-Quentin,Commune,Saint-Quentin,02691,2012,Faux,Inconnu,
ce03317c-170d-4fd4-8606-d4b4c0bac832,"ABC de Saint-Rémy-en-Comté",Saint-Rémy-en-Comté,Commune,Saint-Rémy-en-Comté,70472,2010,Faux,Inconnu,
068c2586-99d9-408d-b1ba-c58cd6be3a7d,"ABC de Saint-Sauveur-Villages",Saint-Sauveur-Villages,Commune,Saint-Sauveur-Villages,50550,2021,Vrai,"En cours de réalisation",http://saintsauveurvillages.fr/2021/11/21/abc-de-la-biodiversite/
d21d1420-daa4-4ca3-8b8f-c145375c027a,"ABC de Saint-Thégonnec Loc-Eguiner","Saint-Thégonnec Loc-Eguiner",Commune,"Saint-Thégonnec Loc-Eguiner",29266,2021,Vrai,"En cours de réalisation",https://saint-thegonnec-loc-eguiner.bzh/atlas-de-la-biodiversite-communale/
b587cf4d-10df-4219-8cc5-8d69a4011e9a,"ABC de Saint-Yvi",Saint-Yvi,Commune,Saint-Yvi,29272,2021,Vrai,"En cours de réalisation",https://www.saint-yvi.bzh/abc-biodiversite/
99612568-f36c-4e08-91c5-db61c56ab7b5,"ABC de Sainte-Anne",Sainte-Anne,Commune,Sainte-Anne,97128,2021,Vrai,"En cours de réalisation",
66009cb5-339d-4171-a286-ee278147f284,"ABC de Sainte-Geneviève-des-Bois",Sainte-Geneviève-des-Bois,Commune,Sainte-Geneviève-des-Bois,91549,2021,Vrai,"En cours de réalisation",
b0faff44-ddf5-4ac6-b14e-4e4ce933c0c0,"ABC de Sainte-Honorine-la-Guillaume",Sainte-Honorine-la-Guillaume,Commune,Sainte-Honorine-la-Guillaume,61408,2010,Faux,Inconnu,
6385f7d0-c463-41d8-8726-69033f3ad7a9,"ABC de Sainte-Pazanne",,,Sainte-Pazanne,44186,2022,Vrai,"En cours de réalisation",https://www.sainte-pazanne.fr/labc-vous-connaissez/
aea48c74-ca67-44e6-b1a5-0422a0ac0bac,"ABC de Sainte-Sabine-sur-Longève",Sainte-Sabine-sur-Longève,Commune,Sainte-Sabine-sur-Longève,72319,2010,Faux,Inconnu,
78118ab6-e7ba-4ce3-ae69-4c0f84713e94,"ABC de Saintes",Saintes,Commune,Saintes,17415,2021,Vrai,"En cours de réalisation",
7a925551-57f7-4508-8bb8-457ab2500065,"ABC de Salon de Provence",Salon-de-Provence,Commune,Salon-de-Provence,13103,2021,Vrai,"En cours de réalisation",
ba548aef-9035-4cf1-bce6-b0ac41de8fa2,"ABC de San Giuliano",San-Giuliano,Commune,San-Giuliano,2B303,2022,Vrai,"En phase de lancement",
3f4b570c-9317-44c6-94c6-c860b07d1b6f,"ABC de San Martino Di Lota",San-Martino-di-Lota,Commune,San-Martino-di-Lota,2B305,2018,Vrai,Fini,http://www.san-martino-di-lota.fr/biodiversite/
e8710dcb-d1df-4a83-9ce0-2d1b90a003af,"ABC de Sandouville",Sandouville,Commune,Sandouville,76660,2014,Faux,Inconnu,
ed1b1c1c-1066-4b8f-a81b-73c93b7aaa42,"ABC de Sant'Antonino",Sant'Antonino,Commune,Sant'Antonino,2B296,2012,Faux,Inconnu,
82ccdd43-e1fc-4c8a-9b72-0dc038c5ebc2,"ABC de Santa-Lucia-di-Mercurio",Santa-Lucia-di-Mercurio,Commune,Santa-Lucia-di-Mercurio,2B306,2011,Faux,Fini,
699c7775-3e5e-4894-b547-7bd4f91823d3,"ABC de Santa-Reparata-di-Balagna",Santa-Reparata-di-Balagna,Commune,Santa-Reparata-di-Balagna,2B316,2012,Faux,Inconnu,
70db9f5b-2ec5-4498-a354-ede384fd00f2,"ABC de Santo-Pietro-di-Venaco",Santo-Pietro-di-Venaco,Commune,Santo-Pietro-di-Venaco,2B315,2011,Faux,Fini,
f4c14354-3b5a-4930-97a3-b837b3dff750,"ABC de Sargé-sur-Braye",Sargé-sur-Braye,Commune,Sargé-sur-Braye,41235,2021,Faux,"Non commencé",
45a8ca0f-66b5-4b0f-96d4-ca6f17389386,"ABC de Sarrola-Carcopino",Sarrola-Carcopino,Commune,Sarrola-Carcopino,2A271,2012,Faux,Inconnu,
234356dc-771f-4ab5-8c55-24473603df02,"ABC de Saül","Saül Parc amazonien de Guyane","Parc national",Saül,97352,2018,Vrai,Fini,https://www.facebook.com/ABCSaul
f7438cf9-dbf9-494b-bb3f-f2343a04ee07,"ABC de Saulxures-lès-Vannes",Saulxures-lès-Vannes,Commune,Saulxures-lès-Vannes,54496,2010,Faux,Inconnu,
c3094bfd-8f8b-4929-b0e6-2af46f7186f6,"ABC de Saumane de Vaucluse",Saumane-de-Vaucluse,Commune,Saumane-de-Vaucluse,84124,2021,Vrai,"En cours de réalisation",https://cenpaca.wixsite.com/saumanedevaucluse
be47b8c0-ad24-410b-946f-f94abd551ac1,"ABC de Savigny-en-Sancerre",Savigny-en-Sancerre,Commune,Savigny-en-Sancerre,18246,2021,Faux,"En cours de réalisation",
fa25ed95-8987-4dd8-b151-431fc8a136c8,"ABC de Savigny-en-Véron",Savigny-en-Véron,Commune,Savigny-en-Véron,37242,2014,Faux,Fini,https://www.chinon-vienne-loire.fr/entreprendre/environnement/atlas-de-la-biodiversite/
c482e2cd-c4c3-4149-97ee-3bdf91338aa5,"ABC de Selaincourt",Selaincourt,Commune,Selaincourt,54500,2010,Faux,Inconnu,
7aab6807-12ae-43b0-8b23-1b400fb0eb2d,"ABC de Semur-en-Auxois",Semur-en-Auxois,Commune,Semur-en-Auxois,21603,2021,Vrai,"En cours de réalisation",https://www.ville-semur-en-auxois.fr/listes/abc/
e4cc8356-189d-46db-add2-735575c93064,"ABC de Septèmes-Les-Vallons",Septèmes-les-Vallons,Commune,Septèmes-les-Vallons,13106,2017,Vrai,"En cours de réalisation",
154ad193-61a9-4662-af6f-1256a0664e49,"ABC de Sermaise",Sermaise,Commune,Sermaise,91593,2010,Faux,Inconnu,http://www.mairie-sermaise.com/environnement.php
a7c5555e-214c-4308-9951-69a808e71b0d,"ABC de Seuilly",,"Etablissement public de coopération intercommunale (EPCI)",Seuilly,37248,2016,Faux,Fini,https://www.chinon-vienne-loire.fr/entreprendre/environnement/atlas-de-la-biodiversite/
117b1301-63b8-4f09-9920-89dd9a16a6bd,"ABC de Sèvremont",Sèvremont,Commune,Sèvremont,85090,2010,Faux,Inconnu,
3d217e70-6ffa-4bd7-ad28-7de71c9b97ea,"ABC de Sexey-aux-Forges",Sexey-aux-Forges,Commune,Sexey-aux-Forges,54505,2010,Faux,Inconnu,
5b076bc5-104c-4418-80cd-f964721a3ee3,"ABC de Simiane-Collongue",Simiane-Collongue,Commune,Simiane-Collongue,13107,2022,Vrai,"En cours de réalisation",
c81ad61c-cad8-477d-b574-b8d3cf1287db,"ABC de Sospel",Sospel,Commune,Sospel,06136,2017,Vrai,Fini,http://www.mercantour-parcnational.fr/fr/des-connaissances/lacquisition-et-le-partage-de-la-connais…
ea665259-be35-4a3c-b4b3-300131edb0fc,"ABC de Soulaines-sur-Aubance",,Commune,Soulaines-sur-Aubance,49338,2022,Vrai,"En phase de lancement",
d36e2bf8-8f15-4ce3-b024-537e070ae687,"ABC de Soustons",Soustons,Commune,Soustons,40310,2022,Vrai,"En phase de lancement",
a0cbb6b7-c6eb-46a8-badf-c6e1ff41ed50,"ABC de Speloncato",Speloncato,Commune,Speloncato,2B290,2012,Faux,Inconnu,
b5a52e04-7fd3-4ab2-837e-3d4ab5984043,"ABC de St Chamas",Saint-Chamas,Commune,Saint-Chamas,13092,2021,Vrai,"En cours de réalisation",
475a1fd1-b4c5-485c-9762-9ce7cd394292,"ABC de Tallone",Tallone,Commune,Tallone,2B320,2022,Vrai,"En cours de réalisation",
10aefc26-ba2f-4f35-a49d-59adb94d59a4,"ABC de Tarnos",Tarnos,Commune,Tarnos,40312,2010,Faux,Inconnu,
3bbbf552-dfc3-40ab-942f-737a71001c89,"ABC de Tart",Tart,Commune,Tart,21623,2021,Vrai,"En phase de lancement",
237ac0d9-8385-4b8a-b3bf-fee9c9a6f32a,"ABC de Tavaco",Tavaco,Commune,Tavaco,2A323,2012,Faux,Inconnu,
a89fad55-af96-4a7e-90d3-74689020ba35,"ABC de Thizay",Thizay,Commune,Thizay,37258,2015,Faux,Fini,https://www.chinon-vienne-loire.fr/entreprendre/environnement/atlas-de-la-biodiversite/
3658dfe0-f92b-4e07-a184-fe8813c0296f,"ABC de Thue et Mue","Thue et Mue",Commune,"Thue et Mue",14098,2022,Vrai,"En phase de lancement",
b4b8ad8f-922c-472e-aaa0-1a41032f04c3,"ABC de Thuilley-aux-Groseilles",Thuilley-aux-Groseilles,Commune,Thuilley-aux-Groseilles,54523,2010,Faux,Inconnu,
32a28943-e85e-4b1d-8442-4302b3eaaae7,"ABC de Tigy",Tigy,Commune,Tigy,45324,2021,Faux,"En cours de réalisation",
691c4a88-0cda-4de9-bf1d-dfde7a04c3de,"ABC de Tournefeuille",Tournefeuille,Commune,Tournefeuille,31557,2020,Vrai,"En cours de réalisation",https://www.mairie-tournefeuille.fr/search/content/ABC
311dff53-8aa4-4a93-9345-fe3f8e5572f2,"ABC de Tramont-Émy",Tramont-Émy,Commune,Tramont-Émy,54529,2010,Faux,Inconnu,
b6a42df4-2bb9-4c09-a507-effa5fbe3395,"ABC de Tramont-Lassus",Tramont-Lassus,Commune,Tramont-Lassus,54530,2010,Faux,Inconnu,
b2dfae27-2989-4e1c-be6f-a491a0b3eee5,"ABC de Tramont-Saint-André",Tramont-Saint-André,Commune,Tramont-Saint-André,54531,2010,Faux,Inconnu,
af57cb82-a54c-4d9f-8b17-17501c1e980f,"ABC de Tsingoni",Tsingoni,Commune,Tsingoni,97617,2016,Faux,Inconnu,
1409fc20-6f97-418f-abc2-292fdd022bcc,"ABC de Urtaca",Urtaca,Commune,Urtaca,2B332,2012,Faux,Inconnu,
0d13b963-c57d-40d3-bd3c-26b8d5a933fb,"ABC de Uruffe",Uruffe,Commune,Uruffe,54538,2010,Faux,Inconnu,
db9de65d-69e9-40f6-9bff-b53772edabdc,"ABC de Vair-sur-Loire",Vair-sur-Loire,Commune,Vair-sur-Loire,44163,2010,Faux,Inconnu,
bf45ef85-6db6-40d6-8450-7207346b64a4,"ABC de Val-de-Tilles et de Colmier-le-Haut",,"Parc national",Vals-des-Tilles,52094,2021,Vrai,"En cours de réalisation",
bf45ef85-6db6-40d6-8450-7207346b64a4,"ABC de Val-de-Tilles et de Colmier-le-Haut",,"Parc national",Colmier-le-Haut,52138,2021,Vrai,"En cours de réalisation",
5508db13-1a6e-4b31-a0fc-3524ef674ba9,"ABC de Valbonne",Valbonne,Commune,Valbonne,06152,2022,Vrai,"En cours de réalisation",
28897964-5c0d-43ea-9b99-bd2db4abc189,"ABC de Valençay",Valençay,Commune,Valençay,36228,2010,Faux,Inconnu,
37d98617-2cf2-4e3f-b6ea-9ac05230679e,"ABC de Valence Romans Agglo","CA Valence Romans Agglo","Etablissement public de coopération intercommunale (EPCI)",Barcelonne,26024,2017,Vrai,"En cours de réalisation",https://www.valenceromansagglo.fr/fr/un-territoire-durable/biodiversite/atlas-de-la-biodiversite.ht…
37d98617-2cf2-4e3f-b6ea-9ac05230679e,"ABC de Valence Romans Agglo","CA Valence Romans Agglo","Etablissement public de coopération intercommunale (EPCI)",Beaumont-lès-Valence,26037,2017,Vrai,"En cours de réalisation",https://www.valenceromansagglo.fr/fr/un-territoire-durable/biodiversite/atlas-de-la-biodiversite.ht…
37d98617-2cf2-4e3f-b6ea-9ac05230679e,"ABC de Valence Romans Agglo","CA Valence Romans Agglo","Etablissement public de coopération intercommunale (EPCI)",Beauvallon,26042,2017,Vrai,"En cours de réalisation",https://www.valenceromansagglo.fr/fr/un-territoire-durable/biodiversite/atlas-de-la-biodiversite.ht…
37d98617-2cf2-4e3f-b6ea-9ac05230679e,"ABC de Valence Romans Agglo","CA Valence Romans Agglo","Etablissement public de coopération intercommunale (EPCI)",Chabeuil,26064,2017,Vrai,"En cours de réalisation",https://www.valenceromansagglo.fr/fr/un-territoire-durable/biodiversite/atlas-de-la-biodiversite.ht…
37d98617-2cf2-4e3f-b6ea-9ac05230679e,"ABC de Valence Romans Agglo","CA Valence Romans Agglo","Etablissement public de coopération intercommunale (EPCI)",Charpey,26079,2017,Vrai,"En cours de réalisation",https://www.valenceromansagglo.fr/fr/un-territoire-durable/biodiversite/atlas-de-la-biodiversite.ht…
37d98617-2cf2-4e3f-b6ea-9ac05230679e,"ABC de Valence Romans Agglo","CA Valence Romans Agglo","Etablissement public de coopération intercommunale (EPCI)",Châteaudouble,26081,2017,Vrai,"En cours de réalisation",https://www.valenceromansagglo.fr/fr/un-territoire-durable/biodiversite/atlas-de-la-biodiversite.ht…
37d98617-2cf2-4e3f-b6ea-9ac05230679e,"ABC de Valence Romans Agglo","CA Valence Romans Agglo","Etablissement public de coopération intercommunale (EPCI)",Combovin,26100,2017,Vrai,"En cours de réalisation",https://www.valenceromansagglo.fr/fr/un-territoire-durable/biodiversite/atlas-de-la-biodiversite.ht…
37d98617-2cf2-4e3f-b6ea-9ac05230679e,"ABC de Valence Romans Agglo","CA Valence Romans Agglo","Etablissement public de coopération intercommunale (EPCI)",Étoile-sur-Rhône,26124,2017,Vrai,"En cours de réalisation",https://www.valenceromansagglo.fr/fr/un-territoire-durable/biodiversite/atlas-de-la-biodiversite.ht…
37d98617-2cf2-4e3f-b6ea-9ac05230679e,"ABC de Valence Romans Agglo","CA Valence Romans Agglo","Etablissement public de coopération intercommunale (EPCI)","La Baume-Cornillane",26032,2017,Vrai,"En cours de réalisation",https://www.valenceromansagglo.fr/fr/un-territoire-durable/biodiversite/atlas-de-la-biodiversite.ht…
37d98617-2cf2-4e3f-b6ea-9ac05230679e,"ABC de Valence Romans Agglo","CA Valence Romans Agglo","Etablissement public de coopération intercommunale (EPCI)",Malissard,26170,2017,Vrai,"En cours de réalisation",https://www.valenceromansagglo.fr/fr/un-territoire-durable/biodiversite/atlas-de-la-biodiversite.ht…
37d98617-2cf2-4e3f-b6ea-9ac05230679e,"ABC de Valence Romans Agglo","CA Valence Romans Agglo","Etablissement public de coopération intercommunale (EPCI)",Montmeyran,26206,2017,Vrai,"En cours de réalisation",https://www.valenceromansagglo.fr/fr/un-territoire-durable/biodiversite/atlas-de-la-biodiversite.ht…
37d98617-2cf2-4e3f-b6ea-9ac05230679e,"ABC de Valence Romans Agglo","CA Valence Romans Agglo","Etablissement public de coopération intercommunale (EPCI)",Montéléger,26196,2017,Vrai,"En cours de réalisation",https://www.valenceromansagglo.fr/fr/un-territoire-durable/biodiversite/atlas-de-la-biodiversite.ht…
37d98617-2cf2-4e3f-b6ea-9ac05230679e,"ABC de Valence Romans Agglo","CA Valence Romans Agglo","Etablissement public de coopération intercommunale (EPCI)",Montélier,26197,2017,Vrai,"En cours de réalisation",https://www.valenceromansagglo.fr/fr/un-territoire-durable/biodiversite/atlas-de-la-biodiversite.ht…
37d98617-2cf2-4e3f-b6ea-9ac05230679e,"ABC de Valence Romans Agglo","CA Valence Romans Agglo","Etablissement public de coopération intercommunale (EPCI)",Montvendre,26212,2017,Vrai,"En cours de réalisation",https://www.valenceromansagglo.fr/fr/un-territoire-durable/biodiversite/atlas-de-la-biodiversite.ht…
37d98617-2cf2-4e3f-b6ea-9ac05230679e,"ABC de Valence Romans Agglo","CA Valence Romans Agglo","Etablissement public de coopération intercommunale (EPCI)",Ourches,26224,2017,Vrai,"En cours de réalisation",https://www.valenceromansagglo.fr/fr/un-territoire-durable/biodiversite/atlas-de-la-biodiversite.ht…
37d98617-2cf2-4e3f-b6ea-9ac05230679e,"ABC de Valence Romans Agglo","CA Valence Romans Agglo","Etablissement public de coopération intercommunale (EPCI)",Peyrus,26232,2017,Vrai,"En cours de réalisation",https://www.valenceromansagglo.fr/fr/un-territoire-durable/biodiversite/atlas-de-la-biodiversite.ht…
37d98617-2cf2-4e3f-b6ea-9ac05230679e,"ABC de Valence Romans Agglo","CA Valence Romans Agglo","Etablissement public de coopération intercommunale (EPCI)",Saint-Vincent-la-Commanderie,26382,2017,Vrai,"En cours de réalisation",https://www.valenceromansagglo.fr/fr/un-territoire-durable/biodiversite/atlas-de-la-biodiversite.ht…
37d98617-2cf2-4e3f-b6ea-9ac05230679e,"ABC de Valence Romans Agglo","CA Valence Romans Agglo","Etablissement public de coopération intercommunale (EPCI)",Upie,26358,2017,Vrai,"En cours de réalisation",https://www.valenceromansagglo.fr/fr/un-territoire-durable/biodiversite/atlas-de-la-biodiversite.ht…
de679598-8953-464f-b381-50b09e16e121,"ABC de Valle-di-Mezzana",Valle-di-Mezzana,Commune,Valle-di-Mezzana,2A336,2012,Faux,Inconnu,
5255aae9-5792-4645-9ac8-9afed4bdb0b8,"ABC de Vallica",Vallica,Commune,Vallica,2B339,2012,Faux,Inconnu,
6bf9ba4f-a39d-42a2-b655-8d5475f111e0,"ABC de Vandeléville",Vandeléville,Commune,Vandeléville,54545,2010,Faux,Inconnu,
67986728-4b7f-4b6f-908c-207bc72bb670,"ABC de Vandoncourt",Vandoncourt,Commune,Vandoncourt,25586,2016,Faux,Inconnu,
7ef6fe8c-cfec-4dc4-b459-f17bb414965e,"ABC de Vannes-le-Châtel",Vannes-le-Châtel,Commune,Vannes-le-Châtel,54548,2010,Faux,Inconnu,
b129b46e-53b7-46ed-9ab2-ff1b5672b85b,"ABC de Vannes-sur-Cosson",,,Vannes-sur-Cosson,45331,2022,Faux,"En cours de réalisation",
dba5eac8-4ebc-430d-b133-608ef0d3f0b6,"ABC de Vauréal",Vauréal,Commune,Vauréal,95637,2018,Faux,"En cours de réalisation",https://www.vaureal.fr/taxonomy/term/372
ecc4bd6d-68f4-41e6-8550-7bf288a940a1,"ABC de Vaux-Andigny",Vaux-Andigny,Commune,Vaux-Andigny,02769,2010,Faux,Inconnu,
fb6e4307-2125-4d21-833e-53c4d77ccde1,"ABC de Vence",Vence,Commune,Vence,06157,2017,Vrai,Fini,https://vence.fr/vence-edite-son-atlas-de-la-biodiversite/
e2165a33-dbdd-497f-a9d7-acce13fc5031,"ABC de Vendôme",Vendôme,Commune,Vendôme,41269,2010,Faux,Inconnu,
99d0353c-0c57-440f-8724-32f2bfcb43aa,"ABC de Vénérolles",Vénérolles,Commune,Vénérolles,02779,2010,Faux,Inconnu,
beb883e9-614c-4df6-83f5-a5dc0a468f7f,"ABC de Veyre-Monton",Veyre-Monton,Commune,Veyre-Monton,63455,2021,Vrai,"En cours de réalisation",https://participer.veyre-monton.fr/atlas-abc-details/
7819c3b8-7b44-4a6c-922c-81a6422e5c87,"ABC de Vicherey",Vicherey,Commune,Vicherey,88504,2010,Faux,Inconnu,
00c47d9d-8344-4404-9651-e3b3b39beeca,"ABC de Vieux-Habitant","Parc national de la Guadeloupe","Parc national",Vieux-Habitants,97134,2021,Faux,"En cours de réalisation",
73ee5e2c-6536-402f-9de3-d577a8071731,"ABC de Vignacourt","Vignacourt CPIE Vallée de Somme",Commune,Vignacourt,80793,2017,Faux,Fini,https://www.somme-nature.fr/apc.php
7c370cfb-7618-4d10-9251-ee0dae7fba23,"ABC de Villanova",Villanova,Commune,Villanova,2A351,2012,Faux,Inconnu,
72022e7c-82c8-49ba-97de-bf26b5bc1803,"ABC de Ville-di-Paraso",Ville-di-Paraso,Commune,Ville-di-Paraso,2B352,2012,Faux,Inconnu,
f595dbf1-7263-4e2d-9d91-2a5546484b29,"ABC de Ville-Saint-Jacques",Ville-Saint-Jacques,Commune,Ville-Saint-Jacques,77516,2020,Vrai,"En cours de réalisation",https://www.anvl.fr/abc_ville-st-jacques/
3b771e75-9127-425b-ba2b-922bda7052f2,"ABC de Villebon-sur-Yvette",Villebon-sur-Yvette,Commune,Villebon-sur-Yvette,91661,2010,Faux,Fini,https://fr.calameo.com/read/00216448281378527d51d
599520e4-e61b-43b2-abfb-282845ca3b58,"ABC de Villefranche-sur-cher",Villefranche-sur-Cher,Commune,Villefranche-sur-Cher,41280,2021,Faux,"En cours de réalisation",
0052bf7d-3de3-4535-bc07-86a715d7c8d4,"ABC de Villeneuve-Sur-Lot",Villeneuve-sur-Lot,Commune,Villeneuve-sur-Lot,47323,2018,Vrai,Fini,
41c51227-17b6-4c77-abcc-b63a553e93d0,"ABC de Villey-le-Sec",Villey-le-Sec,Commune,Villey-le-Sec,54583,2010,Faux,Inconnu,
2a8b7fbf-8be0-4379-9477-ca9bb3017be5,"ABC de Vironchaux",Vironchaux,Commune,Vironchaux,80808,2017,Faux,"En cours de réalisation",
edc93cc0-f007-4299-98e4-3fa4046c7bee,"ABC de Vitré",Vitré,Commune,Vitré,35360,2010,Faux,Inconnu,
fb604409-487e-48b3-9660-8fa4c44064e2,"ABC de Vitrolles",Vitrolles,Commune,Vitrolles,13117,2022,Vrai,"En cours de réalisation",
c2ba0865-2af5-4ba6-9b9e-718ee34af628,"ABC de Volvic",Volvic,Commune,Volvic,63470,2013,Faux,Fini,https://www.ville-volvic.fr/environnement/biodiversite
b4f47554-4f72-4766-b5a0-ded7aec7b5fc,"ABC de Wassigny",Wassigny,Commune,Wassigny,02830,2010,Faux,Inconnu,
c10580bc-0476-4325-9d90-bb40a6aa41ef,"ABC de Willencourt",Willencourt,Commune,Willencourt,62891,2010,Faux,Inconnu,http://cpieauthie.wix.com/abc#!atlas
6a894635-f9f0-4858-b4bf-e2aee65523ed,"ABC de Zilia",Zilia,Commune,Zilia,2B361,2012,Faux,Inconnu,
726d0cd7-b9d1-4a33-854e-632c67e195c0,"ABC des Balcons du Dauphiné","CC Les Balcons du Dauphiné","Etablissement public de coopération intercommunale (EPCI)",Salagnon,38467,2022,Vrai,"En cours de réalisation",
726d0cd7-b9d1-4a33-854e-632c67e195c0,"ABC des Balcons du Dauphiné","CC Les Balcons du Dauphiné","Etablissement public de coopération intercommunale (EPCI)",Chamagnieu,38067,2022,Vrai,"En cours de réalisation",
726d0cd7-b9d1-4a33-854e-632c67e195c0,"ABC des Balcons du Dauphiné","CC Les Balcons du Dauphiné","Etablissement public de coopération intercommunale (EPCI)",Veyssilieu,38542,2022,Vrai,"En cours de réalisation",
726d0cd7-b9d1-4a33-854e-632c67e195c0,"ABC des Balcons du Dauphiné","CC Les Balcons du Dauphiné","Etablissement public de coopération intercommunale (EPCI)",Vasselin,38525,2022,Vrai,"En cours de réalisation",
726d0cd7-b9d1-4a33-854e-632c67e195c0,"ABC des Balcons du Dauphiné","CC Les Balcons du Dauphiné","Etablissement public de coopération intercommunale (EPCI)","Le Bouchage",38050,2022,Vrai,"En cours de réalisation",
726d0cd7-b9d1-4a33-854e-632c67e195c0,"ABC des Balcons du Dauphiné","CC Les Balcons du Dauphiné","Etablissement public de coopération intercommunale (EPCI)","Les Avenières Veyrins-Thuellin",38022,2022,Vrai,"En cours de réalisation",
726d0cd7-b9d1-4a33-854e-632c67e195c0,"ABC des Balcons du Dauphiné","CC Les Balcons du Dauphiné","Etablissement public de coopération intercommunale (EPCI)",Chozeau,38109,2022,Vrai,"En cours de réalisation",
726d0cd7-b9d1-4a33-854e-632c67e195c0,"ABC des Balcons du Dauphiné","CC Les Balcons du Dauphiné","Etablissement public de coopération intercommunale (EPCI)",Moras,38260,2022,Vrai,"En cours de réalisation",
726d0cd7-b9d1-4a33-854e-632c67e195c0,"ABC des Balcons du Dauphiné","CC Les Balcons du Dauphiné","Etablissement public de coopération intercommunale (EPCI)",Saint-Hilaire-de-Brens,38392,2022,Vrai,"En cours de réalisation",
726d0cd7-b9d1-4a33-854e-632c67e195c0,"ABC des Balcons du Dauphiné","CC Les Balcons du Dauphiné","Etablissement public de coopération intercommunale (EPCI)",Vénérieu,38532,2022,Vrai,"En cours de réalisation",
726d0cd7-b9d1-4a33-854e-632c67e195c0,"ABC des Balcons du Dauphiné","CC Les Balcons du Dauphiné","Etablissement public de coopération intercommunale (EPCI)",Vignieu,38546,2022,Vrai,"En cours de réalisation",
726d0cd7-b9d1-4a33-854e-632c67e195c0,"ABC des Balcons du Dauphiné","CC Les Balcons du Dauphiné","Etablissement public de coopération intercommunale (EPCI)",Saint-Sorlin-de-Morestel,38458,2022,Vrai,"En cours de réalisation",
726d0cd7-b9d1-4a33-854e-632c67e195c0,"ABC des Balcons du Dauphiné","CC Les Balcons du Dauphiné","Etablissement public de coopération intercommunale (EPCI)",Vézeronce-Curtin,38543,2022,Vrai,"En cours de réalisation",
726d0cd7-b9d1-4a33-854e-632c67e195c0,"ABC des Balcons du Dauphiné","CC Les Balcons du Dauphiné","Etablissement public de coopération intercommunale (EPCI)",Vernas,38535,2022,Vrai,"En cours de réalisation",
726d0cd7-b9d1-4a33-854e-632c67e195c0,"ABC des Balcons du Dauphiné","CC Les Balcons du Dauphiné","Etablissement public de coopération intercommunale (EPCI)",Leyrieu,38210,2022,Vrai,"En cours de réalisation",
726d0cd7-b9d1-4a33-854e-632c67e195c0,"ABC des Balcons du Dauphiné","CC Les Balcons du Dauphiné","Etablissement public de coopération intercommunale (EPCI)",Vertrieu,38539,2022,Vrai,"En cours de réalisation",
726d0cd7-b9d1-4a33-854e-632c67e195c0,"ABC des Balcons du Dauphiné","CC Les Balcons du Dauphiné","Etablissement public de coopération intercommunale (EPCI)",Crémieu,38138,2022,Vrai,"En cours de réalisation",
726d0cd7-b9d1-4a33-854e-632c67e195c0,"ABC des Balcons du Dauphiné","CC Les Balcons du Dauphiné","Etablissement public de coopération intercommunale (EPCI)",Corbelin,38124,2022,Vrai,"En cours de réalisation",
726d0cd7-b9d1-4a33-854e-632c67e195c0,"ABC des Balcons du Dauphiné","CC Les Balcons du Dauphiné","Etablissement public de coopération intercommunale (EPCI)",Saint-Marcel-Bel-Accueil,38415,2022,Vrai,"En cours de réalisation",
726d0cd7-b9d1-4a33-854e-632c67e195c0,"ABC des Balcons du Dauphiné","CC Les Balcons du Dauphiné","Etablissement public de coopération intercommunale (EPCI)",Porcieu-Amblagnieu,38320,2022,Vrai,"En cours de réalisation",
fbf93927-f32d-44e5-b562-c6958bfe1e55,"ABC des Côtes de Corps","Les Côtes-de-Corps",Commune,"Les Côtes-de-Corps",38132,2021,Vrai,"En cours de réalisation",
1e3c3e5f-fd60-45fd-8958-3c7908734c4a,"ABC des Deux Vallées","CC des Deux Vallées","Etablissement public de coopération intercommunale (EPCI)",Bailly,60043,2018,Vrai,Fini,https://www.deuxvallees.fr/record/la-biodiversite-la-loupe
1e3c3e5f-fd60-45fd-8958-3c7908734c4a,"ABC des Deux Vallées","CC des Deux Vallées","Etablissement public de coopération intercommunale (EPCI)",Cambronne-lès-Ribécourt,60119,2018,Vrai,Fini,https://www.deuxvallees.fr/record/la-biodiversite-la-loupe
1e3c3e5f-fd60-45fd-8958-3c7908734c4a,"ABC des Deux Vallées","CC des Deux Vallées","Etablissement public de coopération intercommunale (EPCI)",Chevincourt,60147,2018,Vrai,Fini,https://www.deuxvallees.fr/record/la-biodiversite-la-loupe
1e3c3e5f-fd60-45fd-8958-3c7908734c4a,"ABC des Deux Vallées","CC des Deux Vallées","Etablissement public de coopération intercommunale (EPCI)",Chiry-Ourscamp,60150,2018,Vrai,Fini,https://www.deuxvallees.fr/record/la-biodiversite-la-loupe
1e3c3e5f-fd60-45fd-8958-3c7908734c4a,"ABC des Deux Vallées","CC des Deux Vallées","Etablissement public de coopération intercommunale (EPCI)",Longueil-Annel,60368,2018,Vrai,Fini,https://www.deuxvallees.fr/record/la-biodiversite-la-loupe
1e3c3e5f-fd60-45fd-8958-3c7908734c4a,"ABC des Deux Vallées","CC des Deux Vallées","Etablissement public de coopération intercommunale (EPCI)",Machemont,60373,2018,Vrai,Fini,https://www.deuxvallees.fr/record/la-biodiversite-la-loupe
1e3c3e5f-fd60-45fd-8958-3c7908734c4a,"ABC des Deux Vallées","CC des Deux Vallées","Etablissement public de coopération intercommunale (EPCI)",Marest-sur-Matz,60378,2018,Vrai,Fini,https://www.deuxvallees.fr/record/la-biodiversite-la-loupe
1e3c3e5f-fd60-45fd-8958-3c7908734c4a,"ABC des Deux Vallées","CC des Deux Vallées","Etablissement public de coopération intercommunale (EPCI)",Mélicocq,60392,2018,Vrai,Fini,https://www.deuxvallees.fr/record/la-biodiversite-la-loupe
1e3c3e5f-fd60-45fd-8958-3c7908734c4a,"ABC des Deux Vallées","CC des Deux Vallées","Etablissement public de coopération intercommunale (EPCI)",Montmacq,60423,2018,Vrai,Fini,https://www.deuxvallees.fr/record/la-biodiversite-la-loupe
1e3c3e5f-fd60-45fd-8958-3c7908734c4a,"ABC des Deux Vallées","CC des Deux Vallées","Etablissement public de coopération intercommunale (EPCI)",Pimprez,60492,2018,Vrai,Fini,https://www.deuxvallees.fr/record/la-biodiversite-la-loupe
1e3c3e5f-fd60-45fd-8958-3c7908734c4a,"ABC des Deux Vallées","CC des Deux Vallées","Etablissement public de coopération intercommunale (EPCI)","Le Plessis-Brion",60501,2018,Vrai,Fini,https://www.deuxvallees.fr/record/la-biodiversite-la-loupe
1e3c3e5f-fd60-45fd-8958-3c7908734c4a,"ABC des Deux Vallées","CC des Deux Vallées","Etablissement public de coopération intercommunale (EPCI)",Ribécourt-Dreslincourt,60537,2018,Vrai,Fini,https://www.deuxvallees.fr/record/la-biodiversite-la-loupe
1e3c3e5f-fd60-45fd-8958-3c7908734c4a,"ABC des Deux Vallées","CC des Deux Vallées","Etablissement public de coopération intercommunale (EPCI)",Saint-Léger-aux-Bois,60582,2018,Vrai,Fini,https://www.deuxvallees.fr/record/la-biodiversite-la-loupe
1e3c3e5f-fd60-45fd-8958-3c7908734c4a,"ABC des Deux Vallées","CC des Deux Vallées","Etablissement public de coopération intercommunale (EPCI)",Thourotte,60636,2018,Vrai,Fini,https://www.deuxvallees.fr/record/la-biodiversite-la-loupe
1e3c3e5f-fd60-45fd-8958-3c7908734c4a,"ABC des Deux Vallées","CC des Deux Vallées","Etablissement public de coopération intercommunale (EPCI)",Tracy-le-Val,60642,2018,Vrai,Fini,https://www.deuxvallees.fr/record/la-biodiversite-la-loupe
1e3c3e5f-fd60-45fd-8958-3c7908734c4a,"ABC des Deux Vallées","CC des Deux Vallées","Etablissement public de coopération intercommunale (EPCI)",Vandélicourt,60654,2018,Vrai,Fini,https://www.deuxvallees.fr/record/la-biodiversite-la-loupe
b12708f0-ea46-430d-8b89-3610f6ef9f94,"ABC des Grands Lacs","CC des Grands Lacs","Etablissement public de coopération intercommunale (EPCI)",Sanguinet,40287,2021,Vrai,"En cours de réalisation",
b12708f0-ea46-430d-8b89-3610f6ef9f94,"ABC des Grands Lacs","CC des Grands Lacs","Etablissement public de coopération intercommunale (EPCI)",Biscarrosse,40046,2021,Vrai,"En cours de réalisation",
b12708f0-ea46-430d-8b89-3610f6ef9f94,"ABC des Grands Lacs","CC des Grands Lacs","Etablissement public de coopération intercommunale (EPCI)",Parentis-en-Born,40217,2021,Vrai,"En cours de réalisation",
b12708f0-ea46-430d-8b89-3610f6ef9f94,"ABC des Grands Lacs","CC des Grands Lacs","Etablissement public de coopération intercommunale (EPCI)",Gastes,40108,2021,Vrai,"En cours de réalisation",
b12708f0-ea46-430d-8b89-3610f6ef9f94,"ABC des Grands Lacs","CC des Grands Lacs","Etablissement public de coopération intercommunale (EPCI)",Ychoux,40332,2021,Vrai,"En cours de réalisation",
b12708f0-ea46-430d-8b89-3610f6ef9f94,"ABC des Grands Lacs","CC des Grands Lacs","Etablissement public de coopération intercommunale (EPCI)",Sainte-Eulalie-en-Born,40257,2021,Vrai,"En cours de réalisation",
b12708f0-ea46-430d-8b89-3610f6ef9f94,"ABC des Grands Lacs","CC des Grands Lacs","Etablissement public de coopération intercommunale (EPCI)",Lüe,40163,2021,Vrai,"En cours de réalisation",
438dea7a-4a41-4f51-85c2-b8e1495e4c62,"ABC des mares du Nord Grande-Terre","CA du Nord Grande Terre","Etablissement public de coopération intercommunale (EPCI)",Anse-Bertrand,97102,2019,Vrai,"En cours de réalisation",
438dea7a-4a41-4f51-85c2-b8e1495e4c62,"ABC des mares du Nord Grande-Terre","CA du Nord Grande Terre","Etablissement public de coopération intercommunale (EPCI)",Port-Louis,97122,2019,Vrai,"En cours de réalisation",
438dea7a-4a41-4f51-85c2-b8e1495e4c62,"ABC des mares du Nord Grande-Terre","CA du Nord Grande Terre","Etablissement public de coopération intercommunale (EPCI)",Petit-Canal,97119,2019,Vrai,"En cours de réalisation",
438dea7a-4a41-4f51-85c2-b8e1495e4c62,"ABC des mares du Nord Grande-Terre","CA du Nord Grande Terre","Etablissement public de coopération intercommunale (EPCI)",Morne-à-l'Eau,97116,2019,Vrai,"En cours de réalisation",
438dea7a-4a41-4f51-85c2-b8e1495e4c62,"ABC des mares du Nord Grande-Terre","CA du Nord Grande Terre","Etablissement public de coopération intercommunale (EPCI)","Le Moule",97117,2019,Vrai,"En cours de réalisation",
e46060e0-7bf8-4e03-ad62-7d9134979721,"ABC des sources du Salembre (Saint-Aquilin)",,"Établissement public territorial de bassin (EPTB)",Saint-Aquilin,24371,2022,Vrai,"En phase de lancement",
90503c1f-2ea2-4660-9403-353e02b309ef,"ABC du Bocage Bourbonnais","CC du Bocage Bourbonnais","Etablissement public de coopération intercommunale (EPCI)",Agonges,03002,2017,Vrai,Fini,http://cen-allier.org/atlas-de-biodiversite-communale-du-bocage-bourbonnais/
90503c1f-2ea2-4660-9403-353e02b309ef,"ABC du Bocage Bourbonnais","CC du Bocage Bourbonnais","Etablissement public de coopération intercommunale (EPCI)",Autry-Issards,03012,2017,Vrai,Fini,http://cen-allier.org/atlas-de-biodiversite-communale-du-bocage-bourbonnais/
90503c1f-2ea2-4660-9403-353e02b309ef,"ABC du Bocage Bourbonnais","CC du Bocage Bourbonnais","Etablissement public de coopération intercommunale (EPCI)",Bourbon-l'Archambault,03036,2017,Vrai,Fini,http://cen-allier.org/atlas-de-biodiversite-communale-du-bocage-bourbonnais/
90503c1f-2ea2-4660-9403-353e02b309ef,"ABC du Bocage Bourbonnais","CC du Bocage Bourbonnais","Etablissement public de coopération intercommunale (EPCI)",Buxières-les-Mines,03046,2017,Vrai,Fini,http://cen-allier.org/atlas-de-biodiversite-communale-du-bocage-bourbonnais/
90503c1f-2ea2-4660-9403-353e02b309ef,"ABC du Bocage Bourbonnais","CC du Bocage Bourbonnais","Etablissement public de coopération intercommunale (EPCI)",Châtel-de-Neuvre,03065,2017,Vrai,Fini,http://cen-allier.org/atlas-de-biodiversite-communale-du-bocage-bourbonnais/
90503c1f-2ea2-4660-9403-353e02b309ef,"ABC du Bocage Bourbonnais","CC du Bocage Bourbonnais","Etablissement public de coopération intercommunale (EPCI)",Châtillon,03069,2017,Vrai,Fini,http://cen-allier.org/atlas-de-biodiversite-communale-du-bocage-bourbonnais/
90503c1f-2ea2-4660-9403-353e02b309ef,"ABC du Bocage Bourbonnais","CC du Bocage Bourbonnais","Etablissement public de coopération intercommunale (EPCI)",Cressanges,03092,2017,Vrai,Fini,http://cen-allier.org/atlas-de-biodiversite-communale-du-bocage-bourbonnais/
90503c1f-2ea2-4660-9403-353e02b309ef,"ABC du Bocage Bourbonnais","CC du Bocage Bourbonnais","Etablissement public de coopération intercommunale (EPCI)",Deux-Chaises,03099,2017,Vrai,Fini,http://cen-allier.org/atlas-de-biodiversite-communale-du-bocage-bourbonnais/
90503c1f-2ea2-4660-9403-353e02b309ef,"ABC du Bocage Bourbonnais","CC du Bocage Bourbonnais","Etablissement public de coopération intercommunale (EPCI)",Franchesse,03117,2017,Vrai,Fini,http://cen-allier.org/atlas-de-biodiversite-communale-du-bocage-bourbonnais/
90503c1f-2ea2-4660-9403-353e02b309ef,"ABC du Bocage Bourbonnais","CC du Bocage Bourbonnais","Etablissement public de coopération intercommunale (EPCI)",Gipcy,03122,2017,Vrai,Fini,http://cen-allier.org/atlas-de-biodiversite-communale-du-bocage-bourbonnais/
90503c1f-2ea2-4660-9403-353e02b309ef,"ABC du Bocage Bourbonnais","CC du Bocage Bourbonnais","Etablissement public de coopération intercommunale (EPCI)","Le Montet",03183,2017,Vrai,Fini,http://cen-allier.org/atlas-de-biodiversite-communale-du-bocage-bourbonnais/
90503c1f-2ea2-4660-9403-353e02b309ef,"ABC du Bocage Bourbonnais","CC du Bocage Bourbonnais","Etablissement public de coopération intercommunale (EPCI)",Louroux-Bourbonnais,03150,2017,Vrai,Fini,http://cen-allier.org/atlas-de-biodiversite-communale-du-bocage-bourbonnais/
90503c1f-2ea2-4660-9403-353e02b309ef,"ABC du Bocage Bourbonnais","CC du Bocage Bourbonnais","Etablissement public de coopération intercommunale (EPCI)",Meillard,03169,2017,Vrai,Fini,http://cen-allier.org/atlas-de-biodiversite-communale-du-bocage-bourbonnais/
90503c1f-2ea2-4660-9403-353e02b309ef,"ABC du Bocage Bourbonnais","CC du Bocage Bourbonnais","Etablissement public de coopération intercommunale (EPCI)",Meillers,03170,2017,Vrai,Fini,http://cen-allier.org/atlas-de-biodiversite-communale-du-bocage-bourbonnais/
90503c1f-2ea2-4660-9403-353e02b309ef,"ABC du Bocage Bourbonnais","CC du Bocage Bourbonnais","Etablissement public de coopération intercommunale (EPCI)",Noyant-d'Allier,03202,2017,Vrai,Fini,http://cen-allier.org/atlas-de-biodiversite-communale-du-bocage-bourbonnais/
90503c1f-2ea2-4660-9403-353e02b309ef,"ABC du Bocage Bourbonnais","CC du Bocage Bourbonnais","Etablissement public de coopération intercommunale (EPCI)",Rocles,03214,2017,Vrai,Fini,http://cen-allier.org/atlas-de-biodiversite-communale-du-bocage-bourbonnais/
90503c1f-2ea2-4660-9403-353e02b309ef,"ABC du Bocage Bourbonnais","CC du Bocage Bourbonnais","Etablissement public de coopération intercommunale (EPCI)",Saint-Aubin-le-Monial,03218,2017,Vrai,Fini,http://cen-allier.org/atlas-de-biodiversite-communale-du-bocage-bourbonnais/
90503c1f-2ea2-4660-9403-353e02b309ef,"ABC du Bocage Bourbonnais","CC du Bocage Bourbonnais","Etablissement public de coopération intercommunale (EPCI)",Saint-Hilaire,03238,2017,Vrai,Fini,http://cen-allier.org/atlas-de-biodiversite-communale-du-bocage-bourbonnais/
90503c1f-2ea2-4660-9403-353e02b309ef,"ABC du Bocage Bourbonnais","CC du Bocage Bourbonnais","Etablissement public de coopération intercommunale (EPCI)",Saint-Menoux,03247,2017,Vrai,Fini,http://cen-allier.org/atlas-de-biodiversite-communale-du-bocage-bourbonnais/
90503c1f-2ea2-4660-9403-353e02b309ef,"ABC du Bocage Bourbonnais","CC du Bocage Bourbonnais","Etablissement public de coopération intercommunale (EPCI)",Saint-Plaisir,03251,2017,Vrai,Fini,http://cen-allier.org/atlas-de-biodiversite-communale-du-bocage-bourbonnais/
90503c1f-2ea2-4660-9403-353e02b309ef,"ABC du Bocage Bourbonnais","CC du Bocage Bourbonnais","Etablissement public de coopération intercommunale (EPCI)",Saint-Sornin,03260,2017,Vrai,Fini,http://cen-allier.org/atlas-de-biodiversite-communale-du-bocage-bourbonnais/
90503c1f-2ea2-4660-9403-353e02b309ef,"ABC du Bocage Bourbonnais","CC du Bocage Bourbonnais","Etablissement public de coopération intercommunale (EPCI)",Treban,03287,2017,Vrai,Fini,http://cen-allier.org/atlas-de-biodiversite-communale-du-bocage-bourbonnais/
90503c1f-2ea2-4660-9403-353e02b309ef,"ABC du Bocage Bourbonnais","CC du Bocage Bourbonnais","Etablissement public de coopération intercommunale (EPCI)",Tronget,03292,2017,Vrai,Fini,http://cen-allier.org/atlas-de-biodiversite-communale-du-bocage-bourbonnais/
90503c1f-2ea2-4660-9403-353e02b309ef,"ABC du Bocage Bourbonnais","CC du Bocage Bourbonnais","Etablissement public de coopération intercommunale (EPCI)",Vieure,03312,2017,Vrai,Fini,http://cen-allier.org/atlas-de-biodiversite-communale-du-bocage-bourbonnais/
90503c1f-2ea2-4660-9403-353e02b309ef,"ABC du Bocage Bourbonnais","CC du Bocage Bourbonnais","Etablissement public de coopération intercommunale (EPCI)",Ygrande,03320,2017,Vrai,Fini,http://cen-allier.org/atlas-de-biodiversite-communale-du-bocage-bourbonnais/
6faff594-4557-47f2-b60f-a3eb9432c030,"ABC du Bourget du Lac","Le Bourget-du-Lac",Commune,"Le Bourget-du-Lac",73051,2021,Vrai,"En cours de réalisation",
98c5c276-d3c9-4082-b38c-be23ebb30134,"ABC du Cannet des Maures","Le Cannet-des-Maures",Commune,"Le Cannet-des-Maures",83031,2021,Vrai,"En cours de réalisation",https://www.lecannetdesmaures.com/cadre-de-vie/abc-atlas-de-la-biodiversite-communale
0ae22eef-5ec1-474d-9dc1-83eb2bef153b,"ABC du Centre-Ouest","CC du Centre-Ouest","Etablissement public de coopération intercommunale (EPCI)",Chiconi,97605,2017,Vrai,"En cours de réalisation",
0ae22eef-5ec1-474d-9dc1-83eb2bef153b,"ABC du Centre-Ouest","CC du Centre-Ouest","Etablissement public de coopération intercommunale (EPCI)",M'Tsangamouji,97613,2017,Vrai,"En cours de réalisation",
0ae22eef-5ec1-474d-9dc1-83eb2bef153b,"ABC du Centre-Ouest","CC du Centre-Ouest","Etablissement public de coopération intercommunale (EPCI)",Ouangani,97614,2017,Vrai,"En cours de réalisation",
0ae22eef-5ec1-474d-9dc1-83eb2bef153b,"ABC du Centre-Ouest","CC du Centre-Ouest","Etablissement public de coopération intercommunale (EPCI)",Sada,97616,2017,Vrai,"En cours de réalisation",
0ae22eef-5ec1-474d-9dc1-83eb2bef153b,"ABC du Centre-Ouest","CC du Centre-Ouest","Etablissement public de coopération intercommunale (EPCI)",Tsingoni,97617,2017,Vrai,"En cours de réalisation",
e6844d9b-cb11-4fb1-9940-2cc4203041db,"ABC du Gosier","Le Gosier",Commune,"Le Gosier",97113,2021,Vrai,"En cours de réalisation",
e2b1c26f-eec3-427b-a30a-878bb6570d0a,"ABC du Grand Auch Cœur de Gascogne","CA Grand Auch Coeur de Gascogne","Etablissement public de coopération intercommunale (EPCI)",Antras,32003,2018,Faux,"En cours de réalisation",
e2b1c26f-eec3-427b-a30a-878bb6570d0a,"ABC du Grand Auch Cœur de Gascogne","CA Grand Auch Coeur de Gascogne","Etablissement public de coopération intercommunale (EPCI)",Auch,32013,2018,Faux,"En cours de réalisation",
e2b1c26f-eec3-427b-a30a-878bb6570d0a,"ABC du Grand Auch Cœur de Gascogne","CA Grand Auch Coeur de Gascogne","Etablissement public de coopération intercommunale (EPCI)",Augnax,32014,2018,Faux,"En cours de réalisation",
e2b1c26f-eec3-427b-a30a-878bb6570d0a,"ABC du Grand Auch Cœur de Gascogne","CA Grand Auch Coeur de Gascogne","Etablissement public de coopération intercommunale (EPCI)",Auterive,32019,2018,Faux,"En cours de réalisation",
e2b1c26f-eec3-427b-a30a-878bb6570d0a,"ABC du Grand Auch Cœur de Gascogne","CA Grand Auch Coeur de Gascogne","Etablissement public de coopération intercommunale (EPCI)",Ayguetinte,32024,2018,Faux,"En cours de réalisation",
e2b1c26f-eec3-427b-a30a-878bb6570d0a,"ABC du Grand Auch Cœur de Gascogne","CA Grand Auch Coeur de Gascogne","Etablissement public de coopération intercommunale (EPCI)",Biran,32054,2018,Faux,"En cours de réalisation",
e2b1c26f-eec3-427b-a30a-878bb6570d0a,"ABC du Grand Auch Cœur de Gascogne","CA Grand Auch Coeur de Gascogne","Etablissement public de coopération intercommunale (EPCI)",Bonas,32059,2018,Faux,"En cours de réalisation",
e2b1c26f-eec3-427b-a30a-878bb6570d0a,"ABC du Grand Auch Cœur de Gascogne","CA Grand Auch Coeur de Gascogne","Etablissement public de coopération intercommunale (EPCI)",Castelnau-Barbarens,32076,2018,Faux,"En cours de réalisation",
e2b1c26f-eec3-427b-a30a-878bb6570d0a,"ABC du Grand Auch Cœur de Gascogne","CA Grand Auch Coeur de Gascogne","Etablissement public de coopération intercommunale (EPCI)",Castéra-Verduzan,32083,2018,Faux,"En cours de réalisation",
e2b1c26f-eec3-427b-a30a-878bb6570d0a,"ABC du Grand Auch Cœur de Gascogne","CA Grand Auch Coeur de Gascogne","Etablissement public de coopération intercommunale (EPCI)",Castillon-Massas,32089,2018,Faux,"En cours de réalisation",
e2b1c26f-eec3-427b-a30a-878bb6570d0a,"ABC du Grand Auch Cœur de Gascogne","CA Grand Auch Coeur de Gascogne","Etablissement public de coopération intercommunale (EPCI)",Castin,32091,2018,Faux,"En cours de réalisation",
e2b1c26f-eec3-427b-a30a-878bb6570d0a,"ABC du Grand Auch Cœur de Gascogne","CA Grand Auch Coeur de Gascogne","Etablissement public de coopération intercommunale (EPCI)",Crastes,32112,2018,Faux,"En cours de réalisation",
e2b1c26f-eec3-427b-a30a-878bb6570d0a,"ABC du Grand Auch Cœur de Gascogne","CA Grand Auch Coeur de Gascogne","Etablissement public de coopération intercommunale (EPCI)",Duran,32117,2018,Faux,"En cours de réalisation",
e2b1c26f-eec3-427b-a30a-878bb6570d0a,"ABC du Grand Auch Cœur de Gascogne","CA Grand Auch Coeur de Gascogne","Etablissement public de coopération intercommunale (EPCI)",Jegun,32162,2018,Faux,"En cours de réalisation",
e2b1c26f-eec3-427b-a30a-878bb6570d0a,"ABC du Grand Auch Cœur de Gascogne","CA Grand Auch Coeur de Gascogne","Etablissement public de coopération intercommunale (EPCI)",Lahitte,32183,2018,Faux,"En cours de réalisation",
e2b1c26f-eec3-427b-a30a-878bb6570d0a,"ABC du Grand Auch Cœur de Gascogne","CA Grand Auch Coeur de Gascogne","Etablissement public de coopération intercommunale (EPCI)",Lavardens,32204,2018,Faux,"En cours de réalisation",
e2b1c26f-eec3-427b-a30a-878bb6570d0a,"ABC du Grand Auch Cœur de Gascogne","CA Grand Auch Coeur de Gascogne","Etablissement public de coopération intercommunale (EPCI)",Leboulin,32207,2018,Faux,"En cours de réalisation",
e2b1c26f-eec3-427b-a30a-878bb6570d0a,"ABC du Grand Auch Cœur de Gascogne","CA Grand Auch Coeur de Gascogne","Etablissement public de coopération intercommunale (EPCI)",Mérens,32251,2018,Faux,"En cours de réalisation",
e2b1c26f-eec3-427b-a30a-878bb6570d0a,"ABC du Grand Auch Cœur de Gascogne","CA Grand Auch Coeur de Gascogne","Etablissement public de coopération intercommunale (EPCI)",Mirepoix,32258,2018,Faux,"En cours de réalisation",
e2b1c26f-eec3-427b-a30a-878bb6570d0a,"ABC du Grand Auch Cœur de Gascogne","CA Grand Auch Coeur de Gascogne","Etablissement public de coopération intercommunale (EPCI)",Montaut-les-Créneaux,32279,2018,Faux,"En cours de réalisation",
e2b1c26f-eec3-427b-a30a-878bb6570d0a,"ABC du Grand Auch Cœur de Gascogne","CA Grand Auch Coeur de Gascogne","Etablissement public de coopération intercommunale (EPCI)",Montégut,32282,2018,Faux,"En cours de réalisation",
e2b1c26f-eec3-427b-a30a-878bb6570d0a,"ABC du Grand Auch Cœur de Gascogne","CA Grand Auch Coeur de Gascogne","Etablissement public de coopération intercommunale (EPCI)",Nougaroulet,32298,2018,Faux,"En cours de réalisation",
e2b1c26f-eec3-427b-a30a-878bb6570d0a,"ABC du Grand Auch Cœur de Gascogne","CA Grand Auch Coeur de Gascogne","Etablissement public de coopération intercommunale (EPCI)",Ordan-Larroque,32301,2018,Faux,"En cours de réalisation",
e2b1c26f-eec3-427b-a30a-878bb6570d0a,"ABC du Grand Auch Cœur de Gascogne","CA Grand Auch Coeur de Gascogne","Etablissement public de coopération intercommunale (EPCI)",Pavie,32307,2018,Faux,"En cours de réalisation",
e2b1c26f-eec3-427b-a30a-878bb6570d0a,"ABC du Grand Auch Cœur de Gascogne","CA Grand Auch Coeur de Gascogne","Etablissement public de coopération intercommunale (EPCI)",Pessan,32312,2018,Faux,"En cours de réalisation",
e2b1c26f-eec3-427b-a30a-878bb6570d0a,"ABC du Grand Auch Cœur de Gascogne","CA Grand Auch Coeur de Gascogne","Etablissement public de coopération intercommunale (EPCI)",Peyrusse-Massas,32316,2018,Faux,"En cours de réalisation",
e2b1c26f-eec3-427b-a30a-878bb6570d0a,"ABC du Grand Auch Cœur de Gascogne","CA Grand Auch Coeur de Gascogne","Etablissement public de coopération intercommunale (EPCI)",Preignan,32331,2018,Faux,"En cours de réalisation",
e2b1c26f-eec3-427b-a30a-878bb6570d0a,"ABC du Grand Auch Cœur de Gascogne","CA Grand Auch Coeur de Gascogne","Etablissement public de coopération intercommunale (EPCI)",Puycasquier,32335,2018,Faux,"En cours de réalisation",
e2b1c26f-eec3-427b-a30a-878bb6570d0a,"ABC du Grand Auch Cœur de Gascogne","CA Grand Auch Coeur de Gascogne","Etablissement public de coopération intercommunale (EPCI)",Roquefort,32347,2018,Faux,"En cours de réalisation",
e2b1c26f-eec3-427b-a30a-878bb6570d0a,"ABC du Grand Auch Cœur de Gascogne","CA Grand Auch Coeur de Gascogne","Etablissement public de coopération intercommunale (EPCI)",Roquelaure,32348,2018,Faux,"En cours de réalisation",
e2b1c26f-eec3-427b-a30a-878bb6570d0a,"ABC du Grand Auch Cœur de Gascogne","CA Grand Auch Coeur de Gascogne","Etablissement public de coopération intercommunale (EPCI)",Sainte-Christie,32368,2018,Faux,"En cours de réalisation",
e2b1c26f-eec3-427b-a30a-878bb6570d0a,"ABC du Grand Auch Cœur de Gascogne","CA Grand Auch Coeur de Gascogne","Etablissement public de coopération intercommunale (EPCI)",Saint-Jean-Poutge,32382,2018,Faux,"En cours de réalisation",
e2b1c26f-eec3-427b-a30a-878bb6570d0a,"ABC du Grand Auch Cœur de Gascogne","CA Grand Auch Coeur de Gascogne","Etablissement public de coopération intercommunale (EPCI)",Saint-Lary,32384,2018,Faux,"En cours de réalisation",
e2b1c26f-eec3-427b-a30a-878bb6570d0a,"ABC du Grand Auch Cœur de Gascogne","CA Grand Auch Coeur de Gascogne","Etablissement public de coopération intercommunale (EPCI)",Tourrenquets,32453,2018,Faux,"En cours de réalisation",
434d9776-c920-41ef-8b15-b51ff9836dd3,"ABC du Grand Nancy","Métropole du Grand Nancy","Etablissement public de coopération intercommunale (EPCI)",Nancy,54395,2020,Vrai,"En cours de réalisation",
434d9776-c920-41ef-8b15-b51ff9836dd3,"ABC du Grand Nancy","Métropole du Grand Nancy","Etablissement public de coopération intercommunale (EPCI)",Art-sur-Meurthe,54025,2020,Vrai,"En cours de réalisation",
434d9776-c920-41ef-8b15-b51ff9836dd3,"ABC du Grand Nancy","Métropole du Grand Nancy","Etablissement public de coopération intercommunale (EPCI)",Dommartemont,54165,2020,Vrai,"En cours de réalisation",
434d9776-c920-41ef-8b15-b51ff9836dd3,"ABC du Grand Nancy","Métropole du Grand Nancy","Etablissement public de coopération intercommunale (EPCI)",Essey-lès-Nancy,54184,2020,Vrai,"En cours de réalisation",
434d9776-c920-41ef-8b15-b51ff9836dd3,"ABC du Grand Nancy","Métropole du Grand Nancy","Etablissement public de coopération intercommunale (EPCI)",Fléville-devant-Nancy,54197,2020,Vrai,"En cours de réalisation",
434d9776-c920-41ef-8b15-b51ff9836dd3,"ABC du Grand Nancy","Métropole du Grand Nancy","Etablissement public de coopération intercommunale (EPCI)",Heillecourt,54257,2020,Vrai,"En cours de réalisation",
434d9776-c920-41ef-8b15-b51ff9836dd3,"ABC du Grand Nancy","Métropole du Grand Nancy","Etablissement public de coopération intercommunale (EPCI)",Houdemont,54265,2020,Vrai,"En cours de réalisation",
434d9776-c920-41ef-8b15-b51ff9836dd3,"ABC du Grand Nancy","Métropole du Grand Nancy","Etablissement public de coopération intercommunale (EPCI)",Jarville-la-Malgrange,54274,2020,Vrai,"En cours de réalisation",
434d9776-c920-41ef-8b15-b51ff9836dd3,"ABC du Grand Nancy","Métropole du Grand Nancy","Etablissement public de coopération intercommunale (EPCI)",Laneuveville-devant-Nancy,54300,2020,Vrai,"En cours de réalisation",
434d9776-c920-41ef-8b15-b51ff9836dd3,"ABC du Grand Nancy","Métropole du Grand Nancy","Etablissement public de coopération intercommunale (EPCI)",Laxou,54304,2020,Vrai,"En cours de réalisation",
434d9776-c920-41ef-8b15-b51ff9836dd3,"ABC du Grand Nancy","Métropole du Grand Nancy","Etablissement public de coopération intercommunale (EPCI)",Ludres,54328,2020,Vrai,"En cours de réalisation",
434d9776-c920-41ef-8b15-b51ff9836dd3,"ABC du Grand Nancy","Métropole du Grand Nancy","Etablissement public de coopération intercommunale (EPCI)",Malzéville,54339,2020,Vrai,"En cours de réalisation",
434d9776-c920-41ef-8b15-b51ff9836dd3,"ABC du Grand Nancy","Métropole du Grand Nancy","Etablissement public de coopération intercommunale (EPCI)",Pulnoy,54439,2020,Vrai,"En cours de réalisation",
434d9776-c920-41ef-8b15-b51ff9836dd3,"ABC du Grand Nancy","Métropole du Grand Nancy","Etablissement public de coopération intercommunale (EPCI)",Saint-Max,54482,2020,Vrai,"En cours de réalisation",
434d9776-c920-41ef-8b15-b51ff9836dd3,"ABC du Grand Nancy","Métropole du Grand Nancy","Etablissement public de coopération intercommunale (EPCI)",Saulxures-lès-Nancy,54495,2020,Vrai,"En cours de réalisation",
434d9776-c920-41ef-8b15-b51ff9836dd3,"ABC du Grand Nancy","Métropole du Grand Nancy","Etablissement public de coopération intercommunale (EPCI)",Seichamps,54498,2020,Vrai,"En cours de réalisation",
434d9776-c920-41ef-8b15-b51ff9836dd3,"ABC du Grand Nancy","Métropole du Grand Nancy","Etablissement public de coopération intercommunale (EPCI)",Tomblaine,54526,2020,Vrai,"En cours de réalisation",
434d9776-c920-41ef-8b15-b51ff9836dd3,"ABC du Grand Nancy","Métropole du Grand Nancy","Etablissement public de coopération intercommunale (EPCI)",Vand½uvre-lès-Nancy,54547,2020,Vrai,"En cours de réalisation",
434d9776-c920-41ef-8b15-b51ff9836dd3,"ABC du Grand Nancy","Métropole du Grand Nancy","Etablissement public de coopération intercommunale (EPCI)",Villers-lès-Nancy,54578,2020,Vrai,"En cours de réalisation",
434d9776-c920-41ef-8b15-b51ff9836dd3,"ABC du Grand Nancy","Métropole du Grand Nancy","Etablissement public de coopération intercommunale (EPCI)",Maxéville,54357,2020,Vrai,"En cours de réalisation",
4e9aa9c8-a8e3-40e3-bb5e-180c915fb329,"ABC du Grand Paris Sud Seine Essonne Sénart","CA Grand Paris Sud Seine Essonne Sénart","Etablissement public de coopération intercommunale (EPCI)",Cesson,77067,2018,Faux,"En cours de réalisation",
4e9aa9c8-a8e3-40e3-bb5e-180c915fb329,"ABC du Grand Paris Sud Seine Essonne Sénart","CA Grand Paris Sud Seine Essonne Sénart","Etablissement public de coopération intercommunale (EPCI)",Combs-la-Ville,77122,2018,Faux,"En cours de réalisation",
4e9aa9c8-a8e3-40e3-bb5e-180c915fb329,"ABC du Grand Paris Sud Seine Essonne Sénart","CA Grand Paris Sud Seine Essonne Sénart","Etablissement public de coopération intercommunale (EPCI)",Lieusaint,77251,2018,Faux,"En cours de réalisation",
4e9aa9c8-a8e3-40e3-bb5e-180c915fb329,"ABC du Grand Paris Sud Seine Essonne Sénart","CA Grand Paris Sud Seine Essonne Sénart","Etablissement public de coopération intercommunale (EPCI)",Moissy-Cramayel,77296,2018,Faux,"En cours de réalisation",
4e9aa9c8-a8e3-40e3-bb5e-180c915fb329,"ABC du Grand Paris Sud Seine Essonne Sénart","CA Grand Paris Sud Seine Essonne Sénart","Etablissement public de coopération intercommunale (EPCI)",Nandy,77326,2018,Faux,"En cours de réalisation",
4e9aa9c8-a8e3-40e3-bb5e-180c915fb329,"ABC du Grand Paris Sud Seine Essonne Sénart","CA Grand Paris Sud Seine Essonne Sénart","Etablissement public de coopération intercommunale (EPCI)",Réau,77384,2018,Faux,"En cours de réalisation",
4e9aa9c8-a8e3-40e3-bb5e-180c915fb329,"ABC du Grand Paris Sud Seine Essonne Sénart","CA Grand Paris Sud Seine Essonne Sénart","Etablissement public de coopération intercommunale (EPCI)",Savigny-le-Temple,77445,2018,Faux,"En cours de réalisation",
4e9aa9c8-a8e3-40e3-bb5e-180c915fb329,"ABC du Grand Paris Sud Seine Essonne Sénart","CA Grand Paris Sud Seine Essonne Sénart","Etablissement public de coopération intercommunale (EPCI)",Vert-Saint-Denis,77495,2018,Faux,"En cours de réalisation",
4e9aa9c8-a8e3-40e3-bb5e-180c915fb329,"ABC du Grand Paris Sud Seine Essonne Sénart","CA Grand Paris Sud Seine Essonne Sénart","Etablissement public de coopération intercommunale (EPCI)",Bondoufle,91086,2018,Faux,"En cours de réalisation",
4e9aa9c8-a8e3-40e3-bb5e-180c915fb329,"ABC du Grand Paris Sud Seine Essonne Sénart","CA Grand Paris Sud Seine Essonne Sénart","Etablissement public de coopération intercommunale (EPCI)",Corbeil-Essonnes,91174,2018,Faux,"En cours de réalisation",
4e9aa9c8-a8e3-40e3-bb5e-180c915fb329,"ABC du Grand Paris Sud Seine Essonne Sénart","CA Grand Paris Sud Seine Essonne Sénart","Etablissement public de coopération intercommunale (EPCI)","Le Coudray-Montceaux",91179,2018,Faux,"En cours de réalisation",
4e9aa9c8-a8e3-40e3-bb5e-180c915fb329,"ABC du Grand Paris Sud Seine Essonne Sénart","CA Grand Paris Sud Seine Essonne Sénart","Etablissement public de coopération intercommunale (EPCI)",Étiolles,91225,2018,Faux,"En cours de réalisation",
4e9aa9c8-a8e3-40e3-bb5e-180c915fb329,"ABC du Grand Paris Sud Seine Essonne Sénart","CA Grand Paris Sud Seine Essonne Sénart","Etablissement public de coopération intercommunale (EPCI)",Évry-Courcouronnes,91228,2018,Faux,"En cours de réalisation",
4e9aa9c8-a8e3-40e3-bb5e-180c915fb329,"ABC du Grand Paris Sud Seine Essonne Sénart","CA Grand Paris Sud Seine Essonne Sénart","Etablissement public de coopération intercommunale (EPCI)",Grigny,91286,2018,Faux,"En cours de réalisation",
4e9aa9c8-a8e3-40e3-bb5e-180c915fb329,"ABC du Grand Paris Sud Seine Essonne Sénart","CA Grand Paris Sud Seine Essonne Sénart","Etablissement public de coopération intercommunale (EPCI)",Lisses,91340,2018,Faux,"En cours de réalisation",
4e9aa9c8-a8e3-40e3-bb5e-180c915fb329,"ABC du Grand Paris Sud Seine Essonne Sénart","CA Grand Paris Sud Seine Essonne Sénart","Etablissement public de coopération intercommunale (EPCI)",Morsang-sur-Seine,91435,2018,Faux,"En cours de réalisation",
4e9aa9c8-a8e3-40e3-bb5e-180c915fb329,"ABC du Grand Paris Sud Seine Essonne Sénart","CA Grand Paris Sud Seine Essonne Sénart","Etablissement public de coopération intercommunale (EPCI)",Ris-Orangis,91521,2018,Faux,"En cours de réalisation",
4e9aa9c8-a8e3-40e3-bb5e-180c915fb329,"ABC du Grand Paris Sud Seine Essonne Sénart","CA Grand Paris Sud Seine Essonne Sénart","Etablissement public de coopération intercommunale (EPCI)",Saint-Germain-lès-Corbeil,91553,2018,Faux,"En cours de réalisation",
4e9aa9c8-a8e3-40e3-bb5e-180c915fb329,"ABC du Grand Paris Sud Seine Essonne Sénart","CA Grand Paris Sud Seine Essonne Sénart","Etablissement public de coopération intercommunale (EPCI)",Saint-Pierre-du-Perray,91573,2018,Faux,"En cours de réalisation",
4e9aa9c8-a8e3-40e3-bb5e-180c915fb329,"ABC du Grand Paris Sud Seine Essonne Sénart","CA Grand Paris Sud Seine Essonne Sénart","Etablissement public de coopération intercommunale (EPCI)",Saintry-sur-Seine,91577,2018,Faux,"En cours de réalisation",
4e9aa9c8-a8e3-40e3-bb5e-180c915fb329,"ABC du Grand Paris Sud Seine Essonne Sénart","CA Grand Paris Sud Seine Essonne Sénart","Etablissement public de coopération intercommunale (EPCI)",Soisy-sur-Seine,91600,2018,Faux,"En cours de réalisation",
4e9aa9c8-a8e3-40e3-bb5e-180c915fb329,"ABC du Grand Paris Sud Seine Essonne Sénart","CA Grand Paris Sud Seine Essonne Sénart","Etablissement public de coopération intercommunale (EPCI)",Tigery,91617,2018,Faux,"En cours de réalisation",
4e9aa9c8-a8e3-40e3-bb5e-180c915fb329,"ABC du Grand Paris Sud Seine Essonne Sénart","CA Grand Paris Sud Seine Essonne Sénart","Etablissement public de coopération intercommunale (EPCI)",Villabé,91659,2018,Faux,"En cours de réalisation",
05f4f822-cb59-4d78-a696-c7a2783f3045,"ABC du Grand Poitiers","CU du Grand Poitiers","Etablissement public de coopération intercommunale (EPCI)","Beaumont Saint-Cyr",86019,2021,Vrai,"En cours de réalisation",
05f4f822-cb59-4d78-a696-c7a2783f3045,"ABC du Grand Poitiers","CU du Grand Poitiers","Etablissement public de coopération intercommunale (EPCI)",Buxerolles,86041,2021,Vrai,"En cours de réalisation",
05f4f822-cb59-4d78-a696-c7a2783f3045,"ABC du Grand Poitiers","CU du Grand Poitiers","Etablissement public de coopération intercommunale (EPCI)",Bonnes,86031,2021,Vrai,"En cours de réalisation",
05f4f822-cb59-4d78-a696-c7a2783f3045,"ABC du Grand Poitiers","CU du Grand Poitiers","Etablissement public de coopération intercommunale (EPCI)",Bignoux,86028,2021,Vrai,"En cours de réalisation",
05f4f822-cb59-4d78-a696-c7a2783f3045,"ABC du Grand Poitiers","CU du Grand Poitiers","Etablissement public de coopération intercommunale (EPCI)",Biard,86027,2021,Vrai,"En cours de réalisation",
05f4f822-cb59-4d78-a696-c7a2783f3045,"ABC du Grand Poitiers","CU du Grand Poitiers","Etablissement public de coopération intercommunale (EPCI)",Béruges,86024,2021,Vrai,"En cours de réalisation",
05f4f822-cb59-4d78-a696-c7a2783f3045,"ABC du Grand Poitiers","CU du Grand Poitiers","Etablissement public de coopération intercommunale (EPCI)",Celle-Lévescault,86045,2021,Vrai,"En cours de réalisation",
05f4f822-cb59-4d78-a696-c7a2783f3045,"ABC du Grand Poitiers","CU du Grand Poitiers","Etablissement public de coopération intercommunale (EPCI)",Chasseneuil-du-Poitou,86062,2021,Vrai,"En cours de réalisation",
05f4f822-cb59-4d78-a696-c7a2783f3045,"ABC du Grand Poitiers","CU du Grand Poitiers","Etablissement public de coopération intercommunale (EPCI)",Chauvigny,86070,2021,Vrai,"En cours de réalisation",
05f4f822-cb59-4d78-a696-c7a2783f3045,"ABC du Grand Poitiers","CU du Grand Poitiers","Etablissement public de coopération intercommunale (EPCI)",Cloué,86080,2021,Vrai,"En cours de réalisation",
05f4f822-cb59-4d78-a696-c7a2783f3045,"ABC du Grand Poitiers","CU du Grand Poitiers","Etablissement public de coopération intercommunale (EPCI)",Coulombiers,86083,2021,Vrai,"En cours de réalisation",
05f4f822-cb59-4d78-a696-c7a2783f3045,"ABC du Grand Poitiers","CU du Grand Poitiers","Etablissement public de coopération intercommunale (EPCI)",Croutelle,86088,2021,Vrai,"En cours de réalisation",
05f4f822-cb59-4d78-a696-c7a2783f3045,"ABC du Grand Poitiers","CU du Grand Poitiers","Etablissement public de coopération intercommunale (EPCI)",Curzay-sur-Vonne,86091,2021,Vrai,"En cours de réalisation",
05f4f822-cb59-4d78-a696-c7a2783f3045,"ABC du Grand Poitiers","CU du Grand Poitiers","Etablissement public de coopération intercommunale (EPCI)",Dissay,86095,2021,Vrai,"En cours de réalisation",
05f4f822-cb59-4d78-a696-c7a2783f3045,"ABC du Grand Poitiers","CU du Grand Poitiers","Etablissement public de coopération intercommunale (EPCI)",Fontaine-le-Comte,86100,2021,Vrai,"En cours de réalisation",
05f4f822-cb59-4d78-a696-c7a2783f3045,"ABC du Grand Poitiers","CU du Grand Poitiers","Etablissement public de coopération intercommunale (EPCI)",Jardres,86114,2021,Vrai,"En cours de réalisation",
05f4f822-cb59-4d78-a696-c7a2783f3045,"ABC du Grand Poitiers","CU du Grand Poitiers","Etablissement public de coopération intercommunale (EPCI)",Jaunay-Marigny,86115,2021,Vrai,"En cours de réalisation",
05f4f822-cb59-4d78-a696-c7a2783f3045,"ABC du Grand Poitiers","CU du Grand Poitiers","Etablissement public de coopération intercommunale (EPCI)",Jazeneuil,86116,2021,Vrai,"En cours de réalisation",
05f4f822-cb59-4d78-a696-c7a2783f3045,"ABC du Grand Poitiers","CU du Grand Poitiers","Etablissement public de coopération intercommunale (EPCI)","La Chapelle-Moulière",86058,2021,Vrai,"En cours de réalisation",
05f4f822-cb59-4d78-a696-c7a2783f3045,"ABC du Grand Poitiers","CU du Grand Poitiers","Etablissement public de coopération intercommunale (EPCI)","La Puye",86202,2021,Vrai,"En cours de réalisation",
05f4f822-cb59-4d78-a696-c7a2783f3045,"ABC du Grand Poitiers","CU du Grand Poitiers","Etablissement public de coopération intercommunale (EPCI)",Lavoux,86124,2021,Vrai,"En cours de réalisation",
05f4f822-cb59-4d78-a696-c7a2783f3045,"ABC du Grand Poitiers","CU du Grand Poitiers","Etablissement public de coopération intercommunale (EPCI)",Ligugé,86133,2021,Vrai,"En cours de réalisation",
05f4f822-cb59-4d78-a696-c7a2783f3045,"ABC du Grand Poitiers","CU du Grand Poitiers","Etablissement public de coopération intercommunale (EPCI)",Liniers,86135,2021,Vrai,"En cours de réalisation",
05f4f822-cb59-4d78-a696-c7a2783f3045,"ABC du Grand Poitiers","CU du Grand Poitiers","Etablissement public de coopération intercommunale (EPCI)",Lusignan,86139,2021,Vrai,"En cours de réalisation",
05f4f822-cb59-4d78-a696-c7a2783f3045,"ABC du Grand Poitiers","CU du Grand Poitiers","Etablissement public de coopération intercommunale (EPCI)",Mignaloux-Beauvoir,86157,2021,Vrai,"En cours de réalisation",
05f4f822-cb59-4d78-a696-c7a2783f3045,"ABC du Grand Poitiers","CU du Grand Poitiers","Etablissement public de coopération intercommunale (EPCI)",Migné-Auxances,86158,2021,Vrai,"En cours de réalisation",
05f4f822-cb59-4d78-a696-c7a2783f3045,"ABC du Grand Poitiers","CU du Grand Poitiers","Etablissement public de coopération intercommunale (EPCI)",Montamisé,86163,2021,Vrai,"En cours de réalisation",
05f4f822-cb59-4d78-a696-c7a2783f3045,"ABC du Grand Poitiers","CU du Grand Poitiers","Etablissement public de coopération intercommunale (EPCI)",Poitiers,86194,2021,Vrai,"En cours de réalisation",
05f4f822-cb59-4d78-a696-c7a2783f3045,"ABC du Grand Poitiers","CU du Grand Poitiers","Etablissement public de coopération intercommunale (EPCI)",Pouillé,86198,2021,Vrai,"En cours de réalisation",
05f4f822-cb59-4d78-a696-c7a2783f3045,"ABC du Grand Poitiers","CU du Grand Poitiers","Etablissement public de coopération intercommunale (EPCI)",Rouillé,86213,2021,Vrai,"En cours de réalisation",
05f4f822-cb59-4d78-a696-c7a2783f3045,"ABC du Grand Poitiers","CU du Grand Poitiers","Etablissement public de coopération intercommunale (EPCI)",Saint-Benoît,86214,2021,Vrai,"En cours de réalisation",
05f4f822-cb59-4d78-a696-c7a2783f3045,"ABC du Grand Poitiers","CU du Grand Poitiers","Etablissement public de coopération intercommunale (EPCI)",Saint-Georges-lès-Baillargeaux,86222,2021,Vrai,"En cours de réalisation",
05f4f822-cb59-4d78-a696-c7a2783f3045,"ABC du Grand Poitiers","CU du Grand Poitiers","Etablissement public de coopération intercommunale (EPCI)",Saint-Julien-l'Ars,86226,2021,Vrai,"En cours de réalisation",
05f4f822-cb59-4d78-a696-c7a2783f3045,"ABC du Grand Poitiers","CU du Grand Poitiers","Etablissement public de coopération intercommunale (EPCI)",Saint-Sauvant,86244,2021,Vrai,"En cours de réalisation",
05f4f822-cb59-4d78-a696-c7a2783f3045,"ABC du Grand Poitiers","CU du Grand Poitiers","Etablissement public de coopération intercommunale (EPCI)",Sainte-Radégonde,86239,2021,Vrai,"En cours de réalisation",
05f4f822-cb59-4d78-a696-c7a2783f3045,"ABC du Grand Poitiers","CU du Grand Poitiers","Etablissement public de coopération intercommunale (EPCI)",Sanxay,86253,2021,Vrai,"En cours de réalisation",
05f4f822-cb59-4d78-a696-c7a2783f3045,"ABC du Grand Poitiers","CU du Grand Poitiers","Etablissement public de coopération intercommunale (EPCI)",Savigny-Lévescault,86256,2021,Vrai,"En cours de réalisation",
05f4f822-cb59-4d78-a696-c7a2783f3045,"ABC du Grand Poitiers","CU du Grand Poitiers","Etablissement public de coopération intercommunale (EPCI)",Sèvres-Anxaumont,86261,2021,Vrai,"En cours de réalisation",
05f4f822-cb59-4d78-a696-c7a2783f3045,"ABC du Grand Poitiers","CU du Grand Poitiers","Etablissement public de coopération intercommunale (EPCI)",Tercé,86268,2021,Vrai,"En cours de réalisation",
05f4f822-cb59-4d78-a696-c7a2783f3045,"ABC du Grand Poitiers","CU du Grand Poitiers","Etablissement public de coopération intercommunale (EPCI)",Vouneuil-sous-Biard,86297,2021,Vrai,"En cours de réalisation",
2e224dbc-9a3b-479e-888f-2b5e40137c7f,"ABC du Haut Val de Sèvre","CC Haut Val de Sèvre","Etablissement public de coopération intercommunale (EPCI)",Augé,79020,2020,Vrai,"En cours de réalisation",
2e224dbc-9a3b-479e-888f-2b5e40137c7f,"ABC du Haut Val de Sèvre","CC Haut Val de Sèvre","Etablissement public de coopération intercommunale (EPCI)",Avon,79023,2020,Vrai,"En cours de réalisation",
2e224dbc-9a3b-479e-888f-2b5e40137c7f,"ABC du Haut Val de Sèvre","CC Haut Val de Sèvre","Etablissement public de coopération intercommunale (EPCI)",Azay-le-Brûlé,79024,2020,Vrai,"En cours de réalisation",
2e224dbc-9a3b-479e-888f-2b5e40137c7f,"ABC du Haut Val de Sèvre","CC Haut Val de Sèvre","Etablissement public de coopération intercommunale (EPCI)",Bougon,79042,2020,Vrai,"En cours de réalisation",
2e224dbc-9a3b-479e-888f-2b5e40137c7f,"ABC du Haut Val de Sèvre","CC Haut Val de Sèvre","Etablissement public de coopération intercommunale (EPCI)",Cherveux,79086,2020,Vrai,"En cours de réalisation",
2e224dbc-9a3b-479e-888f-2b5e40137c7f,"ABC du Haut Val de Sèvre","CC Haut Val de Sèvre","Etablissement public de coopération intercommunale (EPCI)",Exireuil,79114,2020,Vrai,"En cours de réalisation",
2e224dbc-9a3b-479e-888f-2b5e40137c7f,"ABC du Haut Val de Sèvre","CC Haut Val de Sèvre","Etablissement public de coopération intercommunale (EPCI)",François,79128,2020,Vrai,"En cours de réalisation",
2e224dbc-9a3b-479e-888f-2b5e40137c7f,"ABC du Haut Val de Sèvre","CC Haut Val de Sèvre","Etablissement public de coopération intercommunale (EPCI)","La Crèche",79048,2020,Vrai,"En cours de réalisation",
2e224dbc-9a3b-479e-888f-2b5e40137c7f,"ABC du Haut Val de Sèvre","CC Haut Val de Sèvre","Etablissement public de coopération intercommunale (EPCI)",Nanteuil,79189,2020,Vrai,"En cours de réalisation",
2e224dbc-9a3b-479e-888f-2b5e40137c7f,"ABC du Haut Val de Sèvre","CC Haut Val de Sèvre","Etablissement public de coopération intercommunale (EPCI)",Pamproux,79201,2020,Vrai,"En cours de réalisation",
2e224dbc-9a3b-479e-888f-2b5e40137c7f,"ABC du Haut Val de Sèvre","CC Haut Val de Sèvre","Etablissement public de coopération intercommunale (EPCI)",Romans,79231,2020,Vrai,"En cours de réalisation",
2e224dbc-9a3b-479e-888f-2b5e40137c7f,"ABC du Haut Val de Sèvre","CC Haut Val de Sèvre","Etablissement public de coopération intercommunale (EPCI)",Sainte-Eanne,79246,2020,Vrai,"En cours de réalisation",
2e224dbc-9a3b-479e-888f-2b5e40137c7f,"ABC du Haut Val de Sèvre","CC Haut Val de Sèvre","Etablissement public de coopération intercommunale (EPCI)",Sainte-Néomaye,79283,2020,Vrai,"En cours de réalisation",
2e224dbc-9a3b-479e-888f-2b5e40137c7f,"ABC du Haut Val de Sèvre","CC Haut Val de Sèvre","Etablissement public de coopération intercommunale (EPCI)",Saint-Maixent-l'École,79270,2020,Vrai,"En cours de réalisation",
2e224dbc-9a3b-479e-888f-2b5e40137c7f,"ABC du Haut Val de Sèvre","CC Haut Val de Sèvre","Etablissement public de coopération intercommunale (EPCI)",Saint-Martin-de-Saint-Maixent,79276,2020,Vrai,"En cours de réalisation",
2e224dbc-9a3b-479e-888f-2b5e40137c7f,"ABC du Haut Val de Sèvre","CC Haut Val de Sèvre","Etablissement public de coopération intercommunale (EPCI)",Saivres,79302,2020,Vrai,"En cours de réalisation",
2e224dbc-9a3b-479e-888f-2b5e40137c7f,"ABC du Haut Val de Sèvre","CC Haut Val de Sèvre","Etablissement public de coopération intercommunale (EPCI)",Salles,79303,2020,Vrai,"En cours de réalisation",
2e224dbc-9a3b-479e-888f-2b5e40137c7f,"ABC du Haut Val de Sèvre","CC Haut Val de Sèvre","Etablissement public de coopération intercommunale (EPCI)",Soudan,79316,2020,Vrai,"En cours de réalisation",
2e224dbc-9a3b-479e-888f-2b5e40137c7f,"ABC du Haut Val de Sèvre","CC Haut Val de Sèvre","Etablissement public de coopération intercommunale (EPCI)",Souvigné,79319,2020,Vrai,"En cours de réalisation",
1f9ccfa9-0c8c-401b-bed0-f57d8e2afb90,"ABC du Havre","Le Havre",Commune,"Le Havre",76351,2021,Vrai,"En cours de réalisation",
6749115d-c0ba-4345-afa1-98feafe74c62,"ABC du Lauzet - Ubaye","Le Lauzet-Ubaye",Commune,"Le Lauzet-Ubaye",04102,2021,Vrai,"En cours de réalisation",
5dbc8fac-08cc-4f5a-841e-73fbc508612f,"ABC du Nord de la Martinique",Martinique,"Parc naturel régional","Le Prêcheur",97219,,Faux,Inconnu,
5dbc8fac-08cc-4f5a-841e-73fbc508612f,"ABC du Nord de la Martinique",Martinique,"Parc naturel régional",Macouba,97215,,Faux,Inconnu,
5dbc8fac-08cc-4f5a-841e-73fbc508612f,"ABC du Nord de la Martinique",Martinique,"Parc naturel régional",Basse-Pointe,97203,,Faux,Inconnu,
5dbc8fac-08cc-4f5a-841e-73fbc508612f,"ABC du Nord de la Martinique",Martinique,"Parc naturel régional","Le Lorrain",97214,,Faux,Inconnu,
5dbc8fac-08cc-4f5a-841e-73fbc508612f,"ABC du Nord de la Martinique",Martinique,"Parc naturel régional","Le Morne-Rouge",97218,,Faux,Inconnu,
5dbc8fac-08cc-4f5a-841e-73fbc508612f,"ABC du Nord de la Martinique",Martinique,"Parc naturel régional","Le Morne-Vert",97233,,Faux,Inconnu,
5dbc8fac-08cc-4f5a-841e-73fbc508612f,"ABC du Nord de la Martinique",Martinique,"Parc naturel régional",Fonds-Saint-Denis,97208,,Faux,Inconnu,
5dbc8fac-08cc-4f5a-841e-73fbc508612f,"ABC du Nord de la Martinique",Martinique,"Parc naturel régional",Saint-Pierre,97416,,Faux,Inconnu,
5dbc8fac-08cc-4f5a-841e-73fbc508612f,"ABC du Nord de la Martinique",Martinique,"Parc naturel régional",Grand'Rivière,97211,,Faux,Inconnu,
5dbc8fac-08cc-4f5a-841e-73fbc508612f,"ABC du Nord de la Martinique",Martinique,"Parc naturel régional",L'Ajoupa-Bouillon,97201,,Faux,Inconnu,
2f2a4b3b-ae61-4645-8f8f-7e9166ddeeda,"ABC du Parc du Pilat",Pilat,"Parc naturel régional",Saint-Romain-en-Gal,69235,2017,Vrai,Fini,https://www.parc-naturel-pilat.fr/nos-actions/milieux-naturels/pilatbiodiv/
2f2a4b3b-ae61-4645-8f8f-7e9166ddeeda,"ABC du Parc du Pilat",Pilat,"Parc naturel régional",Loire-sur-Rhône,69118,2017,Vrai,Fini,https://www.parc-naturel-pilat.fr/nos-actions/milieux-naturels/pilatbiodiv/
2f2a4b3b-ae61-4645-8f8f-7e9166ddeeda,"ABC du Parc du Pilat",Pilat,"Parc naturel régional",Échalas,69080,2017,Vrai,Fini,https://www.parc-naturel-pilat.fr/nos-actions/milieux-naturels/pilatbiodiv/
2f2a4b3b-ae61-4645-8f8f-7e9166ddeeda,"ABC du Parc du Pilat",Pilat,"Parc naturel régional",Trèves,69252,2017,Vrai,Fini,https://www.parc-naturel-pilat.fr/nos-actions/milieux-naturels/pilatbiodiv/
2f2a4b3b-ae61-4645-8f8f-7e9166ddeeda,"ABC du Parc du Pilat",Pilat,"Parc naturel régional",Longes,69119,2017,Vrai,Fini,https://www.parc-naturel-pilat.fr/nos-actions/milieux-naturels/pilatbiodiv/
2f2a4b3b-ae61-4645-8f8f-7e9166ddeeda,"ABC du Parc du Pilat",Pilat,"Parc naturel régional","Les Haies",69097,2017,Vrai,Fini,https://www.parc-naturel-pilat.fr/nos-actions/milieux-naturels/pilatbiodiv/
2f2a4b3b-ae61-4645-8f8f-7e9166ddeeda,"ABC du Parc du Pilat",Pilat,"Parc naturel régional",Ampuis,69007,2017,Vrai,Fini,https://www.parc-naturel-pilat.fr/nos-actions/milieux-naturels/pilatbiodiv/
2f2a4b3b-ae61-4645-8f8f-7e9166ddeeda,"ABC du Parc du Pilat",Pilat,"Parc naturel régional",Tupin-et-Semons,69253,2017,Vrai,Fini,https://www.parc-naturel-pilat.fr/nos-actions/milieux-naturels/pilatbiodiv/
2f2a4b3b-ae61-4645-8f8f-7e9166ddeeda,"ABC du Parc du Pilat",Pilat,"Parc naturel régional",Condrieu,69064,2017,Vrai,Fini,https://www.parc-naturel-pilat.fr/nos-actions/milieux-naturels/pilatbiodiv/
2f2a4b3b-ae61-4645-8f8f-7e9166ddeeda,"ABC du Parc du Pilat",Pilat,"Parc naturel régional",Vérin,42327,2017,Vrai,Fini,https://www.parc-naturel-pilat.fr/nos-actions/milieux-naturels/pilatbiodiv/
2f2a4b3b-ae61-4645-8f8f-7e9166ddeeda,"ABC du Parc du Pilat",Pilat,"Parc naturel régional","La Chapelle-Villars",42051,2017,Vrai,Fini,https://www.parc-naturel-pilat.fr/nos-actions/milieux-naturels/pilatbiodiv/
2f2a4b3b-ae61-4645-8f8f-7e9166ddeeda,"ABC du Parc du Pilat",Pilat,"Parc naturel régional",Chuyer,42064,2017,Vrai,Fini,https://www.parc-naturel-pilat.fr/nos-actions/milieux-naturels/pilatbiodiv/
2f2a4b3b-ae61-4645-8f8f-7e9166ddeeda,"ABC du Parc du Pilat",Pilat,"Parc naturel régional",Saint-Michel-sur-Rhône,42265,2017,Vrai,Fini,https://www.parc-naturel-pilat.fr/nos-actions/milieux-naturels/pilatbiodiv/
2f2a4b3b-ae61-4645-8f8f-7e9166ddeeda,"ABC du Parc du Pilat",Pilat,"Parc naturel régional",Pélussin,42168,2017,Vrai,Fini,https://www.parc-naturel-pilat.fr/nos-actions/milieux-naturels/pilatbiodiv/
2f2a4b3b-ae61-4645-8f8f-7e9166ddeeda,"ABC du Parc du Pilat",Pilat,"Parc naturel régional",Chavanay,42056,2017,Vrai,Fini,https://www.parc-naturel-pilat.fr/nos-actions/milieux-naturels/pilatbiodiv/
2f2a4b3b-ae61-4645-8f8f-7e9166ddeeda,"ABC du Parc du Pilat",Pilat,"Parc naturel régional",Roisey,42191,2017,Vrai,Fini,https://www.parc-naturel-pilat.fr/nos-actions/milieux-naturels/pilatbiodiv/
2f2a4b3b-ae61-4645-8f8f-7e9166ddeeda,"ABC du Parc du Pilat",Pilat,"Parc naturel régional",Bessey,42018,2017,Vrai,Fini,https://www.parc-naturel-pilat.fr/nos-actions/milieux-naturels/pilatbiodiv/
2f2a4b3b-ae61-4645-8f8f-7e9166ddeeda,"ABC du Parc du Pilat",Pilat,"Parc naturel régional",Malleval,42132,2017,Vrai,Fini,https://www.parc-naturel-pilat.fr/nos-actions/milieux-naturels/pilatbiodiv/
2f2a4b3b-ae61-4645-8f8f-7e9166ddeeda,"ABC du Parc du Pilat",Pilat,"Parc naturel régional",Saint-Pierre-de-B½uf,42272,2017,Vrai,Fini,https://www.parc-naturel-pilat.fr/nos-actions/milieux-naturels/pilatbiodiv/
2f2a4b3b-ae61-4645-8f8f-7e9166ddeeda,"ABC du Parc du Pilat",Pilat,"Parc naturel régional",Lupé,42124,2017,Vrai,Fini,https://www.parc-naturel-pilat.fr/nos-actions/milieux-naturels/pilatbiodiv/
2f2a4b3b-ae61-4645-8f8f-7e9166ddeeda,"ABC du Parc du Pilat",Pilat,"Parc naturel régional",Maclas,42129,2017,Vrai,Fini,https://www.parc-naturel-pilat.fr/nos-actions/milieux-naturels/pilatbiodiv/
2f2a4b3b-ae61-4645-8f8f-7e9166ddeeda,"ABC du Parc du Pilat",Pilat,"Parc naturel régional",Véranne,42326,2017,Vrai,Fini,https://www.parc-naturel-pilat.fr/nos-actions/milieux-naturels/pilatbiodiv/
2f2a4b3b-ae61-4645-8f8f-7e9166ddeeda,"ABC du Parc du Pilat",Pilat,"Parc naturel régional",Saint-Appolinard,42201,2017,Vrai,Fini,https://www.parc-naturel-pilat.fr/nos-actions/milieux-naturels/pilatbiodiv/
2f2a4b3b-ae61-4645-8f8f-7e9166ddeeda,"ABC du Parc du Pilat",Pilat,"Parc naturel régional",Châteauneuf,42053,2017,Vrai,Fini,https://www.parc-naturel-pilat.fr/nos-actions/milieux-naturels/pilatbiodiv/
2f2a4b3b-ae61-4645-8f8f-7e9166ddeeda,"ABC du Parc du Pilat",Pilat,"Parc naturel régional",Sainte-Croix-en-Jarez,42210,2017,Vrai,Fini,https://www.parc-naturel-pilat.fr/nos-actions/milieux-naturels/pilatbiodiv/
2f2a4b3b-ae61-4645-8f8f-7e9166ddeeda,"ABC du Parc du Pilat",Pilat,"Parc naturel régional",Pavezin,42167,2017,Vrai,Fini,https://www.parc-naturel-pilat.fr/nos-actions/milieux-naturels/pilatbiodiv/
2f2a4b3b-ae61-4645-8f8f-7e9166ddeeda,"ABC du Parc du Pilat",Pilat,"Parc naturel régional",Farnay,42093,2017,Vrai,Fini,https://www.parc-naturel-pilat.fr/nos-actions/milieux-naturels/pilatbiodiv/
2f2a4b3b-ae61-4645-8f8f-7e9166ddeeda,"ABC du Parc du Pilat",Pilat,"Parc naturel régional",Saint-Paul-en-Jarez,42271,2017,Vrai,Fini,https://www.parc-naturel-pilat.fr/nos-actions/milieux-naturels/pilatbiodiv/
2f2a4b3b-ae61-4645-8f8f-7e9166ddeeda,"ABC du Parc du Pilat",Pilat,"Parc naturel régional","La Terrasse-sur-Dorlay",42308,2017,Vrai,Fini,https://www.parc-naturel-pilat.fr/nos-actions/milieux-naturels/pilatbiodiv/
2f2a4b3b-ae61-4645-8f8f-7e9166ddeeda,"ABC du Parc du Pilat",Pilat,"Parc naturel régional",Doizieux,42085,2017,Vrai,Fini,https://www.parc-naturel-pilat.fr/nos-actions/milieux-naturels/pilatbiodiv/
2f2a4b3b-ae61-4645-8f8f-7e9166ddeeda,"ABC du Parc du Pilat",Pilat,"Parc naturel régional","La Valla-en-Gier",42322,2017,Vrai,Fini,https://www.parc-naturel-pilat.fr/nos-actions/milieux-naturels/pilatbiodiv/
2f2a4b3b-ae61-4645-8f8f-7e9166ddeeda,"ABC du Parc du Pilat",Pilat,"Parc naturel régional",Planfoy,42172,2017,Vrai,Fini,https://www.parc-naturel-pilat.fr/nos-actions/milieux-naturels/pilatbiodiv/
2f2a4b3b-ae61-4645-8f8f-7e9166ddeeda,"ABC du Parc du Pilat",Pilat,"Parc naturel régional",Saint-Romain-les-Atheux,42286,2017,Vrai,Fini,https://www.parc-naturel-pilat.fr/nos-actions/milieux-naturels/pilatbiodiv/
2f2a4b3b-ae61-4645-8f8f-7e9166ddeeda,"ABC du Parc du Pilat",Pilat,"Parc naturel régional",Saint-Genest-Malifaux,42224,2017,Vrai,Fini,https://www.parc-naturel-pilat.fr/nos-actions/milieux-naturels/pilatbiodiv/
2f2a4b3b-ae61-4645-8f8f-7e9166ddeeda,"ABC du Parc du Pilat",Pilat,"Parc naturel régional",Jonzieux,42115,2017,Vrai,Fini,https://www.parc-naturel-pilat.fr/nos-actions/milieux-naturels/pilatbiodiv/
2f2a4b3b-ae61-4645-8f8f-7e9166ddeeda,"ABC du Parc du Pilat",Pilat,"Parc naturel régional",Marlhes,42139,2017,Vrai,Fini,https://www.parc-naturel-pilat.fr/nos-actions/milieux-naturels/pilatbiodiv/
2f2a4b3b-ae61-4645-8f8f-7e9166ddeeda,"ABC du Parc du Pilat",Pilat,"Parc naturel régional",Saint-Régis-du-Coin,42280,2017,Vrai,Fini,https://www.parc-naturel-pilat.fr/nos-actions/milieux-naturels/pilatbiodiv/
2f2a4b3b-ae61-4645-8f8f-7e9166ddeeda,"ABC du Parc du Pilat",Pilat,"Parc naturel régional",Saint-Sauveur-en-Rue,42287,2017,Vrai,Fini,https://www.parc-naturel-pilat.fr/nos-actions/milieux-naturels/pilatbiodiv/
2f2a4b3b-ae61-4645-8f8f-7e9166ddeeda,"ABC du Parc du Pilat",Pilat,"Parc naturel régional",Bourg-Argental,42023,2017,Vrai,Fini,https://www.parc-naturel-pilat.fr/nos-actions/milieux-naturels/pilatbiodiv/
2f2a4b3b-ae61-4645-8f8f-7e9166ddeeda,"ABC du Parc du Pilat",Pilat,"Parc naturel régional",Burdignes,42028,2017,Vrai,Fini,https://www.parc-naturel-pilat.fr/nos-actions/milieux-naturels/pilatbiodiv/
2f2a4b3b-ae61-4645-8f8f-7e9166ddeeda,"ABC du Parc du Pilat",Pilat,"Parc naturel régional","La Versanne",42329,2017,Vrai,Fini,https://www.parc-naturel-pilat.fr/nos-actions/milieux-naturels/pilatbiodiv/
2f2a4b3b-ae61-4645-8f8f-7e9166ddeeda,"ABC du Parc du Pilat",Pilat,"Parc naturel régional",Thélis-la-Combe,42310,2017,Vrai,Fini,https://www.parc-naturel-pilat.fr/nos-actions/milieux-naturels/pilatbiodiv/
2f2a4b3b-ae61-4645-8f8f-7e9166ddeeda,"ABC du Parc du Pilat",Pilat,"Parc naturel régional",Graix,42101,2017,Vrai,Fini,https://www.parc-naturel-pilat.fr/nos-actions/milieux-naturels/pilatbiodiv/
2f2a4b3b-ae61-4645-8f8f-7e9166ddeeda,"ABC du Parc du Pilat",Pilat,"Parc naturel régional",Colombier,42067,2017,Vrai,Fini,https://www.parc-naturel-pilat.fr/nos-actions/milieux-naturels/pilatbiodiv/
2f2a4b3b-ae61-4645-8f8f-7e9166ddeeda,"ABC du Parc du Pilat",Pilat,"Parc naturel régional",Saint-Julien-Molin-Molette,42246,2017,Vrai,Fini,https://www.parc-naturel-pilat.fr/nos-actions/milieux-naturels/pilatbiodiv/
2f2a4b3b-ae61-4645-8f8f-7e9166ddeeda,"ABC du Parc du Pilat",Pilat,"Parc naturel régional",Tarentaise,42306,2017,Vrai,Fini,https://www.parc-naturel-pilat.fr/nos-actions/milieux-naturels/pilatbiodiv/
2f2a4b3b-ae61-4645-8f8f-7e9166ddeeda,"ABC du Parc du Pilat",Pilat,"Parc naturel régional","Le Bessat",42017,2017,Vrai,Fini,https://www.parc-naturel-pilat.fr/nos-actions/milieux-naturels/pilatbiodiv/
2f2a4b3b-ae61-4645-8f8f-7e9166ddeeda,"ABC du Parc du Pilat",Pilat,"Parc naturel régional",Saint-Cyr-sur-le-Rhône,69193,2017,Vrai,Fini,https://www.parc-naturel-pilat.fr/nos-actions/milieux-naturels/pilatbiodiv/
5b412fa2-bc46-4c2c-a103-f6893910dd00,"ABC du Pays d'Évian Vallée d'Abondance","CC Pays d'Évian Vallée d'Abondance","Etablissement public de coopération intercommunale (EPCI)",Abondance,74001,2017,Vrai,Fini,https://www.cc-peva.fr/2567-atlas-communal-de-la-biodiversite.htm
5b412fa2-bc46-4c2c-a103-f6893910dd00,"ABC du Pays d'Évian Vallée d'Abondance","CC Pays d'Évian Vallée d'Abondance","Etablissement public de coopération intercommunale (EPCI)",Bonnevaux,74041,2017,Vrai,Fini,https://www.cc-peva.fr/2567-atlas-communal-de-la-biodiversite.htm
5b412fa2-bc46-4c2c-a103-f6893910dd00,"ABC du Pays d'Évian Vallée d'Abondance","CC Pays d'Évian Vallée d'Abondance","Etablissement public de coopération intercommunale (EPCI)",Châtel,74063,2017,Vrai,Fini,https://www.cc-peva.fr/2567-atlas-communal-de-la-biodiversite.htm
5b412fa2-bc46-4c2c-a103-f6893910dd00,"ABC du Pays d'Évian Vallée d'Abondance","CC Pays d'Évian Vallée d'Abondance","Etablissement public de coopération intercommunale (EPCI)",Chevenoz,74073,2017,Vrai,Fini,https://www.cc-peva.fr/2567-atlas-communal-de-la-biodiversite.htm
5b412fa2-bc46-4c2c-a103-f6893910dd00,"ABC du Pays d'Évian Vallée d'Abondance","CC Pays d'Évian Vallée d'Abondance","Etablissement public de coopération intercommunale (EPCI)","La Chapelle-d'Abondance",74058,2017,Vrai,Fini,https://www.cc-peva.fr/2567-atlas-communal-de-la-biodiversite.htm
5b412fa2-bc46-4c2c-a103-f6893910dd00,"ABC du Pays d'Évian Vallée d'Abondance","CC Pays d'Évian Vallée d'Abondance","Etablissement public de coopération intercommunale (EPCI)",Vacheresse,74286,2017,Vrai,Fini,https://www.cc-peva.fr/2567-atlas-communal-de-la-biodiversite.htm
889ce7aa-59ec-43fc-a486-31584bdb7b5f,"ABC du Pays de Gâtine",,"Syndicat intercommunal",Airvault,79005,2018,Vrai,"En cours de réalisation",
889ce7aa-59ec-43fc-a486-31584bdb7b5f,"ABC du Pays de Gâtine",,"Syndicat intercommunal",Assais-les-Jumeaux,79016,2018,Vrai,"En cours de réalisation",
889ce7aa-59ec-43fc-a486-31584bdb7b5f,"ABC du Pays de Gâtine",,"Syndicat intercommunal",Availles-Thouarsais,79022,2018,Vrai,"En cours de réalisation",
889ce7aa-59ec-43fc-a486-31584bdb7b5f,"ABC du Pays de Gâtine",,"Syndicat intercommunal",Boussais,79047,2018,Vrai,"En cours de réalisation",
889ce7aa-59ec-43fc-a486-31584bdb7b5f,"ABC du Pays de Gâtine",,"Syndicat intercommunal",Irais,79141,2018,Vrai,"En cours de réalisation",
889ce7aa-59ec-43fc-a486-31584bdb7b5f,"ABC du Pays de Gâtine",,"Syndicat intercommunal","Le Chillou",79089,2018,Vrai,"En cours de réalisation",
889ce7aa-59ec-43fc-a486-31584bdb7b5f,"ABC du Pays de Gâtine",,"Syndicat intercommunal",Louin,79156,2018,Vrai,"En cours de réalisation",
889ce7aa-59ec-43fc-a486-31584bdb7b5f,"ABC du Pays de Gâtine",,"Syndicat intercommunal",Maisontiers,79165,2018,Vrai,"En cours de réalisation",
889ce7aa-59ec-43fc-a486-31584bdb7b5f,"ABC du Pays de Gâtine",,"Syndicat intercommunal",Saint-Loup-Lamairé,79268,2018,Vrai,"En cours de réalisation",
889ce7aa-59ec-43fc-a486-31584bdb7b5f,"ABC du Pays de Gâtine",,"Syndicat intercommunal",Ardin,79012,2018,Vrai,"En cours de réalisation",
889ce7aa-59ec-43fc-a486-31584bdb7b5f,"ABC du Pays de Gâtine",,"Syndicat intercommunal",Beaulieu-sous-Parthenay,79029,2018,Vrai,"En cours de réalisation",
889ce7aa-59ec-43fc-a486-31584bdb7b5f,"ABC du Pays de Gâtine",,"Syndicat intercommunal",Béceleuf,79032,2018,Vrai,"En cours de réalisation",
889ce7aa-59ec-43fc-a486-31584bdb7b5f,"ABC du Pays de Gâtine",,"Syndicat intercommunal",Champdeniers,79066,2018,Vrai,"En cours de réalisation",
889ce7aa-59ec-43fc-a486-31584bdb7b5f,"ABC du Pays de Gâtine",,"Syndicat intercommunal",Clavé,79092,2018,Vrai,"En cours de réalisation",
889ce7aa-59ec-43fc-a486-31584bdb7b5f,"ABC du Pays de Gâtine",,"Syndicat intercommunal",Coulonges-sur-l'Autize,79101,2018,Vrai,"En cours de réalisation",
889ce7aa-59ec-43fc-a486-31584bdb7b5f,"ABC du Pays de Gâtine",,"Syndicat intercommunal",Cours,79104,2018,Vrai,"En cours de réalisation",
889ce7aa-59ec-43fc-a486-31584bdb7b5f,"ABC du Pays de Gâtine",,"Syndicat intercommunal",Faye-sur-Ardin,79117,2018,Vrai,"En cours de réalisation",
889ce7aa-59ec-43fc-a486-31584bdb7b5f,"ABC du Pays de Gâtine",,"Syndicat intercommunal",Fenioux,79119,2018,Vrai,"En cours de réalisation",
889ce7aa-59ec-43fc-a486-31584bdb7b5f,"ABC du Pays de Gâtine",,"Syndicat intercommunal","La Boissière-en-Gâtine",79040,2018,Vrai,"En cours de réalisation",
889ce7aa-59ec-43fc-a486-31584bdb7b5f,"ABC du Pays de Gâtine",,"Syndicat intercommunal","La Chapelle-Bâton",79070,2018,Vrai,"En cours de réalisation",
889ce7aa-59ec-43fc-a486-31584bdb7b5f,"ABC du Pays de Gâtine",,"Syndicat intercommunal",Beugnon-Thireuil,79077,2018,Vrai,"En cours de réalisation",
889ce7aa-59ec-43fc-a486-31584bdb7b5f,"ABC du Pays de Gâtine",,"Syndicat intercommunal","Le Busseau",79059,2018,Vrai,"En cours de réalisation",
889ce7aa-59ec-43fc-a486-31584bdb7b5f,"ABC du Pays de Gâtine",,"Syndicat intercommunal","Les Groseillers",79139,2018,Vrai,"En cours de réalisation",
889ce7aa-59ec-43fc-a486-31584bdb7b5f,"ABC du Pays de Gâtine",,"Syndicat intercommunal",Mazières-en-Gâtine,79172,2018,Vrai,"En cours de réalisation",
889ce7aa-59ec-43fc-a486-31584bdb7b5f,"ABC du Pays de Gâtine",,"Syndicat intercommunal",Pamplie,79200,2018,Vrai,"En cours de réalisation",
889ce7aa-59ec-43fc-a486-31584bdb7b5f,"ABC du Pays de Gâtine",,"Syndicat intercommunal",Puihardy,79223,2018,Vrai,"En cours de réalisation",
889ce7aa-59ec-43fc-a486-31584bdb7b5f,"ABC du Pays de Gâtine",,"Syndicat intercommunal",Saint-Christophe-sur-Roc,79241,2018,Vrai,"En cours de réalisation",
889ce7aa-59ec-43fc-a486-31584bdb7b5f,"ABC du Pays de Gâtine",,"Syndicat intercommunal",Sainte-Ouenne,79284,2018,Vrai,"En cours de réalisation",
889ce7aa-59ec-43fc-a486-31584bdb7b5f,"ABC du Pays de Gâtine",,"Syndicat intercommunal",Saint-Georges-de-Noisné,79253,2018,Vrai,"En cours de réalisation",
889ce7aa-59ec-43fc-a486-31584bdb7b5f,"ABC du Pays de Gâtine",,"Syndicat intercommunal",Saint-Laurs,79263,2018,Vrai,"En cours de réalisation",
889ce7aa-59ec-43fc-a486-31584bdb7b5f,"ABC du Pays de Gâtine",,"Syndicat intercommunal",Saint-Lin,79267,2018,Vrai,"En cours de réalisation",
889ce7aa-59ec-43fc-a486-31584bdb7b5f,"ABC du Pays de Gâtine",,"Syndicat intercommunal",Saint-Maixent-de-Beugné,79269,2018,Vrai,"En cours de réalisation",
889ce7aa-59ec-43fc-a486-31584bdb7b5f,"ABC du Pays de Gâtine",,"Syndicat intercommunal",Saint-Marc-la-Lande,79271,2018,Vrai,"En cours de réalisation",
889ce7aa-59ec-43fc-a486-31584bdb7b5f,"ABC du Pays de Gâtine",,"Syndicat intercommunal",Saint-Pardoux-Soutiers,79285,2018,Vrai,"En cours de réalisation",
889ce7aa-59ec-43fc-a486-31584bdb7b5f,"ABC du Pays de Gâtine",,"Syndicat intercommunal",Saint-Pompain,79290,2018,Vrai,"En cours de réalisation",
889ce7aa-59ec-43fc-a486-31584bdb7b5f,"ABC du Pays de Gâtine",,"Syndicat intercommunal",Scillé,79309,2018,Vrai,"En cours de réalisation",
889ce7aa-59ec-43fc-a486-31584bdb7b5f,"ABC du Pays de Gâtine",,"Syndicat intercommunal",Saint-Pardoux-Soutiers,79285,2018,Vrai,"En cours de réalisation",
889ce7aa-59ec-43fc-a486-31584bdb7b5f,"ABC du Pays de Gâtine",,"Syndicat intercommunal",Surin,79320,2018,Vrai,"En cours de réalisation",
889ce7aa-59ec-43fc-a486-31584bdb7b5f,"ABC du Pays de Gâtine",,"Syndicat intercommunal",Verruyes,79345,2018,Vrai,"En cours de réalisation",
889ce7aa-59ec-43fc-a486-31584bdb7b5f,"ABC du Pays de Gâtine",,"Syndicat intercommunal",Vouhé,79354,2018,Vrai,"En cours de réalisation",
889ce7aa-59ec-43fc-a486-31584bdb7b5f,"ABC du Pays de Gâtine",,"Syndicat intercommunal",Xaintray,79357,2018,Vrai,"En cours de réalisation",
889ce7aa-59ec-43fc-a486-31584bdb7b5f,"ABC du Pays de Gâtine",,"Syndicat intercommunal",Adilly,79002,2018,Vrai,"En cours de réalisation",
889ce7aa-59ec-43fc-a486-31584bdb7b5f,"ABC du Pays de Gâtine",,"Syndicat intercommunal",Allonne,79007,2018,Vrai,"En cours de réalisation",
889ce7aa-59ec-43fc-a486-31584bdb7b5f,"ABC du Pays de Gâtine",,"Syndicat intercommunal",Amailloux,79008,2018,Vrai,"En cours de réalisation",
889ce7aa-59ec-43fc-a486-31584bdb7b5f,"ABC du Pays de Gâtine",,"Syndicat intercommunal",Aubigny,79019,2018,Vrai,"En cours de réalisation",
889ce7aa-59ec-43fc-a486-31584bdb7b5f,"ABC du Pays de Gâtine",,"Syndicat intercommunal",Azay-sur-Thouet,79025,2018,Vrai,"En cours de réalisation",
889ce7aa-59ec-43fc-a486-31584bdb7b5f,"ABC du Pays de Gâtine",,"Syndicat intercommunal","Les Châteliers",79105,2018,Vrai,"En cours de réalisation",
889ce7aa-59ec-43fc-a486-31584bdb7b5f,"ABC du Pays de Gâtine",,"Syndicat intercommunal",Châtillon-sur-Thouet,79080,2018,Vrai,"En cours de réalisation",
889ce7aa-59ec-43fc-a486-31584bdb7b5f,"ABC du Pays de Gâtine",,"Syndicat intercommunal",Doux,79108,2018,Vrai,"En cours de réalisation",
889ce7aa-59ec-43fc-a486-31584bdb7b5f,"ABC du Pays de Gâtine",,"Syndicat intercommunal",Fénery,79118,2018,Vrai,"En cours de réalisation",
889ce7aa-59ec-43fc-a486-31584bdb7b5f,"ABC du Pays de Gâtine",,"Syndicat intercommunal",Fomperron,79121,2018,Vrai,"En cours de réalisation",
889ce7aa-59ec-43fc-a486-31584bdb7b5f,"ABC du Pays de Gâtine",,"Syndicat intercommunal",Gourgé,79135,2018,Vrai,"En cours de réalisation",
889ce7aa-59ec-43fc-a486-31584bdb7b5f,"ABC du Pays de Gâtine",,"Syndicat intercommunal","La Chapelle-Bertrand",79071,2018,Vrai,"En cours de réalisation",
889ce7aa-59ec-43fc-a486-31584bdb7b5f,"ABC du Pays de Gâtine",,"Syndicat intercommunal","La Ferrière-en-Parthenay",79120,2018,Vrai,"En cours de réalisation",
889ce7aa-59ec-43fc-a486-31584bdb7b5f,"ABC du Pays de Gâtine",,"Syndicat intercommunal",Lageon,79145,2018,Vrai,"En cours de réalisation",
889ce7aa-59ec-43fc-a486-31584bdb7b5f,"ABC du Pays de Gâtine",,"Syndicat intercommunal","La Peyratte",79208,2018,Vrai,"En cours de réalisation",
889ce7aa-59ec-43fc-a486-31584bdb7b5f,"ABC du Pays de Gâtine",,"Syndicat intercommunal","Le Retail",79226,2018,Vrai,"En cours de réalisation",
889ce7aa-59ec-43fc-a486-31584bdb7b5f,"ABC du Pays de Gâtine",,"Syndicat intercommunal","Le Tallud",79322,2018,Vrai,"En cours de réalisation",
889ce7aa-59ec-43fc-a486-31584bdb7b5f,"ABC du Pays de Gâtine",,"Syndicat intercommunal","Les Forges",79124,2018,Vrai,"En cours de réalisation",
889ce7aa-59ec-43fc-a486-31584bdb7b5f,"ABC du Pays de Gâtine",,"Syndicat intercommunal",Lhoumois,79149,2018,Vrai,"En cours de réalisation",
889ce7aa-59ec-43fc-a486-31584bdb7b5f,"ABC du Pays de Gâtine",,"Syndicat intercommunal",Ménigoute,79176,2018,Vrai,"En cours de réalisation",
889ce7aa-59ec-43fc-a486-31584bdb7b5f,"ABC du Pays de Gâtine",,"Syndicat intercommunal",Oroux,79197,2018,Vrai,"En cours de réalisation",
889ce7aa-59ec-43fc-a486-31584bdb7b5f,"ABC du Pays de Gâtine",,"Syndicat intercommunal",Parthenay,79202,2018,Vrai,"En cours de réalisation",
889ce7aa-59ec-43fc-a486-31584bdb7b5f,"ABC du Pays de Gâtine",,"Syndicat intercommunal",Pompaire,79213,2018,Vrai,"En cours de réalisation",
889ce7aa-59ec-43fc-a486-31584bdb7b5f,"ABC du Pays de Gâtine",,"Syndicat intercommunal",Pougne-Hérisson,79215,2018,Vrai,"En cours de réalisation",
889ce7aa-59ec-43fc-a486-31584bdb7b5f,"ABC du Pays de Gâtine",,"Syndicat intercommunal",Pressigny,79218,2018,Vrai,"En cours de réalisation",
889ce7aa-59ec-43fc-a486-31584bdb7b5f,"ABC du Pays de Gâtine",,"Syndicat intercommunal",Reffannes,79225,2018,Vrai,"En cours de réalisation",
889ce7aa-59ec-43fc-a486-31584bdb7b5f,"ABC du Pays de Gâtine",,"Syndicat intercommunal",Saint-Aubin-le-Cloud,79239,2018,Vrai,"En cours de réalisation",
889ce7aa-59ec-43fc-a486-31584bdb7b5f,"ABC du Pays de Gâtine",,"Syndicat intercommunal",Saint-Germier,79256,2018,Vrai,"En cours de réalisation",
889ce7aa-59ec-43fc-a486-31584bdb7b5f,"ABC du Pays de Gâtine",,"Syndicat intercommunal",Saint-Germain-de-Longue-Chaume,79255,2018,Vrai,"En cours de réalisation",
889ce7aa-59ec-43fc-a486-31584bdb7b5f,"ABC du Pays de Gâtine",,"Syndicat intercommunal",Saint-Martin-du-Fouilloux,79278,2018,Vrai,"En cours de réalisation",
889ce7aa-59ec-43fc-a486-31584bdb7b5f,"ABC du Pays de Gâtine",,"Syndicat intercommunal",Saurais,79306,2018,Vrai,"En cours de réalisation",
889ce7aa-59ec-43fc-a486-31584bdb7b5f,"ABC du Pays de Gâtine",,"Syndicat intercommunal",Secondigny,79311,2018,Vrai,"En cours de réalisation",
889ce7aa-59ec-43fc-a486-31584bdb7b5f,"ABC du Pays de Gâtine",,"Syndicat intercommunal",Thénezay,79326,2018,Vrai,"En cours de réalisation",
889ce7aa-59ec-43fc-a486-31584bdb7b5f,"ABC du Pays de Gâtine",,"Syndicat intercommunal",Vasles,79339,2018,Vrai,"En cours de réalisation",
889ce7aa-59ec-43fc-a486-31584bdb7b5f,"ABC du Pays de Gâtine",,"Syndicat intercommunal",Vausseroux,79340,2018,Vrai,"En cours de réalisation",
889ce7aa-59ec-43fc-a486-31584bdb7b5f,"ABC du Pays de Gâtine",,"Syndicat intercommunal",Vautebis,79341,2018,Vrai,"En cours de réalisation",
889ce7aa-59ec-43fc-a486-31584bdb7b5f,"ABC du Pays de Gâtine",,"Syndicat intercommunal",Vernoux-en-Gâtine,79342,2018,Vrai,"En cours de réalisation",
889ce7aa-59ec-43fc-a486-31584bdb7b5f,"ABC du Pays de Gâtine",,"Syndicat intercommunal",Viennay,79347,2018,Vrai,"En cours de réalisation",
889ce7aa-59ec-43fc-a486-31584bdb7b5f,"ABC du Pays de Gâtine",,"Syndicat intercommunal",Saint-Pardoux-Soutiers,79285,2018,Vrai,"En cours de réalisation",
587c096c-c383-4646-9740-9767772a7cbc,"ABC du Pays de Marcillat en Combrailles","CA Montluçon Communauté","Etablissement public de coopération intercommunale (EPCI)",Arpheuilles-Saint-Priest,03007,2012,Faux,Fini,
587c096c-c383-4646-9740-9767772a7cbc,"ABC du Pays de Marcillat en Combrailles","CA Montluçon Communauté","Etablissement public de coopération intercommunale (EPCI)","La Petite-Marche",03206,2012,Faux,Fini,
587c096c-c383-4646-9740-9767772a7cbc,"ABC du Pays de Marcillat en Combrailles","CA Montluçon Communauté","Etablissement public de coopération intercommunale (EPCI)",Marcillat-en-Combraille,03161,2012,Faux,Fini,
587c096c-c383-4646-9740-9767772a7cbc,"ABC du Pays de Marcillat en Combrailles","CA Montluçon Communauté","Etablissement public de coopération intercommunale (EPCI)",Mazirat,03167,2012,Faux,Fini,
587c096c-c383-4646-9740-9767772a7cbc,"ABC du Pays de Marcillat en Combrailles","CA Montluçon Communauté","Etablissement public de coopération intercommunale (EPCI)",Ronnet,03216,2012,Faux,Fini,
587c096c-c383-4646-9740-9767772a7cbc,"ABC du Pays de Marcillat en Combrailles","CA Montluçon Communauté","Etablissement public de coopération intercommunale (EPCI)",Saint-Fargeol,03231,2012,Faux,Fini,
587c096c-c383-4646-9740-9767772a7cbc,"ABC du Pays de Marcillat en Combrailles","CA Montluçon Communauté","Etablissement public de coopération intercommunale (EPCI)",Saint-Genest,03233,2012,Faux,Fini,
587c096c-c383-4646-9740-9767772a7cbc,"ABC du Pays de Marcillat en Combrailles","CA Montluçon Communauté","Etablissement public de coopération intercommunale (EPCI)",Saint-Marcel-en-Marcillat,03244,2012,Faux,Fini,
587c096c-c383-4646-9740-9767772a7cbc,"ABC du Pays de Marcillat en Combrailles","CA Montluçon Communauté","Etablissement public de coopération intercommunale (EPCI)",Sainte-Thérence,03261,2012,Faux,Fini,
587c096c-c383-4646-9740-9767772a7cbc,"ABC du Pays de Marcillat en Combrailles","CA Montluçon Communauté","Etablissement public de coopération intercommunale (EPCI)",Terjat,03280,2012,Faux,Fini,
587c096c-c383-4646-9740-9767772a7cbc,"ABC du Pays de Marcillat en Combrailles","CA Montluçon Communauté","Etablissement public de coopération intercommunale (EPCI)",Villebret,03314,2012,Faux,Fini,
587c096c-c383-4646-9740-9767772a7cbc,"ABC du Pays de Marcillat en Combrailles","CA Montluçon Communauté","Etablissement public de coopération intercommunale (EPCI)",Virlet,63462,2012,Faux,Fini,
c421d218-5e7f-457c-ae12-fe08957e4453,"ABC du Pays Fléchois","CC du Pays Fléchois","Etablissement public de coopération intercommunale (EPCI)",Arthezé,72009,2020,Vrai,"En cours de réalisation",https://www.paysflechois.fr/abc/
c421d218-5e7f-457c-ae12-fe08957e4453,"ABC du Pays Fléchois","CC du Pays Fléchois","Etablissement public de coopération intercommunale (EPCI)","Bazouges Cré sur Loir",72025,2020,Vrai,"En cours de réalisation",https://www.paysflechois.fr/abc/
c421d218-5e7f-457c-ae12-fe08957e4453,"ABC du Pays Fléchois","CC du Pays Fléchois","Etablissement public de coopération intercommunale (EPCI)",Bousse,72044,2020,Vrai,"En cours de réalisation",https://www.paysflechois.fr/abc/
c421d218-5e7f-457c-ae12-fe08957e4453,"ABC du Pays Fléchois","CC du Pays Fléchois","Etablissement public de coopération intercommunale (EPCI)",Clermont-Créans,72084,2020,Vrai,"En cours de réalisation",https://www.paysflechois.fr/abc/
c421d218-5e7f-457c-ae12-fe08957e4453,"ABC du Pays Fléchois","CC du Pays Fléchois","Etablissement public de coopération intercommunale (EPCI)",Courcelles-la-Forêt,72100,2020,Vrai,"En cours de réalisation",https://www.paysflechois.fr/abc/
c421d218-5e7f-457c-ae12-fe08957e4453,"ABC du Pays Fléchois","CC du Pays Fléchois","Etablissement public de coopération intercommunale (EPCI)",Crosmières,72110,2020,Vrai,"En cours de réalisation",https://www.paysflechois.fr/abc/
c421d218-5e7f-457c-ae12-fe08957e4453,"ABC du Pays Fléchois","CC du Pays Fléchois","Etablissement public de coopération intercommunale (EPCI)","La Chapelle-d'Aligné",72061,2020,Vrai,"En cours de réalisation",https://www.paysflechois.fr/abc/
c421d218-5e7f-457c-ae12-fe08957e4453,"ABC du Pays Fléchois","CC du Pays Fléchois","Etablissement public de coopération intercommunale (EPCI)","La Flèche",72154,2020,Vrai,"En cours de réalisation",https://www.paysflechois.fr/abc/
c421d218-5e7f-457c-ae12-fe08957e4453,"ABC du Pays Fléchois","CC du Pays Fléchois","Etablissement public de coopération intercommunale (EPCI)","La Fontaine-Saint-Martin",72135,2020,Vrai,"En cours de réalisation",https://www.paysflechois.fr/abc/
c421d218-5e7f-457c-ae12-fe08957e4453,"ABC du Pays Fléchois","CC du Pays Fléchois","Etablissement public de coopération intercommunale (EPCI)",Ligron,72163,2020,Vrai,"En cours de réalisation",https://www.paysflechois.fr/abc/
c421d218-5e7f-457c-ae12-fe08957e4453,"ABC du Pays Fléchois","CC du Pays Fléchois","Etablissement public de coopération intercommunale (EPCI)",Mareil-sur-Loir,72185,2020,Vrai,"En cours de réalisation",https://www.paysflechois.fr/abc/
c421d218-5e7f-457c-ae12-fe08957e4453,"ABC du Pays Fléchois","CC du Pays Fléchois","Etablissement public de coopération intercommunale (EPCI)",Oizé,72226,2020,Vrai,"En cours de réalisation",https://www.paysflechois.fr/abc/
c421d218-5e7f-457c-ae12-fe08957e4453,"ABC du Pays Fléchois","CC du Pays Fléchois","Etablissement public de coopération intercommunale (EPCI)",Thorée-les-Pins,72357,2020,Vrai,"En cours de réalisation",https://www.paysflechois.fr/abc/
c421d218-5e7f-457c-ae12-fe08957e4453,"ABC du Pays Fléchois","CC du Pays Fléchois","Etablissement public de coopération intercommunale (EPCI)",Villaines-sous-Malicorne,72377,2020,Vrai,"En cours de réalisation",https://www.paysflechois.fr/abc/
4b836634-3bc2-40cb-bf09-518730ebe5d2,"ABC du PETR du Pays de BRAY","CC du Pays de Bray","Etablissement public de coopération intercommunale (EPCI)",Neufchâtel-en-Bray,76462,2021,Vrai,"En cours de réalisation",https://www.paysdebray.org/post/les-abc
4b836634-3bc2-40cb-bf09-518730ebe5d2,"ABC du PETR du Pays de BRAY","CC du Pays de Bray","Etablissement public de coopération intercommunale (EPCI)",Osmoy-Saint-Valery,76487,2021,Vrai,"En cours de réalisation",https://www.paysdebray.org/post/les-abc
4b836634-3bc2-40cb-bf09-518730ebe5d2,"ABC du PETR du Pays de BRAY","CC du Pays de Bray","Etablissement public de coopération intercommunale (EPCI)",Neuville-Ferrières,76465,2021,Vrai,"En cours de réalisation",https://www.paysdebray.org/post/les-abc
2eef506c-2066-4970-ab89-85d5b59ba0e8,"ABC du plateau du Roumois (PNR des Boucles de la Seine Normande)","Boucles De La Seine Normande","Parc naturel régional","La Bouille",76131,2020,Vrai,"En cours de réalisation",https://www.pnr-seine-normande.com/actualite-atlas-de-la-biodiversite-communale-112.html
2eef506c-2066-4970-ab89-85d5b59ba0e8,"ABC du plateau du Roumois (PNR des Boucles de la Seine Normande)","Boucles De La Seine Normande","Parc naturel régional",Caumont,27133,2020,Vrai,"En cours de réalisation",https://www.pnr-seine-normande.com/actualite-atlas-de-la-biodiversite-communale-112.html
2eef506c-2066-4970-ab89-85d5b59ba0e8,"ABC du plateau du Roumois (PNR des Boucles de la Seine Normande)","Boucles De La Seine Normande","Parc naturel régional",Mauny,76419,2020,Vrai,"En cours de réalisation",https://www.pnr-seine-normande.com/actualite-atlas-de-la-biodiversite-communale-112.html
2eef506c-2066-4970-ab89-85d5b59ba0e8,"ABC du plateau du Roumois (PNR des Boucles de la Seine Normande)","Boucles De La Seine Normande","Parc naturel régional","Le Landin",27363,2020,Vrai,"En cours de réalisation",https://www.pnr-seine-normande.com/actualite-atlas-de-la-biodiversite-communale-112.html
2eef506c-2066-4970-ab89-85d5b59ba0e8,"ABC du plateau du Roumois (PNR des Boucles de la Seine Normande)","Boucles De La Seine Normande","Parc naturel régional",Barneville-sur-Seine,27039,2020,Vrai,"En cours de réalisation",https://www.pnr-seine-normande.com/actualite-atlas-de-la-biodiversite-communale-112.html
2eef506c-2066-4970-ab89-85d5b59ba0e8,"ABC du plateau du Roumois (PNR des Boucles de la Seine Normande)","Boucles De La Seine Normande","Parc naturel régional",Honguemare-Guenouville,27340,2020,Vrai,"En cours de réalisation",https://www.pnr-seine-normande.com/actualite-atlas-de-la-biodiversite-communale-112.html
2eef506c-2066-4970-ab89-85d5b59ba0e8,"ABC du plateau du Roumois (PNR des Boucles de la Seine Normande)","Boucles De La Seine Normande","Parc naturel régional",Hauville,27316,2020,Vrai,"En cours de réalisation",https://www.pnr-seine-normande.com/actualite-atlas-de-la-biodiversite-communale-112.html
2eef506c-2066-4970-ab89-85d5b59ba0e8,"ABC du plateau du Roumois (PNR des Boucles de la Seine Normande)","Boucles De La Seine Normande","Parc naturel régional",Routot,27500,2020,Vrai,"En cours de réalisation",https://www.pnr-seine-normande.com/actualite-atlas-de-la-biodiversite-communale-112.html
2eef506c-2066-4970-ab89-85d5b59ba0e8,"ABC du plateau du Roumois (PNR des Boucles de la Seine Normande)","Boucles De La Seine Normande","Parc naturel régional","La Haye-de-Routot",27319,2020,Vrai,"En cours de réalisation",https://www.pnr-seine-normande.com/actualite-atlas-de-la-biodiversite-communale-112.html
2eef506c-2066-4970-ab89-85d5b59ba0e8,"ABC du plateau du Roumois (PNR des Boucles de la Seine Normande)","Boucles De La Seine Normande","Parc naturel régional","La Haye-Aubrée",27317,2020,Vrai,"En cours de réalisation",https://www.pnr-seine-normande.com/actualite-atlas-de-la-biodiversite-communale-112.html
2eef506c-2066-4970-ab89-85d5b59ba0e8,"ABC du plateau du Roumois (PNR des Boucles de la Seine Normande)","Boucles De La Seine Normande","Parc naturel régional",Étréville,27227,2020,Vrai,"En cours de réalisation",https://www.pnr-seine-normande.com/actualite-atlas-de-la-biodiversite-communale-112.html
2eef506c-2066-4970-ab89-85d5b59ba0e8,"ABC du plateau du Roumois (PNR des Boucles de la Seine Normande)","Boucles De La Seine Normande","Parc naturel régional",Bourneville-Sainte-Croix,27107,2020,Vrai,"En cours de réalisation",https://www.pnr-seine-normande.com/actualite-atlas-de-la-biodiversite-communale-112.html
2eef506c-2066-4970-ab89-85d5b59ba0e8,"ABC du plateau du Roumois (PNR des Boucles de la Seine Normande)","Boucles De La Seine Normande","Parc naturel régional",Tocqueville,27645,2020,Vrai,"En cours de réalisation",https://www.pnr-seine-normande.com/actualite-atlas-de-la-biodiversite-communale-112.html
2eef506c-2066-4970-ab89-85d5b59ba0e8,"ABC du plateau du Roumois (PNR des Boucles de la Seine Normande)","Boucles De La Seine Normande","Parc naturel régional","Le Perrey",27263,2020,Vrai,"En cours de réalisation",https://www.pnr-seine-normande.com/actualite-atlas-de-la-biodiversite-communale-112.html
2eef506c-2066-4970-ab89-85d5b59ba0e8,"ABC du plateau du Roumois (PNR des Boucles de la Seine Normande)","Boucles De La Seine Normande","Parc naturel régional",Corneville-sur-Risle,27174,2020,Vrai,"En cours de réalisation",https://www.pnr-seine-normande.com/actualite-atlas-de-la-biodiversite-communale-112.html
6e3051ec-e3b5-4f3c-8fda-6997b1b0526b,"ABC du PNR Avesnois",Avesnois,"Parc naturel régional",Anor,59012,2018,Vrai,Fini,
6e3051ec-e3b5-4f3c-8fda-6997b1b0526b,"ABC du PNR Avesnois",Avesnois,"Parc naturel régional",Baives,59045,2018,Vrai,Fini,
6e3051ec-e3b5-4f3c-8fda-6997b1b0526b,"ABC du PNR Avesnois",Avesnois,"Parc naturel régional",Beaurepaire-sur-Sambre,59061,2018,Vrai,Fini,
6e3051ec-e3b5-4f3c-8fda-6997b1b0526b,"ABC du PNR Avesnois",Avesnois,"Parc naturel régional",Boulogne-sur-Helpe,59093,2018,Vrai,Fini,
6e3051ec-e3b5-4f3c-8fda-6997b1b0526b,"ABC du PNR Avesnois",Avesnois,"Parc naturel régional",Cartignies,59134,2018,Vrai,Fini,
6e3051ec-e3b5-4f3c-8fda-6997b1b0526b,"ABC du PNR Avesnois",Avesnois,"Parc naturel régional",Cousolre,59157,2018,Vrai,Fini,
6e3051ec-e3b5-4f3c-8fda-6997b1b0526b,"ABC du PNR Avesnois",Avesnois,"Parc naturel régional",Étr½ungt,59218,2018,Vrai,Fini,
6e3051ec-e3b5-4f3c-8fda-6997b1b0526b,"ABC du PNR Avesnois",Avesnois,"Parc naturel régional",Féron,59229,2018,Vrai,Fini,
6e3051ec-e3b5-4f3c-8fda-6997b1b0526b,"ABC du PNR Avesnois",Avesnois,"Parc naturel régional",Floyon,59241,2018,Vrai,Fini,
6e3051ec-e3b5-4f3c-8fda-6997b1b0526b,"ABC du PNR Avesnois",Avesnois,"Parc naturel régional",Fourmies,59249,2018,Vrai,Fini,
6e3051ec-e3b5-4f3c-8fda-6997b1b0526b,"ABC du PNR Avesnois",Avesnois,"Parc naturel régional",Glageon,59261,2018,Vrai,Fini,
6e3051ec-e3b5-4f3c-8fda-6997b1b0526b,"ABC du PNR Avesnois",Avesnois,"Parc naturel régional",Grand-Fayt,59270,2018,Vrai,Fini,
6e3051ec-e3b5-4f3c-8fda-6997b1b0526b,"ABC du PNR Avesnois",Avesnois,"Parc naturel régional","Le Favril",59223,2018,Vrai,Fini,
6e3051ec-e3b5-4f3c-8fda-6997b1b0526b,"ABC du PNR Avesnois",Avesnois,"Parc naturel régional",Larouillies,59333,2018,Vrai,Fini,
6e3051ec-e3b5-4f3c-8fda-6997b1b0526b,"ABC du PNR Avesnois",Avesnois,"Parc naturel régional",Marbaix,59374,2018,Vrai,Fini,
6e3051ec-e3b5-4f3c-8fda-6997b1b0526b,"ABC du PNR Avesnois",Avesnois,"Parc naturel régional",Moustier-en-Fagne,59420,2018,Vrai,Fini,
6e3051ec-e3b5-4f3c-8fda-6997b1b0526b,"ABC du PNR Avesnois",Avesnois,"Parc naturel régional",Ohain,59445,2018,Vrai,Fini,
6e3051ec-e3b5-4f3c-8fda-6997b1b0526b,"ABC du PNR Avesnois",Avesnois,"Parc naturel régional",Petit-Fayt,59461,2018,Vrai,Fini,
6e3051ec-e3b5-4f3c-8fda-6997b1b0526b,"ABC du PNR Avesnois",Avesnois,"Parc naturel régional",Pont-sur-Sambre,59467,2018,Vrai,Fini,
6e3051ec-e3b5-4f3c-8fda-6997b1b0526b,"ABC du PNR Avesnois",Avesnois,"Parc naturel régional",Rainsars,59490,2018,Vrai,Fini,
6e3051ec-e3b5-4f3c-8fda-6997b1b0526b,"ABC du PNR Avesnois",Avesnois,"Parc naturel régional",Trélon,59601,2018,Vrai,Fini,
6e3051ec-e3b5-4f3c-8fda-6997b1b0526b,"ABC du PNR Avesnois",Avesnois,"Parc naturel régional",Wallers-en-Fagne,59633,2018,Vrai,Fini,
6e3051ec-e3b5-4f3c-8fda-6997b1b0526b,"ABC du PNR Avesnois",Avesnois,"Parc naturel régional",Wignehies,59659,2018,Vrai,Fini,
6e3051ec-e3b5-4f3c-8fda-6997b1b0526b,"ABC du PNR Avesnois",Avesnois,"Parc naturel régional",Willies,59661,2018,Vrai,Fini,
18663980-4415-4c32-97f6-080546a97dcc,"ABC du PNR Brière (Territoire Est)",Brière,"Parc naturel régional",Trignac,44210,2019,Faux,"En cours de réalisation",http://www.parc-naturel-briere.com/fr/leparc/un-projet-partage/atlas-de-la-biodiversite-communale
18663980-4415-4c32-97f6-080546a97dcc,"ABC du PNR Brière (Territoire Est)",Brière,"Parc naturel régional",Montoir-de-Bretagne,44103,2019,Faux,"En cours de réalisation",http://www.parc-naturel-briere.com/fr/leparc/un-projet-partage/atlas-de-la-biodiversite-communale
18663980-4415-4c32-97f6-080546a97dcc,"ABC du PNR Brière (Territoire Est)",Brière,"Parc naturel régional",Saint-Malo-de-Guersac,44176,2019,Faux,"En cours de réalisation",http://www.parc-naturel-briere.com/fr/leparc/un-projet-partage/atlas-de-la-biodiversite-communale
18663980-4415-4c32-97f6-080546a97dcc,"ABC du PNR Brière (Territoire Est)",Brière,"Parc naturel régional",Besné,44013,2019,Faux,"En cours de réalisation",http://www.parc-naturel-briere.com/fr/leparc/un-projet-partage/atlas-de-la-biodiversite-communale
18663980-4415-4c32-97f6-080546a97dcc,"ABC du PNR Brière (Territoire Est)",Brière,"Parc naturel régional",Pontchâteau,44129,2019,Faux,"En cours de réalisation",http://www.parc-naturel-briere.com/fr/leparc/un-projet-partage/atlas-de-la-biodiversite-communale
18663980-4415-4c32-97f6-080546a97dcc,"ABC du PNR Brière (Territoire Est)",Brière,"Parc naturel régional",Crossac,44050,2019,Faux,"En cours de réalisation",http://www.parc-naturel-briere.com/fr/leparc/un-projet-partage/atlas-de-la-biodiversite-communale
18663980-4415-4c32-97f6-080546a97dcc,"ABC du PNR Brière (Territoire Est)",Brière,"Parc naturel régional",Prinquiau,44137,2019,Faux,"En cours de réalisation",http://www.parc-naturel-briere.com/fr/leparc/un-projet-partage/atlas-de-la-biodiversite-communale
18663980-4415-4c32-97f6-080546a97dcc,"ABC du PNR Brière (Territoire Est)",Brière,"Parc naturel régional",Donges,44052,2019,Faux,"En cours de réalisation",http://www.parc-naturel-briere.com/fr/leparc/un-projet-partage/atlas-de-la-biodiversite-communale
18663980-4415-4c32-97f6-080546a97dcc,"ABC du PNR Brière (Territoire Est)",Brière,"Parc naturel régional",Assérac,44006,2019,Faux,"En cours de réalisation",http://www.parc-naturel-briere.com/fr/leparc/un-projet-partage/atlas-de-la-biodiversite-communale
adf03937-db3d-4297-be32-e629c78abb14,"ABC du PNR Brière (Territoire Ouest)",Brière,"Parc naturel régional",Guérande,44069,2021,Vrai,"En cours de réalisation",http://www.parc-naturel-briere.com/fr/leparc/un-projet-partage/atlas-de-la-biodiversite-communale
adf03937-db3d-4297-be32-e629c78abb14,"ABC du PNR Brière (Territoire Ouest)",Brière,"Parc naturel régional",Herbignac,44072,2021,Vrai,"En cours de réalisation",http://www.parc-naturel-briere.com/fr/leparc/un-projet-partage/atlas-de-la-biodiversite-communale
adf03937-db3d-4297-be32-e629c78abb14,"ABC du PNR Brière (Territoire Ouest)",Brière,"Parc naturel régional","La Chapelle-des-Marais",44030,2021,Vrai,"En cours de réalisation",http://www.parc-naturel-briere.com/fr/leparc/un-projet-partage/atlas-de-la-biodiversite-communale
adf03937-db3d-4297-be32-e629c78abb14,"ABC du PNR Brière (Territoire Ouest)",Brière,"Parc naturel régional",Missillac,44098,2021,Vrai,"En cours de réalisation",http://www.parc-naturel-briere.com/fr/leparc/un-projet-partage/atlas-de-la-biodiversite-communale
adf03937-db3d-4297-be32-e629c78abb14,"ABC du PNR Brière (Territoire Ouest)",Brière,"Parc naturel régional",Pornichet,44132,2021,Vrai,"En cours de réalisation",http://www.parc-naturel-briere.com/fr/leparc/un-projet-partage/atlas-de-la-biodiversite-communale
adf03937-db3d-4297-be32-e629c78abb14,"ABC du PNR Brière (Territoire Ouest)",Brière,"Parc naturel régional",Saint-André-des-Eaux,44151,2021,Vrai,"En cours de réalisation",http://www.parc-naturel-briere.com/fr/leparc/un-projet-partage/atlas-de-la-biodiversite-communale
adf03937-db3d-4297-be32-e629c78abb14,"ABC du PNR Brière (Territoire Ouest)",Brière,"Parc naturel régional",Saint-Joachim,44168,2021,Vrai,"En cours de réalisation",http://www.parc-naturel-briere.com/fr/leparc/un-projet-partage/atlas-de-la-biodiversite-communale
adf03937-db3d-4297-be32-e629c78abb14,"ABC du PNR Brière (Territoire Ouest)",Brière,"Parc naturel régional",Saint-Lyphard,44175,2021,Vrai,"En cours de réalisation",http://www.parc-naturel-briere.com/fr/leparc/un-projet-partage/atlas-de-la-biodiversite-communale
adf03937-db3d-4297-be32-e629c78abb14,"ABC du PNR Brière (Territoire Ouest)",Brière,"Parc naturel régional",Saint-Molf,44183,2021,Vrai,"En cours de réalisation",http://www.parc-naturel-briere.com/fr/leparc/un-projet-partage/atlas-de-la-biodiversite-communale
adf03937-db3d-4297-be32-e629c78abb14,"ABC du PNR Brière (Territoire Ouest)",Brière,"Parc naturel régional",Saint-Nazaire,44184,2021,Vrai,"En cours de réalisation",http://www.parc-naturel-briere.com/fr/leparc/un-projet-partage/atlas-de-la-biodiversite-communale
adf03937-db3d-4297-be32-e629c78abb14,"ABC du PNR Brière (Territoire Ouest)",Brière,"Parc naturel régional",Sainte-Reine-de-Bretagne,44189,2021,Vrai,"En cours de réalisation",http://www.parc-naturel-briere.com/fr/leparc/un-projet-partage/atlas-de-la-biodiversite-communale
adf03937-db3d-4297-be32-e629c78abb14,"ABC du PNR Brière (Territoire Ouest)",Brière,"Parc naturel régional","La Baule-Escoublac",44055,2021,Vrai,"En cours de réalisation",http://www.parc-naturel-briere.com/fr/leparc/un-projet-partage/atlas-de-la-biodiversite-communale
adf03937-db3d-4297-be32-e629c78abb14,"ABC du PNR Brière (Territoire Ouest)",Brière,"Parc naturel régional",Mesquer,44097,2021,Vrai,"En cours de réalisation",http://www.parc-naturel-briere.com/fr/leparc/un-projet-partage/atlas-de-la-biodiversite-communale
c8aa0769-3405-4750-9f03-aad445ac0ea8,"ABC du PNR de La Sainte-Baume","La Sainte-Baume","Parc naturel régional","La Celle",83037,2018,Vrai,Fini,https://www.pnr-saintebaume.fr/en-actions/patrimoine-naturel/atlas-de-biodiversite-communale-abc/
c8aa0769-3405-4750-9f03-aad445ac0ea8,"ABC du PNR de La Sainte-Baume","La Sainte-Baume","Parc naturel régional","La Roquebrussanne",83108,2018,Vrai,Fini,https://www.pnr-saintebaume.fr/en-actions/patrimoine-naturel/atlas-de-biodiversite-communale-abc/
aeed368a-6359-4eba-9737-cc8461277062,"ABC du PNR de La Sainte-Baume (2)","La Sainte-Baume","Parc naturel régional",Pourcieux,83096,2021,Vrai,"En cours de réalisation",https://www.pnr-saintebaume.fr/en-actions/patrimoine-naturel/atlas-de-biodiversite-communale-abc
aeed368a-6359-4eba-9737-cc8461277062,"ABC du PNR de La Sainte-Baume (2)","La Sainte-Baume","Parc naturel régional",Pourrières,83097,2021,Vrai,"En cours de réalisation",https://www.pnr-saintebaume.fr/en-actions/patrimoine-naturel/atlas-de-biodiversite-communale-abc
aeed368a-6359-4eba-9737-cc8461277062,"ABC du PNR de La Sainte-Baume (2)","La Sainte-Baume","Parc naturel régional",Trets,13110,2021,Vrai,"En cours de réalisation",https://www.pnr-saintebaume.fr/en-actions/patrimoine-naturel/atlas-de-biodiversite-communale-abc
aeed368a-6359-4eba-9737-cc8461277062,"ABC du PNR de La Sainte-Baume (2)","La Sainte-Baume","Parc naturel régional","Le Beausset",83016,2021,Vrai,"En cours de réalisation",https://www.pnr-saintebaume.fr/en-actions/patrimoine-naturel/atlas-de-biodiversite-communale-abc
aeed368a-6359-4eba-9737-cc8461277062,"ABC du PNR de La Sainte-Baume (2)","La Sainte-Baume","Parc naturel régional",Évenos,83053,2021,Vrai,"En cours de réalisation",https://www.pnr-saintebaume.fr/en-actions/patrimoine-naturel/atlas-de-biodiversite-communale-abc
aeed368a-6359-4eba-9737-cc8461277062,"ABC du PNR de La Sainte-Baume (2)","La Sainte-Baume","Parc naturel régional",Signes,83127,2021,Vrai,"En cours de réalisation",https://www.pnr-saintebaume.fr/en-actions/patrimoine-naturel/atlas-de-biodiversite-communale-abc
53e1c71c-5a15-476a-b38a-b6fd3b213124,"ABC du PNR des Alpilles",Alpilles,"Parc naturel régional",Saint-Étienne-du-Grès,13094,2021,Vrai,"En cours de réalisation",https://www.parc-alpilles.fr/projet/les-abc-des-alpilles/
53e1c71c-5a15-476a-b38a-b6fd3b213124,"ABC du PNR des Alpilles",Alpilles,"Parc naturel régional",Eygalières,13034,2021,Vrai,"En cours de réalisation",https://www.parc-alpilles.fr/projet/les-abc-des-alpilles/
53e1c71c-5a15-476a-b38a-b6fd3b213124,"ABC du PNR des Alpilles",Alpilles,"Parc naturel régional",Aureille,13006,2021,Vrai,"En cours de réalisation",https://www.parc-alpilles.fr/projet/les-abc-des-alpilles/
53e1c71c-5a15-476a-b38a-b6fd3b213124,"ABC du PNR des Alpilles",Alpilles,"Parc naturel régional","Les Baux-de-Provence",13011,2021,Vrai,"En cours de réalisation",https://www.parc-alpilles.fr/projet/les-abc-des-alpilles/
53e1c71c-5a15-476a-b38a-b6fd3b213124,"ABC du PNR des Alpilles",Alpilles,"Parc naturel régional",Paradou,13068,2021,Vrai,"En cours de réalisation",https://www.parc-alpilles.fr/projet/les-abc-des-alpilles/
426a105e-6c23-4490-a968-ba51ebb35cc1,"ABC du PNR des Baronnies Provençales","Baronnies Provençales","Parc naturel régional",Éourres,05047,2017,Vrai,Fini,https://www.baronnies-provencales.fr/publication/atlas-de-la-biodiversite-communale/
426a105e-6c23-4490-a968-ba51ebb35cc1,"ABC du PNR des Baronnies Provençales","Baronnies Provençales","Parc naturel régional","Val Buëch-Méouge",05118,2017,Vrai,Fini,https://www.baronnies-provencales.fr/publication/atlas-de-la-biodiversite-communale/
5455bbef-2601-4da6-adcf-6b7368fe0375,"ABC du PNR des Baronnies Provençales n°2 - Méouge aval","Baronnies Provençales","Parc naturel régional",Barret-sur-Méouge,05014,2022,Vrai,"En cours de réalisation",
5455bbef-2601-4da6-adcf-6b7368fe0375,"ABC du PNR des Baronnies Provençales n°2 - Méouge aval","Baronnies Provençales","Parc naturel régional",Saint-Pierre-Avez,05155,2022,Vrai,"En cours de réalisation",
49ae9a88-ef1c-4204-9970-fa44610021c2,"ABC du PNR du Mont Ventoux",,"Parc naturel régional",Crestet,84040,2021,Vrai,"En cours de réalisation",https://www.parcduventoux.fr/latlas-de-biodiversite-communale-abc/
49ae9a88-ef1c-4204-9970-fa44610021c2,"ABC du PNR du Mont Ventoux",,"Parc naturel régional",Entrechaux,84044,2021,Vrai,"En cours de réalisation",https://www.parcduventoux.fr/latlas-de-biodiversite-communale-abc/
49ae9a88-ef1c-4204-9970-fa44610021c2,"ABC du PNR du Mont Ventoux",,"Parc naturel régional",Faucon,84045,2021,Vrai,"En cours de réalisation",https://www.parcduventoux.fr/latlas-de-biodiversite-communale-abc/
49ae9a88-ef1c-4204-9970-fa44610021c2,"ABC du PNR du Mont Ventoux",,"Parc naturel régional",Puyméras,84094,2021,Vrai,"En cours de réalisation",https://www.parcduventoux.fr/latlas-de-biodiversite-communale-abc/
49ae9a88-ef1c-4204-9970-fa44610021c2,"ABC du PNR du Mont Ventoux",,"Parc naturel régional",Vaison-la-Romaine,84137,2021,Vrai,"En cours de réalisation",https://www.parcduventoux.fr/latlas-de-biodiversite-communale-abc/
99b58fd7-4c01-40c2-b671-998327f7e4d5,"ABC du PNR du Mont Ventoux n°2",,"Parc naturel régional",Mazan,84072,2023,Vrai,"Non commencé",
99b58fd7-4c01-40c2-b671-998327f7e4d5,"ABC du PNR du Mont Ventoux n°2",,"Parc naturel régional",Mormoiron,84082,2023,Vrai,"Non commencé",
99b58fd7-4c01-40c2-b671-998327f7e4d5,"ABC du PNR du Mont Ventoux n°2",,"Parc naturel régional",Saint-Pierre-de-Vassols,84115,2023,Vrai,"Non commencé",
99b58fd7-4c01-40c2-b671-998327f7e4d5,"ABC du PNR du Mont Ventoux n°2",,"Parc naturel régional",Villes-sur-Auzon,84148,2023,Vrai,"Non commencé",
99b58fd7-4c01-40c2-b671-998327f7e4d5,"ABC du PNR du Mont Ventoux n°2",,"Parc naturel régional","Le Beaucet",84011,2023,Vrai,"Non commencé",
99b58fd7-4c01-40c2-b671-998327f7e4d5,"ABC du PNR du Mont Ventoux n°2",,"Parc naturel régional",Méthamis,84075,2023,Vrai,"Non commencé",
99b58fd7-4c01-40c2-b671-998327f7e4d5,"ABC du PNR du Mont Ventoux n°2",,"Parc naturel régional",Saint-Didier,84108,2023,Vrai,"Non commencé",
99b58fd7-4c01-40c2-b671-998327f7e4d5,"ABC du PNR du Mont Ventoux n°2",,"Parc naturel régional",Venasque,84143,2023,Vrai,"Non commencé",
48f2861b-805d-4450-a4f7-4210c65379b0,"ABC du PNR du Vercors",Vercors,"Parc naturel régional","Autrans-Méaudre en Vercors",38225,2021,Vrai,"En cours de réalisation",
48f2861b-805d-4450-a4f7-4210c65379b0,"ABC du PNR du Vercors",Vercors,"Parc naturel régional",Beaufort-sur-Gervanne,26035,2021,Vrai,"En cours de réalisation",
48f2861b-805d-4450-a4f7-4210c65379b0,"ABC du PNR du Vercors",Vercors,"Parc naturel régional",Beauvoir-en-Royans,38036,2021,Vrai,"En cours de réalisation",
48f2861b-805d-4450-a4f7-4210c65379b0,"ABC du PNR du Vercors",Vercors,"Parc naturel régional",Chamaloc,26069,2021,Vrai,"En cours de réalisation",
48f2861b-805d-4450-a4f7-4210c65379b0,"ABC du PNR du Vercors",Vercors,"Parc naturel régional",Choranche,38108,2021,Vrai,"En cours de réalisation",
48f2861b-805d-4450-a4f7-4210c65379b0,"ABC du PNR du Vercors",Vercors,"Parc naturel régional",Château-Bernard,38090,2021,Vrai,"En cours de réalisation",
48f2861b-805d-4450-a4f7-4210c65379b0,"ABC du PNR du Vercors",Vercors,"Parc naturel régional",Crest,26108,2021,Vrai,"En cours de réalisation",
48f2861b-805d-4450-a4f7-4210c65379b0,"ABC du PNR du Vercors",Vercors,"Parc naturel régional",Die,26113,2021,Vrai,"En cours de réalisation",
48f2861b-805d-4450-a4f7-4210c65379b0,"ABC du PNR du Vercors",Vercors,"Parc naturel régional",Fontaine,38169,2021,Vrai,"En cours de réalisation",
48f2861b-805d-4450-a4f7-4210c65379b0,"ABC du PNR du Vercors",Vercors,"Parc naturel régional",Gigors-et-Lozeron,26141,2021,Vrai,"En cours de réalisation",
48f2861b-805d-4450-a4f7-4210c65379b0,"ABC du PNR du Vercors",Vercors,"Parc naturel régional",Gresse-en-Vercors,38186,2021,Vrai,"En cours de réalisation",
48f2861b-805d-4450-a4f7-4210c65379b0,"ABC du PNR du Vercors",Vercors,"Parc naturel régional","La Rivière",38338,2021,Vrai,"En cours de réalisation",
48f2861b-805d-4450-a4f7-4210c65379b0,"ABC du PNR du Vercors",Vercors,"Parc naturel régional","La Chapelle-en-Vercors",26074,2021,Vrai,"En cours de réalisation",
48f2861b-805d-4450-a4f7-4210c65379b0,"ABC du PNR du Vercors",Vercors,"Parc naturel régional",Lans-en-Vercors,38205,2021,Vrai,"En cours de réalisation",
48f2861b-805d-4450-a4f7-4210c65379b0,"ABC du PNR du Vercors",Vercors,"Parc naturel régional","Le Gua",38187,2021,Vrai,"En cours de réalisation",
48f2861b-805d-4450-a4f7-4210c65379b0,"ABC du PNR du Vercors",Vercors,"Parc naturel régional",Percy,38301,2021,Vrai,"En cours de réalisation",
48f2861b-805d-4450-a4f7-4210c65379b0,"ABC du PNR du Vercors",Vercors,"Parc naturel régional",Lus-la-Croix-Haute,26168,2021,Vrai,"En cours de réalisation",
48f2861b-805d-4450-a4f7-4210c65379b0,"ABC du PNR du Vercors",Vercors,"Parc naturel régional",Marignac-en-Diois,26175,2021,Vrai,"En cours de réalisation",
48f2861b-805d-4450-a4f7-4210c65379b0,"ABC du PNR du Vercors",Vercors,"Parc naturel régional",Miribel-Lanchâtre,38235,2021,Vrai,"En cours de réalisation",
48f2861b-805d-4450-a4f7-4210c65379b0,"ABC du PNR du Vercors",Vercors,"Parc naturel régional","Le Monestier-du-Percy",38243,2021,Vrai,"En cours de réalisation",
48f2861b-805d-4450-a4f7-4210c65379b0,"ABC du PNR du Vercors",Vercors,"Parc naturel régional",Pont-en-Royans,38319,2021,Vrai,"En cours de réalisation",
48f2861b-805d-4450-a4f7-4210c65379b0,"ABC du PNR du Vercors",Vercors,"Parc naturel régional",Presles,38322,2021,Vrai,"En cours de réalisation",
48f2861b-805d-4450-a4f7-4210c65379b0,"ABC du PNR du Vercors",Vercors,"Parc naturel régional",Saint-Andéol,26291,2021,Vrai,"En cours de réalisation",
48f2861b-805d-4450-a4f7-4210c65379b0,"ABC du PNR du Vercors",Vercors,"Parc naturel régional",Saint-Guillaume,38391,2021,Vrai,"En cours de réalisation",
48f2861b-805d-4450-a4f7-4210c65379b0,"ABC du PNR du Vercors",Vercors,"Parc naturel régional",Saint-Martin-en-Vercors,26315,2021,Vrai,"En cours de réalisation",
48f2861b-805d-4450-a4f7-4210c65379b0,"ABC du PNR du Vercors",Vercors,"Parc naturel régional",Saint-Nazaire-en-Royans,26320,2021,Vrai,"En cours de réalisation",
48f2861b-805d-4450-a4f7-4210c65379b0,"ABC du PNR du Vercors",Vercors,"Parc naturel régional",Saint-Nizier-du-Moucherotte,38433,2021,Vrai,"En cours de réalisation",
48f2861b-805d-4450-a4f7-4210c65379b0,"ABC du PNR du Vercors",Vercors,"Parc naturel régional",Saint-Paul-de-Varces,38436,2021,Vrai,"En cours de réalisation",
48f2861b-805d-4450-a4f7-4210c65379b0,"ABC du PNR du Vercors",Vercors,"Parc naturel régional",Seyssinet-Pariset,38485,2021,Vrai,"En cours de réalisation",
48f2861b-805d-4450-a4f7-4210c65379b0,"ABC du PNR du Vercors",Vercors,"Parc naturel régional",Seyssins,38486,2021,Vrai,"En cours de réalisation",
48f2861b-805d-4450-a4f7-4210c65379b0,"ABC du PNR du Vercors",Vercors,"Parc naturel régional",Suze,26346,2021,Vrai,"En cours de réalisation",
48f2861b-805d-4450-a4f7-4210c65379b0,"ABC du PNR du Vercors",Vercors,"Parc naturel régional",Varces-Allières-et-Risset,38524,2021,Vrai,"En cours de réalisation",
48f2861b-805d-4450-a4f7-4210c65379b0,"ABC du PNR du Vercors",Vercors,"Parc naturel régional",Vassieux-en-Vercors,26364,2021,Vrai,"En cours de réalisation",
7189bdab-0efe-4153-8392-5c802a882929,"ABC du PNR du Verdon",Verdon,"Parc naturel régional",Saint-Jurs,04184,2021,Vrai,"En cours de réalisation",
7189bdab-0efe-4153-8392-5c802a882929,"ABC du PNR du Verdon",Verdon,"Parc naturel régional",Saint-Julien-du-Verdon,04183,2021,Vrai,"En cours de réalisation",
9e3f16fc-a2c5-4b9b-bb1b-d47e5d6ade44,"ABC du PNR Haute vallée de Chevreuse","Haute Vallée De Chevreuse","Parc naturel régional",Chevreuse,78160,2021,Vrai,"En cours de réalisation",
e60da6de-d082-4e58-9036-114747877e0b,"ABC du PNR Landes De Gascogne","Landes De Gascogne","Parc naturel régional",Argelouse,40008,2014,Faux,"En cours de réalisation",https://www.parc-landes-de-gascogne.fr/Parc-Naturel-Regional-de-Gascogne/Le-parc-en-actions/Patrimo…
e60da6de-d082-4e58-9036-114747877e0b,"ABC du PNR Landes De Gascogne","Landes De Gascogne","Parc naturel régional",Arue,40014,2014,Faux,"En cours de réalisation",https://www.parc-landes-de-gascogne.fr/Parc-Naturel-Regional-de-Gascogne/Le-parc-en-actions/Patrimo…
e60da6de-d082-4e58-9036-114747877e0b,"ABC du PNR Landes De Gascogne","Landes De Gascogne","Parc naturel régional",Audenge,33019,2014,Faux,"En cours de réalisation",https://www.parc-landes-de-gascogne.fr/Parc-Naturel-Regional-de-Gascogne/Le-parc-en-actions/Patrimo…
e60da6de-d082-4e58-9036-114747877e0b,"ABC du PNR Landes De Gascogne","Landes De Gascogne","Parc naturel régional",Balizac,33026,2014,Faux,"En cours de réalisation",https://www.parc-landes-de-gascogne.fr/Parc-Naturel-Regional-de-Gascogne/Le-parc-en-actions/Patrimo…
e60da6de-d082-4e58-9036-114747877e0b,"ABC du PNR Landes De Gascogne","Landes De Gascogne","Parc naturel régional",Belhade,40032,2014,Faux,"En cours de réalisation",https://www.parc-landes-de-gascogne.fr/Parc-Naturel-Regional-de-Gascogne/Le-parc-en-actions/Patrimo…
e60da6de-d082-4e58-9036-114747877e0b,"ABC du PNR Landes De Gascogne","Landes De Gascogne","Parc naturel régional",Belin-Béliet,33042,2014,Faux,"En cours de réalisation",https://www.parc-landes-de-gascogne.fr/Parc-Naturel-Regional-de-Gascogne/Le-parc-en-actions/Patrimo…
e60da6de-d082-4e58-9036-114747877e0b,"ABC du PNR Landes De Gascogne","Landes De Gascogne","Parc naturel régional",Bélis,40033,2014,Faux,"En cours de réalisation",https://www.parc-landes-de-gascogne.fr/Parc-Naturel-Regional-de-Gascogne/Le-parc-en-actions/Patrimo…
e60da6de-d082-4e58-9036-114747877e0b,"ABC du PNR Landes De Gascogne","Landes De Gascogne","Parc naturel régional",Biganos,33051,2014,Faux,"En cours de réalisation",https://www.parc-landes-de-gascogne.fr/Parc-Naturel-Regional-de-Gascogne/Le-parc-en-actions/Patrimo…
e60da6de-d082-4e58-9036-114747877e0b,"ABC du PNR Landes De Gascogne","Landes De Gascogne","Parc naturel régional",Bourideys,33068,2014,Faux,"En cours de réalisation",https://www.parc-landes-de-gascogne.fr/Parc-Naturel-Regional-de-Gascogne/Le-parc-en-actions/Patrimo…
e60da6de-d082-4e58-9036-114747877e0b,"ABC du PNR Landes De Gascogne","Landes De Gascogne","Parc naturel régional",Brocas,40056,2014,Faux,"En cours de réalisation",https://www.parc-landes-de-gascogne.fr/Parc-Naturel-Regional-de-Gascogne/Le-parc-en-actions/Patrimo…
e60da6de-d082-4e58-9036-114747877e0b,"ABC du PNR Landes De Gascogne","Landes De Gascogne","Parc naturel régional",Cachen,40058,2014,Faux,"En cours de réalisation",https://www.parc-landes-de-gascogne.fr/Parc-Naturel-Regional-de-Gascogne/Le-parc-en-actions/Patrimo…
e60da6de-d082-4e58-9036-114747877e0b,"ABC du PNR Landes De Gascogne","Landes De Gascogne","Parc naturel régional",Captieux,33095,2014,Faux,"En cours de réalisation",https://www.parc-landes-de-gascogne.fr/Parc-Naturel-Regional-de-Gascogne/Le-parc-en-actions/Patrimo…
e60da6de-d082-4e58-9036-114747877e0b,"ABC du PNR Landes De Gascogne","Landes De Gascogne","Parc naturel régional",Cazalis,33115,2014,Faux,"En cours de réalisation",https://www.parc-landes-de-gascogne.fr/Parc-Naturel-Regional-de-Gascogne/Le-parc-en-actions/Patrimo…
e60da6de-d082-4e58-9036-114747877e0b,"ABC du PNR Landes De Gascogne","Landes De Gascogne","Parc naturel régional",Commensacq,40085,2014,Faux,"En cours de réalisation",https://www.parc-landes-de-gascogne.fr/Parc-Naturel-Regional-de-Gascogne/Le-parc-en-actions/Patrimo…
e60da6de-d082-4e58-9036-114747877e0b,"ABC du PNR Landes De Gascogne","Landes De Gascogne","Parc naturel régional",Escaudes,33155,2014,Faux,"En cours de réalisation",https://www.parc-landes-de-gascogne.fr/Parc-Naturel-Regional-de-Gascogne/Le-parc-en-actions/Patrimo…
e60da6de-d082-4e58-9036-114747877e0b,"ABC du PNR Landes De Gascogne","Landes De Gascogne","Parc naturel régional",Garein,40105,2014,Faux,"En cours de réalisation",https://www.parc-landes-de-gascogne.fr/Parc-Naturel-Regional-de-Gascogne/Le-parc-en-actions/Patrimo…
e60da6de-d082-4e58-9036-114747877e0b,"ABC du PNR Landes De Gascogne","Landes De Gascogne","Parc naturel régional",Giscos,33188,2014,Faux,"En cours de réalisation",https://www.parc-landes-de-gascogne.fr/Parc-Naturel-Regional-de-Gascogne/Le-parc-en-actions/Patrimo…
e60da6de-d082-4e58-9036-114747877e0b,"ABC du PNR Landes De Gascogne","Landes De Gascogne","Parc naturel régional",Goualade,33190,2014,Faux,"En cours de réalisation",https://www.parc-landes-de-gascogne.fr/Parc-Naturel-Regional-de-Gascogne/Le-parc-en-actions/Patrimo…
e60da6de-d082-4e58-9036-114747877e0b,"ABC du PNR Landes De Gascogne","Landes De Gascogne","Parc naturel régional",Hostens,33202,2014,Faux,"En cours de réalisation",https://www.parc-landes-de-gascogne.fr/Parc-Naturel-Regional-de-Gascogne/Le-parc-en-actions/Patrimo…
e60da6de-d082-4e58-9036-114747877e0b,"ABC du PNR Landes De Gascogne","Landes De Gascogne","Parc naturel régional",Labouheyre,40134,2014,Faux,"En cours de réalisation",https://www.parc-landes-de-gascogne.fr/Parc-Naturel-Regional-de-Gascogne/Le-parc-en-actions/Patrimo…
e60da6de-d082-4e58-9036-114747877e0b,"ABC du PNR Landes De Gascogne","Landes De Gascogne","Parc naturel régional",Labrit,40135,2014,Faux,"En cours de réalisation",https://www.parc-landes-de-gascogne.fr/Parc-Naturel-Regional-de-Gascogne/Le-parc-en-actions/Patrimo…
e60da6de-d082-4e58-9036-114747877e0b,"ABC du PNR Landes De Gascogne","Landes De Gascogne","Parc naturel régional",Lartigue,33232,2014,Faux,"En cours de réalisation",https://www.parc-landes-de-gascogne.fr/Parc-Naturel-Regional-de-Gascogne/Le-parc-en-actions/Patrimo…
e60da6de-d082-4e58-9036-114747877e0b,"ABC du PNR Landes De Gascogne","Landes De Gascogne","Parc naturel régional","Le Barp",33029,2014,Faux,"En cours de réalisation",https://www.parc-landes-de-gascogne.fr/Parc-Naturel-Regional-de-Gascogne/Le-parc-en-actions/Patrimo…
e60da6de-d082-4e58-9036-114747877e0b,"ABC du PNR Landes De Gascogne","Landes De Gascogne","Parc naturel régional",Lencouacq,40149,2014,Faux,"En cours de réalisation",https://www.parc-landes-de-gascogne.fr/Parc-Naturel-Regional-de-Gascogne/Le-parc-en-actions/Patrimo…
e60da6de-d082-4e58-9036-114747877e0b,"ABC du PNR Landes De Gascogne","Landes De Gascogne","Parc naturel régional","Le Teich",33527,2014,Faux,"En cours de réalisation",https://www.parc-landes-de-gascogne.fr/Parc-Naturel-Regional-de-Gascogne/Le-parc-en-actions/Patrimo…
e60da6de-d082-4e58-9036-114747877e0b,"ABC du PNR Landes De Gascogne","Landes De Gascogne","Parc naturel régional","Le Tuzan",33536,2014,Faux,"En cours de réalisation",https://www.parc-landes-de-gascogne.fr/Parc-Naturel-Regional-de-Gascogne/Le-parc-en-actions/Patrimo…
e60da6de-d082-4e58-9036-114747877e0b,"ABC du PNR Landes De Gascogne","Landes De Gascogne","Parc naturel régional","Le Sen",40297,2014,Faux,"En cours de réalisation",https://www.parc-landes-de-gascogne.fr/Parc-Naturel-Regional-de-Gascogne/Le-parc-en-actions/Patrimo…
e60da6de-d082-4e58-9036-114747877e0b,"ABC du PNR Landes De Gascogne","Landes De Gascogne","Parc naturel régional",Louchats,33251,2014,Faux,"En cours de réalisation",https://www.parc-landes-de-gascogne.fr/Parc-Naturel-Regional-de-Gascogne/Le-parc-en-actions/Patrimo…
e60da6de-d082-4e58-9036-114747877e0b,"ABC du PNR Landes De Gascogne","Landes De Gascogne","Parc naturel régional",Lucmau,33255,2014,Faux,"En cours de réalisation",https://www.parc-landes-de-gascogne.fr/Parc-Naturel-Regional-de-Gascogne/Le-parc-en-actions/Patrimo…
e60da6de-d082-4e58-9036-114747877e0b,"ABC du PNR Landes De Gascogne","Landes De Gascogne","Parc naturel régional",Luglon,40165,2014,Faux,"En cours de réalisation",https://www.parc-landes-de-gascogne.fr/Parc-Naturel-Regional-de-Gascogne/Le-parc-en-actions/Patrimo…
e60da6de-d082-4e58-9036-114747877e0b,"ABC du PNR Landes De Gascogne","Landes De Gascogne","Parc naturel régional",Lugos,33260,2014,Faux,"En cours de réalisation",https://www.parc-landes-de-gascogne.fr/Parc-Naturel-Regional-de-Gascogne/Le-parc-en-actions/Patrimo…
e60da6de-d082-4e58-9036-114747877e0b,"ABC du PNR Landes De Gascogne","Landes De Gascogne","Parc naturel régional",Luxey,40167,2014,Faux,"En cours de réalisation",https://www.parc-landes-de-gascogne.fr/Parc-Naturel-Regional-de-Gascogne/Le-parc-en-actions/Patrimo…
e60da6de-d082-4e58-9036-114747877e0b,"ABC du PNR Landes De Gascogne","Landes De Gascogne","Parc naturel régional",Maillères,40170,2014,Faux,"En cours de réalisation",https://www.parc-landes-de-gascogne.fr/Parc-Naturel-Regional-de-Gascogne/Le-parc-en-actions/Patrimo…
e60da6de-d082-4e58-9036-114747877e0b,"ABC du PNR Landes De Gascogne","Landes De Gascogne","Parc naturel régional",Mano,40171,2014,Faux,"En cours de réalisation",https://www.parc-landes-de-gascogne.fr/Parc-Naturel-Regional-de-Gascogne/Le-parc-en-actions/Patrimo…
e60da6de-d082-4e58-9036-114747877e0b,"ABC du PNR Landes De Gascogne","Landes De Gascogne","Parc naturel régional",Marcheprime,33555,2014,Faux,"En cours de réalisation",https://www.parc-landes-de-gascogne.fr/Parc-Naturel-Regional-de-Gascogne/Le-parc-en-actions/Patrimo…
e60da6de-d082-4e58-9036-114747877e0b,"ABC du PNR Landes De Gascogne","Landes De Gascogne","Parc naturel régional",Mios,33284,2014,Faux,"En cours de réalisation",https://www.parc-landes-de-gascogne.fr/Parc-Naturel-Regional-de-Gascogne/Le-parc-en-actions/Patrimo…
e60da6de-d082-4e58-9036-114747877e0b,"ABC du PNR Landes De Gascogne","Landes De Gascogne","Parc naturel régional",Moustey,40200,2014,Faux,"En cours de réalisation",https://www.parc-landes-de-gascogne.fr/Parc-Naturel-Regional-de-Gascogne/Le-parc-en-actions/Patrimo…
e60da6de-d082-4e58-9036-114747877e0b,"ABC du PNR Landes De Gascogne","Landes De Gascogne","Parc naturel régional",Origne,33310,2014,Faux,"En cours de réalisation",https://www.parc-landes-de-gascogne.fr/Parc-Naturel-Regional-de-Gascogne/Le-parc-en-actions/Patrimo…
e60da6de-d082-4e58-9036-114747877e0b,"ABC du PNR Landes De Gascogne","Landes De Gascogne","Parc naturel régional",Sabres,40246,2014,Faux,"En cours de réalisation",https://www.parc-landes-de-gascogne.fr/Parc-Naturel-Regional-de-Gascogne/Le-parc-en-actions/Patrimo…
e60da6de-d082-4e58-9036-114747877e0b,"ABC du PNR Landes De Gascogne","Landes De Gascogne","Parc naturel régional",Salles,33498,2014,Faux,"En cours de réalisation",https://www.parc-landes-de-gascogne.fr/Parc-Naturel-Regional-de-Gascogne/Le-parc-en-actions/Patrimo…
e60da6de-d082-4e58-9036-114747877e0b,"ABC du PNR Landes De Gascogne","Landes De Gascogne","Parc naturel régional",Saint-Léger-de-Balson,33429,2014,Faux,"En cours de réalisation",https://www.parc-landes-de-gascogne.fr/Parc-Naturel-Regional-de-Gascogne/Le-parc-en-actions/Patrimo…
e60da6de-d082-4e58-9036-114747877e0b,"ABC du PNR Landes De Gascogne","Landes De Gascogne","Parc naturel régional",Saint-Magne,33436,2014,Faux,"En cours de réalisation",https://www.parc-landes-de-gascogne.fr/Parc-Naturel-Regional-de-Gascogne/Le-parc-en-actions/Patrimo…
e60da6de-d082-4e58-9036-114747877e0b,"ABC du PNR Landes De Gascogne","Landes De Gascogne","Parc naturel régional",Saint-Symphorien,33484,2014,Faux,"En cours de réalisation",https://www.parc-landes-de-gascogne.fr/Parc-Naturel-Regional-de-Gascogne/Le-parc-en-actions/Patrimo…
e60da6de-d082-4e58-9036-114747877e0b,"ABC du PNR Landes De Gascogne","Landes De Gascogne","Parc naturel régional",Saint-Michel-de-Castelnau,33450,2014,Faux,"En cours de réalisation",https://www.parc-landes-de-gascogne.fr/Parc-Naturel-Regional-de-Gascogne/Le-parc-en-actions/Patrimo…
e60da6de-d082-4e58-9036-114747877e0b,"ABC du PNR Landes De Gascogne","Landes De Gascogne","Parc naturel régional",Sore,40307,2014,Faux,"En cours de réalisation",https://www.parc-landes-de-gascogne.fr/Parc-Naturel-Regional-de-Gascogne/Le-parc-en-actions/Patrimo…
e60da6de-d082-4e58-9036-114747877e0b,"ABC du PNR Landes De Gascogne","Landes De Gascogne","Parc naturel régional",Solférino,40303,2014,Faux,"En cours de réalisation",https://www.parc-landes-de-gascogne.fr/Parc-Naturel-Regional-de-Gascogne/Le-parc-en-actions/Patrimo…
e60da6de-d082-4e58-9036-114747877e0b,"ABC du PNR Landes De Gascogne","Landes De Gascogne","Parc naturel régional",Trensacq,40319,2014,Faux,"En cours de réalisation",https://www.parc-landes-de-gascogne.fr/Parc-Naturel-Regional-de-Gascogne/Le-parc-en-actions/Patrimo…
e60da6de-d082-4e58-9036-114747877e0b,"ABC du PNR Landes De Gascogne","Landes De Gascogne","Parc naturel régional",Vert,40323,2014,Faux,"En cours de réalisation",https://www.parc-landes-de-gascogne.fr/Parc-Naturel-Regional-de-Gascogne/Le-parc-en-actions/Patrimo…
e60da6de-d082-4e58-9036-114747877e0b,"ABC du PNR Landes De Gascogne","Landes De Gascogne","Parc naturel régional",Lanton,33229,2014,Faux,"En cours de réalisation",https://www.parc-landes-de-gascogne.fr/Parc-Naturel-Regional-de-Gascogne/Le-parc-en-actions/Patrimo…
e60da6de-d082-4e58-9036-114747877e0b,"ABC du PNR Landes De Gascogne","Landes De Gascogne","Parc naturel régional",Canenx-et-Réaut,40064,2014,Faux,"En cours de réalisation",https://www.parc-landes-de-gascogne.fr/Parc-Naturel-Regional-de-Gascogne/Le-parc-en-actions/Patrimo…
8046a06f-c6d1-4272-8e28-9ac99df216c8,"ABC du PNR Montagne De Reims","Montagne De Reims","Parc naturel régional",Ambonnay,51007,2018,Vrai,Fini,https://www.parc-montagnedereims.fr/fr/agir/am%C3%A9nager-et-d%C3%A9velopper/atlas-de-la-biodiversi…
8046a06f-c6d1-4272-8e28-9ac99df216c8,"ABC du PNR Montagne De Reims","Montagne De Reims","Parc naturel régional",Avenay-Val-d'Or,51028,2018,Vrai,Fini,https://www.parc-montagnedereims.fr/fr/agir/am%C3%A9nager-et-d%C3%A9velopper/atlas-de-la-biodiversi…
8046a06f-c6d1-4272-8e28-9ac99df216c8,"ABC du PNR Montagne De Reims","Montagne De Reims","Parc naturel régional",Bouzy,51079,2018,Vrai,Fini,https://www.parc-montagnedereims.fr/fr/agir/am%C3%A9nager-et-d%C3%A9velopper/atlas-de-la-biodiversi…
8046a06f-c6d1-4272-8e28-9ac99df216c8,"ABC du PNR Montagne De Reims","Montagne De Reims","Parc naturel régional",Champillon,51119,2018,Vrai,Fini,https://www.parc-montagnedereims.fr/fr/agir/am%C3%A9nager-et-d%C3%A9velopper/atlas-de-la-biodiversi…
8046a06f-c6d1-4272-8e28-9ac99df216c8,"ABC du PNR Montagne De Reims","Montagne De Reims","Parc naturel régional",Courtagnon,51190,2018,Vrai,Fini,https://www.parc-montagnedereims.fr/fr/agir/am%C3%A9nager-et-d%C3%A9velopper/atlas-de-la-biodiversi…
8046a06f-c6d1-4272-8e28-9ac99df216c8,"ABC du PNR Montagne De Reims","Montagne De Reims","Parc naturel régional",Cumières,51202,2018,Vrai,Fini,https://www.parc-montagnedereims.fr/fr/agir/am%C3%A9nager-et-d%C3%A9velopper/atlas-de-la-biodiversi…
8046a06f-c6d1-4272-8e28-9ac99df216c8,"ABC du PNR Montagne De Reims","Montagne De Reims","Parc naturel régional",Damery,51204,2018,Vrai,Fini,https://www.parc-montagnedereims.fr/fr/agir/am%C3%A9nager-et-d%C3%A9velopper/atlas-de-la-biodiversi…
8046a06f-c6d1-4272-8e28-9ac99df216c8,"ABC du PNR Montagne De Reims","Montagne De Reims","Parc naturel régional",Dizy,51210,2018,Vrai,Fini,https://www.parc-montagnedereims.fr/fr/agir/am%C3%A9nager-et-d%C3%A9velopper/atlas-de-la-biodiversi…
8046a06f-c6d1-4272-8e28-9ac99df216c8,"ABC du PNR Montagne De Reims","Montagne De Reims","Parc naturel régional",Fontaine-sur-Ay,51256,2018,Vrai,Fini,https://www.parc-montagnedereims.fr/fr/agir/am%C3%A9nager-et-d%C3%A9velopper/atlas-de-la-biodiversi…
8046a06f-c6d1-4272-8e28-9ac99df216c8,"ABC du PNR Montagne De Reims","Montagne De Reims","Parc naturel régional",Germaine,51266,2018,Vrai,Fini,https://www.parc-montagnedereims.fr/fr/agir/am%C3%A9nager-et-d%C3%A9velopper/atlas-de-la-biodiversi…
8046a06f-c6d1-4272-8e28-9ac99df216c8,"ABC du PNR Montagne De Reims","Montagne De Reims","Parc naturel régional",Hautvillers,51287,2018,Vrai,Fini,https://www.parc-montagnedereims.fr/fr/agir/am%C3%A9nager-et-d%C3%A9velopper/atlas-de-la-biodiversi…
8046a06f-c6d1-4272-8e28-9ac99df216c8,"ABC du PNR Montagne De Reims","Montagne De Reims","Parc naturel régional","Val de Livre",51564,2018,Vrai,Fini,https://www.parc-montagnedereims.fr/fr/agir/am%C3%A9nager-et-d%C3%A9velopper/atlas-de-la-biodiversi…
8046a06f-c6d1-4272-8e28-9ac99df216c8,"ABC du PNR Montagne De Reims","Montagne De Reims","Parc naturel régional",Aÿ-Champagne,51030,2018,Vrai,Fini,https://www.parc-montagnedereims.fr/fr/agir/am%C3%A9nager-et-d%C3%A9velopper/atlas-de-la-biodiversi…
8046a06f-c6d1-4272-8e28-9ac99df216c8,"ABC du PNR Montagne De Reims","Montagne De Reims","Parc naturel régional",Mutigny,51392,2018,Vrai,Fini,https://www.parc-montagnedereims.fr/fr/agir/am%C3%A9nager-et-d%C3%A9velopper/atlas-de-la-biodiversi…
8046a06f-c6d1-4272-8e28-9ac99df216c8,"ABC du PNR Montagne De Reims","Montagne De Reims","Parc naturel régional",Nanteuil-la-Forêt,51393,2018,Vrai,Fini,https://www.parc-montagnedereims.fr/fr/agir/am%C3%A9nager-et-d%C3%A9velopper/atlas-de-la-biodiversi…
8046a06f-c6d1-4272-8e28-9ac99df216c8,"ABC du PNR Montagne De Reims","Montagne De Reims","Parc naturel régional",Saint-Imoges,51488,2018,Vrai,Fini,https://www.parc-montagnedereims.fr/fr/agir/am%C3%A9nager-et-d%C3%A9velopper/atlas-de-la-biodiversi…
8046a06f-c6d1-4272-8e28-9ac99df216c8,"ABC du PNR Montagne De Reims","Montagne De Reims","Parc naturel régional",Tours-sur-Marne,51576,2018,Vrai,Fini,https://www.parc-montagnedereims.fr/fr/agir/am%C3%A9nager-et-d%C3%A9velopper/atlas-de-la-biodiversi…
8046a06f-c6d1-4272-8e28-9ac99df216c8,"ABC du PNR Montagne De Reims","Montagne De Reims","Parc naturel régional",Venteuil,51605,2018,Vrai,Fini,https://www.parc-montagnedereims.fr/fr/agir/am%C3%A9nager-et-d%C3%A9velopper/atlas-de-la-biodiversi…
a50fb90a-ec19-4645-83cb-1783ab0e6b02,"ABC du PNR Vosges Du Nord","Vosges Du Nord","Parc naturel régional",Breidenbach,57108,2017,Vrai,Fini,
a50fb90a-ec19-4645-83cb-1783ab0e6b02,"ABC du PNR Vosges Du Nord","Vosges Du Nord","Parc naturel régional",Cleebourg,67074,2017,Vrai,Fini,
a50fb90a-ec19-4645-83cb-1783ab0e6b02,"ABC du PNR Vosges Du Nord","Vosges Du Nord","Parc naturel régional",Drachenbronn-Birlenbach,67104,2017,Vrai,Fini,
a50fb90a-ec19-4645-83cb-1783ab0e6b02,"ABC du PNR Vosges Du Nord","Vosges Du Nord","Parc naturel régional",Epping,57195,2017,Vrai,Fini,
a50fb90a-ec19-4645-83cb-1783ab0e6b02,"ABC du PNR Vosges Du Nord","Vosges Du Nord","Parc naturel régional",Erching,57196,2017,Vrai,Fini,
a50fb90a-ec19-4645-83cb-1783ab0e6b02,"ABC du PNR Vosges Du Nord","Vosges Du Nord","Parc naturel régional",Hunspach,67213,2017,Vrai,Fini,
a50fb90a-ec19-4645-83cb-1783ab0e6b02,"ABC du PNR Vosges Du Nord","Vosges Du Nord","Parc naturel régional",Ingolsheim,67221,2017,Vrai,Fini,
a50fb90a-ec19-4645-83cb-1783ab0e6b02,"ABC du PNR Vosges Du Nord","Vosges Du Nord","Parc naturel régional",Keffenach,67232,2017,Vrai,Fini,
a50fb90a-ec19-4645-83cb-1783ab0e6b02,"ABC du PNR Vosges Du Nord","Vosges Du Nord","Parc naturel régional",Loutzviller,57421,2017,Vrai,Fini,
a50fb90a-ec19-4645-83cb-1783ab0e6b02,"ABC du PNR Vosges Du Nord","Vosges Du Nord","Parc naturel régional",Memmelshoffen,67288,2017,Vrai,Fini,
a50fb90a-ec19-4645-83cb-1783ab0e6b02,"ABC du PNR Vosges Du Nord","Vosges Du Nord","Parc naturel régional",Nousseviller-lès-Bitche,57513,2017,Vrai,Fini,
a50fb90a-ec19-4645-83cb-1783ab0e6b02,"ABC du PNR Vosges Du Nord","Vosges Du Nord","Parc naturel régional",Obergailbach,57517,2017,Vrai,Fini,
a50fb90a-ec19-4645-83cb-1783ab0e6b02,"ABC du PNR Vosges Du Nord","Vosges Du Nord","Parc naturel régional",Ormersviller,57526,2017,Vrai,Fini,
a50fb90a-ec19-4645-83cb-1783ab0e6b02,"ABC du PNR Vosges Du Nord","Vosges Du Nord","Parc naturel régional",Retschwiller,67394,2017,Vrai,Fini,
a50fb90a-ec19-4645-83cb-1783ab0e6b02,"ABC du PNR Vosges Du Nord","Vosges Du Nord","Parc naturel régional",Rolbing,57590,2017,Vrai,Fini,
a50fb90a-ec19-4645-83cb-1783ab0e6b02,"ABC du PNR Vosges Du Nord","Vosges Du Nord","Parc naturel régional",Rott,67416,2017,Vrai,Fini,
a50fb90a-ec19-4645-83cb-1783ab0e6b02,"ABC du PNR Vosges Du Nord","Vosges Du Nord","Parc naturel régional",Sch½nenbourg,67455,2017,Vrai,Fini,
a50fb90a-ec19-4645-83cb-1783ab0e6b02,"ABC du PNR Vosges Du Nord","Vosges Du Nord","Parc naturel régional",Schweyen,57641,2017,Vrai,Fini,
a50fb90a-ec19-4645-83cb-1783ab0e6b02,"ABC du PNR Vosges Du Nord","Vosges Du Nord","Parc naturel régional",Soultz-sous-Forêts,67474,2017,Vrai,Fini,
a50fb90a-ec19-4645-83cb-1783ab0e6b02,"ABC du PNR Vosges Du Nord","Vosges Du Nord","Parc naturel régional",Volmunster,57732,2017,Vrai,Fini,
a50fb90a-ec19-4645-83cb-1783ab0e6b02,"ABC du PNR Vosges Du Nord","Vosges Du Nord","Parc naturel régional",Wissembourg,67544,2017,Vrai,Fini,
e9039f3d-01b8-4508-a630-338a29203552,"ABC du Syndicat Intercommunal Bassin Versant De L'Yères Et De La Côte","Syndicat intercommunal du Bassin versant de l'Yères et de la côte","Syndicat mixte",Criel-sur-Mer,76192,2018,Vrai,Fini,
e9039f3d-01b8-4508-a630-338a29203552,"ABC du Syndicat Intercommunal Bassin Versant De L'Yères Et De La Côte","Syndicat intercommunal du Bassin versant de l'Yères et de la côte","Syndicat mixte",Saint-Martin-le-Gaillard,76619,2018,Vrai,Fini,
e9039f3d-01b8-4508-a630-338a29203552,"ABC du Syndicat Intercommunal Bassin Versant De L'Yères Et De La Côte","Syndicat intercommunal du Bassin versant de l'Yères et de la côte","Syndicat mixte",Saint-Rémy-Boscrocourt,76644,2018,Vrai,Fini,
cba7ad18-1ad7-41df-a151-6b18d66629ed,"ABC du Syndicat mixte  Baie de Somme 3 Vallées","Baie de somme 3 Vallées","Syndicat mixte",Fontaine-sur-Maye,80327,2021,Vrai,"En phase de lancement",
cba7ad18-1ad7-41df-a151-6b18d66629ed,"ABC du Syndicat mixte  Baie de Somme 3 Vallées","Baie de somme 3 Vallées","Syndicat mixte",Estrées-lès-Crécy,80290,2021,Vrai,"En phase de lancement",
cba7ad18-1ad7-41df-a151-6b18d66629ed,"ABC du Syndicat mixte  Baie de Somme 3 Vallées","Baie de somme 3 Vallées","Syndicat mixte",Crécy-en-Ponthieu,80222,2021,Vrai,"En phase de lancement",
cba7ad18-1ad7-41df-a151-6b18d66629ed,"ABC du Syndicat mixte  Baie de Somme 3 Vallées","Baie de somme 3 Vallées","Syndicat mixte",Brailly-Cornehotte,80133,2021,Vrai,"En phase de lancement",
cba7ad18-1ad7-41df-a151-6b18d66629ed,"ABC du Syndicat mixte  Baie de Somme 3 Vallées","Baie de somme 3 Vallées","Syndicat mixte",Froyelles,80371,2021,Vrai,"En phase de lancement",
cba7ad18-1ad7-41df-a151-6b18d66629ed,"ABC du Syndicat mixte  Baie de Somme 3 Vallées","Baie de somme 3 Vallées","Syndicat mixte",Machy,80497,2021,Vrai,"En phase de lancement",
cba7ad18-1ad7-41df-a151-6b18d66629ed,"ABC du Syndicat mixte  Baie de Somme 3 Vallées","Baie de somme 3 Vallées","Syndicat mixte",Machiel,80496,2021,Vrai,"En phase de lancement",
cba7ad18-1ad7-41df-a151-6b18d66629ed,"ABC du Syndicat mixte  Baie de Somme 3 Vallées","Baie de somme 3 Vallées","Syndicat mixte",Regnière-Écluse,80665,2021,Vrai,"En phase de lancement",
cba7ad18-1ad7-41df-a151-6b18d66629ed,"ABC du Syndicat mixte  Baie de Somme 3 Vallées","Baie de somme 3 Vallées","Syndicat mixte",Bernay-en-Ponthieu,80087,2021,Vrai,"En phase de lancement",
cba7ad18-1ad7-41df-a151-6b18d66629ed,"ABC du Syndicat mixte  Baie de Somme 3 Vallées","Baie de somme 3 Vallées","Syndicat mixte",Arry,80030,2021,Vrai,"En phase de lancement",
cba7ad18-1ad7-41df-a151-6b18d66629ed,"ABC du Syndicat mixte  Baie de Somme 3 Vallées","Baie de somme 3 Vallées","Syndicat mixte",Forest-Montiers,80332,2021,Vrai,"En phase de lancement",
cba7ad18-1ad7-41df-a151-6b18d66629ed,"ABC du Syndicat mixte  Baie de Somme 3 Vallées","Baie de somme 3 Vallées","Syndicat mixte",Rue,80688,2021,Vrai,"En phase de lancement",
cba7ad18-1ad7-41df-a151-6b18d66629ed,"ABC du Syndicat mixte  Baie de Somme 3 Vallées","Baie de somme 3 Vallées","Syndicat mixte",Favières,80303,2021,Vrai,"En phase de lancement",
cba7ad18-1ad7-41df-a151-6b18d66629ed,"ABC du Syndicat mixte  Baie de Somme 3 Vallées","Baie de somme 3 Vallées","Syndicat mixte",Saint-Quentin-en-Tourmont,80713,2021,Vrai,"En phase de lancement",
cba7ad18-1ad7-41df-a151-6b18d66629ed,"ABC du Syndicat mixte  Baie de Somme 3 Vallées","Baie de somme 3 Vallées","Syndicat mixte","Le Crotoy",80228,2021,Vrai,"En phase de lancement",
3f98a48c-4294-4110-a316-dc72380bf57b,"ABC du SYTEC","Syndicat Territoires de l'Est Cantal","Syndicat intercommunal",Albepierre-Bredons,15025,2017,Vrai,"En cours de réalisation",https://www.atlas-biodiversite-sytec15.com/
3f98a48c-4294-4110-a316-dc72380bf57b,"ABC du SYTEC","Syndicat Territoires de l'Est Cantal","Syndicat intercommunal",Allanche,15001,2017,Vrai,"En cours de réalisation",https://www.atlas-biodiversite-sytec15.com/
3f98a48c-4294-4110-a316-dc72380bf57b,"ABC du SYTEC","Syndicat Territoires de l'Est Cantal","Syndicat intercommunal",Auriac-l'Église,15013,2017,Vrai,"En cours de réalisation",https://www.atlas-biodiversite-sytec15.com/
3f98a48c-4294-4110-a316-dc72380bf57b,"ABC du SYTEC","Syndicat Territoires de l'Est Cantal","Syndicat intercommunal",Bonnac,15022,2017,Vrai,"En cours de réalisation",https://www.atlas-biodiversite-sytec15.com/
3f98a48c-4294-4110-a316-dc72380bf57b,"ABC du SYTEC","Syndicat Territoires de l'Est Cantal","Syndicat intercommunal",Celoux,15032,2017,Vrai,"En cours de réalisation",https://www.atlas-biodiversite-sytec15.com/
3f98a48c-4294-4110-a316-dc72380bf57b,"ABC du SYTEC","Syndicat Territoires de l'Est Cantal","Syndicat intercommunal",Chanterelle,15040,2017,Vrai,"En cours de réalisation",https://www.atlas-biodiversite-sytec15.com/
3f98a48c-4294-4110-a316-dc72380bf57b,"ABC du SYTEC","Syndicat Territoires de l'Est Cantal","Syndicat intercommunal",Charmensac,15043,2017,Vrai,"En cours de réalisation",https://www.atlas-biodiversite-sytec15.com/
3f98a48c-4294-4110-a316-dc72380bf57b,"ABC du SYTEC","Syndicat Territoires de l'Est Cantal","Syndicat intercommunal",Chazelles,15048,2017,Vrai,"En cours de réalisation",https://www.atlas-biodiversite-sytec15.com/
3f98a48c-4294-4110-a316-dc72380bf57b,"ABC du SYTEC","Syndicat Territoires de l'Est Cantal","Syndicat intercommunal",Condat,15054,2017,Vrai,"En cours de réalisation",https://www.atlas-biodiversite-sytec15.com/
3f98a48c-4294-4110-a316-dc72380bf57b,"ABC du SYTEC","Syndicat Territoires de l'Est Cantal","Syndicat intercommunal",Dienne,15061,2017,Vrai,"En cours de réalisation",https://www.atlas-biodiversite-sytec15.com/
3f98a48c-4294-4110-a316-dc72380bf57b,"ABC du SYTEC","Syndicat Territoires de l'Est Cantal","Syndicat intercommunal",Ferrières-Saint-Mary,15069,2017,Vrai,"En cours de réalisation",https://www.atlas-biodiversite-sytec15.com/
3f98a48c-4294-4110-a316-dc72380bf57b,"ABC du SYTEC","Syndicat Territoires de l'Est Cantal","Syndicat intercommunal",Joursac,15080,2017,Vrai,"En cours de réalisation",https://www.atlas-biodiversite-sytec15.com/
3f98a48c-4294-4110-a316-dc72380bf57b,"ABC du SYTEC","Syndicat Territoires de l'Est Cantal","Syndicat intercommunal","La Chapelle-d'Alagnon",15041,2017,Vrai,"En cours de réalisation",https://www.atlas-biodiversite-sytec15.com/
3f98a48c-4294-4110-a316-dc72380bf57b,"ABC du SYTEC","Syndicat Territoires de l'Est Cantal","Syndicat intercommunal","La Chapelle-Laurent",15042,2017,Vrai,"En cours de réalisation",https://www.atlas-biodiversite-sytec15.com/
3f98a48c-4294-4110-a316-dc72380bf57b,"ABC du SYTEC","Syndicat Territoires de l'Est Cantal","Syndicat intercommunal",Landeyrat,15091,2017,Vrai,"En cours de réalisation",https://www.atlas-biodiversite-sytec15.com/
3f98a48c-4294-4110-a316-dc72380bf57b,"ABC du SYTEC","Syndicat Territoires de l'Est Cantal","Syndicat intercommunal",Laurie,15098,2017,Vrai,"En cours de réalisation",https://www.atlas-biodiversite-sytec15.com/
3f98a48c-4294-4110-a316-dc72380bf57b,"ABC du SYTEC","Syndicat Territoires de l'Est Cantal","Syndicat intercommunal",Laveissenet,15100,2017,Vrai,"En cours de réalisation",https://www.atlas-biodiversite-sytec15.com/
3f98a48c-4294-4110-a316-dc72380bf57b,"ABC du SYTEC","Syndicat Territoires de l'Est Cantal","Syndicat intercommunal",Laveissière,15101,2017,Vrai,"En cours de réalisation",https://www.atlas-biodiversite-sytec15.com/
3f98a48c-4294-4110-a316-dc72380bf57b,"ABC du SYTEC","Syndicat Territoires de l'Est Cantal","Syndicat intercommunal",Lavigerie,15102,2017,Vrai,"En cours de réalisation",https://www.atlas-biodiversite-sytec15.com/
3f98a48c-4294-4110-a316-dc72380bf57b,"ABC du SYTEC","Syndicat Territoires de l'Est Cantal","Syndicat intercommunal",Leyvaux,15105,2017,Vrai,"En cours de réalisation",https://www.atlas-biodiversite-sytec15.com/
3f98a48c-4294-4110-a316-dc72380bf57b,"ABC du SYTEC","Syndicat Territoires de l'Est Cantal","Syndicat intercommunal",Marcenat,15114,2017,Vrai,"En cours de réalisation",https://www.atlas-biodiversite-sytec15.com/
3f98a48c-4294-4110-a316-dc72380bf57b,"ABC du SYTEC","Syndicat Territoires de l'Est Cantal","Syndicat intercommunal",Massiac,15119,2017,Vrai,"En cours de réalisation",https://www.atlas-biodiversite-sytec15.com/
3f98a48c-4294-4110-a316-dc72380bf57b,"ABC du SYTEC","Syndicat Territoires de l'Est Cantal","Syndicat intercommunal",Molèdes,15126,2017,Vrai,"En cours de réalisation",https://www.atlas-biodiversite-sytec15.com/
3f98a48c-4294-4110-a316-dc72380bf57b,"ABC du SYTEC","Syndicat Territoires de l'Est Cantal","Syndicat intercommunal",Molompize,15127,2017,Vrai,"En cours de réalisation",https://www.atlas-biodiversite-sytec15.com/
3f98a48c-4294-4110-a316-dc72380bf57b,"ABC du SYTEC","Syndicat Territoires de l'Est Cantal","Syndicat intercommunal",Montboudif,15129,2017,Vrai,"En cours de réalisation",https://www.atlas-biodiversite-sytec15.com/
3f98a48c-4294-4110-a316-dc72380bf57b,"ABC du SYTEC","Syndicat Territoires de l'Est Cantal","Syndicat intercommunal",Murat,15138,2017,Vrai,"En cours de réalisation",https://www.atlas-biodiversite-sytec15.com/
3f98a48c-4294-4110-a316-dc72380bf57b,"ABC du SYTEC","Syndicat Territoires de l'Est Cantal","Syndicat intercommunal","Neussargues en Pinatelle",15141,2017,Vrai,"En cours de réalisation",https://www.atlas-biodiversite-sytec15.com/
3f98a48c-4294-4110-a316-dc72380bf57b,"ABC du SYTEC","Syndicat Territoires de l'Est Cantal","Syndicat intercommunal",Peyrusse,15151,2017,Vrai,"En cours de réalisation",https://www.atlas-biodiversite-sytec15.com/
3f98a48c-4294-4110-a316-dc72380bf57b,"ABC du SYTEC","Syndicat Territoires de l'Est Cantal","Syndicat intercommunal",Pradiers,15155,2017,Vrai,"En cours de réalisation",https://www.atlas-biodiversite-sytec15.com/
3f98a48c-4294-4110-a316-dc72380bf57b,"ABC du SYTEC","Syndicat Territoires de l'Est Cantal","Syndicat intercommunal",Rageade,15158,2017,Vrai,"En cours de réalisation",https://www.atlas-biodiversite-sytec15.com/
3f98a48c-4294-4110-a316-dc72380bf57b,"ABC du SYTEC","Syndicat Territoires de l'Est Cantal","Syndicat intercommunal",Saint-Bonnet-de-Condat,15173,2017,Vrai,"En cours de réalisation",https://www.atlas-biodiversite-sytec15.com/
3f98a48c-4294-4110-a316-dc72380bf57b,"ABC du SYTEC","Syndicat Territoires de l'Est Cantal","Syndicat intercommunal",Saint-Mary-le-Plain,15203,2017,Vrai,"En cours de réalisation",https://www.atlas-biodiversite-sytec15.com/
3f98a48c-4294-4110-a316-dc72380bf57b,"ABC du SYTEC","Syndicat Territoires de l'Est Cantal","Syndicat intercommunal",Saint-Poncy,15207,2017,Vrai,"En cours de réalisation",https://www.atlas-biodiversite-sytec15.com/
3f98a48c-4294-4110-a316-dc72380bf57b,"ABC du SYTEC","Syndicat Territoires de l'Est Cantal","Syndicat intercommunal",Saint-Saturnin,15213,2017,Vrai,"En cours de réalisation",https://www.atlas-biodiversite-sytec15.com/
3f98a48c-4294-4110-a316-dc72380bf57b,"ABC du SYTEC","Syndicat Territoires de l'Est Cantal","Syndicat intercommunal",Ségur-les-Villas,15225,2017,Vrai,"En cours de réalisation",https://www.atlas-biodiversite-sytec15.com/
3f98a48c-4294-4110-a316-dc72380bf57b,"ABC du SYTEC","Syndicat Territoires de l'Est Cantal","Syndicat intercommunal",Valjouze,15247,2017,Vrai,"En cours de réalisation",https://www.atlas-biodiversite-sytec15.com/
3f98a48c-4294-4110-a316-dc72380bf57b,"ABC du SYTEC","Syndicat Territoires de l'Est Cantal","Syndicat intercommunal",Vernols,15253,2017,Vrai,"En cours de réalisation",https://www.atlas-biodiversite-sytec15.com/
3f98a48c-4294-4110-a316-dc72380bf57b,"ABC du SYTEC","Syndicat Territoires de l'Est Cantal","Syndicat intercommunal",Vèze,15256,2017,Vrai,"En cours de réalisation",https://www.atlas-biodiversite-sytec15.com/
3f98a48c-4294-4110-a316-dc72380bf57b,"ABC du SYTEC","Syndicat Territoires de l'Est Cantal","Syndicat intercommunal",Virargues,15263,2017,Vrai,"En cours de réalisation",https://www.atlas-biodiversite-sytec15.com/
3f98a48c-4294-4110-a316-dc72380bf57b,"ABC du SYTEC","Syndicat Territoires de l'Est Cantal","Syndicat intercommunal",Alleuze,15002,2017,Vrai,"En cours de réalisation",https://www.atlas-biodiversite-sytec15.com/
3f98a48c-4294-4110-a316-dc72380bf57b,"ABC du SYTEC","Syndicat Territoires de l'Est Cantal","Syndicat intercommunal",Andelat,15004,2017,Vrai,"En cours de réalisation",https://www.atlas-biodiversite-sytec15.com/
3f98a48c-4294-4110-a316-dc72380bf57b,"ABC du SYTEC","Syndicat Territoires de l'Est Cantal","Syndicat intercommunal",Anglards-de-Saint-Flour,15005,2017,Vrai,"En cours de réalisation",https://www.atlas-biodiversite-sytec15.com/
3f98a48c-4294-4110-a316-dc72380bf57b,"ABC du SYTEC","Syndicat Territoires de l'Est Cantal","Syndicat intercommunal",Anterrieux,15007,2017,Vrai,"En cours de réalisation",https://www.atlas-biodiversite-sytec15.com/
3f98a48c-4294-4110-a316-dc72380bf57b,"ABC du SYTEC","Syndicat Territoires de l'Est Cantal","Syndicat intercommunal",Brezons,15026,2017,Vrai,"En cours de réalisation",https://www.atlas-biodiversite-sytec15.com/
3f98a48c-4294-4110-a316-dc72380bf57b,"ABC du SYTEC","Syndicat Territoires de l'Est Cantal","Syndicat intercommunal",Cézens,15033,2017,Vrai,"En cours de réalisation",https://www.atlas-biodiversite-sytec15.com/
3f98a48c-4294-4110-a316-dc72380bf57b,"ABC du SYTEC","Syndicat Territoires de l'Est Cantal","Syndicat intercommunal",Chaliers,15034,2017,Vrai,"En cours de réalisation",https://www.atlas-biodiversite-sytec15.com/
3f98a48c-4294-4110-a316-dc72380bf57b,"ABC du SYTEC","Syndicat Territoires de l'Est Cantal","Syndicat intercommunal",Chaudes-Aigues,15045,2017,Vrai,"En cours de réalisation",https://www.atlas-biodiversite-sytec15.com/
3f98a48c-4294-4110-a316-dc72380bf57b,"ABC du SYTEC","Syndicat Territoires de l'Est Cantal","Syndicat intercommunal",Clavières,15051,2017,Vrai,"En cours de réalisation",https://www.atlas-biodiversite-sytec15.com/
3f98a48c-4294-4110-a316-dc72380bf57b,"ABC du SYTEC","Syndicat Territoires de l'Est Cantal","Syndicat intercommunal",Coltines,15053,2017,Vrai,"En cours de réalisation",https://www.atlas-biodiversite-sytec15.com/
3f98a48c-4294-4110-a316-dc72380bf57b,"ABC du SYTEC","Syndicat Territoires de l'Est Cantal","Syndicat intercommunal",Coren,15055,2017,Vrai,"En cours de réalisation",https://www.atlas-biodiversite-sytec15.com/
3f98a48c-4294-4110-a316-dc72380bf57b,"ABC du SYTEC","Syndicat Territoires de l'Est Cantal","Syndicat intercommunal",Cussac,15059,2017,Vrai,"En cours de réalisation",https://www.atlas-biodiversite-sytec15.com/
3f98a48c-4294-4110-a316-dc72380bf57b,"ABC du SYTEC","Syndicat Territoires de l'Est Cantal","Syndicat intercommunal",Deux-Verges,15060,2017,Vrai,"En cours de réalisation",https://www.atlas-biodiversite-sytec15.com/
3f98a48c-4294-4110-a316-dc72380bf57b,"ABC du SYTEC","Syndicat Territoires de l'Est Cantal","Syndicat intercommunal",Espinasse,15065,2017,Vrai,"En cours de réalisation",https://www.atlas-biodiversite-sytec15.com/
3f98a48c-4294-4110-a316-dc72380bf57b,"ABC du SYTEC","Syndicat Territoires de l'Est Cantal","Syndicat intercommunal",Fridefont,15073,2017,Vrai,"En cours de réalisation",https://www.atlas-biodiversite-sytec15.com/
3f98a48c-4294-4110-a316-dc72380bf57b,"ABC du SYTEC","Syndicat Territoires de l'Est Cantal","Syndicat intercommunal",Gourdièges,15077,2017,Vrai,"En cours de réalisation",https://www.atlas-biodiversite-sytec15.com/
3f98a48c-4294-4110-a316-dc72380bf57b,"ABC du SYTEC","Syndicat Territoires de l'Est Cantal","Syndicat intercommunal",Jabrun,15078,2017,Vrai,"En cours de réalisation",https://www.atlas-biodiversite-sytec15.com/
3f98a48c-4294-4110-a316-dc72380bf57b,"ABC du SYTEC","Syndicat Territoires de l'Est Cantal","Syndicat intercommunal","La Trinitat",15241,2017,Vrai,"En cours de réalisation",https://www.atlas-biodiversite-sytec15.com/
3f98a48c-4294-4110-a316-dc72380bf57b,"ABC du SYTEC","Syndicat Territoires de l'Est Cantal","Syndicat intercommunal",Lacapelle-Barrès,15086,2017,Vrai,"En cours de réalisation",https://www.atlas-biodiversite-sytec15.com/
3f98a48c-4294-4110-a316-dc72380bf57b,"ABC du SYTEC","Syndicat Territoires de l'Est Cantal","Syndicat intercommunal",Lastic,15097,2017,Vrai,"En cours de réalisation",https://www.atlas-biodiversite-sytec15.com/
3f98a48c-4294-4110-a316-dc72380bf57b,"ABC du SYTEC","Syndicat Territoires de l'Est Cantal","Syndicat intercommunal","Les Ternes",15235,2017,Vrai,"En cours de réalisation",https://www.atlas-biodiversite-sytec15.com/
3f98a48c-4294-4110-a316-dc72380bf57b,"ABC du SYTEC","Syndicat Territoires de l'Est Cantal","Syndicat intercommunal",Lieutadès,15106,2017,Vrai,"En cours de réalisation",https://www.atlas-biodiversite-sytec15.com/
3f98a48c-4294-4110-a316-dc72380bf57b,"ABC du SYTEC","Syndicat Territoires de l'Est Cantal","Syndicat intercommunal",Lorcières,15107,2017,Vrai,"En cours de réalisation",https://www.atlas-biodiversite-sytec15.com/
3f98a48c-4294-4110-a316-dc72380bf57b,"ABC du SYTEC","Syndicat Territoires de l'Est Cantal","Syndicat intercommunal",Malbo,15112,2017,Vrai,"En cours de réalisation",https://www.atlas-biodiversite-sytec15.com/
3f98a48c-4294-4110-a316-dc72380bf57b,"ABC du SYTEC","Syndicat Territoires de l'Est Cantal","Syndicat intercommunal",Maurines,15121,2017,Vrai,"En cours de réalisation",https://www.atlas-biodiversite-sytec15.com/
3f98a48c-4294-4110-a316-dc72380bf57b,"ABC du SYTEC","Syndicat Territoires de l'Est Cantal","Syndicat intercommunal",Mentières,15125,2017,Vrai,"En cours de réalisation",https://www.atlas-biodiversite-sytec15.com/
3f98a48c-4294-4110-a316-dc72380bf57b,"ABC du SYTEC","Syndicat Territoires de l'Est Cantal","Syndicat intercommunal",Montchamp,15130,2017,Vrai,"En cours de réalisation",https://www.atlas-biodiversite-sytec15.com/
3f98a48c-4294-4110-a316-dc72380bf57b,"ABC du SYTEC","Syndicat Territoires de l'Est Cantal","Syndicat intercommunal",Narnhac,15139,2017,Vrai,"En cours de réalisation",https://www.atlas-biodiversite-sytec15.com/
3f98a48c-4294-4110-a316-dc72380bf57b,"ABC du SYTEC","Syndicat Territoires de l'Est Cantal","Syndicat intercommunal",Neuvéglise-sur-Truyère,15142,2017,Vrai,"En cours de réalisation",https://www.atlas-biodiversite-sytec15.com/
3f98a48c-4294-4110-a316-dc72380bf57b,"ABC du SYTEC","Syndicat Territoires de l'Est Cantal","Syndicat intercommunal",Paulhac,15148,2017,Vrai,"En cours de réalisation",https://www.atlas-biodiversite-sytec15.com/
3f98a48c-4294-4110-a316-dc72380bf57b,"ABC du SYTEC","Syndicat Territoires de l'Est Cantal","Syndicat intercommunal",Paulhenc,15149,2017,Vrai,"En cours de réalisation",https://www.atlas-biodiversite-sytec15.com/
3f98a48c-4294-4110-a316-dc72380bf57b,"ABC du SYTEC","Syndicat Territoires de l'Est Cantal","Syndicat intercommunal",Pierrefort,15152,2017,Vrai,"En cours de réalisation",https://www.atlas-biodiversite-sytec15.com/
3f98a48c-4294-4110-a316-dc72380bf57b,"ABC du SYTEC","Syndicat Territoires de l'Est Cantal","Syndicat intercommunal",Rézentières,15161,2017,Vrai,"En cours de réalisation",https://www.atlas-biodiversite-sytec15.com/
3f98a48c-4294-4110-a316-dc72380bf57b,"ABC du SYTEC","Syndicat Territoires de l'Est Cantal","Syndicat intercommunal",Roffiac,15164,2017,Vrai,"En cours de réalisation",https://www.atlas-biodiversite-sytec15.com/
3f98a48c-4294-4110-a316-dc72380bf57b,"ABC du SYTEC","Syndicat Territoires de l'Est Cantal","Syndicat intercommunal",Ruynes-en-Margeride,15168,2017,Vrai,"En cours de réalisation",https://www.atlas-biodiversite-sytec15.com/
3f98a48c-4294-4110-a316-dc72380bf57b,"ABC du SYTEC","Syndicat Territoires de l'Est Cantal","Syndicat intercommunal",Saint-Flour,15187,2017,Vrai,"En cours de réalisation",https://www.atlas-biodiversite-sytec15.com/
3f98a48c-4294-4110-a316-dc72380bf57b,"ABC du SYTEC","Syndicat Territoires de l'Est Cantal","Syndicat intercommunal",Saint-Georges,15188,2017,Vrai,"En cours de réalisation",https://www.atlas-biodiversite-sytec15.com/
3f98a48c-4294-4110-a316-dc72380bf57b,"ABC du SYTEC","Syndicat Territoires de l'Est Cantal","Syndicat intercommunal",Saint-Martial,15199,2017,Vrai,"En cours de réalisation",https://www.atlas-biodiversite-sytec15.com/
3f98a48c-4294-4110-a316-dc72380bf57b,"ABC du SYTEC","Syndicat Territoires de l'Est Cantal","Syndicat intercommunal",Saint-Martin-sous-Vigouroux,15201,2017,Vrai,"En cours de réalisation",https://www.atlas-biodiversite-sytec15.com/
3f98a48c-4294-4110-a316-dc72380bf57b,"ABC du SYTEC","Syndicat Territoires de l'Est Cantal","Syndicat intercommunal",Saint-Rémy-de-Chaudes-Aigues,15209,2017,Vrai,"En cours de réalisation",https://www.atlas-biodiversite-sytec15.com/
3f98a48c-4294-4110-a316-dc72380bf57b,"ABC du SYTEC","Syndicat Territoires de l'Est Cantal","Syndicat intercommunal",Saint-Urcize,15216,2017,Vrai,"En cours de réalisation",https://www.atlas-biodiversite-sytec15.com/
3f98a48c-4294-4110-a316-dc72380bf57b,"ABC du SYTEC","Syndicat Territoires de l'Est Cantal","Syndicat intercommunal",Sainte-Marie,15198,2017,Vrai,"En cours de réalisation",https://www.atlas-biodiversite-sytec15.com/
3f98a48c-4294-4110-a316-dc72380bf57b,"ABC du SYTEC","Syndicat Territoires de l'Est Cantal","Syndicat intercommunal",Soulages,15229,2017,Vrai,"En cours de réalisation",https://www.atlas-biodiversite-sytec15.com/
3f98a48c-4294-4110-a316-dc72380bf57b,"ABC du SYTEC","Syndicat Territoires de l'Est Cantal","Syndicat intercommunal",Talizat,15231,2017,Vrai,"En cours de réalisation",https://www.atlas-biodiversite-sytec15.com/
3f98a48c-4294-4110-a316-dc72380bf57b,"ABC du SYTEC","Syndicat Territoires de l'Est Cantal","Syndicat intercommunal",Tanavelle,15232,2017,Vrai,"En cours de réalisation",https://www.atlas-biodiversite-sytec15.com/
3f98a48c-4294-4110-a316-dc72380bf57b,"ABC du SYTEC","Syndicat Territoires de l'Est Cantal","Syndicat intercommunal",Tiviers,15237,2017,Vrai,"En cours de réalisation",https://www.atlas-biodiversite-sytec15.com/
3f98a48c-4294-4110-a316-dc72380bf57b,"ABC du SYTEC","Syndicat Territoires de l'Est Cantal","Syndicat intercommunal",Ussel,15244,2017,Vrai,"En cours de réalisation",https://www.atlas-biodiversite-sytec15.com/
3f98a48c-4294-4110-a316-dc72380bf57b,"ABC du SYTEC","Syndicat Territoires de l'Est Cantal","Syndicat intercommunal",Vabres,15245,2017,Vrai,"En cours de réalisation",https://www.atlas-biodiversite-sytec15.com/
3f98a48c-4294-4110-a316-dc72380bf57b,"ABC du SYTEC","Syndicat Territoires de l'Est Cantal","Syndicat intercommunal","Val d'Arcomie",15108,2017,Vrai,"En cours de réalisation",https://www.atlas-biodiversite-sytec15.com/
3f98a48c-4294-4110-a316-dc72380bf57b,"ABC du SYTEC","Syndicat Territoires de l'Est Cantal","Syndicat intercommunal",Valuéjols,15248,2017,Vrai,"En cours de réalisation",https://www.atlas-biodiversite-sytec15.com/
3f98a48c-4294-4110-a316-dc72380bf57b,"ABC du SYTEC","Syndicat Territoires de l'Est Cantal","Syndicat intercommunal",Védrines-Saint-Loup,15251,2017,Vrai,"En cours de réalisation",https://www.atlas-biodiversite-sytec15.com/
3f98a48c-4294-4110-a316-dc72380bf57b,"ABC du SYTEC","Syndicat Territoires de l'Est Cantal","Syndicat intercommunal",Vieillespesse,15259,2017,Vrai,"En cours de réalisation",https://www.atlas-biodiversite-sytec15.com/
3f98a48c-4294-4110-a316-dc72380bf57b,"ABC du SYTEC","Syndicat Territoires de l'Est Cantal","Syndicat intercommunal",Villedieu,15262,2017,Vrai,"En cours de réalisation",https://www.atlas-biodiversite-sytec15.com/
2c93b224-e7e0-435f-8420-79fe6b270529,"ABC Elne",Elne,Commune,Elne,66065,2021,Vrai,"En cours de réalisation",
96cda12f-c42e-465f-a925-94f8cd69835f,"ABC Falaises du Talou","CC Falaises du Talou","Etablissement public de coopération intercommunale (EPCI)",Envermeu,76235,2021,Vrai,"En cours de réalisation",https://www.falaisesdutalou.fr/actualites/atlas-de-la-biodiversite-communale-abc-2021
96cda12f-c42e-465f-a925-94f8cd69835f,"ABC Falaises du Talou","CC Falaises du Talou","Etablissement public de coopération intercommunale (EPCI)",Avesnes-en-Val,76049,2021,Vrai,"En cours de réalisation",https://www.falaisesdutalou.fr/actualites/atlas-de-la-biodiversite-communale-abc-2021
96cda12f-c42e-465f-a925-94f8cd69835f,"ABC Falaises du Talou","CC Falaises du Talou","Etablissement public de coopération intercommunale (EPCI)",Bailly-en-Rivière,76054,2021,Vrai,"En cours de réalisation",https://www.falaisesdutalou.fr/actualites/atlas-de-la-biodiversite-communale-abc-2021
96cda12f-c42e-465f-a925-94f8cd69835f,"ABC Falaises du Talou","CC Falaises du Talou","Etablissement public de coopération intercommunale (EPCI)",Bellengreville,76071,2021,Vrai,"En cours de réalisation",https://www.falaisesdutalou.fr/actualites/atlas-de-la-biodiversite-communale-abc-2021
96cda12f-c42e-465f-a925-94f8cd69835f,"ABC Falaises du Talou","CC Falaises du Talou","Etablissement public de coopération intercommunale (EPCI)",Canehan,76155,2021,Vrai,"En cours de réalisation",https://www.falaisesdutalou.fr/actualites/atlas-de-la-biodiversite-communale-abc-2021
96cda12f-c42e-465f-a925-94f8cd69835f,"ABC Falaises du Talou","CC Falaises du Talou","Etablissement public de coopération intercommunale (EPCI)",Cuverville-sur-Yères,76207,2021,Vrai,"En cours de réalisation",https://www.falaisesdutalou.fr/actualites/atlas-de-la-biodiversite-communale-abc-2021
96cda12f-c42e-465f-a925-94f8cd69835f,"ABC Falaises du Talou","CC Falaises du Talou","Etablissement public de coopération intercommunale (EPCI)",Dampierre-Saint-Nicolas,76210,2021,Vrai,"En cours de réalisation",https://www.falaisesdutalou.fr/actualites/atlas-de-la-biodiversite-communale-abc-2021
96cda12f-c42e-465f-a925-94f8cd69835f,"ABC Falaises du Talou","CC Falaises du Talou","Etablissement public de coopération intercommunale (EPCI)",Douvrend,76220,2021,Vrai,"En cours de réalisation",https://www.falaisesdutalou.fr/actualites/atlas-de-la-biodiversite-communale-abc-2021
96cda12f-c42e-465f-a925-94f8cd69835f,"ABC Falaises du Talou","CC Falaises du Talou","Etablissement public de coopération intercommunale (EPCI)",Freulleville,76288,2021,Vrai,"En cours de réalisation",https://www.falaisesdutalou.fr/actualites/atlas-de-la-biodiversite-communale-abc-2021
96cda12f-c42e-465f-a925-94f8cd69835f,"ABC Falaises du Talou","CC Falaises du Talou","Etablissement public de coopération intercommunale (EPCI)","Les Ifs",76371,2021,Vrai,"En cours de réalisation",https://www.falaisesdutalou.fr/actualites/atlas-de-la-biodiversite-communale-abc-2021
96cda12f-c42e-465f-a925-94f8cd69835f,"ABC Falaises du Talou","CC Falaises du Talou","Etablissement public de coopération intercommunale (EPCI)",Meulers,76437,2021,Vrai,"En cours de réalisation",https://www.falaisesdutalou.fr/actualites/atlas-de-la-biodiversite-communale-abc-2021
96cda12f-c42e-465f-a925-94f8cd69835f,"ABC Falaises du Talou","CC Falaises du Talou","Etablissement public de coopération intercommunale (EPCI)",Notre-Dame-d'Aliermont,76472,2021,Vrai,"En cours de réalisation",https://www.falaisesdutalou.fr/actualites/atlas-de-la-biodiversite-communale-abc-2021
96cda12f-c42e-465f-a925-94f8cd69835f,"ABC Falaises du Talou","CC Falaises du Talou","Etablissement public de coopération intercommunale (EPCI)",Petit-Caux,76618,2021,Vrai,"En cours de réalisation",https://www.falaisesdutalou.fr/actualites/atlas-de-la-biodiversite-communale-abc-2021
96cda12f-c42e-465f-a925-94f8cd69835f,"ABC Falaises du Talou","CC Falaises du Talou","Etablissement public de coopération intercommunale (EPCI)",Ricarville-du-Val,76526,2021,Vrai,"En cours de réalisation",https://www.falaisesdutalou.fr/actualites/atlas-de-la-biodiversite-communale-abc-2021
96cda12f-c42e-465f-a925-94f8cd69835f,"ABC Falaises du Talou","CC Falaises du Talou","Etablissement public de coopération intercommunale (EPCI)",Saint-Aubin-le-Cauf,76562,2021,Vrai,"En cours de réalisation",https://www.falaisesdutalou.fr/actualites/atlas-de-la-biodiversite-communale-abc-2021
96cda12f-c42e-465f-a925-94f8cd69835f,"ABC Falaises du Talou","CC Falaises du Talou","Etablissement public de coopération intercommunale (EPCI)",Saint-Jacques-d'Aliermont,76590,2021,Vrai,"En cours de réalisation",https://www.falaisesdutalou.fr/actualites/atlas-de-la-biodiversite-communale-abc-2021
96cda12f-c42e-465f-a925-94f8cd69835f,"ABC Falaises du Talou","CC Falaises du Talou","Etablissement public de coopération intercommunale (EPCI)",Saint-Martin-le-Gaillard,76619,2021,Vrai,"En cours de réalisation",https://www.falaisesdutalou.fr/actualites/atlas-de-la-biodiversite-communale-abc-2021
96cda12f-c42e-465f-a925-94f8cd69835f,"ABC Falaises du Talou","CC Falaises du Talou","Etablissement public de coopération intercommunale (EPCI)",Saint-Nicolas-d'Aliermont,76624,2021,Vrai,"En cours de réalisation",https://www.falaisesdutalou.fr/actualites/atlas-de-la-biodiversite-communale-abc-2021
96cda12f-c42e-465f-a925-94f8cd69835f,"ABC Falaises du Talou","CC Falaises du Talou","Etablissement public de coopération intercommunale (EPCI)",Saint-Ouen-sous-Bailly,76630,2021,Vrai,"En cours de réalisation",https://www.falaisesdutalou.fr/actualites/atlas-de-la-biodiversite-communale-abc-2021
96cda12f-c42e-465f-a925-94f8cd69835f,"ABC Falaises du Talou","CC Falaises du Talou","Etablissement public de coopération intercommunale (EPCI)",Saint-Vaast-d'Équiqueville,76652,2021,Vrai,"En cours de réalisation",https://www.falaisesdutalou.fr/actualites/atlas-de-la-biodiversite-communale-abc-2021
96cda12f-c42e-465f-a925-94f8cd69835f,"ABC Falaises du Talou","CC Falaises du Talou","Etablissement public de coopération intercommunale (EPCI)",Sauchay,76665,2021,Vrai,"En cours de réalisation",https://www.falaisesdutalou.fr/actualites/atlas-de-la-biodiversite-communale-abc-2021
96cda12f-c42e-465f-a925-94f8cd69835f,"ABC Falaises du Talou","CC Falaises du Talou","Etablissement public de coopération intercommunale (EPCI)",Sept-Meules,76671,2021,Vrai,"En cours de réalisation",https://www.falaisesdutalou.fr/actualites/atlas-de-la-biodiversite-communale-abc-2021
96cda12f-c42e-465f-a925-94f8cd69835f,"ABC Falaises du Talou","CC Falaises du Talou","Etablissement public de coopération intercommunale (EPCI)",Touffreville-sur-Eu,76703,2021,Vrai,"En cours de réalisation",https://www.falaisesdutalou.fr/actualites/atlas-de-la-biodiversite-communale-abc-2021
96cda12f-c42e-465f-a925-94f8cd69835f,"ABC Falaises du Talou","CC Falaises du Talou","Etablissement public de coopération intercommunale (EPCI)",Villy-sur-Yères,76745,2021,Vrai,"En cours de réalisation",https://www.falaisesdutalou.fr/actualites/atlas-de-la-biodiversite-communale-abc-2021
9e5cff8c-ba4e-4c39-9985-fa225f1b6f3d,"ABC Figeac",Figeac,Commune,Figeac,46102,2018,Faux,Fini,https://ville-figeac.fr/tourisme-et-environnement/environnement/environnement-actualite/1030-agir-p…
c2b848a0-2ae5-4ec6-8330-e2fc43ff5844,"ABC Florac Trois Rivières","Florac Trois Rivières",Commune,"Florac Trois Rivières",48061,2017,Vrai,Fini,https://www.cevennes-parcnational.fr/fr/latlas-de-la-biodiversite-communale-de-florac-trois-rivieres
d85a1af2-09b9-49d5-99a7-059239f1227b,"ABC Flourens",Flourens,Commune,Flourens,31184,2021,Vrai,"En cours de réalisation",https://www.flourens.fr/page/atlas-de-la-biodiversite-communale
054cabca-82c4-42b8-afba-84d4e5ce2592,"ABC Gaillagos",Gaillagos,Commune,Gaillagos,65182,2017,Vrai,Fini,http://www.pyrenees-parcnational.fr/fr/actualites/latlas-de-la-biodiversite-communale-outil-de-valo…
3836776a-6c8c-43d7-8882-76ffe64158b2,"ABC Garrigues (ComCom) - Montbazin, Poussan et Villeveyrac.",Montbazin,Commune,Poussan,34213,2020,Vrai,"En cours de réalisation",
3836776a-6c8c-43d7-8882-76ffe64158b2,"ABC Garrigues (ComCom) - Montbazin, Poussan et Villeveyrac.",Montbazin,Commune,Villeveyrac,34341,2020,Vrai,"En cours de réalisation",
3836776a-6c8c-43d7-8882-76ffe64158b2,"ABC Garrigues (ComCom) - Montbazin, Poussan et Villeveyrac.",Montbazin,Commune,Montbazin,34165,2020,Vrai,"En cours de réalisation",
07739730-0a61-47e0-947e-173abed8bd56,"ABC Génolhac",Génolhac,Commune,Génolhac,30130,2017,Vrai,"En cours de réalisation",https://www.cevennes-parcnational.fr/fr/des-actions/accompagner-le-developpement-durable-du-territo…
1d355f92-b49a-4d07-85e5-d66911779a5b,"ABC Gerde",Gerde,Commune,Gerde,65198,2010,Faux,Inconnu,
ab3a6859-a3a3-49c8-89a1-049455472a48,"ABC Grabels",Grabels,Commune,Grabels,34116,2020,Vrai,"En cours de réalisation",http://www.ville-grabels.fr/2938-atlas-de-biodiversite-communale.htm
23ae2769-67ca-40f4-8a88-d5c7efc8c7e4,"ABC Grand-Figeac (ComCom)","CC Grand-Figeac","Etablissement public de coopération intercommunale (EPCI)",Gorses,46125,2017,Faux,Fini,
23ae2769-67ca-40f4-8a88-d5c7efc8c7e4,"ABC Grand-Figeac (ComCom)","CC Grand-Figeac","Etablissement public de coopération intercommunale (EPCI)",Labastide-du-Haut-Mont,46135,2017,Faux,Fini,
23ae2769-67ca-40f4-8a88-d5c7efc8c7e4,"ABC Grand-Figeac (ComCom)","CC Grand-Figeac","Etablissement public de coopération intercommunale (EPCI)",Latronquière,46160,2017,Faux,Fini,
23ae2769-67ca-40f4-8a88-d5c7efc8c7e4,"ABC Grand-Figeac (ComCom)","CC Grand-Figeac","Etablissement public de coopération intercommunale (EPCI)",Lauresses,46161,2017,Faux,Fini,
23ae2769-67ca-40f4-8a88-d5c7efc8c7e4,"ABC Grand-Figeac (ComCom)","CC Grand-Figeac","Etablissement public de coopération intercommunale (EPCI)",Sabadel-Latronquière,46244,2017,Faux,Fini,
23ae2769-67ca-40f4-8a88-d5c7efc8c7e4,"ABC Grand-Figeac (ComCom)","CC Grand-Figeac","Etablissement public de coopération intercommunale (EPCI)",Saint-Cirgues,46255,2017,Faux,Fini,
23ae2769-67ca-40f4-8a88-d5c7efc8c7e4,"ABC Grand-Figeac (ComCom)","CC Grand-Figeac","Etablissement public de coopération intercommunale (EPCI)",Saint-Hilaire,46269,2017,Faux,Fini,
23ae2769-67ca-40f4-8a88-d5c7efc8c7e4,"ABC Grand-Figeac (ComCom)","CC Grand-Figeac","Etablissement public de coopération intercommunale (EPCI)",Saint-Médard-Nicourby,46282,2017,Faux,Fini,
23ae2769-67ca-40f4-8a88-d5c7efc8c7e4,"ABC Grand-Figeac (ComCom)","CC Grand-Figeac","Etablissement public de coopération intercommunale (EPCI)",Sénaillac-Latronquière,46302,2017,Faux,Fini,
23ae2769-67ca-40f4-8a88-d5c7efc8c7e4,"ABC Grand-Figeac (ComCom)","CC Grand-Figeac","Etablissement public de coopération intercommunale (EPCI)",Terrou,46314,2017,Faux,Fini,
23ae2769-67ca-40f4-8a88-d5c7efc8c7e4,"ABC Grand-Figeac (ComCom)","CC Grand-Figeac","Etablissement public de coopération intercommunale (EPCI)",Bessonies,46338,2017,Faux,Fini,
1e34ed3b-fe74-4c72-b22d-8bd3209c1230,"ABC Grenade",Grenade,Commune,Grenade,31232,2020,Vrai,"En cours de réalisation",https://www.mairie-grenade.fr/
cc869649-7647-4286-a56a-2abe5ee6d603,"ABC Hauban",Hauban,Commune,Hauban,65216,2010,Faux,Inconnu,
83c7ef1f-10b1-4daa-9b3a-51dd969e2888,"ABC Hiis",Hiis,Commune,Hiis,65221,2010,Faux,Inconnu,
8529502e-02ee-4331-b495-b8f9bdc0ce15,"ABC Intercommunal de l'agglomération de Blois - Agglopolys","CA de Blois Agglopolys","Etablissement public de coopération intercommunale (EPCI)",Averdon,41009,2022,Vrai,"En phase de lancement",https://www.agglopolys.fr/
8529502e-02ee-4331-b495-b8f9bdc0ce15,"ABC Intercommunal de l'agglomération de Blois - Agglopolys","CA de Blois Agglopolys","Etablissement public de coopération intercommunale (EPCI)",Blois,41018,2022,Vrai,"En phase de lancement",https://www.agglopolys.fr/
8529502e-02ee-4331-b495-b8f9bdc0ce15,"ABC Intercommunal de l'agglomération de Blois - Agglopolys","CA de Blois Agglopolys","Etablissement public de coopération intercommunale (EPCI)",Candé-sur-Beuvron,41029,2022,Vrai,"En phase de lancement",https://www.agglopolys.fr/
8529502e-02ee-4331-b495-b8f9bdc0ce15,"ABC Intercommunal de l'agglomération de Blois - Agglopolys","CA de Blois Agglopolys","Etablissement public de coopération intercommunale (EPCI)","La Celette",18041,2022,Vrai,"En phase de lancement",https://www.agglopolys.fr/
8529502e-02ee-4331-b495-b8f9bdc0ce15,"ABC Intercommunal de l'agglomération de Blois - Agglopolys","CA de Blois Agglopolys","Etablissement public de coopération intercommunale (EPCI)",Chailles,41032,2022,Vrai,"En phase de lancement",https://www.agglopolys.fr/
8529502e-02ee-4331-b495-b8f9bdc0ce15,"ABC Intercommunal de l'agglomération de Blois - Agglopolys","CA de Blois Agglopolys","Etablissement public de coopération intercommunale (EPCI)",Valencisse,41142,2022,Vrai,"En phase de lancement",https://www.agglopolys.fr/
8529502e-02ee-4331-b495-b8f9bdc0ce15,"ABC Intercommunal de l'agglomération de Blois - Agglopolys","CA de Blois Agglopolys","Etablissement public de coopération intercommunale (EPCI)",Champigny-en-Beauce,41035,2022,Vrai,"En phase de lancement",https://www.agglopolys.fr/
8529502e-02ee-4331-b495-b8f9bdc0ce15,"ABC Intercommunal de l'agglomération de Blois - Agglopolys","CA de Blois Agglopolys","Etablissement public de coopération intercommunale (EPCI)",Chaumont-sur-Loire,41045,2022,Vrai,"En phase de lancement",https://www.agglopolys.fr/
8529502e-02ee-4331-b495-b8f9bdc0ce15,"ABC Intercommunal de l'agglomération de Blois - Agglopolys","CA de Blois Agglopolys","Etablissement public de coopération intercommunale (EPCI)",Chitenay,41052,2022,Vrai,"En phase de lancement",https://www.agglopolys.fr/
8529502e-02ee-4331-b495-b8f9bdc0ce15,"ABC Intercommunal de l'agglomération de Blois - Agglopolys","CA de Blois Agglopolys","Etablissement public de coopération intercommunale (EPCI)",Valloire-sur-Cisse,41055,2022,Vrai,"En phase de lancement",https://www.agglopolys.fr/
8529502e-02ee-4331-b495-b8f9bdc0ce15,"ABC Intercommunal de l'agglomération de Blois - Agglopolys","CA de Blois Agglopolys","Etablissement public de coopération intercommunale (EPCI)",Cormeray,41061,2022,Vrai,"En phase de lancement",https://www.agglopolys.fr/
8529502e-02ee-4331-b495-b8f9bdc0ce15,"ABC Intercommunal de l'agglomération de Blois - Agglopolys","CA de Blois Agglopolys","Etablissement public de coopération intercommunale (EPCI)",Cour-Cheverny,41067,2022,Vrai,"En phase de lancement",https://www.agglopolys.fr/
8529502e-02ee-4331-b495-b8f9bdc0ce15,"ABC Intercommunal de l'agglomération de Blois - Agglopolys","CA de Blois Agglopolys","Etablissement public de coopération intercommunale (EPCI)",Fossé,41091,2022,Vrai,"En phase de lancement",https://www.agglopolys.fr/
8529502e-02ee-4331-b495-b8f9bdc0ce15,"ABC Intercommunal de l'agglomération de Blois - Agglopolys","CA de Blois Agglopolys","Etablissement public de coopération intercommunale (EPCI)",Françay,41093,2022,Vrai,"En phase de lancement",https://www.agglopolys.fr/
8529502e-02ee-4331-b495-b8f9bdc0ce15,"ABC Intercommunal de l'agglomération de Blois - Agglopolys","CA de Blois Agglopolys","Etablissement public de coopération intercommunale (EPCI)",Herbault,41101,2022,Vrai,"En phase de lancement",https://www.agglopolys.fr/
8529502e-02ee-4331-b495-b8f9bdc0ce15,"ABC Intercommunal de l'agglomération de Blois - Agglopolys","CA de Blois Agglopolys","Etablissement public de coopération intercommunale (EPCI)","La Chapelle-Vendômoise",41040,2022,Vrai,"En phase de lancement",https://www.agglopolys.fr/
8529502e-02ee-4331-b495-b8f9bdc0ce15,"ABC Intercommunal de l'agglomération de Blois - Agglopolys","CA de Blois Agglopolys","Etablissement public de coopération intercommunale (EPCI)","La Chaussée-Saint-Victor",41047,2022,Vrai,"En phase de lancement",https://www.agglopolys.fr/
8529502e-02ee-4331-b495-b8f9bdc0ce15,"ABC Intercommunal de l'agglomération de Blois - Agglopolys","CA de Blois Agglopolys","Etablissement public de coopération intercommunale (EPCI)",Lancôme,41108,2022,Vrai,"En phase de lancement",https://www.agglopolys.fr/
8529502e-02ee-4331-b495-b8f9bdc0ce15,"ABC Intercommunal de l'agglomération de Blois - Agglopolys","CA de Blois Agglopolys","Etablissement public de coopération intercommunale (EPCI)",Landes-le-Gaulois,41109,2022,Vrai,"En phase de lancement",https://www.agglopolys.fr/
8529502e-02ee-4331-b495-b8f9bdc0ce15,"ABC Intercommunal de l'agglomération de Blois - Agglopolys","CA de Blois Agglopolys","Etablissement public de coopération intercommunale (EPCI)","Les Montils",41147,2022,Vrai,"En phase de lancement",https://www.agglopolys.fr/
8529502e-02ee-4331-b495-b8f9bdc0ce15,"ABC Intercommunal de l'agglomération de Blois - Agglopolys","CA de Blois Agglopolys","Etablissement public de coopération intercommunale (EPCI)",Marolles,41128,2022,Vrai,"En phase de lancement",https://www.agglopolys.fr/
8529502e-02ee-4331-b495-b8f9bdc0ce15,"ABC Intercommunal de l'agglomération de Blois - Agglopolys","CA de Blois Agglopolys","Etablissement public de coopération intercommunale (EPCI)",Menars,41134,2022,Vrai,"En phase de lancement",https://www.agglopolys.fr/
8529502e-02ee-4331-b495-b8f9bdc0ce15,"ABC Intercommunal de l'agglomération de Blois - Agglopolys","CA de Blois Agglopolys","Etablissement public de coopération intercommunale (EPCI)",Mesland,41137,2022,Vrai,"En phase de lancement",https://www.agglopolys.fr/
8529502e-02ee-4331-b495-b8f9bdc0ce15,"ABC Intercommunal de l'agglomération de Blois - Agglopolys","CA de Blois Agglopolys","Etablissement public de coopération intercommunale (EPCI)",Monteaux,41144,2022,Vrai,"En phase de lancement",https://www.agglopolys.fr/
8529502e-02ee-4331-b495-b8f9bdc0ce15,"ABC Intercommunal de l'agglomération de Blois - Agglopolys","CA de Blois Agglopolys","Etablissement public de coopération intercommunale (EPCI)",Monthou-sur-Bièvre,41145,2022,Vrai,"En phase de lancement",https://www.agglopolys.fr/
8529502e-02ee-4331-b495-b8f9bdc0ce15,"ABC Intercommunal de l'agglomération de Blois - Agglopolys","CA de Blois Agglopolys","Etablissement public de coopération intercommunale (EPCI)",Veuzain-sur-Loire,41167,2022,Vrai,"En phase de lancement",https://www.agglopolys.fr/
8529502e-02ee-4331-b495-b8f9bdc0ce15,"ABC Intercommunal de l'agglomération de Blois - Agglopolys","CA de Blois Agglopolys","Etablissement public de coopération intercommunale (EPCI)",Rilly-sur-Loire,41189,2022,Vrai,"En phase de lancement",https://www.agglopolys.fr/
8529502e-02ee-4331-b495-b8f9bdc0ce15,"ABC Intercommunal de l'agglomération de Blois - Agglopolys","CA de Blois Agglopolys","Etablissement public de coopération intercommunale (EPCI)",Saint-Bohaire,41203,2022,Vrai,"En phase de lancement",https://www.agglopolys.fr/
8529502e-02ee-4331-b495-b8f9bdc0ce15,"ABC Intercommunal de l'agglomération de Blois - Agglopolys","CA de Blois Agglopolys","Etablissement public de coopération intercommunale (EPCI)",Saint-Denis-sur-Loire,41206,2022,Vrai,"En phase de lancement",https://www.agglopolys.fr/
8529502e-02ee-4331-b495-b8f9bdc0ce15,"ABC Intercommunal de l'agglomération de Blois - Agglopolys","CA de Blois Agglopolys","Etablissement public de coopération intercommunale (EPCI)",Saint-Étienne-des-Guérets,41208,2022,Vrai,"En phase de lancement",https://www.agglopolys.fr/
8529502e-02ee-4331-b495-b8f9bdc0ce15,"ABC Intercommunal de l'agglomération de Blois - Agglopolys","CA de Blois Agglopolys","Etablissement public de coopération intercommunale (EPCI)",Saint-Gervais-la-Forêt,41212,2022,Vrai,"En phase de lancement",https://www.agglopolys.fr/
8529502e-02ee-4331-b495-b8f9bdc0ce15,"ABC Intercommunal de l'agglomération de Blois - Agglopolys","CA de Blois Agglopolys","Etablissement public de coopération intercommunale (EPCI)",Saint-Lubin-en-Vergonnois,41223,2022,Vrai,"En phase de lancement",https://www.agglopolys.fr/
8529502e-02ee-4331-b495-b8f9bdc0ce15,"ABC Intercommunal de l'agglomération de Blois - Agglopolys","CA de Blois Agglopolys","Etablissement public de coopération intercommunale (EPCI)",Saint-Sulpice-de-Pommeray,41230,2022,Vrai,"En phase de lancement",https://www.agglopolys.fr/
8529502e-02ee-4331-b495-b8f9bdc0ce15,"ABC Intercommunal de l'agglomération de Blois - Agglopolys","CA de Blois Agglopolys","Etablissement public de coopération intercommunale (EPCI)",Sambin,41233,2022,Vrai,"En phase de lancement",https://www.agglopolys.fr/
8529502e-02ee-4331-b495-b8f9bdc0ce15,"ABC Intercommunal de l'agglomération de Blois - Agglopolys","CA de Blois Agglopolys","Etablissement public de coopération intercommunale (EPCI)",Santenay,41234,2022,Vrai,"En phase de lancement",https://www.agglopolys.fr/
8529502e-02ee-4331-b495-b8f9bdc0ce15,"ABC Intercommunal de l'agglomération de Blois - Agglopolys","CA de Blois Agglopolys","Etablissement public de coopération intercommunale (EPCI)",Seur,41246,2022,Vrai,"En phase de lancement",https://www.agglopolys.fr/
8529502e-02ee-4331-b495-b8f9bdc0ce15,"ABC Intercommunal de l'agglomération de Blois - Agglopolys","CA de Blois Agglopolys","Etablissement public de coopération intercommunale (EPCI)",Valaire,41266,2022,Vrai,"En phase de lancement",https://www.agglopolys.fr/
8529502e-02ee-4331-b495-b8f9bdc0ce15,"ABC Intercommunal de l'agglomération de Blois - Agglopolys","CA de Blois Agglopolys","Etablissement public de coopération intercommunale (EPCI)",Veuzain-sur-Loire,41167,2022,Vrai,"En phase de lancement",https://www.agglopolys.fr/
8529502e-02ee-4331-b495-b8f9bdc0ce15,"ABC Intercommunal de l'agglomération de Blois - Agglopolys","CA de Blois Agglopolys","Etablissement public de coopération intercommunale (EPCI)",Villebarou,41276,2022,Vrai,"En phase de lancement",https://www.agglopolys.fr/
8529502e-02ee-4331-b495-b8f9bdc0ce15,"ABC Intercommunal de l'agglomération de Blois - Agglopolys","CA de Blois Agglopolys","Etablissement public de coopération intercommunale (EPCI)",Villerbon,41288,2022,Vrai,"En phase de lancement",https://www.agglopolys.fr/
8529502e-02ee-4331-b495-b8f9bdc0ce15,"ABC Intercommunal de l'agglomération de Blois - Agglopolys","CA de Blois Agglopolys","Etablissement public de coopération intercommunale (EPCI)",Vineuil,41295,2022,Vrai,"En phase de lancement",https://www.agglopolys.fr/
8529502e-02ee-4331-b495-b8f9bdc0ce15,"ABC Intercommunal de l'agglomération de Blois - Agglopolys","CA de Blois Agglopolys","Etablissement public de coopération intercommunale (EPCI)",Cheverny,41050,2022,Vrai,"En phase de lancement",https://www.agglopolys.fr/
e0fab2ee-e2cb-4f7b-9a16-16acbc87fbc8,"ABC Intercommunal de l'Agglomération de Chateauroux","CA Châteauroux Métropole","Etablissement public de coopération intercommunale (EPCI)",Châteauroux,36044,2021,Vrai,"En cours de réalisation",
e0fab2ee-e2cb-4f7b-9a16-16acbc87fbc8,"ABC Intercommunal de l'Agglomération de Chateauroux","CA Châteauroux Métropole","Etablissement public de coopération intercommunale (EPCI)",Ardentes,36005,2021,Vrai,"En cours de réalisation",
e0fab2ee-e2cb-4f7b-9a16-16acbc87fbc8,"ABC Intercommunal de l'Agglomération de Chateauroux","CA Châteauroux Métropole","Etablissement public de coopération intercommunale (EPCI)",Arthon,36009,2021,Vrai,"En cours de réalisation",
e0fab2ee-e2cb-4f7b-9a16-16acbc87fbc8,"ABC Intercommunal de l'Agglomération de Chateauroux","CA Châteauroux Métropole","Etablissement public de coopération intercommunale (EPCI)",Coings,36057,2021,Vrai,"En cours de réalisation",
e0fab2ee-e2cb-4f7b-9a16-16acbc87fbc8,"ABC Intercommunal de l'Agglomération de Chateauroux","CA Châteauroux Métropole","Etablissement public de coopération intercommunale (EPCI)",Déols,36063,2021,Vrai,"En cours de réalisation",
e0fab2ee-e2cb-4f7b-9a16-16acbc87fbc8,"ABC Intercommunal de l'Agglomération de Chateauroux","CA Châteauroux Métropole","Etablissement public de coopération intercommunale (EPCI)",Diors,36064,2021,Vrai,"En cours de réalisation",
e0fab2ee-e2cb-4f7b-9a16-16acbc87fbc8,"ABC Intercommunal de l'Agglomération de Chateauroux","CA Châteauroux Métropole","Etablissement public de coopération intercommunale (EPCI)",Étrechet,36071,2021,Vrai,"En cours de réalisation",
e0fab2ee-e2cb-4f7b-9a16-16acbc87fbc8,"ABC Intercommunal de l'Agglomération de Chateauroux","CA Châteauroux Métropole","Etablissement public de coopération intercommunale (EPCI)",Jeu-les-Bois,36089,2021,Vrai,"En cours de réalisation",
e0fab2ee-e2cb-4f7b-9a16-16acbc87fbc8,"ABC Intercommunal de l'Agglomération de Chateauroux","CA Châteauroux Métropole","Etablissement public de coopération intercommunale (EPCI)",Luant,36101,2021,Vrai,"En cours de réalisation",
e0fab2ee-e2cb-4f7b-9a16-16acbc87fbc8,"ABC Intercommunal de l'Agglomération de Chateauroux","CA Châteauroux Métropole","Etablissement public de coopération intercommunale (EPCI)",Mâron,36112,2021,Vrai,"En cours de réalisation",
e0fab2ee-e2cb-4f7b-9a16-16acbc87fbc8,"ABC Intercommunal de l'Agglomération de Chateauroux","CA Châteauroux Métropole","Etablissement public de coopération intercommunale (EPCI)",Montierchaume,36128,2021,Vrai,"En cours de réalisation",
e0fab2ee-e2cb-4f7b-9a16-16acbc87fbc8,"ABC Intercommunal de l'Agglomération de Chateauroux","CA Châteauroux Métropole","Etablissement public de coopération intercommunale (EPCI)",Saint-Maur,36202,2021,Vrai,"En cours de réalisation",
e0fab2ee-e2cb-4f7b-9a16-16acbc87fbc8,"ABC Intercommunal de l'Agglomération de Chateauroux","CA Châteauroux Métropole","Etablissement public de coopération intercommunale (EPCI)",Sassierges-Saint-Germain,36211,2021,Vrai,"En cours de réalisation",
5944618a-fad5-422a-81db-797c1eff83ee,"ABC Intercommunal de la Communauté de Communes du Grand Chambord","CC du Grand Chambord","Etablissement public de coopération intercommunale (EPCI)",Bracieux,41025,2021,Vrai,"En cours de réalisation",https://www.grandchambord.fr/
5944618a-fad5-422a-81db-797c1eff83ee,"ABC Intercommunal de la Communauté de Communes du Grand Chambord","CC du Grand Chambord","Etablissement public de coopération intercommunale (EPCI)",Bauzy,41013,2021,Vrai,"En cours de réalisation",https://www.grandchambord.fr/
5944618a-fad5-422a-81db-797c1eff83ee,"ABC Intercommunal de la Communauté de Communes du Grand Chambord","CC du Grand Chambord","Etablissement public de coopération intercommunale (EPCI)",Chambord,41034,2021,Vrai,"En cours de réalisation",https://www.grandchambord.fr/
5944618a-fad5-422a-81db-797c1eff83ee,"ABC Intercommunal de la Communauté de Communes du Grand Chambord","CC du Grand Chambord","Etablissement public de coopération intercommunale (EPCI)",Crouy-sur-Cosson,41071,2021,Vrai,"En cours de réalisation",https://www.grandchambord.fr/
5944618a-fad5-422a-81db-797c1eff83ee,"ABC Intercommunal de la Communauté de Communes du Grand Chambord","CC du Grand Chambord","Etablissement public de coopération intercommunale (EPCI)",Fontaines-en-Sologne,41086,2021,Vrai,"En cours de réalisation",https://www.grandchambord.fr/
5944618a-fad5-422a-81db-797c1eff83ee,"ABC Intercommunal de la Communauté de Communes du Grand Chambord","CC du Grand Chambord","Etablissement public de coopération intercommunale (EPCI)",Huisseau-sur-Cosson,41104,2021,Vrai,"En cours de réalisation",https://www.grandchambord.fr/
5944618a-fad5-422a-81db-797c1eff83ee,"ABC Intercommunal de la Communauté de Communes du Grand Chambord","CC du Grand Chambord","Etablissement public de coopération intercommunale (EPCI)","La Ferté-Saint-Cyr",41085,2021,Vrai,"En cours de réalisation",https://www.grandchambord.fr/
5944618a-fad5-422a-81db-797c1eff83ee,"ABC Intercommunal de la Communauté de Communes du Grand Chambord","CC du Grand Chambord","Etablissement public de coopération intercommunale (EPCI)",Maslives,41129,2021,Vrai,"En cours de réalisation",https://www.grandchambord.fr/
5944618a-fad5-422a-81db-797c1eff83ee,"ABC Intercommunal de la Communauté de Communes du Grand Chambord","CC du Grand Chambord","Etablissement public de coopération intercommunale (EPCI)",Mont-près-Chambord,41150,2021,Vrai,"En cours de réalisation",https://www.grandchambord.fr/
5944618a-fad5-422a-81db-797c1eff83ee,"ABC Intercommunal de la Communauté de Communes du Grand Chambord","CC du Grand Chambord","Etablissement public de coopération intercommunale (EPCI)",Montlivault,41148,2021,Vrai,"En cours de réalisation",https://www.grandchambord.fr/
5944618a-fad5-422a-81db-797c1eff83ee,"ABC Intercommunal de la Communauté de Communes du Grand Chambord","CC du Grand Chambord","Etablissement public de coopération intercommunale (EPCI)",Neuvy,41160,2021,Vrai,"En cours de réalisation",https://www.grandchambord.fr/
5944618a-fad5-422a-81db-797c1eff83ee,"ABC Intercommunal de la Communauté de Communes du Grand Chambord","CC du Grand Chambord","Etablissement public de coopération intercommunale (EPCI)",Saint-Claude-de-Diray,41204,2021,Vrai,"En cours de réalisation",https://www.grandchambord.fr/
5944618a-fad5-422a-81db-797c1eff83ee,"ABC Intercommunal de la Communauté de Communes du Grand Chambord","CC du Grand Chambord","Etablissement public de coopération intercommunale (EPCI)",Saint-Dyé-sur-Loire,41207,2021,Vrai,"En cours de réalisation",https://www.grandchambord.fr/
5944618a-fad5-422a-81db-797c1eff83ee,"ABC Intercommunal de la Communauté de Communes du Grand Chambord","CC du Grand Chambord","Etablissement public de coopération intercommunale (EPCI)",Thoury,41260,2021,Vrai,"En cours de réalisation",https://www.grandchambord.fr/
5944618a-fad5-422a-81db-797c1eff83ee,"ABC Intercommunal de la Communauté de Communes du Grand Chambord","CC du Grand Chambord","Etablissement public de coopération intercommunale (EPCI)",Tour-en-Sologne,41262,2021,Vrai,"En cours de réalisation",https://www.grandchambord.fr/
cec3ec0d-38b6-498c-a77d-285c6cdfd3c3,"ABC Intercommunal de la Communauté de Communes du Val d'Amboise","CC du Val d'Amboise","Etablissement public de coopération intercommunale (EPCI)",Amboise,37003,2022,Vrai,"En cours de réalisation",http://www.cc-valdamboise.fr/
cec3ec0d-38b6-498c-a77d-285c6cdfd3c3,"ABC Intercommunal de la Communauté de Communes du Val d'Amboise","CC du Val d'Amboise","Etablissement public de coopération intercommunale (EPCI)",Cangey,37043,2022,Vrai,"En cours de réalisation",http://www.cc-valdamboise.fr/
cec3ec0d-38b6-498c-a77d-285c6cdfd3c3,"ABC Intercommunal de la Communauté de Communes du Val d'Amboise","CC du Val d'Amboise","Etablissement public de coopération intercommunale (EPCI)",Chargé,37060,2022,Vrai,"En cours de réalisation",http://www.cc-valdamboise.fr/
cec3ec0d-38b6-498c-a77d-285c6cdfd3c3,"ABC Intercommunal de la Communauté de Communes du Val d'Amboise","CC du Val d'Amboise","Etablissement public de coopération intercommunale (EPCI)",Limeray,37131,2022,Vrai,"En cours de réalisation",http://www.cc-valdamboise.fr/
cec3ec0d-38b6-498c-a77d-285c6cdfd3c3,"ABC Intercommunal de la Communauté de Communes du Val d'Amboise","CC du Val d'Amboise","Etablissement public de coopération intercommunale (EPCI)",Lussault-sur-Loire,37138,2022,Vrai,"En cours de réalisation",http://www.cc-valdamboise.fr/
cec3ec0d-38b6-498c-a77d-285c6cdfd3c3,"ABC Intercommunal de la Communauté de Communes du Val d'Amboise","CC du Val d'Amboise","Etablissement public de coopération intercommunale (EPCI)",Montreuil-en-Touraine,37158,2022,Vrai,"En cours de réalisation",http://www.cc-valdamboise.fr/
cec3ec0d-38b6-498c-a77d-285c6cdfd3c3,"ABC Intercommunal de la Communauté de Communes du Val d'Amboise","CC du Val d'Amboise","Etablissement public de coopération intercommunale (EPCI)",Mosnes,37161,2022,Vrai,"En cours de réalisation",http://www.cc-valdamboise.fr/
cec3ec0d-38b6-498c-a77d-285c6cdfd3c3,"ABC Intercommunal de la Communauté de Communes du Val d'Amboise","CC du Val d'Amboise","Etablissement public de coopération intercommunale (EPCI)",Nazelles-Négron,37163,2022,Vrai,"En cours de réalisation",http://www.cc-valdamboise.fr/
cec3ec0d-38b6-498c-a77d-285c6cdfd3c3,"ABC Intercommunal de la Communauté de Communes du Val d'Amboise","CC du Val d'Amboise","Etablissement public de coopération intercommunale (EPCI)",Neuillé-le-Lierre,37166,2022,Vrai,"En cours de réalisation",http://www.cc-valdamboise.fr/
cec3ec0d-38b6-498c-a77d-285c6cdfd3c3,"ABC Intercommunal de la Communauté de Communes du Val d'Amboise","CC du Val d'Amboise","Etablissement public de coopération intercommunale (EPCI)",Noizay,37171,2022,Vrai,"En cours de réalisation",http://www.cc-valdamboise.fr/
cec3ec0d-38b6-498c-a77d-285c6cdfd3c3,"ABC Intercommunal de la Communauté de Communes du Val d'Amboise","CC du Val d'Amboise","Etablissement public de coopération intercommunale (EPCI)",Pocé-sur-Cisse,37185,2022,Vrai,"En cours de réalisation",http://www.cc-valdamboise.fr/
cec3ec0d-38b6-498c-a77d-285c6cdfd3c3,"ABC Intercommunal de la Communauté de Communes du Val d'Amboise","CC du Val d'Amboise","Etablissement public de coopération intercommunale (EPCI)",Saint-Ouen-les-Vignes,37230,2022,Vrai,"En cours de réalisation",http://www.cc-valdamboise.fr/
cec3ec0d-38b6-498c-a77d-285c6cdfd3c3,"ABC Intercommunal de la Communauté de Communes du Val d'Amboise","CC du Val d'Amboise","Etablissement public de coopération intercommunale (EPCI)",Souvigny-de-Touraine,37252,2022,Vrai,"En cours de réalisation",http://www.cc-valdamboise.fr/
cec3ec0d-38b6-498c-a77d-285c6cdfd3c3,"ABC Intercommunal de la Communauté de Communes du Val d'Amboise","CC du Val d'Amboise","Etablissement public de coopération intercommunale (EPCI)",Saint-Règle,37236,2022,Vrai,"En cours de réalisation",http://www.cc-valdamboise.fr/
19989746-0c2b-4299-ac97-0f65a1704966,"ABC intercommunale de la Communauté d’Agglomération de Châlons-en-Champagne","CA de Châlons-en-Champagne","Etablissement public de coopération intercommunale (EPCI)",Châlons-en-Champagne,51108,2022,Vrai,"En cours de réalisation",
19989746-0c2b-4299-ac97-0f65a1704966,"ABC intercommunale de la Communauté d’Agglomération de Châlons-en-Champagne","CA de Châlons-en-Champagne","Etablissement public de coopération intercommunale (EPCI)",Baconnes,51031,2022,Vrai,"En cours de réalisation",
19989746-0c2b-4299-ac97-0f65a1704966,"ABC intercommunale de la Communauté d’Agglomération de Châlons-en-Champagne","CA de Châlons-en-Champagne","Etablissement public de coopération intercommunale (EPCI)",Mourmelon-le-Grand,51388,2022,Vrai,"En cours de réalisation",
19989746-0c2b-4299-ac97-0f65a1704966,"ABC intercommunale de la Communauté d’Agglomération de Châlons-en-Champagne","CA de Châlons-en-Champagne","Etablissement public de coopération intercommunale (EPCI)",Mourmelon-le-Petit,51389,2022,Vrai,"En cours de réalisation",
19989746-0c2b-4299-ac97-0f65a1704966,"ABC intercommunale de la Communauté d’Agglomération de Châlons-en-Champagne","CA de Châlons-en-Champagne","Etablissement public de coopération intercommunale (EPCI)",Livry-Louvercy,51326,2022,Vrai,"En cours de réalisation",
19989746-0c2b-4299-ac97-0f65a1704966,"ABC intercommunale de la Communauté d’Agglomération de Châlons-en-Champagne","CA de Châlons-en-Champagne","Etablissement public de coopération intercommunale (EPCI)",Bouy,51078,2022,Vrai,"En cours de réalisation",
19989746-0c2b-4299-ac97-0f65a1704966,"ABC intercommunale de la Communauté d’Agglomération de Châlons-en-Champagne","CA de Châlons-en-Champagne","Etablissement public de coopération intercommunale (EPCI)",Vadenay,51587,2022,Vrai,"En cours de réalisation",
19989746-0c2b-4299-ac97-0f65a1704966,"ABC intercommunale de la Communauté d’Agglomération de Châlons-en-Champagne","CA de Châlons-en-Champagne","Etablissement public de coopération intercommunale (EPCI)","Les Grandes-Loges",51278,2022,Vrai,"En cours de réalisation",
19989746-0c2b-4299-ac97-0f65a1704966,"ABC intercommunale de la Communauté d’Agglomération de Châlons-en-Champagne","CA de Châlons-en-Champagne","Etablissement public de coopération intercommunale (EPCI)",Saint-Hilaire-au-Temple,51485,2022,Vrai,"En cours de réalisation",
19989746-0c2b-4299-ac97-0f65a1704966,"ABC intercommunale de la Communauté d’Agglomération de Châlons-en-Champagne","CA de Châlons-en-Champagne","Etablissement public de coopération intercommunale (EPCI)",Dampierre-au-Temple,51205,2022,Vrai,"En cours de réalisation",
19989746-0c2b-4299-ac97-0f65a1704966,"ABC intercommunale de la Communauté d’Agglomération de Châlons-en-Champagne","CA de Châlons-en-Champagne","Etablissement public de coopération intercommunale (EPCI)","La Veuve",51617,2022,Vrai,"En cours de réalisation",
19989746-0c2b-4299-ac97-0f65a1704966,"ABC intercommunale de la Communauté d’Agglomération de Châlons-en-Champagne","CA de Châlons-en-Champagne","Etablissement public de coopération intercommunale (EPCI)",Isse,51301,2022,Vrai,"En cours de réalisation",
19989746-0c2b-4299-ac97-0f65a1704966,"ABC intercommunale de la Communauté d’Agglomération de Châlons-en-Champagne","CA de Châlons-en-Champagne","Etablissement public de coopération intercommunale (EPCI)",Condé-sur-Marne,51161,2022,Vrai,"En cours de réalisation",
19989746-0c2b-4299-ac97-0f65a1704966,"ABC intercommunale de la Communauté d’Agglomération de Châlons-en-Champagne","CA de Châlons-en-Champagne","Etablissement public de coopération intercommunale (EPCI)",Aigny,51003,2022,Vrai,"En cours de réalisation",
19989746-0c2b-4299-ac97-0f65a1704966,"ABC intercommunale de la Communauté d’Agglomération de Châlons-en-Champagne","CA de Châlons-en-Champagne","Etablissement public de coopération intercommunale (EPCI)",Vraux,51656,2022,Vrai,"En cours de réalisation",
19989746-0c2b-4299-ac97-0f65a1704966,"ABC intercommunale de la Communauté d’Agglomération de Châlons-en-Champagne","CA de Châlons-en-Champagne","Etablissement public de coopération intercommunale (EPCI)",Juvigny,51312,2022,Vrai,"En cours de réalisation",
19989746-0c2b-4299-ac97-0f65a1704966,"ABC intercommunale de la Communauté d’Agglomération de Châlons-en-Champagne","CA de Châlons-en-Champagne","Etablissement public de coopération intercommunale (EPCI)",Recy,51453,2022,Vrai,"En cours de réalisation",
19989746-0c2b-4299-ac97-0f65a1704966,"ABC intercommunale de la Communauté d’Agglomération de Châlons-en-Champagne","CA de Châlons-en-Champagne","Etablissement public de coopération intercommunale (EPCI)",Saint-Martin-sur-le-Pré,51504,2022,Vrai,"En cours de réalisation",
19989746-0c2b-4299-ac97-0f65a1704966,"ABC intercommunale de la Communauté d’Agglomération de Châlons-en-Champagne","CA de Châlons-en-Champagne","Etablissement public de coopération intercommunale (EPCI)",L'Épine,51231,2022,Vrai,"En cours de réalisation",
19989746-0c2b-4299-ac97-0f65a1704966,"ABC intercommunale de la Communauté d’Agglomération de Châlons-en-Champagne","CA de Châlons-en-Champagne","Etablissement public de coopération intercommunale (EPCI)",Saint-Memmie,51506,2022,Vrai,"En cours de réalisation",
19989746-0c2b-4299-ac97-0f65a1704966,"ABC intercommunale de la Communauté d’Agglomération de Châlons-en-Champagne","CA de Châlons-en-Champagne","Etablissement public de coopération intercommunale (EPCI)",Cherville,51150,2022,Vrai,"En cours de réalisation",
19989746-0c2b-4299-ac97-0f65a1704966,"ABC intercommunale de la Communauté d’Agglomération de Châlons-en-Champagne","CA de Châlons-en-Champagne","Etablissement public de coopération intercommunale (EPCI)",Jâlons,51303,2022,Vrai,"En cours de réalisation",
19989746-0c2b-4299-ac97-0f65a1704966,"ABC intercommunale de la Communauté d’Agglomération de Châlons-en-Champagne","CA de Châlons-en-Champagne","Etablissement public de coopération intercommunale (EPCI)",Aulnay-sur-Marne,51023,2022,Vrai,"En cours de réalisation",
19989746-0c2b-4299-ac97-0f65a1704966,"ABC intercommunale de la Communauté d’Agglomération de Châlons-en-Champagne","CA de Châlons-en-Champagne","Etablissement public de coopération intercommunale (EPCI)",Matougues,51357,2022,Vrai,"En cours de réalisation",
19989746-0c2b-4299-ac97-0f65a1704966,"ABC intercommunale de la Communauté d’Agglomération de Châlons-en-Champagne","CA de Châlons-en-Champagne","Etablissement public de coopération intercommunale (EPCI)",Saint-Gibrien,51483,2022,Vrai,"En cours de réalisation",
19989746-0c2b-4299-ac97-0f65a1704966,"ABC intercommunale de la Communauté d’Agglomération de Châlons-en-Champagne","CA de Châlons-en-Champagne","Etablissement public de coopération intercommunale (EPCI)",Champigneul-Champagne,51117,2022,Vrai,"En cours de réalisation",
19989746-0c2b-4299-ac97-0f65a1704966,"ABC intercommunale de la Communauté d’Agglomération de Châlons-en-Champagne","CA de Châlons-en-Champagne","Etablissement public de coopération intercommunale (EPCI)",Villers-le-Château,51634,2022,Vrai,"En cours de réalisation",
19989746-0c2b-4299-ac97-0f65a1704966,"ABC intercommunale de la Communauté d’Agglomération de Châlons-en-Champagne","CA de Châlons-en-Champagne","Etablissement public de coopération intercommunale (EPCI)",Fagnières,51242,2022,Vrai,"En cours de réalisation",
19989746-0c2b-4299-ac97-0f65a1704966,"ABC intercommunale de la Communauté d’Agglomération de Châlons-en-Champagne","CA de Châlons-en-Champagne","Etablissement public de coopération intercommunale (EPCI)",Compertrix,51160,2022,Vrai,"En cours de réalisation",
19989746-0c2b-4299-ac97-0f65a1704966,"ABC intercommunale de la Communauté d’Agglomération de Châlons-en-Champagne","CA de Châlons-en-Champagne","Etablissement public de coopération intercommunale (EPCI)",Pocancy,51435,2022,Vrai,"En cours de réalisation",
19989746-0c2b-4299-ac97-0f65a1704966,"ABC intercommunale de la Communauté d’Agglomération de Châlons-en-Champagne","CA de Châlons-en-Champagne","Etablissement public de coopération intercommunale (EPCI)",Saint-Pierre,51509,2022,Vrai,"En cours de réalisation",
19989746-0c2b-4299-ac97-0f65a1704966,"ABC intercommunale de la Communauté d’Agglomération de Châlons-en-Champagne","CA de Châlons-en-Champagne","Etablissement public de coopération intercommunale (EPCI)",Moncetz-Longevas,51372,2022,Vrai,"En cours de réalisation",
19989746-0c2b-4299-ac97-0f65a1704966,"ABC intercommunale de la Communauté d’Agglomération de Châlons-en-Champagne","CA de Châlons-en-Champagne","Etablissement public de coopération intercommunale (EPCI)",Coolus,51168,2022,Vrai,"En cours de réalisation",
19989746-0c2b-4299-ac97-0f65a1704966,"ABC intercommunale de la Communauté d’Agglomération de Châlons-en-Champagne","CA de Châlons-en-Champagne","Etablissement public de coopération intercommunale (EPCI)",Thibie,51566,2022,Vrai,"En cours de réalisation",
19989746-0c2b-4299-ac97-0f65a1704966,"ABC intercommunale de la Communauté d’Agglomération de Châlons-en-Champagne","CA de Châlons-en-Champagne","Etablissement public de coopération intercommunale (EPCI)",Cheniers,51146,2022,Vrai,"En cours de réalisation",
19989746-0c2b-4299-ac97-0f65a1704966,"ABC intercommunale de la Communauté d’Agglomération de Châlons-en-Champagne","CA de Châlons-en-Champagne","Etablissement public de coopération intercommunale (EPCI)",Soudron,51556,2022,Vrai,"En cours de réalisation",
19989746-0c2b-4299-ac97-0f65a1704966,"ABC intercommunale de la Communauté d’Agglomération de Châlons-en-Champagne","CA de Châlons-en-Champagne","Etablissement public de coopération intercommunale (EPCI)",Vatry,51595,2022,Vrai,"En cours de réalisation",
19989746-0c2b-4299-ac97-0f65a1704966,"ABC intercommunale de la Communauté d’Agglomération de Châlons-en-Champagne","CA de Châlons-en-Champagne","Etablissement public de coopération intercommunale (EPCI)",Bussy-Lettrée,51099,2022,Vrai,"En cours de réalisation",
19989746-0c2b-4299-ac97-0f65a1704966,"ABC intercommunale de la Communauté d’Agglomération de Châlons-en-Champagne","CA de Châlons-en-Champagne","Etablissement public de coopération intercommunale (EPCI)",Lenharrée,51319,2022,Vrai,"En cours de réalisation",
19989746-0c2b-4299-ac97-0f65a1704966,"ABC intercommunale de la Communauté d’Agglomération de Châlons-en-Champagne","CA de Châlons-en-Champagne","Etablissement public de coopération intercommunale (EPCI)",Vassimont-et-Chapelaine,51594,2022,Vrai,"En cours de réalisation",
19989746-0c2b-4299-ac97-0f65a1704966,"ABC intercommunale de la Communauté d’Agglomération de Châlons-en-Champagne","CA de Châlons-en-Champagne","Etablissement public de coopération intercommunale (EPCI)",Haussimont,51285,2022,Vrai,"En cours de réalisation",
19989746-0c2b-4299-ac97-0f65a1704966,"ABC intercommunale de la Communauté d’Agglomération de Châlons-en-Champagne","CA de Châlons-en-Champagne","Etablissement public de coopération intercommunale (EPCI)",Sommesous,51545,2022,Vrai,"En cours de réalisation",
19989746-0c2b-4299-ac97-0f65a1704966,"ABC intercommunale de la Communauté d’Agglomération de Châlons-en-Champagne","CA de Châlons-en-Champagne","Etablissement public de coopération intercommunale (EPCI)",Soudé,51555,2022,Vrai,"En cours de réalisation",
19989746-0c2b-4299-ac97-0f65a1704966,"ABC intercommunale de la Communauté d’Agglomération de Châlons-en-Champagne","CA de Châlons-en-Champagne","Etablissement public de coopération intercommunale (EPCI)",Montépreux,51377,2022,Vrai,"En cours de réalisation",
19989746-0c2b-4299-ac97-0f65a1704966,"ABC intercommunale de la Communauté d’Agglomération de Châlons-en-Champagne","CA de Châlons-en-Champagne","Etablissement public de coopération intercommunale (EPCI)",Sarry,51525,2022,Vrai,"En cours de réalisation",
19989746-0c2b-4299-ac97-0f65a1704966,"ABC intercommunale de la Communauté d’Agglomération de Châlons-en-Champagne","CA de Châlons-en-Champagne","Etablissement public de coopération intercommunale (EPCI)",Dommartin-Lettrée,51212,2022,Vrai,"En cours de réalisation",
19989746-0c2b-4299-ac97-0f65a1704966,"ABC intercommunale de la Communauté d’Agglomération de Châlons-en-Champagne","CA de Châlons-en-Champagne","Etablissement public de coopération intercommunale (EPCI)",Saint-Étienne-au-Temple,51476,2022,Vrai,"En cours de réalisation",
bda48227-de73-4298-8e15-71fa7ff47608,"ABC Isle-Jourdain",L'Isle-Jourdain,Commune,L'Isle-Jourdain,32160,2020,Vrai,"En cours de réalisation",https://www.mairie-islejourdain.fr/biodiversite
d31a0c96-7347-499b-a3eb-d03bf7966b65,"ABC Ispagnac",Ispagnac,Commune,Ispagnac,48075,2020,Vrai,"En cours de réalisation",https://biodiv.cevennes-parcnational.fr/commune/48075
d0efdb66-24a0-43ec-951e-5866ed6a7626,"ABC La Malène","La Malène",Commune,"La Malène",48088,2018,Vrai,"En cours de réalisation",https://lamalene.fr/atlas-de-la-biodiversite-communale/
3bb6279f-7af8-461b-8cb6-601adf1e7016,"ABC La Rouvière","La Rouvière",Commune,"La Rouvière",30224,2010,Faux,Inconnu,
e282247d-4647-45a8-a0cf-b50e3ceb9168,"ABC La Ville-du-Bois",,Commune,"La Ville-du-Bois",91665,2017,Faux,Fini,
64fc4fa3-da05-4f21-ae3c-3561e65378ff,"ABC Labassère",Labassère,Commune,Labassère,65238,2010,Faux,Inconnu,
f965ffee-2b27-411a-877e-3784f36f4569,"ABC Labruguiere",Labruguière,Commune,Labruguière,81120,2021,Vrai,"En cours de réalisation",
d4d30dc5-fc44-4f4c-864d-4c009834af18,"ABC Lagraulet du Gers",Lagraulet-du-Gers,Commune,Lagraulet-du-Gers,32180,2021,Vrai,"En cours de réalisation",
9433c337-f03e-42bd-8b2b-93727adb9e2a,"ABC Lalbenque",Lalbenque,Commune,Lalbenque,46148,2022,Vrai,"En cours de réalisation",
4b88b88a-e984-4af3-8966-b85e1b3adbc8,"ABC Lamasquere",Lamasquère,Commune,Lamasquère,31269,2022,Vrai,"En cours de réalisation",
3a544d91-c204-4def-896a-43b3d3bf7191,"ABC Le Grand-Quevilly","Le Grand-Quevilly",Commune,"Le Grand-Quevilly",76322,2021,Faux,Fini,
fac2a3dd-9e64-4e9a-8645-ca863abed322,"ABC Le Grau Du Roi","Le Grau-du-Roi",Commune,"Le Grau-du-Roi",30133,2017,Vrai,Fini,
bf7a05af-eb93-40ba-89da-f34484ebb3a2,"ABC Léguevin",Léguevin,Commune,Léguevin,31291,2020,Vrai,"En cours de réalisation",
c0728c76-228d-4985-85ed-937984ac2c40,"ABC Lies",Lies,Commune,Lies,65275,2010,Faux,Inconnu,
5ae09968-f227-4611-a698-b679d5547eba,"ABC Luc-la-Primaube",Luc-la-Primaube,Commune,Luc-la-Primaube,12133,2010,Faux,Inconnu,
8883ef3a-1bf7-42e0-826b-96c40dc981dd,"ABC Lunel-Viel",Lunel-Viel,Commune,Lunel-Viel,34146,2010,Faux,Inconnu,
cee68f2e-8890-4982-91ff-7a9965fd2fd9,"ABC Marsas",Marsas,Commune,Marsas,65300,2010,Faux,Inconnu,
1d16d65c-f977-4cd0-b853-5b2b56cfca64,"ABC Mas-de-Londres",Mas-de-Londres,Commune,Mas-de-Londres,34152,2012,Faux,Inconnu,
239aa071-e0cb-4286-9590-333e5d95b07e,"ABC Mérilheu",Mérilheu,Commune,Mérilheu,65310,2010,Faux,Inconnu,
b456688f-cddf-4163-abd1-fcc12bdf22a9,"ABC Milhaud",Milhaud,Commune,Milhaud,30169,2016,Faux,Inconnu,
82b42d2a-dca4-42e1-9a72-5b31a866338c,"ABC Montagnac",Montagnac,Commune,Montagnac,34162,2021,Vrai,"En cours de réalisation",https://www.inaturalist.org/projects/abc-des-faucons
f9eeca79-e7eb-46ca-98f2-97445b74dcf5,"ABC Montastruc la Conseillère",Montastruc-la-Conseillère,Commune,Montastruc-la-Conseillère,31358,2021,Vrai,"En cours de réalisation",https://m.facebook.com/AssoCitoyenneMontastruc/posts/700223121380826
daf73cde-301f-4a67-a6f8-776e4194c0be,"ABC Montgaillard",Montgaillard,Commune,Montgaillard,65320,2010,Faux,Inconnu,
aeda40aa-57cf-4620-ae31-efad597d032d,"ABC Montignargues",Montignargues,Commune,Montignargues,30180,2010,Faux,Inconnu,
50072d4d-7269-4de7-9d8f-da35dec1e87b,"ABC Montségur",Montségur,Commune,Montségur,09211,2010,Faux,Inconnu,
60f84b06-06e3-4abc-b2a2-f4bce35c8101,"ABC Naucelle",Naucelle,Commune,Naucelle,12169,2010,Faux,Inconnu,
8b754e4c-4745-4067-ad46-16b8fbd5948d,"ABC Neuilh",Neuilh,Commune,Neuilh,65328,2010,Faux,Inconnu,
dbe6dcba-8d0b-428d-93fe-5b312eb70b36,"ABC Nîmes Métropole (ComCom)","CA de Nîmes Métropole","Etablissement public de coopération intercommunale (EPCI)",Bernis,30036,2018,Vrai,"En cours de réalisation",https://abc-biodiversite.nimes-metropole.fr/accueil.html
dbe6dcba-8d0b-428d-93fe-5b312eb70b36,"ABC Nîmes Métropole (ComCom)","CA de Nîmes Métropole","Etablissement public de coopération intercommunale (EPCI)",Bezouce,30039,2018,Vrai,"En cours de réalisation",https://abc-biodiversite.nimes-metropole.fr/accueil.html
dbe6dcba-8d0b-428d-93fe-5b312eb70b36,"ABC Nîmes Métropole (ComCom)","CA de Nîmes Métropole","Etablissement public de coopération intercommunale (EPCI)",Bouillargues,30047,2018,Vrai,"En cours de réalisation",https://abc-biodiversite.nimes-metropole.fr/accueil.html
dbe6dcba-8d0b-428d-93fe-5b312eb70b36,"ABC Nîmes Métropole (ComCom)","CA de Nîmes Métropole","Etablissement public de coopération intercommunale (EPCI)",Cabrières,30057,2018,Vrai,"En cours de réalisation",https://abc-biodiversite.nimes-metropole.fr/accueil.html
dbe6dcba-8d0b-428d-93fe-5b312eb70b36,"ABC Nîmes Métropole (ComCom)","CA de Nîmes Métropole","Etablissement public de coopération intercommunale (EPCI)",Caissargues,30060,2018,Vrai,"En cours de réalisation",https://abc-biodiversite.nimes-metropole.fr/accueil.html
dbe6dcba-8d0b-428d-93fe-5b312eb70b36,"ABC Nîmes Métropole (ComCom)","CA de Nîmes Métropole","Etablissement public de coopération intercommunale (EPCI)","La Calmette",30061,2018,Vrai,"En cours de réalisation",https://abc-biodiversite.nimes-metropole.fr/accueil.html
dbe6dcba-8d0b-428d-93fe-5b312eb70b36,"ABC Nîmes Métropole (ComCom)","CA de Nîmes Métropole","Etablissement public de coopération intercommunale (EPCI)",Caveirac,30075,2018,Vrai,"En cours de réalisation",https://abc-biodiversite.nimes-metropole.fr/accueil.html
dbe6dcba-8d0b-428d-93fe-5b312eb70b36,"ABC Nîmes Métropole (ComCom)","CA de Nîmes Métropole","Etablissement public de coopération intercommunale (EPCI)",Clarensac,30082,2018,Vrai,"En cours de réalisation",https://abc-biodiversite.nimes-metropole.fr/accueil.html
dbe6dcba-8d0b-428d-93fe-5b312eb70b36,"ABC Nîmes Métropole (ComCom)","CA de Nîmes Métropole","Etablissement public de coopération intercommunale (EPCI)",Dions,30102,2018,Vrai,"En cours de réalisation",https://abc-biodiversite.nimes-metropole.fr/accueil.html
dbe6dcba-8d0b-428d-93fe-5b312eb70b36,"ABC Nîmes Métropole (ComCom)","CA de Nîmes Métropole","Etablissement public de coopération intercommunale (EPCI)",Domessargues,30104,2018,Vrai,"En cours de réalisation",https://abc-biodiversite.nimes-metropole.fr/accueil.html
dbe6dcba-8d0b-428d-93fe-5b312eb70b36,"ABC Nîmes Métropole (ComCom)","CA de Nîmes Métropole","Etablissement public de coopération intercommunale (EPCI)",Fons,30112,2018,Vrai,"En cours de réalisation",https://abc-biodiversite.nimes-metropole.fr/accueil.html
dbe6dcba-8d0b-428d-93fe-5b312eb70b36,"ABC Nîmes Métropole (ComCom)","CA de Nîmes Métropole","Etablissement public de coopération intercommunale (EPCI)",Gajan,30122,2018,Vrai,"En cours de réalisation",https://abc-biodiversite.nimes-metropole.fr/accueil.html
dbe6dcba-8d0b-428d-93fe-5b312eb70b36,"ABC Nîmes Métropole (ComCom)","CA de Nîmes Métropole","Etablissement public de coopération intercommunale (EPCI)",Garons,30125,2018,Vrai,"En cours de réalisation",https://abc-biodiversite.nimes-metropole.fr/accueil.html
dbe6dcba-8d0b-428d-93fe-5b312eb70b36,"ABC Nîmes Métropole (ComCom)","CA de Nîmes Métropole","Etablissement public de coopération intercommunale (EPCI)",Générac,30128,2018,Vrai,"En cours de réalisation",https://abc-biodiversite.nimes-metropole.fr/accueil.html
dbe6dcba-8d0b-428d-93fe-5b312eb70b36,"ABC Nîmes Métropole (ComCom)","CA de Nîmes Métropole","Etablissement public de coopération intercommunale (EPCI)",Langlade,30138,2018,Vrai,"En cours de réalisation",https://abc-biodiversite.nimes-metropole.fr/accueil.html
dbe6dcba-8d0b-428d-93fe-5b312eb70b36,"ABC Nîmes Métropole (ComCom)","CA de Nîmes Métropole","Etablissement public de coopération intercommunale (EPCI)",Lédenon,30145,2018,Vrai,"En cours de réalisation",https://abc-biodiversite.nimes-metropole.fr/accueil.html
dbe6dcba-8d0b-428d-93fe-5b312eb70b36,"ABC Nîmes Métropole (ComCom)","CA de Nîmes Métropole","Etablissement public de coopération intercommunale (EPCI)",Manduel,30155,2018,Vrai,"En cours de réalisation",https://abc-biodiversite.nimes-metropole.fr/accueil.html
dbe6dcba-8d0b-428d-93fe-5b312eb70b36,"ABC Nîmes Métropole (ComCom)","CA de Nîmes Métropole","Etablissement public de coopération intercommunale (EPCI)",Marguerittes,30156,2018,Vrai,"En cours de réalisation",https://abc-biodiversite.nimes-metropole.fr/accueil.html
dbe6dcba-8d0b-428d-93fe-5b312eb70b36,"ABC Nîmes Métropole (ComCom)","CA de Nîmes Métropole","Etablissement public de coopération intercommunale (EPCI)",Mauressargues,30163,2018,Vrai,"En cours de réalisation",https://abc-biodiversite.nimes-metropole.fr/accueil.html
dbe6dcba-8d0b-428d-93fe-5b312eb70b36,"ABC Nîmes Métropole (ComCom)","CA de Nîmes Métropole","Etablissement public de coopération intercommunale (EPCI)",Milhaud,30169,2018,Vrai,"En cours de réalisation",https://abc-biodiversite.nimes-metropole.fr/accueil.html
dbe6dcba-8d0b-428d-93fe-5b312eb70b36,"ABC Nîmes Métropole (ComCom)","CA de Nîmes Métropole","Etablissement public de coopération intercommunale (EPCI)",Montignargues,30180,2018,Vrai,"En cours de réalisation",https://abc-biodiversite.nimes-metropole.fr/accueil.html
dbe6dcba-8d0b-428d-93fe-5b312eb70b36,"ABC Nîmes Métropole (ComCom)","CA de Nîmes Métropole","Etablissement public de coopération intercommunale (EPCI)",Moulézan,30183,2018,Vrai,"En cours de réalisation",https://abc-biodiversite.nimes-metropole.fr/accueil.html
dbe6dcba-8d0b-428d-93fe-5b312eb70b36,"ABC Nîmes Métropole (ComCom)","CA de Nîmes Métropole","Etablissement public de coopération intercommunale (EPCI)",Nîmes,30189,2018,Vrai,"En cours de réalisation",https://abc-biodiversite.nimes-metropole.fr/accueil.html
dbe6dcba-8d0b-428d-93fe-5b312eb70b36,"ABC Nîmes Métropole (ComCom)","CA de Nîmes Métropole","Etablissement public de coopération intercommunale (EPCI)",Poulx,30206,2018,Vrai,"En cours de réalisation",https://abc-biodiversite.nimes-metropole.fr/accueil.html
dbe6dcba-8d0b-428d-93fe-5b312eb70b36,"ABC Nîmes Métropole (ComCom)","CA de Nîmes Métropole","Etablissement public de coopération intercommunale (EPCI)",Redessan,30211,2018,Vrai,"En cours de réalisation",https://abc-biodiversite.nimes-metropole.fr/accueil.html
dbe6dcba-8d0b-428d-93fe-5b312eb70b36,"ABC Nîmes Métropole (ComCom)","CA de Nîmes Métropole","Etablissement public de coopération intercommunale (EPCI)","La Rouvière",30224,2018,Vrai,"En cours de réalisation",https://abc-biodiversite.nimes-metropole.fr/accueil.html
dbe6dcba-8d0b-428d-93fe-5b312eb70b36,"ABC Nîmes Métropole (ComCom)","CA de Nîmes Métropole","Etablissement public de coopération intercommunale (EPCI)",Sainte-Anastasie,30228,2018,Vrai,"En cours de réalisation",https://abc-biodiversite.nimes-metropole.fr/accueil.html
dbe6dcba-8d0b-428d-93fe-5b312eb70b36,"ABC Nîmes Métropole (ComCom)","CA de Nîmes Métropole","Etablissement public de coopération intercommunale (EPCI)",Saint-Bauzély,30233,2018,Vrai,"En cours de réalisation",https://abc-biodiversite.nimes-metropole.fr/accueil.html
dbe6dcba-8d0b-428d-93fe-5b312eb70b36,"ABC Nîmes Métropole (ComCom)","CA de Nîmes Métropole","Etablissement public de coopération intercommunale (EPCI)",Saint-Chaptes,30241,2018,Vrai,"En cours de réalisation",https://abc-biodiversite.nimes-metropole.fr/accueil.html
dbe6dcba-8d0b-428d-93fe-5b312eb70b36,"ABC Nîmes Métropole (ComCom)","CA de Nîmes Métropole","Etablissement public de coopération intercommunale (EPCI)",Saint-Côme-et-Maruéjols,30245,2018,Vrai,"En cours de réalisation",https://abc-biodiversite.nimes-metropole.fr/accueil.html
dbe6dcba-8d0b-428d-93fe-5b312eb70b36,"ABC Nîmes Métropole (ComCom)","CA de Nîmes Métropole","Etablissement public de coopération intercommunale (EPCI)",Saint-Dionisy,30249,2018,Vrai,"En cours de réalisation",https://abc-biodiversite.nimes-metropole.fr/accueil.html
dbe6dcba-8d0b-428d-93fe-5b312eb70b36,"ABC Nîmes Métropole (ComCom)","CA de Nîmes Métropole","Etablissement public de coopération intercommunale (EPCI)",Saint-Geniès-de-Malgoirès,30255,2018,Vrai,"En cours de réalisation",https://abc-biodiversite.nimes-metropole.fr/accueil.html
dbe6dcba-8d0b-428d-93fe-5b312eb70b36,"ABC Nîmes Métropole (ComCom)","CA de Nîmes Métropole","Etablissement public de coopération intercommunale (EPCI)",Saint-Gervasy,30257,2018,Vrai,"En cours de réalisation",https://abc-biodiversite.nimes-metropole.fr/accueil.html
dbe6dcba-8d0b-428d-93fe-5b312eb70b36,"ABC Nîmes Métropole (ComCom)","CA de Nîmes Métropole","Etablissement public de coopération intercommunale (EPCI)",Saint-Gilles,30258,2018,Vrai,"En cours de réalisation",https://abc-biodiversite.nimes-metropole.fr/accueil.html
dbe6dcba-8d0b-428d-93fe-5b312eb70b36,"ABC Nîmes Métropole (ComCom)","CA de Nîmes Métropole","Etablissement public de coopération intercommunale (EPCI)",Saint-Mamert-du-Gard,30281,2018,Vrai,"En cours de réalisation",https://abc-biodiversite.nimes-metropole.fr/accueil.html
dbe6dcba-8d0b-428d-93fe-5b312eb70b36,"ABC Nîmes Métropole (ComCom)","CA de Nîmes Métropole","Etablissement public de coopération intercommunale (EPCI)",Sauzet,30313,2018,Vrai,"En cours de réalisation",https://abc-biodiversite.nimes-metropole.fr/accueil.html
dbe6dcba-8d0b-428d-93fe-5b312eb70b36,"ABC Nîmes Métropole (ComCom)","CA de Nîmes Métropole","Etablissement public de coopération intercommunale (EPCI)",Sernhac,30317,2018,Vrai,"En cours de réalisation",https://abc-biodiversite.nimes-metropole.fr/accueil.html
dbe6dcba-8d0b-428d-93fe-5b312eb70b36,"ABC Nîmes Métropole (ComCom)","CA de Nîmes Métropole","Etablissement public de coopération intercommunale (EPCI)",Montagnac,30354,2018,Vrai,"En cours de réalisation",https://abc-biodiversite.nimes-metropole.fr/accueil.html
dbe6dcba-8d0b-428d-93fe-5b312eb70b36,"ABC Nîmes Métropole (ComCom)","CA de Nîmes Métropole","Etablissement public de coopération intercommunale (EPCI)",Rodilhan,30356,2018,Vrai,"En cours de réalisation",https://abc-biodiversite.nimes-metropole.fr/accueil.html
b17ae894-35b2-48a6-a812-6f561818adf0,"ABC Ordizan",Ordizan,Commune,Ordizan,65335,2010,Faux,Inconnu,
9655e333-00ef-4025-9fc8-6a8eeacbc766,"ABC Orignac",Orignac,Commune,Orignac,65338,2010,Faux,Inconnu,
dbf1bc30-3284-4e51-bcc1-e5cae06c794a,"ABC Pailhès",Pailhès,Commune,Pailhès,09224,2022,Vrai,"En cours de réalisation",
d21c67f0-b509-42f8-ae73-88fc354161a2,"ABC Parc National Pyrénées","Parc national des Pyrénées","Parc national",Guchen,65212,2013,Faux,"En cours de réalisation",
d21c67f0-b509-42f8-ae73-88fc354161a2,"ABC Parc National Pyrénées","Parc national des Pyrénées","Parc national",Etsaut,64223,2013,Faux,"En cours de réalisation",
d21c67f0-b509-42f8-ae73-88fc354161a2,"ABC Parc National Pyrénées","Parc national des Pyrénées","Parc national",Arrens-Marsous,65032,2013,Faux,"En cours de réalisation",
d21c67f0-b509-42f8-ae73-88fc354161a2,"ABC Parc National Pyrénées","Parc national des Pyrénées","Parc national",Lau-Balagnas,65267,2013,Faux,"En cours de réalisation",
d21c67f0-b509-42f8-ae73-88fc354161a2,"ABC Parc National Pyrénées","Parc national des Pyrénées","Parc national",Saligos,65399,2013,Faux,"En cours de réalisation",
d21c67f0-b509-42f8-ae73-88fc354161a2,"ABC Parc National Pyrénées","Parc national des Pyrénées","Parc national",Tramezaïgues,65450,2013,Faux,"En cours de réalisation",
d21c67f0-b509-42f8-ae73-88fc354161a2,"ABC Parc National Pyrénées","Parc national des Pyrénées","Parc national",Accous,64006,2013,Faux,"En cours de réalisation",
d21c67f0-b509-42f8-ae73-88fc354161a2,"ABC Parc National Pyrénées","Parc national des Pyrénées","Parc national",Bescat,64116,2013,Faux,"En cours de réalisation",
d21c67f0-b509-42f8-ae73-88fc354161a2,"ABC Parc National Pyrénées","Parc national des Pyrénées","Parc national",Beaucens,65077,2013,Faux,"En cours de réalisation",
d21c67f0-b509-42f8-ae73-88fc354161a2,"ABC Parc National Pyrénées","Parc national des Pyrénées","Parc national",Ferrières,65176,2013,Faux,"En cours de réalisation",
e4600b13-9dc7-4cce-a5fb-ec5ea565c477,"ABC Paulhan",Paulhan,Commune,Paulhan,34194,2010,Faux,Inconnu,
ee5e598b-2609-434e-931b-9fa4007bdc64,"ABC Pays De Mirepoix (ComCom)","CC du Pays de Mirepoix","Etablissement public de coopération intercommunale (EPCI)",Belloc,09048,2017,Vrai,Fini,https://ariegenature.fr/activites/atlas-de-la-biodiversite-communale-abc-dans-le-pays-de-mirepoix/
ee5e598b-2609-434e-931b-9fa4007bdc64,"ABC Pays De Mirepoix (ComCom)","CC du Pays de Mirepoix","Etablissement public de coopération intercommunale (EPCI)",Besset,09052,2017,Vrai,Fini,https://ariegenature.fr/activites/atlas-de-la-biodiversite-communale-abc-dans-le-pays-de-mirepoix/
ee5e598b-2609-434e-931b-9fa4007bdc64,"ABC Pays De Mirepoix (ComCom)","CC du Pays de Mirepoix","Etablissement public de coopération intercommunale (EPCI)",Camon,09074,2017,Vrai,Fini,https://ariegenature.fr/activites/atlas-de-la-biodiversite-communale-abc-dans-le-pays-de-mirepoix/
ee5e598b-2609-434e-931b-9fa4007bdc64,"ABC Pays De Mirepoix (ComCom)","CC du Pays de Mirepoix","Etablissement public de coopération intercommunale (EPCI)",Coutens,09102,2017,Vrai,Fini,https://ariegenature.fr/activites/atlas-de-la-biodiversite-communale-abc-dans-le-pays-de-mirepoix/
ee5e598b-2609-434e-931b-9fa4007bdc64,"ABC Pays De Mirepoix (ComCom)","CC du Pays de Mirepoix","Etablissement public de coopération intercommunale (EPCI)",Lapenne,09153,2017,Vrai,Fini,https://ariegenature.fr/activites/atlas-de-la-biodiversite-communale-abc-dans-le-pays-de-mirepoix/
ee5e598b-2609-434e-931b-9fa4007bdc64,"ABC Pays De Mirepoix (ComCom)","CC du Pays de Mirepoix","Etablissement public de coopération intercommunale (EPCI)","Le Peyrat",09229,2017,Vrai,Fini,https://ariegenature.fr/activites/atlas-de-la-biodiversite-communale-abc-dans-le-pays-de-mirepoix/
ee5e598b-2609-434e-931b-9fa4007bdc64,"ABC Pays De Mirepoix (ComCom)","CC du Pays de Mirepoix","Etablissement public de coopération intercommunale (EPCI)",Léran,09161,2017,Vrai,Fini,https://ariegenature.fr/activites/atlas-de-la-biodiversite-communale-abc-dans-le-pays-de-mirepoix/
ee5e598b-2609-434e-931b-9fa4007bdc64,"ABC Pays De Mirepoix (ComCom)","CC du Pays de Mirepoix","Etablissement public de coopération intercommunale (EPCI)",Manses,09180,2017,Vrai,Fini,https://ariegenature.fr/activites/atlas-de-la-biodiversite-communale-abc-dans-le-pays-de-mirepoix/
ee5e598b-2609-434e-931b-9fa4007bdc64,"ABC Pays De Mirepoix (ComCom)","CC du Pays de Mirepoix","Etablissement public de coopération intercommunale (EPCI)",Mirepoix,09194,2017,Vrai,Fini,https://ariegenature.fr/activites/atlas-de-la-biodiversite-communale-abc-dans-le-pays-de-mirepoix/
ee5e598b-2609-434e-931b-9fa4007bdc64,"ABC Pays De Mirepoix (ComCom)","CC du Pays de Mirepoix","Etablissement public de coopération intercommunale (EPCI)",Montbel,09200,2017,Vrai,Fini,https://ariegenature.fr/activites/atlas-de-la-biodiversite-communale-abc-dans-le-pays-de-mirepoix/
ee5e598b-2609-434e-931b-9fa4007bdc64,"ABC Pays De Mirepoix (ComCom)","CC du Pays de Mirepoix","Etablissement public de coopération intercommunale (EPCI)",Rieucros,09244,2017,Vrai,Fini,https://ariegenature.fr/activites/atlas-de-la-biodiversite-communale-abc-dans-le-pays-de-mirepoix/
ee5e598b-2609-434e-931b-9fa4007bdc64,"ABC Pays De Mirepoix (ComCom)","CC du Pays de Mirepoix","Etablissement public de coopération intercommunale (EPCI)",Saint-Félix-de-Tournegat,09259,2017,Vrai,Fini,https://ariegenature.fr/activites/atlas-de-la-biodiversite-communale-abc-dans-le-pays-de-mirepoix/
ee5e598b-2609-434e-931b-9fa4007bdc64,"ABC Pays De Mirepoix (ComCom)","CC du Pays de Mirepoix","Etablissement public de coopération intercommunale (EPCI)",Saint-Quentin-la-Tour,09274,2017,Vrai,Fini,https://ariegenature.fr/activites/atlas-de-la-biodiversite-communale-abc-dans-le-pays-de-mirepoix/
ee5e598b-2609-434e-931b-9fa4007bdc64,"ABC Pays De Mirepoix (ComCom)","CC du Pays de Mirepoix","Etablissement public de coopération intercommunale (EPCI)",Teilhet,09309,2017,Vrai,Fini,https://ariegenature.fr/activites/atlas-de-la-biodiversite-communale-abc-dans-le-pays-de-mirepoix/
ee5e598b-2609-434e-931b-9fa4007bdc64,"ABC Pays De Mirepoix (ComCom)","CC du Pays de Mirepoix","Etablissement public de coopération intercommunale (EPCI)",Tourtrol,09314,2017,Vrai,Fini,https://ariegenature.fr/activites/atlas-de-la-biodiversite-communale-abc-dans-le-pays-de-mirepoix/
ee5e598b-2609-434e-931b-9fa4007bdc64,"ABC Pays De Mirepoix (ComCom)","CC du Pays de Mirepoix","Etablissement public de coopération intercommunale (EPCI)",Vals,09323,2017,Vrai,Fini,https://ariegenature.fr/activites/atlas-de-la-biodiversite-communale-abc-dans-le-pays-de-mirepoix/
ee5e598b-2609-434e-931b-9fa4007bdc64,"ABC Pays De Mirepoix (ComCom)","CC du Pays de Mirepoix","Etablissement public de coopération intercommunale (EPCI)",Viviès,09341,2017,Vrai,Fini,https://ariegenature.fr/activites/atlas-de-la-biodiversite-communale-abc-dans-le-pays-de-mirepoix/
6b111d5a-c71d-4288-af3c-1e163e9791ae,"ABC Pévèle-Carembault","CC Pévèle-Carembault","Etablissement public de coopération intercommunale (EPCI)",Templeuve-en-Pévèle,59586,2021,Vrai,"En phase de lancement",
48dfab9d-5149-4c36-9cf4-8afb2b68384b,"ABC PNR Aubrac",Aubrac,"Parc naturel régional",Brion,48031,2017,Vrai,Fini,
48dfab9d-5149-4c36-9cf4-8afb2b68384b,"ABC PNR Aubrac",Aubrac,"Parc naturel régional",Campouriez,12048,2017,Vrai,Fini,
48dfab9d-5149-4c36-9cf4-8afb2b68384b,"ABC PNR Aubrac",Aubrac,"Parc naturel régional",Entraygues-sur-Truyère,12094,2017,Vrai,Fini,
48dfab9d-5149-4c36-9cf4-8afb2b68384b,"ABC PNR Aubrac",Aubrac,"Parc naturel régional",Florentin-la-Capelle,12103,2017,Vrai,Fini,
48dfab9d-5149-4c36-9cf4-8afb2b68384b,"ABC PNR Aubrac",Aubrac,"Parc naturel régional",Grandvals,48071,2017,Vrai,Fini,
48dfab9d-5149-4c36-9cf4-8afb2b68384b,"ABC PNR Aubrac",Aubrac,"Parc naturel régional",Lieutadès,15106,2017,Vrai,Fini,
48dfab9d-5149-4c36-9cf4-8afb2b68384b,"ABC PNR Aubrac",Aubrac,"Parc naturel régional",Recoules-d'Aubrac,48123,2017,Vrai,Fini,
8df44c87-976c-43ce-a226-b59cd5519369,"ABC Pont De Montvert - Sud Mont Lozère","Pont de Montvert - Sud Mont Lozère",Commune,"Pont de Montvert - Sud Mont Lozère",48116,2017,Vrai,Fini,https://pontdemontvert-sudmontlozere.fr/Les-Commissions-et-Groupes-de-Travail_64.html
2c606972-c7c4-4b40-bda7-4b64dc4cdcb3,"ABC Portes d'Ariège Pyrénées (ComCom)","CC des Portes d'Ariège Pyrénées","Etablissement public de coopération intercommunale (EPCI)",Pamiers,09225,2021,Vrai,"En cours de réalisation",
2c606972-c7c4-4b40-bda7-4b64dc4cdcb3,"ABC Portes d'Ariège Pyrénées (ComCom)","CC des Portes d'Ariège Pyrénées","Etablissement public de coopération intercommunale (EPCI)","Le Carlaret",09081,2021,Vrai,"En cours de réalisation",
2c606972-c7c4-4b40-bda7-4b64dc4cdcb3,"ABC Portes d'Ariège Pyrénées (ComCom)","CC des Portes d'Ariège Pyrénées","Etablissement public de coopération intercommunale (EPCI)",Saverdun,09282,2021,Vrai,"En cours de réalisation",
2c606972-c7c4-4b40-bda7-4b64dc4cdcb3,"ABC Portes d'Ariège Pyrénées (ComCom)","CC des Portes d'Ariège Pyrénées","Etablissement public de coopération intercommunale (EPCI)",Unzent,09319,2021,Vrai,"En cours de réalisation",
2c606972-c7c4-4b40-bda7-4b64dc4cdcb3,"ABC Portes d'Ariège Pyrénées (ComCom)","CC des Portes d'Ariège Pyrénées","Etablissement public de coopération intercommunale (EPCI)",Brie,09067,2021,Vrai,"En cours de réalisation",
2c606972-c7c4-4b40-bda7-4b64dc4cdcb3,"ABC Portes d'Ariège Pyrénées (ComCom)","CC des Portes d'Ariège Pyrénées","Etablissement public de coopération intercommunale (EPCI)",Mazères,09185,2021,Vrai,"En cours de réalisation",
c0b57d20-c4bb-4008-8fc5-e32eeaeb7fc0,"ABC Pouzac",Pouzac,Commune,Pouzac,65370,2010,Faux,Inconnu,
39fd5870-2985-4e10-9f4a-56819b60a0ac,"ABC Pouzols",Pouzols,Commune,Pouzols,34215,2018,Faux,"En cours de réalisation",https://www.pouzols-dherault.fr/articles.php?lng=fr&pg=617
776ffb92-f849-443a-be11-88cdc8297931,"ABC Prades le Lez",Prades-le-Lez,Commune,Prades-le-Lez,34217,2021,Vrai,"En cours de réalisation",
cd633cf2-ddc4-4dad-b1dd-d75daca7bad5,"ABC Ramonville",Ramonville-Saint-Agne,Commune,Ramonville-Saint-Agne,31446,2020,Vrai,"En cours de réalisation",
d5fb1c8b-88f2-4d81-b1e5-78ee1c3c5fae,"ABC Riom Limagne et Volcans","CA Riom Limagne et Volcans","Etablissement public de coopération intercommunale (EPCI)",Riom,63300,2021,Vrai,"En cours de réalisation",https://biodiversitezvous.rlv.eu
d5fb1c8b-88f2-4d81-b1e5-78ee1c3c5fae,"ABC Riom Limagne et Volcans","CA Riom Limagne et Volcans","Etablissement public de coopération intercommunale (EPCI)","Chambaron sur Morge",63244,2021,Vrai,"En cours de réalisation",https://biodiversitezvous.rlv.eu
d5fb1c8b-88f2-4d81-b1e5-78ee1c3c5fae,"ABC Riom Limagne et Volcans","CA Riom Limagne et Volcans","Etablissement public de coopération intercommunale (EPCI)",Chanat-la-Mouteyre,63083,2021,Vrai,"En cours de réalisation",https://biodiversitezvous.rlv.eu
d5fb1c8b-88f2-4d81-b1e5-78ee1c3c5fae,"ABC Riom Limagne et Volcans","CA Riom Limagne et Volcans","Etablissement public de coopération intercommunale (EPCI)",Chappes,63089,2021,Vrai,"En cours de réalisation",https://biodiversitezvous.rlv.eu
d5fb1c8b-88f2-4d81-b1e5-78ee1c3c5fae,"ABC Riom Limagne et Volcans","CA Riom Limagne et Volcans","Etablissement public de coopération intercommunale (EPCI)",Charbonnières-les-Varennes,63092,2021,Vrai,"En cours de réalisation",https://biodiversitezvous.rlv.eu
d5fb1c8b-88f2-4d81-b1e5-78ee1c3c5fae,"ABC Riom Limagne et Volcans","CA Riom Limagne et Volcans","Etablissement public de coopération intercommunale (EPCI)",Châtel-Guyon,63103,2021,Vrai,"En cours de réalisation",https://biodiversitezvous.rlv.eu
d5fb1c8b-88f2-4d81-b1e5-78ee1c3c5fae,"ABC Riom Limagne et Volcans","CA Riom Limagne et Volcans","Etablissement public de coopération intercommunale (EPCI)",Chavaroux,63107,2021,Vrai,"En cours de réalisation",https://biodiversitezvous.rlv.eu
d5fb1c8b-88f2-4d81-b1e5-78ee1c3c5fae,"ABC Riom Limagne et Volcans","CA Riom Limagne et Volcans","Etablissement public de coopération intercommunale (EPCI)","Le Cheix",63108,2021,Vrai,"En cours de réalisation",https://biodiversitezvous.rlv.eu
d5fb1c8b-88f2-4d81-b1e5-78ee1c3c5fae,"ABC Riom Limagne et Volcans","CA Riom Limagne et Volcans","Etablissement public de coopération intercommunale (EPCI)",Clerlande,63112,2021,Vrai,"En cours de réalisation",https://biodiversitezvous.rlv.eu
d5fb1c8b-88f2-4d81-b1e5-78ee1c3c5fae,"ABC Riom Limagne et Volcans","CA Riom Limagne et Volcans","Etablissement public de coopération intercommunale (EPCI)",Ennezat,63148,2021,Vrai,"En cours de réalisation",https://biodiversitezvous.rlv.eu
d5fb1c8b-88f2-4d81-b1e5-78ee1c3c5fae,"ABC Riom Limagne et Volcans","CA Riom Limagne et Volcans","Etablissement public de coopération intercommunale (EPCI)",Entraigues,63149,2021,Vrai,"En cours de réalisation",https://biodiversitezvous.rlv.eu
d5fb1c8b-88f2-4d81-b1e5-78ee1c3c5fae,"ABC Riom Limagne et Volcans","CA Riom Limagne et Volcans","Etablissement public de coopération intercommunale (EPCI)",Enval,63150,2021,Vrai,"En cours de réalisation",https://biodiversitezvous.rlv.eu
d5fb1c8b-88f2-4d81-b1e5-78ee1c3c5fae,"ABC Riom Limagne et Volcans","CA Riom Limagne et Volcans","Etablissement public de coopération intercommunale (EPCI)",Lussat,63200,2021,Vrai,"En cours de réalisation",https://biodiversitezvous.rlv.eu
d5fb1c8b-88f2-4d81-b1e5-78ee1c3c5fae,"ABC Riom Limagne et Volcans","CA Riom Limagne et Volcans","Etablissement public de coopération intercommunale (EPCI)",Malauzat,63203,2021,Vrai,"En cours de réalisation",https://biodiversitezvous.rlv.eu
d5fb1c8b-88f2-4d81-b1e5-78ee1c3c5fae,"ABC Riom Limagne et Volcans","CA Riom Limagne et Volcans","Etablissement public de coopération intercommunale (EPCI)",Malintrat,63204,2021,Vrai,"En cours de réalisation",https://biodiversitezvous.rlv.eu
d5fb1c8b-88f2-4d81-b1e5-78ee1c3c5fae,"ABC Riom Limagne et Volcans","CA Riom Limagne et Volcans","Etablissement public de coopération intercommunale (EPCI)",Marsat,63212,2021,Vrai,"En cours de réalisation",https://biodiversitezvous.rlv.eu
d5fb1c8b-88f2-4d81-b1e5-78ee1c3c5fae,"ABC Riom Limagne et Volcans","CA Riom Limagne et Volcans","Etablissement public de coopération intercommunale (EPCI)","Les Martres-d'Artière",63213,2021,Vrai,"En cours de réalisation",https://biodiversitezvous.rlv.eu
d5fb1c8b-88f2-4d81-b1e5-78ee1c3c5fae,"ABC Riom Limagne et Volcans","CA Riom Limagne et Volcans","Etablissement public de coopération intercommunale (EPCI)",Martres-sur-Morge,63215,2021,Vrai,"En cours de réalisation",https://biodiversitezvous.rlv.eu
d5fb1c8b-88f2-4d81-b1e5-78ee1c3c5fae,"ABC Riom Limagne et Volcans","CA Riom Limagne et Volcans","Etablissement public de coopération intercommunale (EPCI)",Ménétrol,63224,2021,Vrai,"En cours de réalisation",https://biodiversitezvous.rlv.eu
d5fb1c8b-88f2-4d81-b1e5-78ee1c3c5fae,"ABC Riom Limagne et Volcans","CA Riom Limagne et Volcans","Etablissement public de coopération intercommunale (EPCI)",Mozac,63245,2021,Vrai,"En cours de réalisation",https://biodiversitezvous.rlv.eu
d5fb1c8b-88f2-4d81-b1e5-78ee1c3c5fae,"ABC Riom Limagne et Volcans","CA Riom Limagne et Volcans","Etablissement public de coopération intercommunale (EPCI)",Pessat-Villeneuve,63278,2021,Vrai,"En cours de réalisation",https://biodiversitezvous.rlv.eu
d5fb1c8b-88f2-4d81-b1e5-78ee1c3c5fae,"ABC Riom Limagne et Volcans","CA Riom Limagne et Volcans","Etablissement public de coopération intercommunale (EPCI)",Pulvérières,63290,2021,Vrai,"En cours de réalisation",https://biodiversitezvous.rlv.eu
d5fb1c8b-88f2-4d81-b1e5-78ee1c3c5fae,"ABC Riom Limagne et Volcans","CA Riom Limagne et Volcans","Etablissement public de coopération intercommunale (EPCI)",Saint-Beauzire,63322,2021,Vrai,"En cours de réalisation",https://biodiversitezvous.rlv.eu
d5fb1c8b-88f2-4d81-b1e5-78ee1c3c5fae,"ABC Riom Limagne et Volcans","CA Riom Limagne et Volcans","Etablissement public de coopération intercommunale (EPCI)",Saint-Bonnet-près-Riom,63327,2021,Vrai,"En cours de réalisation",https://biodiversitezvous.rlv.eu
d5fb1c8b-88f2-4d81-b1e5-78ee1c3c5fae,"ABC Riom Limagne et Volcans","CA Riom Limagne et Volcans","Etablissement public de coopération intercommunale (EPCI)",Saint-Ignat,63362,2021,Vrai,"En cours de réalisation",https://biodiversitezvous.rlv.eu
d5fb1c8b-88f2-4d81-b1e5-78ee1c3c5fae,"ABC Riom Limagne et Volcans","CA Riom Limagne et Volcans","Etablissement public de coopération intercommunale (EPCI)",Saint-Laure,63372,2021,Vrai,"En cours de réalisation",https://biodiversitezvous.rlv.eu
d5fb1c8b-88f2-4d81-b1e5-78ee1c3c5fae,"ABC Riom Limagne et Volcans","CA Riom Limagne et Volcans","Etablissement public de coopération intercommunale (EPCI)",Saint-Ours,63381,2021,Vrai,"En cours de réalisation",https://biodiversitezvous.rlv.eu
d5fb1c8b-88f2-4d81-b1e5-78ee1c3c5fae,"ABC Riom Limagne et Volcans","CA Riom Limagne et Volcans","Etablissement public de coopération intercommunale (EPCI)",Sayat,63417,2021,Vrai,"En cours de réalisation",https://biodiversitezvous.rlv.eu
d5fb1c8b-88f2-4d81-b1e5-78ee1c3c5fae,"ABC Riom Limagne et Volcans","CA Riom Limagne et Volcans","Etablissement public de coopération intercommunale (EPCI)",Surat,63424,2021,Vrai,"En cours de réalisation",https://biodiversitezvous.rlv.eu
d5fb1c8b-88f2-4d81-b1e5-78ee1c3c5fae,"ABC Riom Limagne et Volcans","CA Riom Limagne et Volcans","Etablissement public de coopération intercommunale (EPCI)",Varennes-sur-Morge,63443,2021,Vrai,"En cours de réalisation",https://biodiversitezvous.rlv.eu
d5fb1c8b-88f2-4d81-b1e5-78ee1c3c5fae,"ABC Riom Limagne et Volcans","CA Riom Limagne et Volcans","Etablissement public de coopération intercommunale (EPCI)",Volvic,63470,2021,Vrai,"En cours de réalisation",https://biodiversitezvous.rlv.eu
b7242041-a297-4496-b9fa-37adeb1b38d4,"ABC Rodez Agglo (Comcom)","CA Rodez Agglomération","Etablissement public de coopération intercommunale (EPCI)","Druelle Balsac",12090,2022,Vrai,"En cours de réalisation",
b7242041-a297-4496-b9fa-37adeb1b38d4,"ABC Rodez Agglo (Comcom)","CA Rodez Agglomération","Etablissement public de coopération intercommunale (EPCI)",Rodez,12202,2022,Vrai,"En cours de réalisation",
b7242041-a297-4496-b9fa-37adeb1b38d4,"ABC Rodez Agglo (Comcom)","CA Rodez Agglomération","Etablissement public de coopération intercommunale (EPCI)",Onet-le-Château,12176,2022,Vrai,"En cours de réalisation",
b7242041-a297-4496-b9fa-37adeb1b38d4,"ABC Rodez Agglo (Comcom)","CA Rodez Agglomération","Etablissement public de coopération intercommunale (EPCI)",Sébazac-Concourès,12264,2022,Vrai,"En cours de réalisation",
b7242041-a297-4496-b9fa-37adeb1b38d4,"ABC Rodez Agglo (Comcom)","CA Rodez Agglomération","Etablissement public de coopération intercommunale (EPCI)",Sainte-Radegonde,12241,2022,Vrai,"En cours de réalisation",
b7242041-a297-4496-b9fa-37adeb1b38d4,"ABC Rodez Agglo (Comcom)","CA Rodez Agglomération","Etablissement public de coopération intercommunale (EPCI)","Le Monastère",12146,2022,Vrai,"En cours de réalisation",
b7242041-a297-4496-b9fa-37adeb1b38d4,"ABC Rodez Agglo (Comcom)","CA Rodez Agglomération","Etablissement public de coopération intercommunale (EPCI)",Luc-la-Primaube,12133,2022,Vrai,"En cours de réalisation",
b7242041-a297-4496-b9fa-37adeb1b38d4,"ABC Rodez Agglo (Comcom)","CA Rodez Agglomération","Etablissement public de coopération intercommunale (EPCI)",Olemps,12174,2022,Vrai,"En cours de réalisation",
fb59b32c-5a21-4c32-b374-ed4d46e7d60f,"ABC Saint Martin De Lansuscle",Saint-Martin-de-Lansuscle,Commune,Saint-Martin-de-Lansuscle,48171,2018,Vrai,"En cours de réalisation",
2cde79d5-d6fc-43c1-8000-1885387ed8d9,"ABC Saint Michel De Dèze",Saint-Michel-de-Dèze,Commune,Saint-Michel-de-Dèze,48173,2018,Vrai,"En cours de réalisation",http://www.stmicheldedeze.fr/calendrier-atlas-de-biodiversite-ete-automne-2020/
2a6765b6-31e7-4924-a409-e4756e2fb55b,"ABC Saint Roman De Codières",Saint-Roman-de-Codières,Commune,Saint-Roman-de-Codières,30296,2017,Vrai,"En cours de réalisation",http://www.cevennes-parcnational.fr/fr/actualites/abc-de-sumene-saint-roman-de-codieres-et-saint-ma…
78d048f8-393e-4ff6-b74c-6c3aae6fc908,"ABC Saint-Affrique",Saint-Affrique,Commune,Saint-Affrique,12208,2010,Faux,Inconnu,
30e9497d-11b6-43f6-8493-1bf2e73d9f04,"ABC Saint-Bauzille de Montmel",Saint-Bauzille-de-Montmel,Commune,Saint-Bauzille-de-Montmel,34242,2021,Vrai,"En cours de réalisation",
7152c331-6e63-40e3-a3d6-b157910bca5a,"ABC Saint-Clar",Saint-Clar,Commune,Saint-Clar,32370,2017,Faux,Fini,https://m.facebook.com/abc.st.clar/
02af4b98-7697-4d3e-913f-9cade845cb16,"ABC Saint-Germain de Calberte",Saint-Germain-de-Calberte,Commune,Saint-Germain-de-Calberte,48155,2022,Vrai,"En cours de réalisation",
03267274-83ac-4b6a-84e1-c5bddcdf3da0,"ABC Saint-Just-Saint-Rambert (par le SMAGL)","Saint-Just-Saint-Rambert Syndicat Mixte d'Aménagement des Gorges de la Loire","Syndicat mixte",Saint-Just-Saint-Rambert,42279,2020,Vrai,"En cours de réalisation",https://www.smagl.com/Les-ABC-gorges-loire-smagl-212-0.html
acff3def-a515-4c70-8064-0d547f46a004,"ABC Saint-Martial",Saint-Martial,Commune,Saint-Martial,30283,2017,Vrai,"En cours de réalisation",https://lesasphodeles.com/presentation/atlas-de-la-biodiversite-communale-de-sumene-saint-martial-e…
07b21de4-875a-4862-9f7b-45e854fd86d6,"ABC Saint-Maurice-Navacelles",Saint-Maurice-Navacelles,Commune,Saint-Maurice-Navacelles,34277,2010,Faux,Inconnu,
0039f8ef-a937-4116-9ace-c3fca8237e12,"ABC Saint-Orens-de-Gameville",Saint-Orens-de-Gameville,Commune,Saint-Orens-de-Gameville,31506,2016,Faux,Fini,https://www.ville-saint-orens.fr/environnement/abc-de-saint-orens-2
81ac9d43-0d6e-4106-ba7b-64c38bee3967,"ABC Saint-Privat-De-Vallongue",Saint-Privat-de-Vallongue,Commune,Saint-Privat-de-Vallongue,48178,2017,Vrai,"En cours de réalisation",http://www.stprivatdevallongue.fr/fr/information/60784/atlas-biodiversite
64a63be0-a422-46e1-b69a-544fbafda8ce,"ABC Saint-Rome de Cernon",Saint-Rome-de-Cernon,Commune,Saint-Rome-de-Cernon,12243,2021,Vrai,"En cours de réalisation",
a76703f6-54ca-41da-b745-d27cb1aecfd7,"ABC Sainte-Foy-de-Peyrolières",Sainte-Foy-de-Peyrolières,Commune,Sainte-Foy-de-Peyrolières,31481,2016,Faux,Fini,http://www.sainte-foy-de-peyrolieres.fr/pageLibre000120af.aspx
4ac89ea6-2618-4065-b36e-26399b068520,"ABC Sicoval (ComCom)","CA du Sicoval","Etablissement public de coopération intercommunale (EPCI)",Odars,31402,2021,Vrai,"En cours de réalisation",
4ac89ea6-2618-4065-b36e-26399b068520,"ABC Sicoval (ComCom)","CA du Sicoval","Etablissement public de coopération intercommunale (EPCI)",Castanet-Tolosan,31113,2021,Vrai,"En cours de réalisation",
fc1bc27b-d3ac-4a55-912e-1518351ed7f8,"ABC Sorbs",Sorbs,Commune,Sorbs,34303,2021,Vrai,"En cours de réalisation",
3394b67b-5011-44c5-928b-67514274075b,"ABC St André de Capcèze & Ponteils et Brésis",Ponteils-et-Brésis,Commune,Saint-André-Capcèze,48135,2020,Vrai,"En cours de réalisation",https://biodiv.cevennes-parcnational.fr/commune/48075
3394b67b-5011-44c5-928b-67514274075b,"ABC St André de Capcèze & Ponteils et Brésis",Ponteils-et-Brésis,Commune,Ponteils-et-Brésis,30201,2020,Vrai,"En cours de réalisation",https://biodiv.cevennes-parcnational.fr/commune/48075
6f2c7d7c-be81-48fa-965c-73f9cf863b04,"ABC Sumène",Sumène,Commune,Sumène,30325,2017,Vrai,"En cours de réalisation",http://www.lesasphodeles.com/presentation/atlas-de-la-biodiversite-communale-de-sumene-saint-martia…
dc4ac871-bc59-40d4-9ca9-639cd352665c,"ABC Syndicat Mixte Camargue Gardoise","Syndicat Mixte Camargue Gardoise","Syndicat mixte",Aigues-Mortes,30003,2017,Vrai,Fini,https://www.camarguegardoise.com/index.php/Atlas-Biodiversit%C3%A9-Communale?idpage=69&afficheMenuC…
dc4ac871-bc59-40d4-9ca9-639cd352665c,"ABC Syndicat Mixte Camargue Gardoise","Syndicat Mixte Camargue Gardoise","Syndicat mixte",Aimargues,30006,2017,Vrai,Fini,https://www.camarguegardoise.com/index.php/Atlas-Biodiversit%C3%A9-Communale?idpage=69&afficheMenuC…
dc4ac871-bc59-40d4-9ca9-639cd352665c,"ABC Syndicat Mixte Camargue Gardoise","Syndicat Mixte Camargue Gardoise","Syndicat mixte",Beauvoisin,30033,2017,Vrai,Fini,https://www.camarguegardoise.com/index.php/Atlas-Biodiversit%C3%A9-Communale?idpage=69&afficheMenuC…
dc4ac871-bc59-40d4-9ca9-639cd352665c,"ABC Syndicat Mixte Camargue Gardoise","Syndicat Mixte Camargue Gardoise","Syndicat mixte","Le Cailar",30059,2017,Vrai,Fini,https://www.camarguegardoise.com/index.php/Atlas-Biodiversit%C3%A9-Communale?idpage=69&afficheMenuC…
dc4ac871-bc59-40d4-9ca9-639cd352665c,"ABC Syndicat Mixte Camargue Gardoise","Syndicat Mixte Camargue Gardoise","Syndicat mixte",Saint-Gilles,30258,2017,Vrai,Fini,https://www.camarguegardoise.com/index.php/Atlas-Biodiversit%C3%A9-Communale?idpage=69&afficheMenuC…
dc4ac871-bc59-40d4-9ca9-639cd352665c,"ABC Syndicat Mixte Camargue Gardoise","Syndicat Mixte Camargue Gardoise","Syndicat mixte",Saint-Laurent-d'Aigouze,30276,2017,Vrai,Fini,https://www.camarguegardoise.com/index.php/Atlas-Biodiversit%C3%A9-Communale?idpage=69&afficheMenuC…
dc4ac871-bc59-40d4-9ca9-639cd352665c,"ABC Syndicat Mixte Camargue Gardoise","Syndicat Mixte Camargue Gardoise","Syndicat mixte",Vauvert,30341,2017,Vrai,Fini,https://www.camarguegardoise.com/index.php/Atlas-Biodiversit%C3%A9-Communale?idpage=69&afficheMenuC…
808b099a-cd7e-4307-8d2f-ad1de0f70221,"ABC Tecou",Técou,Commune,Técou,81294,2021,Vrai,"En cours de réalisation",http://www.tecou.fr/test-5/
e8aa89e0-bd88-4dc7-b539-2c0d6f9550aa,"ABC Teyran",Teyran,Commune,Teyran,34309,2017,Vrai,Fini,http://www.tnv.fr/environnement/biodiversite/projet-datlas-de-la-biodiversite-communale-abc-a-teyra…
760e8885-266a-4504-9115-b19bfdd9c8e6,"ABC Thuir",Thuir,Commune,Thuir,66210,2021,Vrai,"En cours de réalisation",https://www.thuir.fr/vos-demarches-d-urbanisme-3/atlas-de-la-biodiversite-communale
19545461-c513-4b91-b090-fb9ed19c0e73,"ABC Uzer",Uzer,Commune,Uzer,65459,2010,Faux,Inconnu,
1c37b170-6ec3-4679-a19f-2e0cd6556dac,"ABC Vailhauquès",Vailhauquès,Commune,Vailhauquès,34320,2020,Vrai,"En cours de réalisation",https://m.facebook.com/MairiedeVailhauques/posts/3373610079431551
6f80bd42-909c-434a-af0f-262757574f2f,"ABC Vallée de l'Hérault (Comcom)","CC Vallée de l'Hérault","Etablissement public de coopération intercommunale (EPCI)",Aniane,34010,2020,Vrai,"En cours de réalisation",https://www.cc-vallee-herault.fr/actions-et-projets/environnement/atlas-de-la-biodiversite-communau…
6f80bd42-909c-434a-af0f-262757574f2f,"ABC Vallée de l'Hérault (Comcom)","CC Vallée de l'Hérault","Etablissement public de coopération intercommunale (EPCI)",Arboras,34011,2020,Vrai,"En cours de réalisation",https://www.cc-vallee-herault.fr/actions-et-projets/environnement/atlas-de-la-biodiversite-communau…
6f80bd42-909c-434a-af0f-262757574f2f,"ABC Vallée de l'Hérault (Comcom)","CC Vallée de l'Hérault","Etablissement public de coopération intercommunale (EPCI)",Argelliers,34012,2020,Vrai,"En cours de réalisation",https://www.cc-vallee-herault.fr/actions-et-projets/environnement/atlas-de-la-biodiversite-communau…
6f80bd42-909c-434a-af0f-262757574f2f,"ABC Vallée de l'Hérault (Comcom)","CC Vallée de l'Hérault","Etablissement public de coopération intercommunale (EPCI)",Aumelas,34016,2020,Vrai,"En cours de réalisation",https://www.cc-vallee-herault.fr/actions-et-projets/environnement/atlas-de-la-biodiversite-communau…
6f80bd42-909c-434a-af0f-262757574f2f,"ABC Vallée de l'Hérault (Comcom)","CC Vallée de l'Hérault","Etablissement public de coopération intercommunale (EPCI)",Bélarga,34029,2020,Vrai,"En cours de réalisation",https://www.cc-vallee-herault.fr/actions-et-projets/environnement/atlas-de-la-biodiversite-communau…
6f80bd42-909c-434a-af0f-262757574f2f,"ABC Vallée de l'Hérault (Comcom)","CC Vallée de l'Hérault","Etablissement public de coopération intercommunale (EPCI)",Campagnan,34047,2020,Vrai,"En cours de réalisation",https://www.cc-vallee-herault.fr/actions-et-projets/environnement/atlas-de-la-biodiversite-communau…
6f80bd42-909c-434a-af0f-262757574f2f,"ABC Vallée de l'Hérault (Comcom)","CC Vallée de l'Hérault","Etablissement public de coopération intercommunale (EPCI)",Gignac,34114,2020,Vrai,"En cours de réalisation",https://www.cc-vallee-herault.fr/actions-et-projets/environnement/atlas-de-la-biodiversite-communau…
6f80bd42-909c-434a-af0f-262757574f2f,"ABC Vallée de l'Hérault (Comcom)","CC Vallée de l'Hérault","Etablissement public de coopération intercommunale (EPCI)",Jonquières,34122,2020,Vrai,"En cours de réalisation",https://www.cc-vallee-herault.fr/actions-et-projets/environnement/atlas-de-la-biodiversite-communau…
6f80bd42-909c-434a-af0f-262757574f2f,"ABC Vallée de l'Hérault (Comcom)","CC Vallée de l'Hérault","Etablissement public de coopération intercommunale (EPCI)","La Boissière",34035,2020,Vrai,"En cours de réalisation",https://www.cc-vallee-herault.fr/actions-et-projets/environnement/atlas-de-la-biodiversite-communau…
6f80bd42-909c-434a-af0f-262757574f2f,"ABC Vallée de l'Hérault (Comcom)","CC Vallée de l'Hérault","Etablissement public de coopération intercommunale (EPCI)",Lagamas,34125,2020,Vrai,"En cours de réalisation",https://www.cc-vallee-herault.fr/actions-et-projets/environnement/atlas-de-la-biodiversite-communau…
6f80bd42-909c-434a-af0f-262757574f2f,"ABC Vallée de l'Hérault (Comcom)","CC Vallée de l'Hérault","Etablissement public de coopération intercommunale (EPCI)","Le Pouget",34210,2020,Vrai,"En cours de réalisation",https://www.cc-vallee-herault.fr/actions-et-projets/environnement/atlas-de-la-biodiversite-communau…
6f80bd42-909c-434a-af0f-262757574f2f,"ABC Vallée de l'Hérault (Comcom)","CC Vallée de l'Hérault","Etablissement public de coopération intercommunale (EPCI)",Montarnaud,34163,2020,Vrai,"En cours de réalisation",https://www.cc-vallee-herault.fr/actions-et-projets/environnement/atlas-de-la-biodiversite-communau…
6f80bd42-909c-434a-af0f-262757574f2f,"ABC Vallée de l'Hérault (Comcom)","CC Vallée de l'Hérault","Etablissement public de coopération intercommunale (EPCI)",Montpeyroux,34173,2020,Vrai,"En cours de réalisation",https://www.cc-vallee-herault.fr/actions-et-projets/environnement/atlas-de-la-biodiversite-communau…
6f80bd42-909c-434a-af0f-262757574f2f,"ABC Vallée de l'Hérault (Comcom)","CC Vallée de l'Hérault","Etablissement public de coopération intercommunale (EPCI)",Plaissan,34204,2020,Vrai,"En cours de réalisation",https://www.cc-vallee-herault.fr/actions-et-projets/environnement/atlas-de-la-biodiversite-communau…
6f80bd42-909c-434a-af0f-262757574f2f,"ABC Vallée de l'Hérault (Comcom)","CC Vallée de l'Hérault","Etablissement public de coopération intercommunale (EPCI)",Popian,34208,2020,Vrai,"En cours de réalisation",https://www.cc-vallee-herault.fr/actions-et-projets/environnement/atlas-de-la-biodiversite-communau…
6f80bd42-909c-434a-af0f-262757574f2f,"ABC Vallée de l'Hérault (Comcom)","CC Vallée de l'Hérault","Etablissement public de coopération intercommunale (EPCI)",Pouzols,34215,2020,Vrai,"En cours de réalisation",https://www.cc-vallee-herault.fr/actions-et-projets/environnement/atlas-de-la-biodiversite-communau…
6f80bd42-909c-434a-af0f-262757574f2f,"ABC Vallée de l'Hérault (Comcom)","CC Vallée de l'Hérault","Etablissement public de coopération intercommunale (EPCI)",Puéchabon,34221,2020,Vrai,"En cours de réalisation",https://www.cc-vallee-herault.fr/actions-et-projets/environnement/atlas-de-la-biodiversite-communau…
6f80bd42-909c-434a-af0f-262757574f2f,"ABC Vallée de l'Hérault (Comcom)","CC Vallée de l'Hérault","Etablissement public de coopération intercommunale (EPCI)",Puilacher,34222,2020,Vrai,"En cours de réalisation",https://www.cc-vallee-herault.fr/actions-et-projets/environnement/atlas-de-la-biodiversite-communau…
6f80bd42-909c-434a-af0f-262757574f2f,"ABC Vallée de l'Hérault (Comcom)","CC Vallée de l'Hérault","Etablissement public de coopération intercommunale (EPCI)",Saint-André-de-Sangonis,34239,2020,Vrai,"En cours de réalisation",https://www.cc-vallee-herault.fr/actions-et-projets/environnement/atlas-de-la-biodiversite-communau…
6f80bd42-909c-434a-af0f-262757574f2f,"ABC Vallée de l'Hérault (Comcom)","CC Vallée de l'Hérault","Etablissement public de coopération intercommunale (EPCI)",Saint-Bauzille-de-la-Sylve,34241,2020,Vrai,"En cours de réalisation",https://www.cc-vallee-herault.fr/actions-et-projets/environnement/atlas-de-la-biodiversite-communau…
6f80bd42-909c-434a-af0f-262757574f2f,"ABC Vallée de l'Hérault (Comcom)","CC Vallée de l'Hérault","Etablissement public de coopération intercommunale (EPCI)",Saint-Guilhem-le-Désert,34261,2020,Vrai,"En cours de réalisation",https://www.cc-vallee-herault.fr/actions-et-projets/environnement/atlas-de-la-biodiversite-communau…
6f80bd42-909c-434a-af0f-262757574f2f,"ABC Vallée de l'Hérault (Comcom)","CC Vallée de l'Hérault","Etablissement public de coopération intercommunale (EPCI)",Saint-Guiraud,34262,2020,Vrai,"En cours de réalisation",https://www.cc-vallee-herault.fr/actions-et-projets/environnement/atlas-de-la-biodiversite-communau…
6f80bd42-909c-434a-af0f-262757574f2f,"ABC Vallée de l'Hérault (Comcom)","CC Vallée de l'Hérault","Etablissement public de coopération intercommunale (EPCI)",Saint-Jean-de-Fos,34267,2020,Vrai,"En cours de réalisation",https://www.cc-vallee-herault.fr/actions-et-projets/environnement/atlas-de-la-biodiversite-communau…
6f80bd42-909c-434a-af0f-262757574f2f,"ABC Vallée de l'Hérault (Comcom)","CC Vallée de l'Hérault","Etablissement public de coopération intercommunale (EPCI)",Saint-Pargoire,34281,2020,Vrai,"En cours de réalisation",https://www.cc-vallee-herault.fr/actions-et-projets/environnement/atlas-de-la-biodiversite-communau…
6f80bd42-909c-434a-af0f-262757574f2f,"ABC Vallée de l'Hérault (Comcom)","CC Vallée de l'Hérault","Etablissement public de coopération intercommunale (EPCI)",Saint-Paul-et-Valmalle,34282,2020,Vrai,"En cours de réalisation",https://www.cc-vallee-herault.fr/actions-et-projets/environnement/atlas-de-la-biodiversite-communau…
6f80bd42-909c-434a-af0f-262757574f2f,"ABC Vallée de l'Hérault (Comcom)","CC Vallée de l'Hérault","Etablissement public de coopération intercommunale (EPCI)",Saint-Saturnin-de-Lucian,34287,2020,Vrai,"En cours de réalisation",https://www.cc-vallee-herault.fr/actions-et-projets/environnement/atlas-de-la-biodiversite-communau…
6f80bd42-909c-434a-af0f-262757574f2f,"ABC Vallée de l'Hérault (Comcom)","CC Vallée de l'Hérault","Etablissement public de coopération intercommunale (EPCI)",Tressan,34313,2020,Vrai,"En cours de réalisation",https://www.cc-vallee-herault.fr/actions-et-projets/environnement/atlas-de-la-biodiversite-communau…
6f80bd42-909c-434a-af0f-262757574f2f,"ABC Vallée de l'Hérault (Comcom)","CC Vallée de l'Hérault","Etablissement public de coopération intercommunale (EPCI)",Vendémian,34328,2020,Vrai,"En cours de réalisation",https://www.cc-vallee-herault.fr/actions-et-projets/environnement/atlas-de-la-biodiversite-communau…
c2adb498-f19b-4633-b98b-b5377a57e18d,"ABC Valleraugue",Val-d'Aigoual,Commune,Val-d'Aigoual,30339,2017,Vrai,"En cours de réalisation",https://www.valleraugue.fr/wp-content/uploads/2018/02/20180205_projet-PPT_1ercomite.pdf
6bc9149a-4014-448a-ba79-07c9b933270d,"ABC Vialas",Vialas,Commune,Vialas,48194,2022,Vrai,"En cours de réalisation",
d0c58cb5-8e17-4b98-99e9-bd70556e0bdf,"ABC Volvestre (Comcom)","CC du Volvestre","Etablissement public de coopération intercommunale (EPCI)",Carbonne,31107,2022,Vrai,"En cours de réalisation",https://volvestre.fr/environnement/atlas-de-la-biodiversite-communale/
d0c58cb5-8e17-4b98-99e9-bd70556e0bdf,"ABC Volvestre (Comcom)","CC du Volvestre","Etablissement public de coopération intercommunale (EPCI)",Rieux-Volvestre,31455,2022,Vrai,"En cours de réalisation",https://volvestre.fr/environnement/atlas-de-la-biodiversite-communale/
d0c58cb5-8e17-4b98-99e9-bd70556e0bdf,"ABC Volvestre (Comcom)","CC du Volvestre","Etablissement public de coopération intercommunale (EPCI)",Lafitte-Vigordane,31261,2022,Vrai,"En cours de réalisation",https://volvestre.fr/environnement/atlas-de-la-biodiversite-communale/
d0c58cb5-8e17-4b98-99e9-bd70556e0bdf,"ABC Volvestre (Comcom)","CC du Volvestre","Etablissement public de coopération intercommunale (EPCI)",Bois-de-la-Pierre,31071,2022,Vrai,"En cours de réalisation",https://volvestre.fr/environnement/atlas-de-la-biodiversite-communale/
f6eb8b6d-fcdf-4fb8-b600-8f11ae875eeb,"ABI de la CC Arbois, Poligny, Salins, Cœur du Jura","CC Arbois, Poligny, Salins, Coeur du Jura","Etablissement public de coopération intercommunale (EPCI)",Abergement-le-Grand,39002,2019,Vrai,"En cours de réalisation",
f6eb8b6d-fcdf-4fb8-b600-8f11ae875eeb,"ABI de la CC Arbois, Poligny, Salins, Cœur du Jura","CC Arbois, Poligny, Salins, Coeur du Jura","Etablissement public de coopération intercommunale (EPCI)",Abergement-le-Petit,39003,2019,Vrai,"En cours de réalisation",
f6eb8b6d-fcdf-4fb8-b600-8f11ae875eeb,"ABI de la CC Arbois, Poligny, Salins, Cœur du Jura","CC Arbois, Poligny, Salins, Coeur du Jura","Etablissement public de coopération intercommunale (EPCI)",Aumont,39028,2019,Vrai,"En cours de réalisation",
f6eb8b6d-fcdf-4fb8-b600-8f11ae875eeb,"ABI de la CC Arbois, Poligny, Salins, Cœur du Jura","CC Arbois, Poligny, Salins, Coeur du Jura","Etablissement public de coopération intercommunale (EPCI)",Grozon,39263,2019,Vrai,"En cours de réalisation",
f6eb8b6d-fcdf-4fb8-b600-8f11ae875eeb,"ABI de la CC Arbois, Poligny, Salins, Cœur du Jura","CC Arbois, Poligny, Salins, Coeur du Jura","Etablissement public de coopération intercommunale (EPCI)",Montholier,39354,2019,Vrai,"En cours de réalisation",
742d13b5-3fcf-49cc-b7ac-4eedb8b778c4,"ABI de la CC de Puisaye-Forterre","CC de Puisaye-Forterre","Etablissement public de coopération intercommunale (EPCI)",Moutiers-en-Puisaye,89273,2021,Vrai,"En phase de lancement",https://www.puisaye-forterre.com/atlas-de-la-biodiversite/
742d13b5-3fcf-49cc-b7ac-4eedb8b778c4,"ABI de la CC de Puisaye-Forterre","CC de Puisaye-Forterre","Etablissement public de coopération intercommunale (EPCI)",Saint-Sauveur-en-Puisaye,89368,2021,Vrai,"En phase de lancement",https://www.puisaye-forterre.com/atlas-de-la-biodiversite/
742d13b5-3fcf-49cc-b7ac-4eedb8b778c4,"ABI de la CC de Puisaye-Forterre","CC de Puisaye-Forterre","Etablissement public de coopération intercommunale (EPCI)",Saints-en-Puisaye,89367,2021,Vrai,"En phase de lancement",https://www.puisaye-forterre.com/atlas-de-la-biodiversite/
742d13b5-3fcf-49cc-b7ac-4eedb8b778c4,"ABI de la CC de Puisaye-Forterre","CC de Puisaye-Forterre","Etablissement public de coopération intercommunale (EPCI)",Treigny-Perreuse-Sainte-Colombe,89420,2021,Vrai,"En phase de lancement",https://www.puisaye-forterre.com/atlas-de-la-biodiversite/
362981d8-eddb-4ca0-8e8a-9214f258099d,"ABI de la CC du Val d'Amour","CC du Val d'Amour","Etablissement public de coopération intercommunale (EPCI)",Augerans,39026,2022,Vrai,"En phase de lancement",
362981d8-eddb-4ca0-8e8a-9214f258099d,"ABI de la CC du Val d'Amour","CC du Val d'Amour","Etablissement public de coopération intercommunale (EPCI)",Bans,39037,2022,Vrai,"En phase de lancement",
362981d8-eddb-4ca0-8e8a-9214f258099d,"ABI de la CC du Val d'Amour","CC du Val d'Amour","Etablissement public de coopération intercommunale (EPCI)",Belmont,39048,2022,Vrai,"En phase de lancement",
362981d8-eddb-4ca0-8e8a-9214f258099d,"ABI de la CC du Val d'Amour","CC du Val d'Amour","Etablissement public de coopération intercommunale (EPCI)",Chamblay,39093,2022,Vrai,"En phase de lancement",
362981d8-eddb-4ca0-8e8a-9214f258099d,"ABI de la CC du Val d'Amour","CC du Val d'Amour","Etablissement public de coopération intercommunale (EPCI)",Champagne-sur-Loue,39095,2022,Vrai,"En phase de lancement",
362981d8-eddb-4ca0-8e8a-9214f258099d,"ABI de la CC du Val d'Amour","CC du Val d'Amour","Etablissement public de coopération intercommunale (EPCI)",Chatelay,39117,2022,Vrai,"En phase de lancement",
362981d8-eddb-4ca0-8e8a-9214f258099d,"ABI de la CC du Val d'Amour","CC du Val d'Amour","Etablissement public de coopération intercommunale (EPCI)",Chissey-sur-Loue,39149,2022,Vrai,"En phase de lancement",
362981d8-eddb-4ca0-8e8a-9214f258099d,"ABI de la CC du Val d'Amour","CC du Val d'Amour","Etablissement public de coopération intercommunale (EPCI)",Cramans,39176,2022,Vrai,"En phase de lancement",
362981d8-eddb-4ca0-8e8a-9214f258099d,"ABI de la CC du Val d'Amour","CC du Val d'Amour","Etablissement public de coopération intercommunale (EPCI)",Écleux,39206,2022,Vrai,"En phase de lancement",
362981d8-eddb-4ca0-8e8a-9214f258099d,"ABI de la CC du Val d'Amour","CC du Val d'Amour","Etablissement public de coopération intercommunale (EPCI)",Germigney,39249,2022,Vrai,"En phase de lancement",
362981d8-eddb-4ca0-8e8a-9214f258099d,"ABI de la CC du Val d'Amour","CC du Val d'Amour","Etablissement public de coopération intercommunale (EPCI)",Grange-de-Vaivre,39259,2022,Vrai,"En phase de lancement",
362981d8-eddb-4ca0-8e8a-9214f258099d,"ABI de la CC du Val d'Amour","CC du Val d'Amour","Etablissement public de coopération intercommunale (EPCI)","La Loye",39305,2022,Vrai,"En phase de lancement",
362981d8-eddb-4ca0-8e8a-9214f258099d,"ABI de la CC du Val d'Amour","CC du Val d'Amour","Etablissement public de coopération intercommunale (EPCI)",Mont-sous-Vaudrey,39365,2022,Vrai,"En phase de lancement",
362981d8-eddb-4ca0-8e8a-9214f258099d,"ABI de la CC du Val d'Amour","CC du Val d'Amour","Etablissement public de coopération intercommunale (EPCI)",Montbarrey,39350,2022,Vrai,"En phase de lancement",
362981d8-eddb-4ca0-8e8a-9214f258099d,"ABI de la CC du Val d'Amour","CC du Val d'Amour","Etablissement public de coopération intercommunale (EPCI)",Mouchard,39370,2022,Vrai,"En phase de lancement",
362981d8-eddb-4ca0-8e8a-9214f258099d,"ABI de la CC du Val d'Amour","CC du Val d'Amour","Etablissement public de coopération intercommunale (EPCI)",Ounans,39399,2022,Vrai,"En phase de lancement",
362981d8-eddb-4ca0-8e8a-9214f258099d,"ABI de la CC du Val d'Amour","CC du Val d'Amour","Etablissement public de coopération intercommunale (EPCI)",Pagnoz,39403,2022,Vrai,"En phase de lancement",
362981d8-eddb-4ca0-8e8a-9214f258099d,"ABI de la CC du Val d'Amour","CC du Val d'Amour","Etablissement public de coopération intercommunale (EPCI)",Port-Lesney,39439,2022,Vrai,"En phase de lancement",
362981d8-eddb-4ca0-8e8a-9214f258099d,"ABI de la CC du Val d'Amour","CC du Val d'Amour","Etablissement public de coopération intercommunale (EPCI)",Santans,39502,2022,Vrai,"En phase de lancement",
362981d8-eddb-4ca0-8e8a-9214f258099d,"ABI de la CC du Val d'Amour","CC du Val d'Amour","Etablissement public de coopération intercommunale (EPCI)",Souvans,39520,2022,Vrai,"En phase de lancement",
362981d8-eddb-4ca0-8e8a-9214f258099d,"ABI de la CC du Val d'Amour","CC du Val d'Amour","Etablissement public de coopération intercommunale (EPCI)",Vaudrey,39546,2022,Vrai,"En phase de lancement",
362981d8-eddb-4ca0-8e8a-9214f258099d,"ABI de la CC du Val d'Amour","CC du Val d'Amour","Etablissement public de coopération intercommunale (EPCI)","La Vieille-Loye",39559,2022,Vrai,"En phase de lancement",
362981d8-eddb-4ca0-8e8a-9214f258099d,"ABI de la CC du Val d'Amour","CC du Val d'Amour","Etablissement public de coopération intercommunale (EPCI)",Villeneuve-d'Aval,39565,2022,Vrai,"En phase de lancement",
362981d8-eddb-4ca0-8e8a-9214f258099d,"ABI de la CC du Val d'Amour","CC du Val d'Amour","Etablissement public de coopération intercommunale (EPCI)",Villers-Farlay,39569,2022,Vrai,"En phase de lancement",
219112df-25a4-4313-8954-11aa9b92db24,"ABI de la CC du Val de Gray","CC Val de Gray","Etablissement public de coopération intercommunale (EPCI)",Ancier,70018,2022,Vrai,"En phase de lancement",
219112df-25a4-4313-8954-11aa9b92db24,"ABI de la CC du Val de Gray","CC Val de Gray","Etablissement public de coopération intercommunale (EPCI)",Apremont,70024,2022,Vrai,"En phase de lancement",
219112df-25a4-4313-8954-11aa9b92db24,"ABI de la CC du Val de Gray","CC Val de Gray","Etablissement public de coopération intercommunale (EPCI)",Arc-lès-Gray,70026,2022,Vrai,"En phase de lancement",
219112df-25a4-4313-8954-11aa9b92db24,"ABI de la CC du Val de Gray","CC Val de Gray","Etablissement public de coopération intercommunale (EPCI)",Arsans,70030,2022,Vrai,"En phase de lancement",
219112df-25a4-4313-8954-11aa9b92db24,"ABI de la CC du Val de Gray","CC Val de Gray","Etablissement public de coopération intercommunale (EPCI)",Attricourt,70032,2022,Vrai,"En phase de lancement",
219112df-25a4-4313-8954-11aa9b92db24,"ABI de la CC du Val de Gray","CC Val de Gray","Etablissement public de coopération intercommunale (EPCI)",Autrey-lès-Gray,70041,2022,Vrai,"En phase de lancement",
219112df-25a4-4313-8954-11aa9b92db24,"ABI de la CC du Val de Gray","CC Val de Gray","Etablissement public de coopération intercommunale (EPCI)",Auvet-et-la-Chapelotte,70043,2022,Vrai,"En phase de lancement",
219112df-25a4-4313-8954-11aa9b92db24,"ABI de la CC du Val de Gray","CC Val de Gray","Etablissement public de coopération intercommunale (EPCI)",Battrans,70054,2022,Vrai,"En phase de lancement",
219112df-25a4-4313-8954-11aa9b92db24,"ABI de la CC du Val de Gray","CC Val de Gray","Etablissement public de coopération intercommunale (EPCI)",Bouhans-et-Feurg,70080,2022,Vrai,"En phase de lancement",
219112df-25a4-4313-8954-11aa9b92db24,"ABI de la CC du Val de Gray","CC Val de Gray","Etablissement public de coopération intercommunale (EPCI)",Broye-Aubigney-Montseugny,70101,2022,Vrai,"En phase de lancement",
219112df-25a4-4313-8954-11aa9b92db24,"ABI de la CC du Val de Gray","CC Val de Gray","Etablissement public de coopération intercommunale (EPCI)",Champtonnay,70124,2022,Vrai,"En phase de lancement",
219112df-25a4-4313-8954-11aa9b92db24,"ABI de la CC du Val de Gray","CC Val de Gray","Etablissement public de coopération intercommunale (EPCI)",Champvans,70125,2022,Vrai,"En phase de lancement",
219112df-25a4-4313-8954-11aa9b92db24,"ABI de la CC du Val de Gray","CC Val de Gray","Etablissement public de coopération intercommunale (EPCI)",Chargey-lès-Gray,70132,2022,Vrai,"En phase de lancement",
219112df-25a4-4313-8954-11aa9b92db24,"ABI de la CC du Val de Gray","CC Val de Gray","Etablissement public de coopération intercommunale (EPCI)",Chevigney,70151,2022,Vrai,"En phase de lancement",
219112df-25a4-4313-8954-11aa9b92db24,"ABI de la CC du Val de Gray","CC Val de Gray","Etablissement public de coopération intercommunale (EPCI)",Cresancey,70185,2022,Vrai,"En phase de lancement",
219112df-25a4-4313-8954-11aa9b92db24,"ABI de la CC du Val de Gray","CC Val de Gray","Etablissement public de coopération intercommunale (EPCI)",Écuelle,70211,2022,Vrai,"En phase de lancement",
219112df-25a4-4313-8954-11aa9b92db24,"ABI de la CC du Val de Gray","CC Val de Gray","Etablissement public de coopération intercommunale (EPCI)",Esmoulins,70218,2022,Vrai,"En phase de lancement",
219112df-25a4-4313-8954-11aa9b92db24,"ABI de la CC du Val de Gray","CC Val de Gray","Etablissement public de coopération intercommunale (EPCI)",Essertenne-et-Cecey,70220,2022,Vrai,"En phase de lancement",
219112df-25a4-4313-8954-11aa9b92db24,"ABI de la CC du Val de Gray","CC Val de Gray","Etablissement public de coopération intercommunale (EPCI)",Fahy-lès-Autrey,70225,2022,Vrai,"En phase de lancement",
219112df-25a4-4313-8954-11aa9b92db24,"ABI de la CC du Val de Gray","CC Val de Gray","Etablissement public de coopération intercommunale (EPCI)",Germigney,70265,2022,Vrai,"En phase de lancement",
219112df-25a4-4313-8954-11aa9b92db24,"ABI de la CC du Val de Gray","CC Val de Gray","Etablissement public de coopération intercommunale (EPCI)",Gray,70279,2022,Vrai,"En phase de lancement",
219112df-25a4-4313-8954-11aa9b92db24,"ABI de la CC du Val de Gray","CC Val de Gray","Etablissement public de coopération intercommunale (EPCI)",Gray-la-Ville,70280,2022,Vrai,"En phase de lancement",
219112df-25a4-4313-8954-11aa9b92db24,"ABI de la CC du Val de Gray","CC Val de Gray","Etablissement public de coopération intercommunale (EPCI)","La Grande-Résie",70443,2022,Vrai,"En phase de lancement",
219112df-25a4-4313-8954-11aa9b92db24,"ABI de la CC du Val de Gray","CC Val de Gray","Etablissement public de coopération intercommunale (EPCI)","La Résie-Saint-Martin",70444,2022,Vrai,"En phase de lancement",
219112df-25a4-4313-8954-11aa9b92db24,"ABI de la CC du Val de Gray","CC Val de Gray","Etablissement public de coopération intercommunale (EPCI)","Le Tremblois",70505,2022,Vrai,"En phase de lancement",
219112df-25a4-4313-8954-11aa9b92db24,"ABI de la CC du Val de Gray","CC Val de Gray","Etablissement public de coopération intercommunale (EPCI)",Lieucourt,70302,2022,Vrai,"En phase de lancement",
219112df-25a4-4313-8954-11aa9b92db24,"ABI de la CC du Val de Gray","CC Val de Gray","Etablissement public de coopération intercommunale (EPCI)",Mantoche,70331,2022,Vrai,"En phase de lancement",
219112df-25a4-4313-8954-11aa9b92db24,"ABI de la CC du Val de Gray","CC Val de Gray","Etablissement public de coopération intercommunale (EPCI)",Nantilly,70376,2022,Vrai,"En phase de lancement",
219112df-25a4-4313-8954-11aa9b92db24,"ABI de la CC du Val de Gray","CC Val de Gray","Etablissement public de coopération intercommunale (EPCI)",Noiron,70389,2022,Vrai,"En phase de lancement",
219112df-25a4-4313-8954-11aa9b92db24,"ABI de la CC du Val de Gray","CC Val de Gray","Etablissement public de coopération intercommunale (EPCI)",Onay,70394,2022,Vrai,"En phase de lancement",
219112df-25a4-4313-8954-11aa9b92db24,"ABI de la CC du Val de Gray","CC Val de Gray","Etablissement public de coopération intercommunale (EPCI)",Oyrières,70402,2022,Vrai,"En phase de lancement",
219112df-25a4-4313-8954-11aa9b92db24,"ABI de la CC du Val de Gray","CC Val de Gray","Etablissement public de coopération intercommunale (EPCI)",Pesmes,70408,2022,Vrai,"En phase de lancement",
219112df-25a4-4313-8954-11aa9b92db24,"ABI de la CC du Val de Gray","CC Val de Gray","Etablissement public de coopération intercommunale (EPCI)",Poyans,70422,2022,Vrai,"En phase de lancement",
219112df-25a4-4313-8954-11aa9b92db24,"ABI de la CC du Val de Gray","CC Val de Gray","Etablissement public de coopération intercommunale (EPCI)",Rigny,70446,2022,Vrai,"En phase de lancement",
219112df-25a4-4313-8954-11aa9b92db24,"ABI de la CC du Val de Gray","CC Val de Gray","Etablissement public de coopération intercommunale (EPCI)",Saint-Loup-Nantouard,70466,2022,Vrai,"En phase de lancement",
219112df-25a4-4313-8954-11aa9b92db24,"ABI de la CC du Val de Gray","CC Val de Gray","Etablissement public de coopération intercommunale (EPCI)",Sainte-Reine,73277,2022,Vrai,"En phase de lancement",
219112df-25a4-4313-8954-11aa9b92db24,"ABI de la CC du Val de Gray","CC Val de Gray","Etablissement public de coopération intercommunale (EPCI)",Sauvigney-lès-Gray,70479,2022,Vrai,"En phase de lancement",
219112df-25a4-4313-8954-11aa9b92db24,"ABI de la CC du Val de Gray","CC Val de Gray","Etablissement public de coopération intercommunale (EPCI)",Sauvigney-lès-Pesmes,70480,2022,Vrai,"En phase de lancement",
219112df-25a4-4313-8954-11aa9b92db24,"ABI de la CC du Val de Gray","CC Val de Gray","Etablissement public de coopération intercommunale (EPCI)",Vadans,70510,2022,Vrai,"En phase de lancement",
219112df-25a4-4313-8954-11aa9b92db24,"ABI de la CC du Val de Gray","CC Val de Gray","Etablissement public de coopération intercommunale (EPCI)",Valay,70514,2022,Vrai,"En phase de lancement",
219112df-25a4-4313-8954-11aa9b92db24,"ABI de la CC du Val de Gray","CC Val de Gray","Etablissement public de coopération intercommunale (EPCI)",Vars,70523,2022,Vrai,"En phase de lancement",
219112df-25a4-4313-8954-11aa9b92db24,"ABI de la CC du Val de Gray","CC Val de Gray","Etablissement public de coopération intercommunale (EPCI)",Velesmes-Échevanne,70528,2022,Vrai,"En phase de lancement",
219112df-25a4-4313-8954-11aa9b92db24,"ABI de la CC du Val de Gray","CC Val de Gray","Etablissement public de coopération intercommunale (EPCI)",Velet,70529,2022,Vrai,"En phase de lancement",
219112df-25a4-4313-8954-11aa9b92db24,"ABI de la CC du Val de Gray","CC Val de Gray","Etablissement public de coopération intercommunale (EPCI)",Venère,70542,2022,Vrai,"En phase de lancement",
0520db97-f14c-4456-85af-147a758e689f,"ABI de la CC Les Bertranges","CC Les Bertranges","Etablissement public de coopération intercommunale (EPCI)",Champlemy,58053,2021,Vrai,"En phase de lancement",
0520db97-f14c-4456-85af-147a758e689f,"ABI de la CC Les Bertranges","CC Les Bertranges","Etablissement public de coopération intercommunale (EPCI)",Arzembouy,58014,2021,Vrai,"En phase de lancement",
0520db97-f14c-4456-85af-147a758e689f,"ABI de la CC Les Bertranges","CC Les Bertranges","Etablissement public de coopération intercommunale (EPCI)",Arthel,58013,2021,Vrai,"En phase de lancement",
0520db97-f14c-4456-85af-147a758e689f,"ABI de la CC Les Bertranges","CC Les Bertranges","Etablissement public de coopération intercommunale (EPCI)",Montenoison,58174,2021,Vrai,"En phase de lancement",
0520db97-f14c-4456-85af-147a758e689f,"ABI de la CC Les Bertranges","CC Les Bertranges","Etablissement public de coopération intercommunale (EPCI)",Moussy,51390,2021,Vrai,"En phase de lancement",
0520db97-f14c-4456-85af-147a758e689f,"ABI de la CC Les Bertranges","CC Les Bertranges","Etablissement public de coopération intercommunale (EPCI)",Oulon,58203,2021,Vrai,"En phase de lancement",
0520db97-f14c-4456-85af-147a758e689f,"ABI de la CC Les Bertranges","CC Les Bertranges","Etablissement public de coopération intercommunale (EPCI)",Lurcy-le-Bourg,58147,2021,Vrai,"En phase de lancement",
0520db97-f14c-4456-85af-147a758e689f,"ABI de la CC Les Bertranges","CC Les Bertranges","Etablissement public de coopération intercommunale (EPCI)",Prémery,58218,2021,Vrai,"En phase de lancement",
0520db97-f14c-4456-85af-147a758e689f,"ABI de la CC Les Bertranges","CC Les Bertranges","Etablissement public de coopération intercommunale (EPCI)",Giry,58127,2021,Vrai,"En phase de lancement",
0520db97-f14c-4456-85af-147a758e689f,"ABI de la CC Les Bertranges","CC Les Bertranges","Etablissement public de coopération intercommunale (EPCI)",Saint-Bonnot,58234,2021,Vrai,"En phase de lancement",
0520db97-f14c-4456-85af-147a758e689f,"ABI de la CC Les Bertranges","CC Les Bertranges","Etablissement public de coopération intercommunale (EPCI)",Dompierre-sur-Nièvre,58101,2021,Vrai,"En phase de lancement",
0520db97-f14c-4456-85af-147a758e689f,"ABI de la CC Les Bertranges","CC Les Bertranges","Etablissement public de coopération intercommunale (EPCI)",Beaumont-la-Ferrière,58027,2021,Vrai,"En phase de lancement",
0520db97-f14c-4456-85af-147a758e689f,"ABI de la CC Les Bertranges","CC Les Bertranges","Etablissement public de coopération intercommunale (EPCI)",Sichamps,58279,2021,Vrai,"En phase de lancement",
0520db97-f14c-4456-85af-147a758e689f,"ABI de la CC Les Bertranges","CC Les Bertranges","Etablissement public de coopération intercommunale (EPCI)",Poiseux,58212,2021,Vrai,"En phase de lancement",
0520db97-f14c-4456-85af-147a758e689f,"ABI de la CC Les Bertranges","CC Les Bertranges","Etablissement public de coopération intercommunale (EPCI)",Guérigny,58131,2021,Vrai,"En phase de lancement",
0520db97-f14c-4456-85af-147a758e689f,"ABI de la CC Les Bertranges","CC Les Bertranges","Etablissement public de coopération intercommunale (EPCI)",Urzy,58300,2021,Vrai,"En phase de lancement",
0520db97-f14c-4456-85af-147a758e689f,"ABI de la CC Les Bertranges","CC Les Bertranges","Etablissement public de coopération intercommunale (EPCI)",Saint-Martin-d'Heuille,58254,2021,Vrai,"En phase de lancement",
0520db97-f14c-4456-85af-147a758e689f,"ABI de la CC Les Bertranges","CC Les Bertranges","Etablissement public de coopération intercommunale (EPCI)",Saint-Aubin-les-Forges,58231,2021,Vrai,"En phase de lancement",
0520db97-f14c-4456-85af-147a758e689f,"ABI de la CC Les Bertranges","CC Les Bertranges","Etablissement public de coopération intercommunale (EPCI)","La Celle-sur-Nièvre",58045,2021,Vrai,"En phase de lancement",
0520db97-f14c-4456-85af-147a758e689f,"ABI de la CC Les Bertranges","CC Les Bertranges","Etablissement public de coopération intercommunale (EPCI)",Arbourse,58009,2021,Vrai,"En phase de lancement",
0520db97-f14c-4456-85af-147a758e689f,"ABI de la CC Les Bertranges","CC Les Bertranges","Etablissement public de coopération intercommunale (EPCI)",Nannay,58188,2021,Vrai,"En phase de lancement",
0520db97-f14c-4456-85af-147a758e689f,"ABI de la CC Les Bertranges","CC Les Bertranges","Etablissement public de coopération intercommunale (EPCI)",Chasnay,58061,2021,Vrai,"En phase de lancement",
0520db97-f14c-4456-85af-147a758e689f,"ABI de la CC Les Bertranges","CC Les Bertranges","Etablissement public de coopération intercommunale (EPCI)",Murlin,58186,2021,Vrai,"En phase de lancement",
0520db97-f14c-4456-85af-147a758e689f,"ABI de la CC Les Bertranges","CC Les Bertranges","Etablissement public de coopération intercommunale (EPCI)",Chaulgnes,58067,2021,Vrai,"En phase de lancement",
0520db97-f14c-4456-85af-147a758e689f,"ABI de la CC Les Bertranges","CC Les Bertranges","Etablissement public de coopération intercommunale (EPCI)",Raveau,58220,2021,Vrai,"En phase de lancement",
0520db97-f14c-4456-85af-147a758e689f,"ABI de la CC Les Bertranges","CC Les Bertranges","Etablissement public de coopération intercommunale (EPCI)",Narcy,58189,2021,Vrai,"En phase de lancement",
0520db97-f14c-4456-85af-147a758e689f,"ABI de la CC Les Bertranges","CC Les Bertranges","Etablissement public de coopération intercommunale (EPCI)",Varennes-lès-Narcy,58302,2021,Vrai,"En phase de lancement",
0520db97-f14c-4456-85af-147a758e689f,"ABI de la CC Les Bertranges","CC Les Bertranges","Etablissement public de coopération intercommunale (EPCI)","La Charité-sur-Loire",58059,2021,Vrai,"En phase de lancement",
0520db97-f14c-4456-85af-147a758e689f,"ABI de la CC Les Bertranges","CC Les Bertranges","Etablissement public de coopération intercommunale (EPCI)","La Marche",58155,2021,Vrai,"En phase de lancement",
0520db97-f14c-4456-85af-147a758e689f,"ABI de la CC Les Bertranges","CC Les Bertranges","Etablissement public de coopération intercommunale (EPCI)",Champvoux,58056,2021,Vrai,"En phase de lancement",
0520db97-f14c-4456-85af-147a758e689f,"ABI de la CC Les Bertranges","CC Les Bertranges","Etablissement public de coopération intercommunale (EPCI)",Tronsanges,58298,2021,Vrai,"En phase de lancement",
0520db97-f14c-4456-85af-147a758e689f,"ABI de la CC Les Bertranges","CC Les Bertranges","Etablissement public de coopération intercommunale (EPCI)","La Chapelle-Montlinard",18049,2021,Vrai,"En phase de lancement",
0f5d0135-ed2f-4243-9efb-239c2929298c,"ABI de la CC Sud Côte Chalonnaise",,"Établissement public territorial de bassin (EPTB)",Villeneuve-en-Montagne,71579,2022,Vrai,"En phase de lancement",
0f5d0135-ed2f-4243-9efb-239c2929298c,"ABI de la CC Sud Côte Chalonnaise",,"Établissement public territorial de bassin (EPTB)",Sainte-Hélène,71426,2022,Vrai,"En phase de lancement",
0f5d0135-ed2f-4243-9efb-239c2929298c,"ABI de la CC Sud Côte Chalonnaise",,"Établissement public territorial de bassin (EPTB)",Moroges,71324,2022,Vrai,"En phase de lancement",
0f5d0135-ed2f-4243-9efb-239c2929298c,"ABI de la CC Sud Côte Chalonnaise",,"Établissement public territorial de bassin (EPTB)",Marcilly-lès-Buxy,71277,2022,Vrai,"En phase de lancement",
0f5d0135-ed2f-4243-9efb-239c2929298c,"ABI de la CC Sud Côte Chalonnaise",,"Établissement public territorial de bassin (EPTB)",Sassangy,71501,2022,Vrai,"En phase de lancement",
0f5d0135-ed2f-4243-9efb-239c2929298c,"ABI de la CC Sud Côte Chalonnaise",,"Établissement public territorial de bassin (EPTB)",Buxy,71070,2022,Vrai,"En phase de lancement",
0f5d0135-ed2f-4243-9efb-239c2929298c,"ABI de la CC Sud Côte Chalonnaise",,"Établissement public territorial de bassin (EPTB)",Saint-Privé,71471,2022,Vrai,"En phase de lancement",
0f5d0135-ed2f-4243-9efb-239c2929298c,"ABI de la CC Sud Côte Chalonnaise",,"Établissement public territorial de bassin (EPTB)",Savianges,71505,2022,Vrai,"En phase de lancement",
0f5d0135-ed2f-4243-9efb-239c2929298c,"ABI de la CC Sud Côte Chalonnaise",,"Établissement public territorial de bassin (EPTB)",Fley,71201,2022,Vrai,"En phase de lancement",
0f5d0135-ed2f-4243-9efb-239c2929298c,"ABI de la CC Sud Côte Chalonnaise",,"Établissement public territorial de bassin (EPTB)",Saint-Vallerin,71485,2022,Vrai,"En phase de lancement",
0f5d0135-ed2f-4243-9efb-239c2929298c,"ABI de la CC Sud Côte Chalonnaise",,"Établissement public territorial de bassin (EPTB)",Jully-lès-Buxy,71247,2022,Vrai,"En phase de lancement",
0f5d0135-ed2f-4243-9efb-239c2929298c,"ABI de la CC Sud Côte Chalonnaise",,"Établissement public territorial de bassin (EPTB)",Saint-Germain-lès-Buxy,71422,2022,Vrai,"En phase de lancement",
0f5d0135-ed2f-4243-9efb-239c2929298c,"ABI de la CC Sud Côte Chalonnaise",,"Établissement public territorial de bassin (EPTB)","Le Puley",71363,2022,Vrai,"En phase de lancement",
0f5d0135-ed2f-4243-9efb-239c2929298c,"ABI de la CC Sud Côte Chalonnaise",,"Établissement public territorial de bassin (EPTB)",Germagny,71216,2022,Vrai,"En phase de lancement",
0f5d0135-ed2f-4243-9efb-239c2929298c,"ABI de la CC Sud Côte Chalonnaise",,"Établissement public territorial de bassin (EPTB)",Bissy-sur-Fley,71037,2022,Vrai,"En phase de lancement",
0f5d0135-ed2f-4243-9efb-239c2929298c,"ABI de la CC Sud Côte Chalonnaise",,"Établissement public territorial de bassin (EPTB)",Culles-les-Roches,71159,2022,Vrai,"En phase de lancement",
0f5d0135-ed2f-4243-9efb-239c2929298c,"ABI de la CC Sud Côte Chalonnaise",,"Établissement public territorial de bassin (EPTB)",Saules,71503,2022,Vrai,"En phase de lancement",
0f5d0135-ed2f-4243-9efb-239c2929298c,"ABI de la CC Sud Côte Chalonnaise",,"Établissement public territorial de bassin (EPTB)",Chenôves,71124,2022,Vrai,"En phase de lancement",
0f5d0135-ed2f-4243-9efb-239c2929298c,"ABI de la CC Sud Côte Chalonnaise",,"Établissement public territorial de bassin (EPTB)",Saint-Boil,71392,2022,Vrai,"En phase de lancement",
0f5d0135-ed2f-4243-9efb-239c2929298c,"ABI de la CC Sud Côte Chalonnaise",,"Établissement public territorial de bassin (EPTB)",Messey-sur-Grosne,71296,2022,Vrai,"En phase de lancement",
0f5d0135-ed2f-4243-9efb-239c2929298c,"ABI de la CC Sud Côte Chalonnaise",,"Établissement public territorial de bassin (EPTB)",Santilly,71498,2022,Vrai,"En phase de lancement",
0f5d0135-ed2f-4243-9efb-239c2929298c,"ABI de la CC Sud Côte Chalonnaise",,"Établissement public territorial de bassin (EPTB)",Collonge-en-Charollais,71139,2022,Vrai,"En phase de lancement",
7513d7a1-89f2-495d-a67e-3e741dd6989f,"ABI de la Grandvallière",Haut-Jura,"Parc naturel régional","La Chaumusse",39126,2017,Vrai,Fini,http://www.parc-haut-jura.fr/fr/site-habitant/biodiversite/sensibilisation/abc-grandvalliere.263-28…
7513d7a1-89f2-495d-a67e-3e741dd6989f,"ABI de la Grandvallière",Haut-Jura,"Parc naturel régional","La Chaux-du-Dombief",39131,2017,Vrai,Fini,http://www.parc-haut-jura.fr/fr/site-habitant/biodiversite/sensibilisation/abc-grandvalliere.263-28…
7513d7a1-89f2-495d-a67e-3e741dd6989f,"ABI de la Grandvallière",Haut-Jura,"Parc naturel régional",Fort-du-Plasne,39232,2017,Vrai,Fini,http://www.parc-haut-jura.fr/fr/site-habitant/biodiversite/sensibilisation/abc-grandvalliere.263-28…
7513d7a1-89f2-495d-a67e-3e741dd6989f,"ABI de la Grandvallière",Haut-Jura,"Parc naturel régional",Lac-des-Rouges-Truites,39271,2017,Vrai,Fini,http://www.parc-haut-jura.fr/fr/site-habitant/biodiversite/sensibilisation/abc-grandvalliere.263-28…
7513d7a1-89f2-495d-a67e-3e741dd6989f,"ABI de la Grandvallière",Haut-Jura,"Parc naturel régional",Nanchez,39130,2017,Vrai,Fini,http://www.parc-haut-jura.fr/fr/site-habitant/biodiversite/sensibilisation/abc-grandvalliere.263-28…
7513d7a1-89f2-495d-a67e-3e741dd6989f,"ABI de la Grandvallière",Haut-Jura,"Parc naturel régional",Saint-Laurent-en-Grandvaux,39487,2017,Vrai,Fini,http://www.parc-haut-jura.fr/fr/site-habitant/biodiversite/sensibilisation/abc-grandvalliere.263-28…
7513d7a1-89f2-495d-a67e-3e741dd6989f,"ABI de la Grandvallière",Haut-Jura,"Parc naturel régional",Saint-Pierre,39494,2017,Vrai,Fini,http://www.parc-haut-jura.fr/fr/site-habitant/biodiversite/sensibilisation/abc-grandvalliere.263-28…
7513d7a1-89f2-495d-a67e-3e741dd6989f,"ABI de la Grandvallière",Haut-Jura,"Parc naturel régional","Grande-Rivière Château",39258,2017,Vrai,Fini,http://www.parc-haut-jura.fr/fr/site-habitant/biodiversite/sensibilisation/abc-grandvalliere.263-28…
a298bc44-4d22-4b02-ab34-f4d739c48871,"ABI du Syndicat Mixte d'Aménagement de la Moyenne et Basse Vallée de l'Ognon","syndicat mixte d'aménagement de la moyenne et basse vallée de l'Ognon","Syndicat mixte",Cléry,21180,2020,Vrai,"En cours de réalisation",
a298bc44-4d22-4b02-ab34-f4d739c48871,"ABI du Syndicat Mixte d'Aménagement de la Moyenne et Basse Vallée de l'Ognon","syndicat mixte d'aménagement de la moyenne et basse vallée de l'Ognon","Syndicat mixte",Mutigney,39377,2020,Vrai,"En cours de réalisation",
a298bc44-4d22-4b02-ab34-f4d739c48871,"ABI du Syndicat Mixte d'Aménagement de la Moyenne et Basse Vallée de l'Ognon","syndicat mixte d'aménagement de la moyenne et basse vallée de l'Ognon","Syndicat mixte",Dammartin-Marpain,39188,2020,Vrai,"En cours de réalisation",
a298bc44-4d22-4b02-ab34-f4d739c48871,"ABI du Syndicat Mixte d'Aménagement de la Moyenne et Basse Vallée de l'Ognon","syndicat mixte d'aménagement de la moyenne et basse vallée de l'Ognon","Syndicat mixte",Broye-Aubigney-Montseugny,70101,2020,Vrai,"En cours de réalisation",
a298bc44-4d22-4b02-ab34-f4d739c48871,"ABI du Syndicat Mixte d'Aménagement de la Moyenne et Basse Vallée de l'Ognon","syndicat mixte d'aménagement de la moyenne et basse vallée de l'Ognon","Syndicat mixte",Pesmes,70408,2020,Vrai,"En cours de réalisation",
a298bc44-4d22-4b02-ab34-f4d739c48871,"ABI du Syndicat Mixte d'Aménagement de la Moyenne et Basse Vallée de l'Ognon","syndicat mixte d'aménagement de la moyenne et basse vallée de l'Ognon","Syndicat mixte",Sauvigney-lès-Pesmes,70480,2020,Vrai,"En cours de réalisation",
a298bc44-4d22-4b02-ab34-f4d739c48871,"ABI du Syndicat Mixte d'Aménagement de la Moyenne et Basse Vallée de l'Ognon","syndicat mixte d'aménagement de la moyenne et basse vallée de l'Ognon","Syndicat mixte","La Grande-Résie",70443,2020,Vrai,"En cours de réalisation",
a298bc44-4d22-4b02-ab34-f4d739c48871,"ABI du Syndicat Mixte d'Aménagement de la Moyenne et Basse Vallée de l'Ognon","syndicat mixte d'aménagement de la moyenne et basse vallée de l'Ognon","Syndicat mixte",Chevigney,70151,2020,Vrai,"En cours de réalisation",
a298bc44-4d22-4b02-ab34-f4d739c48871,"ABI du Syndicat Mixte d'Aménagement de la Moyenne et Basse Vallée de l'Ognon","syndicat mixte d'aménagement de la moyenne et basse vallée de l'Ognon","Syndicat mixte",Perrigny-sur-l'Ognon,21482,2020,Vrai,"En cours de réalisation",
7e4870fc-e88f-4d0c-802c-5b23f0e747a6,"ABiC de la Communauté de Communes Bruyères Vallons des Vosges",,"Syndicat intercommunal",Bruyères,88078,2020,Faux,"En cours de réalisation",
7e4870fc-e88f-4d0c-802c-5b23f0e747a6,"ABiC de la Communauté de Communes Bruyères Vallons des Vosges",,"Syndicat intercommunal",Beauménil,88046,2020,Faux,"En cours de réalisation",
7e4870fc-e88f-4d0c-802c-5b23f0e747a6,"ABiC de la Communauté de Communes Bruyères Vallons des Vosges",,"Syndicat intercommunal",Belmont-sur-Buttant,88050,2020,Faux,"En cours de réalisation",
7e4870fc-e88f-4d0c-802c-5b23f0e747a6,"ABiC de la Communauté de Communes Bruyères Vallons des Vosges",,"Syndicat intercommunal",Brouvelieures,88076,2020,Faux,"En cours de réalisation",
7e4870fc-e88f-4d0c-802c-5b23f0e747a6,"ABiC de la Communauté de Communes Bruyères Vallons des Vosges",,"Syndicat intercommunal",Champ-le-Duc,88086,2020,Faux,"En cours de réalisation",
7e4870fc-e88f-4d0c-802c-5b23f0e747a6,"ABiC de la Communauté de Communes Bruyères Vallons des Vosges",,"Syndicat intercommunal",Charmois-devant-Bruyères,88091,2020,Faux,"En cours de réalisation",
7e4870fc-e88f-4d0c-802c-5b23f0e747a6,"ABiC de la Communauté de Communes Bruyères Vallons des Vosges",,"Syndicat intercommunal",Cheniménil,88101,2020,Faux,"En cours de réalisation",
7e4870fc-e88f-4d0c-802c-5b23f0e747a6,"ABiC de la Communauté de Communes Bruyères Vallons des Vosges",,"Syndicat intercommunal",Destord,88130,2020,Faux,"En cours de réalisation",
7e4870fc-e88f-4d0c-802c-5b23f0e747a6,"ABiC de la Communauté de Communes Bruyères Vallons des Vosges",,"Syndicat intercommunal",Deycimont,88131,2020,Faux,"En cours de réalisation",
7e4870fc-e88f-4d0c-802c-5b23f0e747a6,"ABiC de la Communauté de Communes Bruyères Vallons des Vosges",,"Syndicat intercommunal",Docelles,88135,2020,Faux,"En cours de réalisation",
7e4870fc-e88f-4d0c-802c-5b23f0e747a6,"ABiC de la Communauté de Communes Bruyères Vallons des Vosges",,"Syndicat intercommunal",Domfaing,88145,2020,Faux,"En cours de réalisation",
7e4870fc-e88f-4d0c-802c-5b23f0e747a6,"ABiC de la Communauté de Communes Bruyères Vallons des Vosges",,"Syndicat intercommunal",Faucompierre,88167,2020,Faux,"En cours de réalisation",
7e4870fc-e88f-4d0c-802c-5b23f0e747a6,"ABiC de la Communauté de Communes Bruyères Vallons des Vosges",,"Syndicat intercommunal",Fays,88169,2020,Faux,"En cours de réalisation",
7e4870fc-e88f-4d0c-802c-5b23f0e747a6,"ABiC de la Communauté de Communes Bruyères Vallons des Vosges",,"Syndicat intercommunal",Fiménil,88172,2020,Faux,"En cours de réalisation",
7e4870fc-e88f-4d0c-802c-5b23f0e747a6,"ABiC de la Communauté de Communes Bruyères Vallons des Vosges",,"Syndicat intercommunal",Fontenay,88175,2020,Faux,"En cours de réalisation",
7e4870fc-e88f-4d0c-802c-5b23f0e747a6,"ABiC de la Communauté de Communes Bruyères Vallons des Vosges",,"Syndicat intercommunal",Fremifontaine,88184,2020,Faux,"En cours de réalisation",
7e4870fc-e88f-4d0c-802c-5b23f0e747a6,"ABiC de la Communauté de Communes Bruyères Vallons des Vosges",,"Syndicat intercommunal",Girecourt-sur-Durbion,88203,2020,Faux,"En cours de réalisation",
7e4870fc-e88f-4d0c-802c-5b23f0e747a6,"ABiC de la Communauté de Communes Bruyères Vallons des Vosges",,"Syndicat intercommunal",Grandvillers,88216,2020,Faux,"En cours de réalisation",
7e4870fc-e88f-4d0c-802c-5b23f0e747a6,"ABiC de la Communauté de Communes Bruyères Vallons des Vosges",,"Syndicat intercommunal",Gugnécourt,88222,2020,Faux,"En cours de réalisation",
7e4870fc-e88f-4d0c-802c-5b23f0e747a6,"ABiC de la Communauté de Communes Bruyères Vallons des Vosges",,"Syndicat intercommunal",Herpelmont,88240,2020,Faux,"En cours de réalisation",
7e4870fc-e88f-4d0c-802c-5b23f0e747a6,"ABiC de la Communauté de Communes Bruyères Vallons des Vosges",,"Syndicat intercommunal",Jussarupt,88256,2020,Faux,"En cours de réalisation",
7e4870fc-e88f-4d0c-802c-5b23f0e747a6,"ABiC de la Communauté de Communes Bruyères Vallons des Vosges",,"Syndicat intercommunal",Laval-sur-Vologne,88261,2020,Faux,"En cours de réalisation",
7e4870fc-e88f-4d0c-802c-5b23f0e747a6,"ABiC de la Communauté de Communes Bruyères Vallons des Vosges",,"Syndicat intercommunal",Laveline-devant-Bruyères,88262,2020,Faux,"En cours de réalisation",
7e4870fc-e88f-4d0c-802c-5b23f0e747a6,"ABiC de la Communauté de Communes Bruyères Vallons des Vosges",,"Syndicat intercommunal",Laveline-du-Houx,88263,2020,Faux,"En cours de réalisation",
7e4870fc-e88f-4d0c-802c-5b23f0e747a6,"ABiC de la Communauté de Communes Bruyères Vallons des Vosges",,"Syndicat intercommunal",Lépanges-sur-Vologne,88266,2020,Faux,"En cours de réalisation",
7e4870fc-e88f-4d0c-802c-5b23f0e747a6,"ABiC de la Communauté de Communes Bruyères Vallons des Vosges",,"Syndicat intercommunal",Méménil,88297,2020,Faux,"En cours de réalisation",
7e4870fc-e88f-4d0c-802c-5b23f0e747a6,"ABiC de la Communauté de Communes Bruyères Vallons des Vosges",,"Syndicat intercommunal","La Neuveville-devant-Lépanges",88322,2020,Faux,"En cours de réalisation",
7e4870fc-e88f-4d0c-802c-5b23f0e747a6,"ABiC de la Communauté de Communes Bruyères Vallons des Vosges",,"Syndicat intercommunal",Nonzeville,88331,2020,Faux,"En cours de réalisation",
7e4870fc-e88f-4d0c-802c-5b23f0e747a6,"ABiC de la Communauté de Communes Bruyères Vallons des Vosges",,"Syndicat intercommunal",Pierrepont-sur-l'Arentèle,88348,2020,Faux,"En cours de réalisation",
7e4870fc-e88f-4d0c-802c-5b23f0e747a6,"ABiC de la Communauté de Communes Bruyères Vallons des Vosges",,"Syndicat intercommunal",Prey,88359,2020,Faux,"En cours de réalisation",
7e4870fc-e88f-4d0c-802c-5b23f0e747a6,"ABiC de la Communauté de Communes Bruyères Vallons des Vosges",,"Syndicat intercommunal","Le Roulier",88399,2020,Faux,"En cours de réalisation",
7e4870fc-e88f-4d0c-802c-5b23f0e747a6,"ABiC de la Communauté de Communes Bruyères Vallons des Vosges",,"Syndicat intercommunal",Vervezelle,88502,2020,Faux,"En cours de réalisation",
7e4870fc-e88f-4d0c-802c-5b23f0e747a6,"ABiC de la Communauté de Communes Bruyères Vallons des Vosges",,"Syndicat intercommunal",Viménil,88512,2020,Faux,"En cours de réalisation",
7e4870fc-e88f-4d0c-802c-5b23f0e747a6,"ABiC de la Communauté de Communes Bruyères Vallons des Vosges",,"Syndicat intercommunal",Xamontarupt,88528,2020,Faux,"En cours de réalisation",
d3e460d0-2769-4801-b7f7-4fb9e9ef38d6,"APC du CPIE Vallée de Somme",,,Beaucourt-sur-l'Hallue,80066,2017,Faux,Fini,https://www.somme-nature.fr/apc.php
d3e460d0-2769-4801-b7f7-4fb9e9ef38d6,"APC du CPIE Vallée de Somme",,,Bovelles,80130,2017,Faux,Fini,https://www.somme-nature.fr/apc.php
d3e460d0-2769-4801-b7f7-4fb9e9ef38d6,"APC du CPIE Vallée de Somme",,,Domesmont,80243,2017,Faux,Fini,https://www.somme-nature.fr/apc.php
d3e460d0-2769-4801-b7f7-4fb9e9ef38d6,"APC du CPIE Vallée de Somme",,,Vignacourt,80793,2017,Faux,Fini,https://www.somme-nature.fr/apc.php
d3e460d0-2769-4801-b7f7-4fb9e9ef38d6,"APC du CPIE Vallée de Somme",,,Coisy,80202,2017,Faux,Fini,https://www.somme-nature.fr/apc.php
d3e460d0-2769-4801-b7f7-4fb9e9ef38d6,"APC du CPIE Vallée de Somme",,,Pierregot,80624,2017,Faux,Fini,https://www.somme-nature.fr/apc.php
d3e460d0-2769-4801-b7f7-4fb9e9ef38d6,"APC du CPIE Vallée de Somme",,,Canaples,80166,2017,Faux,Fini,https://www.somme-nature.fr/apc.php
aec4a4bb-f5ec-4401-b626-efbf9b4d5b52,"Atlas de biodiversité des Gorges de la Loire","Syndicat Mixte d'aménagement des Gorges de la Loire","Syndicat mixte",Caloire,42031,2017,Vrai,"En cours de réalisation",https://www.smagl.com/Les-ABC-gorges-loire-smagl-212-0.html
aec4a4bb-f5ec-4401-b626-efbf9b4d5b52,"Atlas de biodiversité des Gorges de la Loire","Syndicat Mixte d'aménagement des Gorges de la Loire","Syndicat mixte",Chambles,42042,2017,Vrai,"En cours de réalisation",https://www.smagl.com/Les-ABC-gorges-loire-smagl-212-0.html
aec4a4bb-f5ec-4401-b626-efbf9b4d5b52,"Atlas de biodiversité des Gorges de la Loire","Syndicat Mixte d'aménagement des Gorges de la Loire","Syndicat mixte",Saint-Maurice-en-Gourgois,42262,2017,Vrai,"En cours de réalisation",https://www.smagl.com/Les-ABC-gorges-loire-smagl-212-0.html
aec4a4bb-f5ec-4401-b626-efbf9b4d5b52,"Atlas de biodiversité des Gorges de la Loire","Syndicat Mixte d'aménagement des Gorges de la Loire","Syndicat mixte",Saint-Paul-en-Cornillon,42270,2017,Vrai,"En cours de réalisation",https://www.smagl.com/Les-ABC-gorges-loire-smagl-212-0.html
aec4a4bb-f5ec-4401-b626-efbf9b4d5b52,"Atlas de biodiversité des Gorges de la Loire","Syndicat Mixte d'aménagement des Gorges de la Loire","Syndicat mixte",Saint-Étienne,42218,2017,Vrai,"En cours de réalisation",https://www.smagl.com/Les-ABC-gorges-loire-smagl-212-0.html
aec4a4bb-f5ec-4401-b626-efbf9b4d5b52,"Atlas de biodiversité des Gorges de la Loire","Syndicat Mixte d'aménagement des Gorges de la Loire","Syndicat mixte",Unieux,42316,2017,Vrai,"En cours de réalisation",https://www.smagl.com/Les-ABC-gorges-loire-smagl-212-0.html
c9216a56-58a4-46f0-9e95-95b0a7afa559,"Atlas de la biodiversité communale de Fontevraud-l’Abbaye et Montsoreau",Loire-Anjou-Touraine,"Parc naturel régional",Montsoreau,49219,2022,Vrai,"En phase de lancement",https://www.parc-loire-anjou-touraine.fr/atlas-de-la-biodiversite-communale-de-montsoreau-et-fontev…
c9216a56-58a4-46f0-9e95-95b0a7afa559,"Atlas de la biodiversité communale de Fontevraud-l’Abbaye et Montsoreau",Loire-Anjou-Touraine,"Parc naturel régional",Fontevraud-l'Abbaye,49140,2022,Vrai,"En phase de lancement",https://www.parc-loire-anjou-touraine.fr/atlas-de-la-biodiversite-communale-de-montsoreau-et-fontev…
4f767311-f580-49e7-b3df-a2c93fcf8487,"Atlas de la Biodiversité communale de l'Ernée",,"Etablissement public de coopération intercommunale (EPCI)",Andouillé,53005,2022,Vrai,"En phase de lancement",
4f767311-f580-49e7-b3df-a2c93fcf8487,"Atlas de la Biodiversité communale de l'Ernée",,"Etablissement public de coopération intercommunale (EPCI)","La Baconnière",53015,2022,Vrai,"En phase de lancement",
4f767311-f580-49e7-b3df-a2c93fcf8487,"Atlas de la Biodiversité communale de l'Ernée",,"Etablissement public de coopération intercommunale (EPCI)","La Bigottière",53031,2022,Vrai,"En phase de lancement",
4f767311-f580-49e7-b3df-a2c93fcf8487,"Atlas de la Biodiversité communale de l'Ernée",,"Etablissement public de coopération intercommunale (EPCI)",Chailland,53048,2022,Vrai,"En phase de lancement",
4f767311-f580-49e7-b3df-a2c93fcf8487,"Atlas de la Biodiversité communale de l'Ernée",,"Etablissement public de coopération intercommunale (EPCI)","La Croixille",53086,2022,Vrai,"En phase de lancement",
4f767311-f580-49e7-b3df-a2c93fcf8487,"Atlas de la Biodiversité communale de l'Ernée",,"Etablissement public de coopération intercommunale (EPCI)",Ernée,53096,2022,Vrai,"En phase de lancement",
4f767311-f580-49e7-b3df-a2c93fcf8487,"Atlas de la Biodiversité communale de l'Ernée",,"Etablissement public de coopération intercommunale (EPCI)",Juvigné,53123,2022,Vrai,"En phase de lancement",
4f767311-f580-49e7-b3df-a2c93fcf8487,"Atlas de la Biodiversité communale de l'Ernée",,"Etablissement public de coopération intercommunale (EPCI)",Larchamp,53126,2022,Vrai,"En phase de lancement",
4f767311-f580-49e7-b3df-a2c93fcf8487,"Atlas de la Biodiversité communale de l'Ernée",,"Etablissement public de coopération intercommunale (EPCI)",Montenay,53155,2022,Vrai,"En phase de lancement",
4f767311-f580-49e7-b3df-a2c93fcf8487,"Atlas de la Biodiversité communale de l'Ernée",,"Etablissement public de coopération intercommunale (EPCI)","La Pellerine",53177,2022,Vrai,"En phase de lancement",
4f767311-f580-49e7-b3df-a2c93fcf8487,"Atlas de la Biodiversité communale de l'Ernée",,"Etablissement public de coopération intercommunale (EPCI)",Saint-Denis-de-Gastines,53211,2022,Vrai,"En phase de lancement",
4f767311-f580-49e7-b3df-a2c93fcf8487,"Atlas de la Biodiversité communale de l'Ernée",,"Etablissement public de coopération intercommunale (EPCI)",Saint-Germain-le-Guillaume,53225,2022,Vrai,"En phase de lancement",
4f767311-f580-49e7-b3df-a2c93fcf8487,"Atlas de la Biodiversité communale de l'Ernée",,"Etablissement public de coopération intercommunale (EPCI)",Saint-Hilaire-du-Maine,53226,2022,Vrai,"En phase de lancement",
4f767311-f580-49e7-b3df-a2c93fcf8487,"Atlas de la Biodiversité communale de l'Ernée",,"Etablissement public de coopération intercommunale (EPCI)",Saint-Pierre-des-Landes,53245,2022,Vrai,"En phase de lancement",
4f767311-f580-49e7-b3df-a2c93fcf8487,"Atlas de la Biodiversité communale de l'Ernée",,"Etablissement public de coopération intercommunale (EPCI)",Vautorte,53269,2022,Vrai,"En phase de lancement",
a2c79b2b-c67d-4177-b9a3-bbb15a72bbff,"Atlas de la Biodiversité Communale pour les communes de Drefféac, Sévérac, Saint-Gildas-des-Bois, Sainte Anne sur Brivet et Guenrouët",,"Etablissement public de coopération intercommunale (EPCI)",Drefféac,44053,2022,Vrai,"En phase de lancement",
a2c79b2b-c67d-4177-b9a3-bbb15a72bbff,"Atlas de la Biodiversité Communale pour les communes de Drefféac, Sévérac, Saint-Gildas-des-Bois, Sainte Anne sur Brivet et Guenrouët",,"Etablissement public de coopération intercommunale (EPCI)",Sévérac,44196,2022,Vrai,"En phase de lancement",
a2c79b2b-c67d-4177-b9a3-bbb15a72bbff,"Atlas de la Biodiversité Communale pour les communes de Drefféac, Sévérac, Saint-Gildas-des-Bois, Sainte Anne sur Brivet et Guenrouët",,"Etablissement public de coopération intercommunale (EPCI)",Guenrouet,44068,2022,Vrai,"En phase de lancement",
a2c79b2b-c67d-4177-b9a3-bbb15a72bbff,"Atlas de la Biodiversité Communale pour les communes de Drefféac, Sévérac, Saint-Gildas-des-Bois, Sainte Anne sur Brivet et Guenrouët",,"Etablissement public de coopération intercommunale (EPCI)",Sainte-Anne-sur-Brivet,44152,2022,Vrai,"En phase de lancement",
a2c79b2b-c67d-4177-b9a3-bbb15a72bbff,"Atlas de la Biodiversité Communale pour les communes de Drefféac, Sévérac, Saint-Gildas-des-Bois, Sainte Anne sur Brivet et Guenrouët",,"Etablissement public de coopération intercommunale (EPCI)",Saint-Gildas-des-Bois,44161,2022,Vrai,"En phase de lancement",
9fb0a9fb-1173-4476-abe3-f89df5d7db12,"Atlas de la Biodiversité Côtière de la Métropole Nice Côte d'Azur","Métropole Nice Côte d'Azur","Etablissement public de coopération intercommunale (EPCI)",Nice,06088,2018,Vrai,"En cours de réalisation",https://www.nicecotedazur.org/environnement/mer/abc
9fb0a9fb-1173-4476-abe3-f89df5d7db12,"Atlas de la Biodiversité Côtière de la Métropole Nice Côte d'Azur","Métropole Nice Côte d'Azur","Etablissement public de coopération intercommunale (EPCI)",Cagnes-sur-Mer,06027,2018,Vrai,"En cours de réalisation",https://www.nicecotedazur.org/environnement/mer/abc
9fb0a9fb-1173-4476-abe3-f89df5d7db12,"Atlas de la Biodiversité Côtière de la Métropole Nice Côte d'Azur","Métropole Nice Côte d'Azur","Etablissement public de coopération intercommunale (EPCI)",Saint-Laurent-du-Var,06123,2018,Vrai,"En cours de réalisation",https://www.nicecotedazur.org/environnement/mer/abc
9fb0a9fb-1173-4476-abe3-f89df5d7db12,"Atlas de la Biodiversité Côtière de la Métropole Nice Côte d'Azur","Métropole Nice Côte d'Azur","Etablissement public de coopération intercommunale (EPCI)",Villefranche-sur-Mer,06159,2018,Vrai,"En cours de réalisation",https://www.nicecotedazur.org/environnement/mer/abc
9fb0a9fb-1173-4476-abe3-f89df5d7db12,"Atlas de la Biodiversité Côtière de la Métropole Nice Côte d'Azur","Métropole Nice Côte d'Azur","Etablissement public de coopération intercommunale (EPCI)",Saint-Jean-Cap-Ferrat,06121,2018,Vrai,"En cours de réalisation",https://www.nicecotedazur.org/environnement/mer/abc
9fb0a9fb-1173-4476-abe3-f89df5d7db12,"Atlas de la Biodiversité Côtière de la Métropole Nice Côte d'Azur","Métropole Nice Côte d'Azur","Etablissement public de coopération intercommunale (EPCI)",Beaulieu-sur-Mer,06011,2018,Vrai,"En cours de réalisation",https://www.nicecotedazur.org/environnement/mer/abc
9fb0a9fb-1173-4476-abe3-f89df5d7db12,"Atlas de la Biodiversité Côtière de la Métropole Nice Côte d'Azur","Métropole Nice Côte d'Azur","Etablissement public de coopération intercommunale (EPCI)",Èze,06059,2018,Vrai,"En cours de réalisation",https://www.nicecotedazur.org/environnement/mer/abc
9fb0a9fb-1173-4476-abe3-f89df5d7db12,"Atlas de la Biodiversité Côtière de la Métropole Nice Côte d'Azur","Métropole Nice Côte d'Azur","Etablissement public de coopération intercommunale (EPCI)",Cap-d'Ail,06032,2018,Vrai,"En cours de réalisation",https://www.nicecotedazur.org/environnement/mer/abc
23e068d1-b88c-4fb4-b9f0-38a4362e8f36,"Atlas de la Biodiversité Métropolitaine de Nantes Métropole","Nantes Métropole","Etablissement public de coopération intercommunale (EPCI)",Basse-Goulaine,44009,2017,Vrai,Fini,https://metropole.nantes.fr/territoire-institutions/nantes-metropole/competences/nature-et-biodiver…
23e068d1-b88c-4fb4-b9f0-38a4362e8f36,"Atlas de la Biodiversité Métropolitaine de Nantes Métropole","Nantes Métropole","Etablissement public de coopération intercommunale (EPCI)",Bouaye,44018,2017,Vrai,Fini,https://metropole.nantes.fr/territoire-institutions/nantes-metropole/competences/nature-et-biodiver…
23e068d1-b88c-4fb4-b9f0-38a4362e8f36,"Atlas de la Biodiversité Métropolitaine de Nantes Métropole","Nantes Métropole","Etablissement public de coopération intercommunale (EPCI)",Bouguenais,44020,2017,Vrai,Fini,https://metropole.nantes.fr/territoire-institutions/nantes-metropole/competences/nature-et-biodiver…
23e068d1-b88c-4fb4-b9f0-38a4362e8f36,"Atlas de la Biodiversité Métropolitaine de Nantes Métropole","Nantes Métropole","Etablissement public de coopération intercommunale (EPCI)",Brains,44024,2017,Vrai,Fini,https://metropole.nantes.fr/territoire-institutions/nantes-metropole/competences/nature-et-biodiver…
23e068d1-b88c-4fb4-b9f0-38a4362e8f36,"Atlas de la Biodiversité Métropolitaine de Nantes Métropole","Nantes Métropole","Etablissement public de coopération intercommunale (EPCI)",Carquefou,44026,2017,Vrai,Fini,https://metropole.nantes.fr/territoire-institutions/nantes-metropole/competences/nature-et-biodiver…
23e068d1-b88c-4fb4-b9f0-38a4362e8f36,"Atlas de la Biodiversité Métropolitaine de Nantes Métropole","Nantes Métropole","Etablissement public de coopération intercommunale (EPCI)","La Chapelle-sur-Erdre",44035,2017,Vrai,Fini,https://metropole.nantes.fr/territoire-institutions/nantes-metropole/competences/nature-et-biodiver…
23e068d1-b88c-4fb4-b9f0-38a4362e8f36,"Atlas de la Biodiversité Métropolitaine de Nantes Métropole","Nantes Métropole","Etablissement public de coopération intercommunale (EPCI)",Couëron,44047,2017,Vrai,Fini,https://metropole.nantes.fr/territoire-institutions/nantes-metropole/competences/nature-et-biodiver…
23e068d1-b88c-4fb4-b9f0-38a4362e8f36,"Atlas de la Biodiversité Métropolitaine de Nantes Métropole","Nantes Métropole","Etablissement public de coopération intercommunale (EPCI)",Indre,44074,2017,Vrai,Fini,https://metropole.nantes.fr/territoire-institutions/nantes-metropole/competences/nature-et-biodiver…
23e068d1-b88c-4fb4-b9f0-38a4362e8f36,"Atlas de la Biodiversité Métropolitaine de Nantes Métropole","Nantes Métropole","Etablissement public de coopération intercommunale (EPCI)",Mauves-sur-Loire,44094,2017,Vrai,Fini,https://metropole.nantes.fr/territoire-institutions/nantes-metropole/competences/nature-et-biodiver…
23e068d1-b88c-4fb4-b9f0-38a4362e8f36,"Atlas de la Biodiversité Métropolitaine de Nantes Métropole","Nantes Métropole","Etablissement public de coopération intercommunale (EPCI)","La Montagne",44101,2017,Vrai,Fini,https://metropole.nantes.fr/territoire-institutions/nantes-metropole/competences/nature-et-biodiver…
23e068d1-b88c-4fb4-b9f0-38a4362e8f36,"Atlas de la Biodiversité Métropolitaine de Nantes Métropole","Nantes Métropole","Etablissement public de coopération intercommunale (EPCI)",Nantes,44109,2017,Vrai,Fini,https://metropole.nantes.fr/territoire-institutions/nantes-metropole/competences/nature-et-biodiver…
23e068d1-b88c-4fb4-b9f0-38a4362e8f36,"Atlas de la Biodiversité Métropolitaine de Nantes Métropole","Nantes Métropole","Etablissement public de coopération intercommunale (EPCI)",Orvault,44114,2017,Vrai,Fini,https://metropole.nantes.fr/territoire-institutions/nantes-metropole/competences/nature-et-biodiver…
23e068d1-b88c-4fb4-b9f0-38a4362e8f36,"Atlas de la Biodiversité Métropolitaine de Nantes Métropole","Nantes Métropole","Etablissement public de coopération intercommunale (EPCI)","Le Pellerin",44120,2017,Vrai,Fini,https://metropole.nantes.fr/territoire-institutions/nantes-metropole/competences/nature-et-biodiver…
23e068d1-b88c-4fb4-b9f0-38a4362e8f36,"Atlas de la Biodiversité Métropolitaine de Nantes Métropole","Nantes Métropole","Etablissement public de coopération intercommunale (EPCI)",Rezé,44143,2017,Vrai,Fini,https://metropole.nantes.fr/territoire-institutions/nantes-metropole/competences/nature-et-biodiver…
23e068d1-b88c-4fb4-b9f0-38a4362e8f36,"Atlas de la Biodiversité Métropolitaine de Nantes Métropole","Nantes Métropole","Etablissement public de coopération intercommunale (EPCI)",Saint-Aignan-Grandlieu,44150,2017,Vrai,Fini,https://metropole.nantes.fr/territoire-institutions/nantes-metropole/competences/nature-et-biodiver…
23e068d1-b88c-4fb4-b9f0-38a4362e8f36,"Atlas de la Biodiversité Métropolitaine de Nantes Métropole","Nantes Métropole","Etablissement public de coopération intercommunale (EPCI)",Saint-Herblain,44162,2017,Vrai,Fini,https://metropole.nantes.fr/territoire-institutions/nantes-metropole/competences/nature-et-biodiver…
23e068d1-b88c-4fb4-b9f0-38a4362e8f36,"Atlas de la Biodiversité Métropolitaine de Nantes Métropole","Nantes Métropole","Etablissement public de coopération intercommunale (EPCI)",Saint-Jean-de-Boiseau,44166,2017,Vrai,Fini,https://metropole.nantes.fr/territoire-institutions/nantes-metropole/competences/nature-et-biodiver…
23e068d1-b88c-4fb4-b9f0-38a4362e8f36,"Atlas de la Biodiversité Métropolitaine de Nantes Métropole","Nantes Métropole","Etablissement public de coopération intercommunale (EPCI)",Saint-Léger-les-Vignes,44171,2017,Vrai,Fini,https://metropole.nantes.fr/territoire-institutions/nantes-metropole/competences/nature-et-biodiver…
23e068d1-b88c-4fb4-b9f0-38a4362e8f36,"Atlas de la Biodiversité Métropolitaine de Nantes Métropole","Nantes Métropole","Etablissement public de coopération intercommunale (EPCI)",Sainte-Luce-sur-Loire,44172,2017,Vrai,Fini,https://metropole.nantes.fr/territoire-institutions/nantes-metropole/competences/nature-et-biodiver…
23e068d1-b88c-4fb4-b9f0-38a4362e8f36,"Atlas de la Biodiversité Métropolitaine de Nantes Métropole","Nantes Métropole","Etablissement public de coopération intercommunale (EPCI)",Saint-Sébastien-sur-Loire,44190,2017,Vrai,Fini,https://metropole.nantes.fr/territoire-institutions/nantes-metropole/competences/nature-et-biodiver…
23e068d1-b88c-4fb4-b9f0-38a4362e8f36,"Atlas de la Biodiversité Métropolitaine de Nantes Métropole","Nantes Métropole","Etablissement public de coopération intercommunale (EPCI)",Sautron,44194,2017,Vrai,Fini,https://metropole.nantes.fr/territoire-institutions/nantes-metropole/competences/nature-et-biodiver…
23e068d1-b88c-4fb4-b9f0-38a4362e8f36,"Atlas de la Biodiversité Métropolitaine de Nantes Métropole","Nantes Métropole","Etablissement public de coopération intercommunale (EPCI)","Les Sorinières",44198,2017,Vrai,Fini,https://metropole.nantes.fr/territoire-institutions/nantes-metropole/competences/nature-et-biodiver…
23e068d1-b88c-4fb4-b9f0-38a4362e8f36,"Atlas de la Biodiversité Métropolitaine de Nantes Métropole","Nantes Métropole","Etablissement public de coopération intercommunale (EPCI)",Thouaré-sur-Loire,44204,2017,Vrai,Fini,https://metropole.nantes.fr/territoire-institutions/nantes-metropole/competences/nature-et-biodiver…
23e068d1-b88c-4fb4-b9f0-38a4362e8f36,"Atlas de la Biodiversité Métropolitaine de Nantes Métropole","Nantes Métropole","Etablissement public de coopération intercommunale (EPCI)",Vertou,44215,2017,Vrai,Fini,https://metropole.nantes.fr/territoire-institutions/nantes-metropole/competences/nature-et-biodiver…
1a78a05f-29e7-4f89-8640-dc9bb7cacd4f,"Atlas participatif de la biodiversité amfrevillaise",Amfreville-la-Mi-Voie,Commune,Amfreville-la-Mi-Voie,76005,2021,Vrai,"En cours de réalisation",
89958df1-9d45-4d2a-b896-01b54c697866,"C.Biodiv, l’Atlas de la Biodiversité de la métropole clermontoise","Clermont Auvergne Métropole","Etablissement public de coopération intercommunale (EPCI)",Clermont-Ferrand,63113,2019,Faux,"En cours de réalisation",https://cbiodiv.org/
89958df1-9d45-4d2a-b896-01b54c697866,"C.Biodiv, l’Atlas de la Biodiversité de la métropole clermontoise","Clermont Auvergne Métropole","Etablissement public de coopération intercommunale (EPCI)",Châteaugay,63099,2019,Faux,"En cours de réalisation",https://cbiodiv.org/
89958df1-9d45-4d2a-b896-01b54c697866,"C.Biodiv, l’Atlas de la Biodiversité de la métropole clermontoise","Clermont Auvergne Métropole","Etablissement public de coopération intercommunale (EPCI)",Blanzat,63042,2019,Faux,"En cours de réalisation",https://cbiodiv.org/
89958df1-9d45-4d2a-b896-01b54c697866,"C.Biodiv, l’Atlas de la Biodiversité de la métropole clermontoise","Clermont Auvergne Métropole","Etablissement public de coopération intercommunale (EPCI)",Cébazat,63063,2019,Faux,"En cours de réalisation",https://cbiodiv.org/
89958df1-9d45-4d2a-b896-01b54c697866,"C.Biodiv, l’Atlas de la Biodiversité de la métropole clermontoise","Clermont Auvergne Métropole","Etablissement public de coopération intercommunale (EPCI)",Gerzat,63164,2019,Faux,"En cours de réalisation",https://cbiodiv.org/
89958df1-9d45-4d2a-b896-01b54c697866,"C.Biodiv, l’Atlas de la Biodiversité de la métropole clermontoise","Clermont Auvergne Métropole","Etablissement public de coopération intercommunale (EPCI)",Nohanent,63254,2019,Faux,"En cours de réalisation",https://cbiodiv.org/
89958df1-9d45-4d2a-b896-01b54c697866,"C.Biodiv, l’Atlas de la Biodiversité de la métropole clermontoise","Clermont Auvergne Métropole","Etablissement public de coopération intercommunale (EPCI)",Durtol,63141,2019,Faux,"En cours de réalisation",https://cbiodiv.org/
89958df1-9d45-4d2a-b896-01b54c697866,"C.Biodiv, l’Atlas de la Biodiversité de la métropole clermontoise","Clermont Auvergne Métropole","Etablissement public de coopération intercommunale (EPCI)",Orcines,63263,2019,Faux,"En cours de réalisation",https://cbiodiv.org/
89958df1-9d45-4d2a-b896-01b54c697866,"C.Biodiv, l’Atlas de la Biodiversité de la métropole clermontoise","Clermont Auvergne Métropole","Etablissement public de coopération intercommunale (EPCI)",Chamalières,63075,2019,Faux,"En cours de réalisation",https://cbiodiv.org/
89958df1-9d45-4d2a-b896-01b54c697866,"C.Biodiv, l’Atlas de la Biodiversité de la métropole clermontoise","Clermont Auvergne Métropole","Etablissement public de coopération intercommunale (EPCI)",Royat,63308,2019,Faux,"En cours de réalisation",https://cbiodiv.org/
89958df1-9d45-4d2a-b896-01b54c697866,"C.Biodiv, l’Atlas de la Biodiversité de la métropole clermontoise","Clermont Auvergne Métropole","Etablissement public de coopération intercommunale (EPCI)",Beaumont,63032,2019,Faux,"En cours de réalisation",https://cbiodiv.org/
89958df1-9d45-4d2a-b896-01b54c697866,"C.Biodiv, l’Atlas de la Biodiversité de la métropole clermontoise","Clermont Auvergne Métropole","Etablissement public de coopération intercommunale (EPCI)",Aubière,63014,2019,Faux,"En cours de réalisation",https://cbiodiv.org/
89958df1-9d45-4d2a-b896-01b54c697866,"C.Biodiv, l’Atlas de la Biodiversité de la métropole clermontoise","Clermont Auvergne Métropole","Etablissement public de coopération intercommunale (EPCI)",Ceyrat,63070,2019,Faux,"En cours de réalisation",https://cbiodiv.org/
89958df1-9d45-4d2a-b896-01b54c697866,"C.Biodiv, l’Atlas de la Biodiversité de la métropole clermontoise","Clermont Auvergne Métropole","Etablissement public de coopération intercommunale (EPCI)",Aulnat,63019,2019,Faux,"En cours de réalisation",https://cbiodiv.org/
89958df1-9d45-4d2a-b896-01b54c697866,"C.Biodiv, l’Atlas de la Biodiversité de la métropole clermontoise","Clermont Auvergne Métropole","Etablissement public de coopération intercommunale (EPCI)",Cournon-d'Auvergne,63124,2019,Faux,"En cours de réalisation",https://cbiodiv.org/
89958df1-9d45-4d2a-b896-01b54c697866,"C.Biodiv, l’Atlas de la Biodiversité de la métropole clermontoise","Clermont Auvergne Métropole","Etablissement public de coopération intercommunale (EPCI)",Lempdes,63193,2019,Faux,"En cours de réalisation",https://cbiodiv.org/
89958df1-9d45-4d2a-b896-01b54c697866,"C.Biodiv, l’Atlas de la Biodiversité de la métropole clermontoise","Clermont Auvergne Métropole","Etablissement public de coopération intercommunale (EPCI)",Pont-du-Château,63284,2019,Faux,"En cours de réalisation",https://cbiodiv.org/
89958df1-9d45-4d2a-b896-01b54c697866,"C.Biodiv, l’Atlas de la Biodiversité de la métropole clermontoise","Clermont Auvergne Métropole","Etablissement public de coopération intercommunale (EPCI)",Pérignat-lès-Sarliève,63272,2019,Faux,"En cours de réalisation",https://cbiodiv.org/
89958df1-9d45-4d2a-b896-01b54c697866,"C.Biodiv, l’Atlas de la Biodiversité de la métropole clermontoise","Clermont Auvergne Métropole","Etablissement public de coopération intercommunale (EPCI)","Le Cendre",63069,2019,Faux,"En cours de réalisation",https://cbiodiv.org/
89958df1-9d45-4d2a-b896-01b54c697866,"C.Biodiv, l’Atlas de la Biodiversité de la métropole clermontoise","Clermont Auvergne Métropole","Etablissement public de coopération intercommunale (EPCI)",Romagnat,63307,2019,Faux,"En cours de réalisation",https://cbiodiv.org/
89958df1-9d45-4d2a-b896-01b54c697866,"C.Biodiv, l’Atlas de la Biodiversité de la métropole clermontoise","Clermont Auvergne Métropole","Etablissement public de coopération intercommunale (EPCI)",Saint-Genès-Champanelle,63345,2019,Faux,"En cours de réalisation",https://cbiodiv.org/
5b5ddc81-6d98-45b0-815f-e1ed10b2ca96,"Deuxième ABC de Louvie-Soubiron",Louvie-Soubiron,Commune,Louvie-Soubiron,64354,2018,Vrai,"En cours de réalisation",
6d9460e6-4c2b-445c-8701-c09634c60e1c,"Deuxième ABC du PNR Golfe du Morbihan","Golfe Du Morbihan","Parc naturel régional",Arradon,56003,2021,Vrai,"En cours de réalisation",https://www.parc-golfe-morbihan.bzh/atlas-de-la-biodiversite-communale/
6d9460e6-4c2b-445c-8701-c09634c60e1c,"Deuxième ABC du PNR Golfe du Morbihan","Golfe Du Morbihan","Parc naturel régional",Arzon,56005,2021,Vrai,"En cours de réalisation",https://www.parc-golfe-morbihan.bzh/atlas-de-la-biodiversite-communale/
6d9460e6-4c2b-445c-8701-c09634c60e1c,"Deuxième ABC du PNR Golfe du Morbihan","Golfe Du Morbihan","Parc naturel régional",Auray,56007,2021,Vrai,"En cours de réalisation",https://www.parc-golfe-morbihan.bzh/atlas-de-la-biodiversite-communale/
6d9460e6-4c2b-445c-8701-c09634c60e1c,"Deuxième ABC du PNR Golfe du Morbihan","Golfe Du Morbihan","Parc naturel régional",Brech,56023,2021,Vrai,"En cours de réalisation",https://www.parc-golfe-morbihan.bzh/atlas-de-la-biodiversite-communale/
6d9460e6-4c2b-445c-8701-c09634c60e1c,"Deuxième ABC du PNR Golfe du Morbihan","Golfe Du Morbihan","Parc naturel régional",Damgan,56052,2021,Vrai,"En cours de réalisation",https://www.parc-golfe-morbihan.bzh/atlas-de-la-biodiversite-communale/
6d9460e6-4c2b-445c-8701-c09634c60e1c,"Deuxième ABC du PNR Golfe du Morbihan","Golfe Du Morbihan","Parc naturel régional",Bono,56262,2021,Vrai,"En cours de réalisation",https://www.parc-golfe-morbihan.bzh/atlas-de-la-biodiversite-communale/
6d9460e6-4c2b-445c-8701-c09634c60e1c,"Deuxième ABC du PNR Golfe du Morbihan","Golfe Du Morbihan","Parc naturel régional","Le Tour-du-Parc",56252,2021,Vrai,"En cours de réalisation",https://www.parc-golfe-morbihan.bzh/atlas-de-la-biodiversite-communale/
6d9460e6-4c2b-445c-8701-c09634c60e1c,"Deuxième ABC du PNR Golfe du Morbihan","Golfe Du Morbihan","Parc naturel régional",Locmariaquer,56116,2021,Vrai,"En cours de réalisation",https://www.parc-golfe-morbihan.bzh/atlas-de-la-biodiversite-communale/
6d9460e6-4c2b-445c-8701-c09634c60e1c,"Deuxième ABC du PNR Golfe du Morbihan","Golfe Du Morbihan","Parc naturel régional",Saint-Armel,56205,2021,Vrai,"En cours de réalisation",https://www.parc-golfe-morbihan.bzh/atlas-de-la-biodiversite-communale/
6d9460e6-4c2b-445c-8701-c09634c60e1c,"Deuxième ABC du PNR Golfe du Morbihan","Golfe Du Morbihan","Parc naturel régional",Saint-Nolff,56231,2021,Vrai,"En cours de réalisation",https://www.parc-golfe-morbihan.bzh/atlas-de-la-biodiversite-communale/
6d9460e6-4c2b-445c-8701-c09634c60e1c,"Deuxième ABC du PNR Golfe du Morbihan","Golfe Du Morbihan","Parc naturel régional",Saint-Gildas-de-Rhuys,56214,2021,Vrai,"En cours de réalisation",https://www.parc-golfe-morbihan.bzh/atlas-de-la-biodiversite-communale/
6d9460e6-4c2b-445c-8701-c09634c60e1c,"Deuxième ABC du PNR Golfe du Morbihan","Golfe Du Morbihan","Parc naturel régional",Saint-Philibert,56233,2021,Vrai,"En cours de réalisation",https://www.parc-golfe-morbihan.bzh/atlas-de-la-biodiversite-communale/
6d9460e6-4c2b-445c-8701-c09634c60e1c,"Deuxième ABC du PNR Golfe du Morbihan","Golfe Du Morbihan","Parc naturel régional",Sarzeau,56240,2021,Vrai,"En cours de réalisation",https://www.parc-golfe-morbihan.bzh/atlas-de-la-biodiversite-communale/
6d9460e6-4c2b-445c-8701-c09634c60e1c,"Deuxième ABC du PNR Golfe du Morbihan","Golfe Du Morbihan","Parc naturel régional",Séné,56243,2021,Vrai,"En cours de réalisation",https://www.parc-golfe-morbihan.bzh/atlas-de-la-biodiversite-communale/
6d9460e6-4c2b-445c-8701-c09634c60e1c,"Deuxième ABC du PNR Golfe du Morbihan","Golfe Du Morbihan","Parc naturel régional",Theix-Noyalo,56251,2021,Vrai,"En cours de réalisation",https://www.parc-golfe-morbihan.bzh/atlas-de-la-biodiversite-communale/
c0d18aa6-3e90-48b7-b22d-85fda3d0928e,"Diagnostic de la Biodiversité Communale de Champignol-les-Mondeville",Champignol-lez-Mondeville,Commune,Champignol-lez-Mondeville,10076,,Faux,Fini,https://www.champignol-lez-mondeville.fr/articles/patrimoine-naturel
f77fbca4-3748-46c5-89e4-cd657eb143bc,"Diagnostic de la Biodiversité Communale de Val-de-Vesle",,,Val-de-Vesle,51571,2013,Faux,Fini,
60671d34-7c4f-4d2c-97b4-fd9d281eb371,EPINAL,Épinal,Commune,Épinal,88160,2019,Vrai,"En cours de réalisation",
f386db46-dfaa-495a-87cf-19d17359238c,"IBC d'Anet",Anet,Commune,Anet,28007,2015,Faux,Fini,
3362750f-2b7a-4adb-8420-7bd6163f6c60,"IBC d'Argent-sur-Sauldre",Argent-sur-Sauldre,Commune,Argent-sur-Sauldre,18011,2012,Faux,Fini,
51ed09c2-f2d2-4de8-b132-9088dd9c9bf1,"IBC d'Epernon",,,Épernon,28140,2015,Faux,Fini,
34edba0e-5588-4aa2-9409-0e4c71b57a7b,"IBC d'Esvres",Esvres,Commune,Esvres,37104,2013,Faux,Fini,
1956a6df-8ad3-4170-897f-b37ef27d7a4c,"IBC d'Ingré",,,Ingré,45169,,Faux,Fini,
d4066390-680b-4532-bc15-1b9daa9f2999,"IBC d'Olivet",,,Olivet,45232,2018,Faux,Fini,
07ccdf67-057f-44fd-b537-fd1fa18308da,"IBC d'Orléans",Orléans,Commune,Orléans,45234,2011,Faux,Fini,
5d04c2f7-5e55-4124-a036-f517881604b6,"IBC d'Yzeures-sur-creuse",,,Yzeures-sur-Creuse,37282,2012,Faux,Fini,
71c3f37d-874b-4286-bd4f-cdae3338d74b,"IBC de Bailleau-Armenonville",Bailleau-Armenonville,,Bailleau-Armenonville,28023,2015,Faux,Fini,
c2c6f4c7-7695-4e36-9ef8-8fd1ccabcfb9,"IBC de Barjouville",,,Barjouville,28024,2020,Faux,"En cours de réalisation",
3b1d66fe-5bfd-4859-8340-ea58f4583624,"IBC de Benais",Benais,Commune,Benais,37024,2014,Faux,Fini,
f155552a-cece-46e1-b1a6-09537e48c1fb,"IBC de Berchères-sur-Vesgre",Berchères-sur-Vesgre,Commune,Berchères-sur-Vesgre,28036,2012,Faux,Fini,
68dc4b12-aa50-45ae-884c-ba6bbeeb5c4f,"IBC de Bléré",,,Bléré,37027,2015,Faux,Fini,
1811ffd3-77e4-4862-8c99-1787870259ed,"IBC de Boulleret",Boulleret,Commune,Boulleret,18032,2016,Faux,Fini,
bc628cf9-8442-4809-a02c-9a2049e7764e,"IBC de Buzançais",Buzançais,Commune,Buzançais,36031,2011,Faux,Inconnu,
6052b241-667b-4bed-ab33-cfbe0bb44cb3,"IBC de Chambray-les-tours",,,Chambray-lès-Tours,37050,2019,Faux,Fini,
932dfe24-6839-4fdf-a0d2-aa96b6be1575,"IBC de Champhol",Champhol,Commune,Champhol,28070,2011,Faux,Fini,
3a55fb1e-d833-43d7-92b6-239502460060,"IBC de Chateau-Renault",,,Château-Renault,37063,2016,Faux,Fini,
049f4793-f444-4eaa-b7a9-2ed7310bffce,"IBC de Chécy",,,Chécy,45089,2015,Faux,Fini,
d9956b30-4ef2-45a4-af0c-d980a82b198d,"IBC de Cheverny",Cheverny,Commune,Cheverny,41050,2012,Faux,Fini,http://www.cdpne.org/etudes-sur-la-connaissance-du-patrimoine-naturel/inventaire-biodiversite-commu…
58bea6f0-80c3-4708-8047-9d0090773f0f,"IBC de Courtenay",,,Courtenay,45115,2020,Faux,"En cours de réalisation",
5dbd202c-5459-48b4-85f3-b2c0c1d2ddbc,"IBC de Gallardon",,,Gallardon,28168,2016,Faux,Fini,
9db52aa0-0fb0-44b5-bef0-5fabac8e8638,"IBC de Garancières-en-Drouais",,,Garancières-en-Drouais,28170,2014,Faux,Fini,
55f91e11-5b66-4897-8e76-4f0e614a25b3,"IBC de Garancières-en-Drouais",Garancières-en-Drouais,Commune,Garancières-en-Drouais,28170,2015,Faux,Fini,
164b250e-6be8-4799-a996-384ad9790282,"IBC de Graçay",,,Graçay,18103,2020,Faux,"En cours de réalisation",
9d422475-2cd6-4bd3-b723-9742ad0923a8,"IBC de Jargeau",,,Jargeau,45173,2018,Faux,Fini,
3b24e8fa-1665-4096-8e83-88ca65fc376f,"IBC de La Celle",,,"La Celle",18042,2017,Faux,Fini,
f65514e1-7a5b-4f46-bd8a-c551d5a73d09,"IBC de La Chaussée d'Ivry",,,"La Chaussée-d'Ivry",28096,2016,Faux,Fini,
f2287022-f2ec-480e-ab89-24650187e5c7,"IBC de La Ferté-Saint-Aubin","La Ferté-Saint-Aubin",Commune,"La Ferté-Saint-Aubin",45146,2012,Faux,Fini,
445025a5-d119-4eec-a2f6-037d36643b2b,"IBC de la Riche",,,"La Riche",37195,2018,Faux,Fini,
131afafd-310b-4d74-829e-b548b2f7da3c,"IBC de Larçay",,,Larçay,37124,2016,Faux,Fini,
a759f292-a159-448b-b524-05c21aa633d3,"IBC de Lèves",,,Lèves,28209,2020,Faux,Fini,
0e478e0c-d723-48f3-bc3e-db334195f69c,"IBC de Luçay-le-Mâle",Luçay-le-Mâle,Commune,Luçay-le-Mâle,36103,2015,Faux,Fini,
34dc1258-ec23-4e8e-b711-a4ed42e6c8b8,"IBC de Luisant",,,Luisant,28220,2020,Faux,"En cours de réalisation",
2c0a4b05-e254-471d-af37-98e87b36d6ee,"IBC de Mainvilliers",Mainvilliers,Commune,Mainvilliers,28229,2011,Faux,Fini,
c270da91-1297-41c1-803d-73ac53662af7,"IBC de Marçais",Marçais,Commune,Marçais,18136,2018,Faux,Fini,
4fbae4eb-0bce-4ec9-b254-82c67bb8c0ac,"IBC de Mareau-aux-Prés",Mareau-aux-Prés,Commune,Mareau-aux-Prés,45196,2015,Faux,Fini,
fc915b2a-d2ad-4e49-88f8-9b42281da41f,"IBC de Mazangé",,,Mazangé,41131,2017,Faux,Fini,
c51272f1-1136-410c-9163-636d10363989,"IBC de Mennetou-sur-cher",,,Mennetou-sur-Cher,41135,2016,Faux,Fini,
1f9d5080-c114-40e8-9cb4-f950f32daf93,"IBC de Mesland",,,Mesland,41137,2019,Faux,"En cours de réalisation",https://mesland.fr/la-biodiversite/
230f1e9e-fb48-417a-a15c-b06b66f61f9b,"IBC de Mézières-lez-Cléry",Mézières-lez-Cléry,Commune,Mézières-lez-Cléry,45204,2015,Faux,Fini,
7022eb83-8168-4747-a7af-d51da799d561,"IBC de Mondoubleau",Mondoubleau,Commune,Mondoubleau,41143,2012,Faux,Fini,
17dc57a2-ed53-4c8b-82c5-574bc5e434bf,"IBC de Montargis",,,Montargis,45208,2017,Faux,Fini,
d2292ebf-4afb-42e1-a2fa-d8b16514188f,"IBC de Montbazon",,,Montbazon,37154,2020,Faux,"En cours de réalisation",
0c9d6b8b-b858-4baf-9762-dd6e2ad9dafa,"IBC de Monts",Monts,Commune,Monts,37159,2014,Faux,Fini,
acc67cf6-c7c0-473f-8937-794c471af504,"IBC de Naveil",Naveil,Commune,Naveil,41158,2014,Faux,Fini,
67f4d084-7e4b-44d4-bb23-4a18cf81db18,"IBC de Notre-Dame-d'Oé",Notre-Dame-d'Oé,Commune,Notre-Dame-d'Oé,37172,2012,Faux,Fini,
a92139d7-e0df-4ff4-bbff-a37026c60201,"IBC de Plaimpied-Givaudins",,,Plaimpied-Givaudins,18180,2020,Faux,"En cours de réalisation",
4a295cb0-671d-49fb-b102-105f535670db,"IBC de Romorantin-Lanthenay",Romorantin-Lanthenay,Commune,Romorantin-Lanthenay,41194,2011,Faux,Fini,
186a72de-0240-4eb2-b5bf-94954dc2637b,"IBC de Saint Vitte",,,Saint-Vitte,18238,2020,Faux,"En cours de réalisation",
2e6c453c-f9e0-48d4-a4a1-ea6cd35c9dcb,"IBC de Saint-Epain",,,Saint-Épain,37216,2020,Faux,"En cours de réalisation",
207fb322-22db-44da-9b25-104e18682e60,"IBC de Saint-Georges-sur-Arnon",Saint-Georges-sur-Arnon,Commune,Saint-Georges-sur-Arnon,36195,2013,Faux,Fini,
ac848044-9ab9-4ebd-937c-df7fef2d7569,"IBC de Saint-Hilaire-la-Gravelle",Saint-Hilaire-la-Gravelle,Commune,Saint-Hilaire-la-Gravelle,41214,2011,Faux,Fini,
8e65cbaf-c17d-4154-b2ef-94c57700d271,"IBC de Saint-Jean-de-Braye",Saint-Jean-de-Braye,Commune,Saint-Jean-de-Braye,45284,2017,Faux,Fini,
56b395c1-9335-4162-8a38-89c910f1ea72,"IBC de Saint-Laurent-Nouan",Saint-Laurent-Nouan,Commune,Saint-Laurent-Nouan,41220,2014,Faux,Fini,
790720ff-aaf4-41fd-8870-902328142dba,"IBC de Saint-Lubin-des-Joncherets",Saint-Lubin-des-Joncherets,Commune,Saint-Lubin-des-Joncherets,28348,2014,Faux,Fini,
202cbd02-dc14-46d3-a26e-cefc95b14a4a,"IBC de Saint-Martin-d'Auxigny",,,Saint-Martin-d'Auxigny,18223,2020,Faux,"En cours de réalisation",
0d20ceaf-6738-4bc4-84f9-b9ce0fcaae89,"IBC de Saint-outrille",,,Saint-Outrille,18228,2021,Faux,"En cours de réalisation",
de1666a6-c708-4159-b710-0b5034b30382,"IBC de Sainte-Maure-de-Touraine",Sainte-Maure-de-Touraine,Commune,Sainte-Maure-de-Touraine,37226,2012,Faux,Fini,
6788e9bd-408c-41da-a499-6067bea0b3c2,"IBC de Salbris",,,Salbris,41232,2017,Faux,Fini,
de7201ea-ee1b-4864-84b4-aaa42501c75e,"IBC de Saran",Saran,Commune,Saran,45302,2016,Faux,Fini,
eecceafa-f4ec-416b-8500-e27e39e6e94f,"IBC de Semoy",Semoy,Commune,Semoy,45308,2016,Faux,Fini,
2afb1a64-9196-4597-99c5-c9d9d402cda5,"IBC de Touchay",,,Touchay,18266,2016,Faux,Fini,
ec0c0953-6a9b-44ce-872d-5216213d8907,"IBC de Tours",,,Tours,37261,2020,Faux,"En cours de réalisation",
cd5c697b-8a2c-4343-a444-3ff6e5aef122,"IBC de Traînou",Traînou,Commune,Traînou,45327,2013,Faux,Fini,
12667c59-d8c2-445a-9f04-78aa0e31088c,"IBC de Valaire",,,Valaire,41266,2020,Faux,"En cours de réalisation",
149d6e8e-d361-4e4b-963f-2e0f26000a61,"IBC de Valencisse",,,Valencisse,41142,2020,Faux,"En cours de réalisation",
6dd156d8-caac-4561-8831-aa5e2658f43c,"IBC de Vernouillet",Vernouillet,Commune,Vernouillet,28404,2012,Faux,Fini,
1e5e4e4f-77e9-4394-8a84-0dda9a7d0026,"IBC de Vienne-en-val",,,Vienne-en-Val,45335,2020,Faux,"En cours de réalisation",
28df7a1d-37f2-4fea-a788-ea1856803866,"IBC de Villebarou",Villebarou,Commune,Villebarou,41276,2012,Faux,Fini,
395b4a91-78eb-46f3-afb1-71688d8d8732,"IBC de Villetrun",,,Villetrun,41291,2016,Faux,Fini,
5d9eafee-8ffe-4e86-9638-6a10ae4f79c6,"IBC de Villiers-sur-Loir",Villiers-sur-Loir,Commune,Villiers-sur-Loir,41294,2012,Faux,Fini,
088ed840-6b75-462f-a52a-b574c3284522,"IBC de Vorly",,,Vorly,18288,2018,Faux,Fini,
f057bd33-d2b5-4b97-b353-dc5c4cf24288,"IBC des Montils","Les Montils",Commune,"Les Montils",41147,2015,Faux,Fini,
cc4675aa-04a3-4d2a-9dc7-1b709204f6c4,"IBC du Boullay-Mivoye",,,"Le Boullay-Mivoye",28054,2015,Faux,Fini,
b9481948-4f49-4b55-a6ab-88418f959469,"IBC du Petit Pressigny",,,"Le Petit-Pressigny",37184,2019,Faux,"En cours de réalisation",
0a50539c-1829-4ddd-8f0a-cb094a92d292,"IBC du Poinçonnet",,,"Le Poinçonnet",36159,2020,Faux,Fini,
f48640b3-b73d-4db7-a020-4217dc9058b8,"IBC du Subdray","Le Subdray",Commune,"Le Subdray",18255,2016,Faux,Fini,
d0283712-e273-47d7-887e-4cb6b271b7df,"Le Tholy","Le Tholy",Commune,"Le Tholy",88470,2022,Vrai,"En cours de réalisation",
12debfa4-62d7-49f8-ab9c-0805e29acc7d,"PNR Scarpe Escaut",Scarpe-Escaut,"Parc naturel régional",Bousignies,59100,2021,Vrai,"En cours de réalisation",http://www.pnr-scarpe-escaut.fr/rubriques/atlas-de-la-biodiversite-communale-abc
12debfa4-62d7-49f8-ab9c-0805e29acc7d,"PNR Scarpe Escaut",Scarpe-Escaut,"Parc naturel régional",Brillon,59109,2021,Vrai,"En cours de réalisation",http://www.pnr-scarpe-escaut.fr/rubriques/atlas-de-la-biodiversite-communale-abc
12debfa4-62d7-49f8-ab9c-0805e29acc7d,"PNR Scarpe Escaut",Scarpe-Escaut,"Parc naturel régional",Sars-et-Rosières,59554,2021,Vrai,"En cours de réalisation",http://www.pnr-scarpe-escaut.fr/rubriques/atlas-de-la-biodiversite-communale-abc
12debfa4-62d7-49f8-ab9c-0805e29acc7d,"PNR Scarpe Escaut",Scarpe-Escaut,"Parc naturel régional",Tilloy-lez-Marchiennes,59596,2021,Vrai,"En cours de réalisation",http://www.pnr-scarpe-escaut.fr/rubriques/atlas-de-la-biodiversite-communale-abc
12debfa4-62d7-49f8-ab9c-0805e29acc7d,"PNR Scarpe Escaut",Scarpe-Escaut,"Parc naturel régional",Wandignies-Hamage,59637,2021,Vrai,"En cours de réalisation",http://www.pnr-scarpe-escaut.fr/rubriques/atlas-de-la-biodiversite-communale-abc
c6607ba9-8dd1-443e-aca5-097bc4a7e996,"Premier ABC de Louvie-Soubiron",Louvie-Soubiron,Commune,Louvie-Soubiron,64354,2014,Faux,Inconnu,
95186c8e-06f3-410e-b331-6b77c09bfee5,"Premier ABC du PNR Golfe Du Morbihan","Golfe Du Morbihan","Parc naturel régional",Ambon,56002,2017,Vrai,Fini,https://www.parc-golfe-morbihan.bzh/atlas-de-la-biodiversite-communale/
95186c8e-06f3-410e-b331-6b77c09bfee5,"Premier ABC du PNR Golfe Du Morbihan","Golfe Du Morbihan","Parc naturel régional",Elven,56053,2017,Vrai,Fini,https://www.parc-golfe-morbihan.bzh/atlas-de-la-biodiversite-communale/
95186c8e-06f3-410e-b331-6b77c09bfee5,"Premier ABC du PNR Golfe Du Morbihan","Golfe Du Morbihan","Parc naturel régional",Lauzach,56109,2017,Vrai,Fini,https://www.parc-golfe-morbihan.bzh/atlas-de-la-biodiversite-communale/
95186c8e-06f3-410e-b331-6b77c09bfee5,"Premier ABC du PNR Golfe Du Morbihan","Golfe Du Morbihan","Parc naturel régional",Meucon,56132,2017,Vrai,Fini,https://www.parc-golfe-morbihan.bzh/atlas-de-la-biodiversite-communale/
95186c8e-06f3-410e-b331-6b77c09bfee5,"Premier ABC du PNR Golfe Du Morbihan","Golfe Du Morbihan","Parc naturel régional",Plescop,56158,2017,Vrai,Fini,https://www.parc-golfe-morbihan.bzh/atlas-de-la-biodiversite-communale/
95186c8e-06f3-410e-b331-6b77c09bfee5,"Premier ABC du PNR Golfe Du Morbihan","Golfe Du Morbihan","Parc naturel régional",Ploeren,56164,2017,Vrai,Fini,https://www.parc-golfe-morbihan.bzh/atlas-de-la-biodiversite-communale/
95186c8e-06f3-410e-b331-6b77c09bfee5,"Premier ABC du PNR Golfe Du Morbihan","Golfe Du Morbihan","Parc naturel régional",Pluneret,56176,2017,Vrai,Fini,https://www.parc-golfe-morbihan.bzh/atlas-de-la-biodiversite-communale/
95186c8e-06f3-410e-b331-6b77c09bfee5,"Premier ABC du PNR Golfe Du Morbihan","Golfe Du Morbihan","Parc naturel régional",Sainte-Anne-d'Auray,56263,2017,Vrai,Fini,https://www.parc-golfe-morbihan.bzh/atlas-de-la-biodiversite-communale/
95186c8e-06f3-410e-b331-6b77c09bfee5,"Premier ABC du PNR Golfe Du Morbihan","Golfe Du Morbihan","Parc naturel régional",Saint-Avé,56206,2017,Vrai,Fini,https://www.parc-golfe-morbihan.bzh/atlas-de-la-biodiversite-communale/
95186c8e-06f3-410e-b331-6b77c09bfee5,"Premier ABC du PNR Golfe Du Morbihan","Golfe Du Morbihan","Parc naturel régional",Sulniac,56247,2017,Vrai,Fini,https://www.parc-golfe-morbihan.bzh/atlas-de-la-biodiversite-communale/
95186c8e-06f3-410e-b331-6b77c09bfee5,"Premier ABC du PNR Golfe Du Morbihan","Golfe Du Morbihan","Parc naturel régional",Vannes,56260,2017,Vrai,Fini,https://www.parc-golfe-morbihan.bzh/atlas-de-la-biodiversite-communale/
2e76e96f-5fa0-45cf-a360-2396130522cb,"Quatrième ABC du PNR Golfe du Morbihan","Golfe Du Morbihan","Parc naturel régional",Baden,56008,2022,Vrai,"En phase de lancement",https://www.parc-golfe-morbihan.bzh/atlas-de-la-biodiversite-communale/
2e76e96f-5fa0-45cf-a360-2396130522cb,"Quatrième ABC du PNR Golfe du Morbihan","Golfe Du Morbihan","Parc naturel régional","Le Hézo",56084,2022,Vrai,"En phase de lancement",https://www.parc-golfe-morbihan.bzh/atlas-de-la-biodiversite-communale/
2e76e96f-5fa0-45cf-a360-2396130522cb,"Quatrième ABC du PNR Golfe du Morbihan","Golfe Du Morbihan","Parc naturel régional",Treffléan,56255,2022,Vrai,"En phase de lancement",https://www.parc-golfe-morbihan.bzh/atlas-de-la-biodiversite-communale/
2e76e96f-5fa0-45cf-a360-2396130522cb,"Quatrième ABC du PNR Golfe du Morbihan","Golfe Du Morbihan","Parc naturel régional",Monterblanc,56137,2022,Vrai,"En phase de lancement",https://www.parc-golfe-morbihan.bzh/atlas-de-la-biodiversite-communale/
db7e687e-dfe8-45d8-bf4e-a0bf38c531cb,"Troisième ABC du PNR du Golfe du Morbihan","Golfe Du Morbihan","Parc naturel régional",Berric,56015,2021,Vrai,"En cours de réalisation",https://www.parc-golfe-morbihan.bzh/atlas-de-la-biodiversite-communale/
db7e687e-dfe8-45d8-bf4e-a0bf38c531cb,"Troisième ABC du PNR du Golfe du Morbihan","Golfe Du Morbihan","Parc naturel régional",Crach,56046,2021,Vrai,"En cours de réalisation",https://www.parc-golfe-morbihan.bzh/atlas-de-la-biodiversite-communale/
db7e687e-dfe8-45d8-bf4e-a0bf38c531cb,"Troisième ABC du PNR du Golfe du Morbihan","Golfe Du Morbihan","Parc naturel régional",Île-d'Arz,56088,2021,Vrai,"En cours de réalisation",https://www.parc-golfe-morbihan.bzh/atlas-de-la-biodiversite-communale/
db7e687e-dfe8-45d8-bf4e-a0bf38c531cb,"Troisième ABC du PNR du Golfe du Morbihan","Golfe Du Morbihan","Parc naturel régional",Larmor-Baden,56106,2021,Vrai,"En cours de réalisation",https://www.parc-golfe-morbihan.bzh/atlas-de-la-biodiversite-communale/
db7e687e-dfe8-45d8-bf4e-a0bf38c531cb,"Troisième ABC du PNR du Golfe du Morbihan","Golfe Du Morbihan","Parc naturel régional","La Trinité-Surzur",56259,2021,Vrai,"En cours de réalisation",https://www.parc-golfe-morbihan.bzh/atlas-de-la-biodiversite-communale/
db7e687e-dfe8-45d8-bf4e-a0bf38c531cb,"Troisième ABC du PNR du Golfe du Morbihan","Golfe Du Morbihan","Parc naturel régional",Île-aux-Moines,56087,2021,Vrai,"En cours de réalisation",https://www.parc-golfe-morbihan.bzh/atlas-de-la-biodiversite-communale/
63be67be-76bd-42e2-9ae6-3318807b7a88,"Ville de Saint-Louis (68) - Atlas de la Biodiversité Communale -  Diagnostic des trames vertes et bleues",,,Saint-Louis,68297,2008,Faux,Fini,https://www.saint-louis.fr/download/Technique/Approbation_PLU/atlas_biodiversite_23.11.18.pdf