id;nom;structure_porteuse;type_de_structure_porteuse;annee_debut;statut;categorie;note;nb_communes;departement;region;source;ami_ofb;url_page
abc-d-amberieu-en-bugey-amberieu-en-bugey-2014;ABC d'Ambérieu-en-Bugey;Ambérieu-en-Bugey;Commune;2014;termine;Terminé;;1;Ain;Auvergne-Rhône-Alpes;data.gouv;Non;
abc-d-artemare-artemare-2014;ABC d'Artemare;Artemare;Commune;2014;termine;Terminé;;1;Ain;Auvergne-Rhône-Alpes;data.gouv;Non;
abc-de-dagneux-dagneux-2010;ABC de Dagneux;Dagneux;Commune;2010;termine;Terminé;;1;Ain;Auvergne-Rhône-Alpes;data.gouv;Non;
abc-de-journans-journans-2015;ABC de Journans;Journans;Commune;2015;termine;Terminé;;1;Ain;Auvergne-Rhône-Alpes;data.gouv;Non;
abc-de-saint-benigne-saint-benigne-2014;ABC de Saint-Bénigne;Saint-Bénigne;Commune;2014;termine;Terminé;;1;Ain;Auvergne-Rhône-Alpes;data.gouv;Non;
abc-de-saint-didier-de-formans-saint-didier-de-formans-2021;ABC de Saint Didier de Formans;Saint-Didier-de-Formans;Commune;2021;termine;Terminé;;1;Ain;Auvergne-Rhône-Alpes;data.gouv;Non;
abc-de-la-communaute-de-communes-de-retz-en-valois-cc-retz-en-valois-2021;ABC de la communauté de communes de Retz-en-Valois;CC Retz-en-Valois;Etablissement public de coopération intercommunale (EPCI);2021;en_cours;En cours;Potentiellement terminé (début 2021, durée ABC ~3 ans);54;Aisne;Hauts-de-France;data.gouv;Non;
abc-de-la-communaute-de-communes-picardie-des-chateaux-cc-picardie-des-chateaux-2021;ABC de la Communauté de communes Picardie des Châteaux;CC Picardie des Châteaux;Etablissement public de coopération intercommunale (EPCI);2021;en_cours;En cours;Potentiellement terminé (début 2021, durée ABC ~3 ans);36;Aisne;Hauts-de-France;data.gouv;Non;
abc-de-castres-castres-2012;ABC de Castres;Castres;Commune;2012;termine;Terminé;Terminé (estimation) : statut officiel inconnu, projet débuté en 2012 (> 5 ans);1;Aisne;Hauts-de-France;data.gouv;Non;
abc-de-contescourt-contescourt-2012;ABC de Contescourt;Contescourt;Commune;2012;termine;Terminé;Terminé (estimation) : statut officiel inconnu, projet débuté en 2012 (> 5 ans);1;Aisne;Hauts-de-France;data.gouv;Non;
abc-d-homblieres-homblieres-2012;ABC d'Homblières;Homblières;Commune;2012;termine;Terminé;Terminé (estimation) : statut officiel inconnu, projet débuté en 2012 (> 5 ans);1;Aisne;Hauts-de-France;data.gouv;Non;
abc-d-essigny-le-petit-essigny-le-petit-2012;ABC d'Essigny-le-Petit;Essigny-le-Petit;Commune;2012;termine;Terminé;Terminé (estimation) : statut officiel inconnu, projet débuté en 2012 (> 5 ans);1;Aisne;Hauts-de-France;data.gouv;Non;
abc-d-etreux-etreux-2010;ABC d'Étreux;Étreux;Commune;2010;termine;Terminé;Terminé (estimation) : statut officiel inconnu, projet débuté en 2010 (> 5 ans);1;Aisne;Hauts-de-France;data.gouv;Non;
abc-de-fayet-fayet-2012;ABC de Fayet;Fayet;Commune;2012;termine;Terminé;Terminé (estimation) : statut officiel inconnu, projet débuté en 2012 (> 5 ans);1;Aisne;Hauts-de-France;data.gouv;Non;
abc-de-fieulaine-fieulaine-2012;ABC de Fieulaine;Fieulaine;Commune;2012;termine;Terminé;Terminé (estimation) : statut officiel inconnu, projet débuté en 2012 (> 5 ans);1;Aisne;Hauts-de-France;data.gouv;Non;
abc-de-fonsomme-fonsomme-2012;ABC de Fonsomme;Fonsomme;Commune;2012;termine;Terminé;Terminé (estimation) : statut officiel inconnu, projet débuté en 2012 (> 5 ans);1;Aisne;Hauts-de-France;data.gouv;Non;
abc-de-fontaine-les-vervins-fontaine-les-vervins-2010;ABC de Fontaine-lès-Vervins;Fontaine-lès-Vervins;Commune;2010;termine;Terminé;Terminé (estimation) : statut officiel inconnu, projet débuté en 2010 (> 5 ans);1;Aisne;Hauts-de-France;data.gouv;Non;
abc-de-fontaine-notre-dame-fontaine-notre-dame-2012;ABC de Fontaine-Notre-Dame;Fontaine-Notre-Dame;Commune;2012;termine;Terminé;Terminé (estimation) : statut officiel inconnu, projet débuté en 2012 (> 5 ans);1;Aisne;Hauts-de-France;data.gouv;Non;
abc-de-gauchy-gauchy-2012;ABC de Gauchy;Gauchy;Commune;2012;termine;Terminé;Terminé (estimation) : statut officiel inconnu, projet débuté en 2012 (> 5 ans);1;Aisne;Hauts-de-France;data.gouv;Non;
abc-de-grougis-grougis-2010;ABC de Grougis;Grougis;Commune;2010;termine;Terminé;Terminé (estimation) : statut officiel inconnu, projet débuté en 2010 (> 5 ans);1;Aisne;Hauts-de-France;data.gouv;Non;
abc-de-grugies-grugies-2012;ABC de Grugies;Grugies;Commune;2012;termine;Terminé;Terminé (estimation) : statut officiel inconnu, projet débuté en 2012 (> 5 ans);1;Aisne;Hauts-de-France;data.gouv;Non;
abc-d-hannapes-hannapes-2010;ABC d'Hannapes;Hannapes;Commune;2010;termine;Terminé;Terminé (estimation) : statut officiel inconnu, projet débuté en 2010 (> 5 ans);1;Aisne;Hauts-de-France;data.gouv;Non;
abc-d-harly-harly-2012;ABC d'Harly;Harly;Commune;2012;termine;Terminé;Terminé (estimation) : statut officiel inconnu, projet débuté en 2012 (> 5 ans);1;Aisne;Hauts-de-France;data.gouv;Non;
abc-de-lesdins-lesdins-2012;ABC de Lesdins;Lesdins;Commune;2012;termine;Terminé;Terminé (estimation) : statut officiel inconnu, projet débuté en 2012 (> 5 ans);1;Aisne;Hauts-de-France;data.gouv;Non;
abc-de-marcy-marcy-2012;ABC de Marcy;Marcy;Commune;2012;termine;Terminé;Terminé (estimation) : statut officiel inconnu, projet débuté en 2012 (> 5 ans);1;Aisne;Hauts-de-France;data.gouv;Non;
abc-de-mennevret-mennevret-2010;ABC de Mennevret;Mennevret;Commune;2010;termine;Terminé;Terminé (estimation) : statut officiel inconnu, projet débuté en 2010 (> 5 ans);1;Aisne;Hauts-de-France;data.gouv;Non;
abc-de-mesnil-saint-laurent-mesnil-saint-laurent-2012;ABC de Mesnil-Saint-Laurent;Mesnil-Saint-Laurent;Commune;2012;termine;Terminé;Terminé (estimation) : statut officiel inconnu, projet débuté en 2012 (> 5 ans);1;Aisne;Hauts-de-France;data.gouv;Non;
abc-de-molain-molain-2010;ABC de Molain;Molain;Commune;2010;termine;Terminé;Terminé (estimation) : statut officiel inconnu, projet débuté en 2010 (> 5 ans);1;Aisne;Hauts-de-France;data.gouv;Non;
abc-de-morcourt-morcourt-2012;ABC de Morcourt;Morcourt;Commune;2012;termine;Terminé;Terminé (estimation) : statut officiel inconnu, projet débuté en 2012 (> 5 ans);1;Aisne;Hauts-de-France;data.gouv;Non;
abc-de-neuville-saint-amand-neuville-saint-amand-2012;ABC de Neuville-Saint-Amand;Neuville-Saint-Amand;Commune;2012;termine;Terminé;Terminé (estimation) : statut officiel inconnu, projet débuté en 2012 (> 5 ans);1;Aisne;Hauts-de-France;data.gouv;Non;
abc-du-bocage-bourbonnais-cc-du-bocage-bourbonnais-2017;ABC du Bocage Bourbonnais;CC du Bocage Bourbonnais;Etablissement public de coopération intercommunale (EPCI);2017;termine;Terminé;;25;Allier;Auvergne-Rhône-Alpes;data.gouv;Non;
abc-d-oisy-oisy-2010;ABC d'Oisy;Oisy;Commune;2010;termine;Terminé;Terminé (estimation) : statut officiel inconnu, projet débuté en 2010 (> 5 ans);1;Aisne;Hauts-de-France;data.gouv;Non;
abc-d-omissy-omissy-2012;ABC d'Omissy;Omissy;Commune;2012;termine;Terminé;Terminé (estimation) : statut officiel inconnu, projet débuté en 2012 (> 5 ans);1;Aisne;Hauts-de-France;data.gouv;Non;
abc-de-remaucourt-remaucourt-2012;ABC de Remaucourt;Remaucourt;Commune;2012;termine;Terminé;Terminé (estimation) : statut officiel inconnu, projet débuté en 2012 (> 5 ans);1;Aisne;Hauts-de-France;data.gouv;Non;
abc-de-ribeauville-ribeauville-2010;ABC de Ribeauville;Ribeauville;Commune;2010;termine;Terminé;Terminé (estimation) : statut officiel inconnu, projet débuté en 2010 (> 5 ans);1;Aisne;Hauts-de-France;data.gouv;Non;
abc-de-rouvroy-rouvroy-2012;ABC de Rouvroy;Rouvroy;Commune;2012;termine;Terminé;Terminé (estimation) : statut officiel inconnu, projet débuté en 2012 (> 5 ans);1;Aisne;Hauts-de-France;data.gouv;Non;
abc-de-saint-martin-riviere-saint-martin-riviere-2010;ABC de Saint-Martin-Rivière;Saint-Martin-Rivière;Commune;2010;termine;Terminé;Terminé (estimation) : statut officiel inconnu, projet débuté en 2010 (> 5 ans);1;Aisne;Hauts-de-France;data.gouv;Non;
abc-de-saint-quentin-saint-quentin-2012;ABC de Saint-Quentin;Saint-Quentin;Commune;2012;termine;Terminé;Terminé (estimation) : statut officiel inconnu, projet débuté en 2012 (> 5 ans);1;Aisne;Hauts-de-France;data.gouv;Non;
abc-de-la-vallee-mulatre-la-vallee-mulatre-2010;ABC de La Vallée-Mulâtre;La Vallée-Mulâtre;Commune;2010;termine;Terminé;Terminé (estimation) : statut officiel inconnu, projet débuté en 2010 (> 5 ans);1;Aisne;Hauts-de-France;data.gouv;Non;
abc-de-vaux-andigny-vaux-andigny-2010;ABC de Vaux-Andigny;Vaux-Andigny;Commune;2010;termine;Terminé;Terminé (estimation) : statut officiel inconnu, projet débuté en 2010 (> 5 ans);1;Aisne;Hauts-de-France;data.gouv;Non;
abc-de-venerolles-venerolles-2010;ABC de Vénérolles;Vénérolles;Commune;2010;termine;Terminé;Terminé (estimation) : statut officiel inconnu, projet débuté en 2010 (> 5 ans);1;Aisne;Hauts-de-France;data.gouv;Non;
abc-de-wassigny-wassigny-2010;ABC de Wassigny;Wassigny;Commune;2010;termine;Terminé;Terminé (estimation) : statut officiel inconnu, projet débuté en 2010 (> 5 ans);1;Aisne;Hauts-de-France;data.gouv;Non;
abc-du-pays-de-marcillat-en-combrailles-ca-montlucon-communaute-2012;ABC du Pays de Marcillat en Combrailles;CA Montluçon Communauté;Etablissement public de coopération intercommunale (EPCI);2012;termine;Terminé;;12;Allier;Auvergne-Rhône-Alpes;data.gouv;Non;
atlas-de-la-biodiversite-communautaire-commentry-montmarault-neris-communaute-cc-commentry-montmarault-neris-communaute-2020;Atlas de la Biodiversité Communautaire Commentry - Montmarault - Néris communauté;CC Commentry Montmarault Néris Communauté;Etablissement public de coopération intercommunale (EPCI);2020;termine;Terminé;;33;Allier;Auvergne-Rhône-Alpes;data.gouv;Non;
abc-de-noyers-sur-jabron-noyers-sur-jabron-2021;ABC de Noyers sur Jabron;Noyers-sur-Jabron;Commune;2021;termine;Terminé;;1;Alpes-de-Haute-Provence;Provence-Alpes-Côte d'Azur;data.gouv;Non;
abc-de-la-foret-d-orient-foret-d-orient-2019;ABC de la forêt d'Orient;Forêt D'Orient;Parc naturel régional;2019;termine;Terminé;;22;Aube;Grand Est;data.gouv;Non;
abc-du-parc-national-du-mercantour-allos-peone-isola-et-valdeblore-parc-national-du-mercantour-2024;ABC du Parc National du Mercantour : Allos, Péone, Isola et Valdeblore;Parc national du Mercantour;Parc national;2024;en_cours;En cours;;4;Alpes-de-Haute-Provence;Provence-Alpes-Côte d'Azur;data.gouv;Non;
abc-du-pnr-du-luberon-n-2-merindol-oppede-saint-saturnin-les-apt-et-la-brillanne-luberon-2025;ABC du PNR du Lubéron (n°2) : Mérindol, Oppède, Saint-Saturnin-lès-Apt et La Brillanne;Luberon;Parc naturel régional;2025;a_venir;Va débuter;;4;Alpes-de-Haute-Provence;Provence-Alpes-Côte d'Azur;data.gouv;Non;
abc-du-pnr-du-verdon-trigance-et-castellane-verdon-2023;ABC du PNR du Verdon - Trigance et Castellane;Verdon;Parc naturel régional;2023;en_cours;En cours;Potentiellement terminé (début 2023, durée ABC ~3 ans);2;Alpes-de-Haute-Provence;Provence-Alpes-Côte d'Azur;data.gouv;Non;
abc-de-clamensane-clamensane-2024;ABC de Clamensane;Clamensane;Commune;2024;en_cours;En cours;;1;Alpes-de-Haute-Provence;Provence-Alpes-Côte d'Azur;data.gouv;Non;
abc-du-pnr-du-verdon-esparron-de-verdon-et-rougon-verdon-2024;ABC du PNR du Verdon : Esparron-de-Verdon et Rougon;Verdon;Parc naturel régional;2024;a_venir;Va débuter;Potentiellement en cours (début annoncé 2024, encore « va débuter »);2;Alpes-de-Haute-Provence;Provence-Alpes-Côte d'Azur;data.gouv;Non;
abc-du-lauzet-ubaye-le-lauzet-ubaye-2021;ABC du Lauzet-Ubaye;Le Lauzet-Ubaye;Commune;2021;termine;Terminé;;1;Alpes-de-Haute-Provence;Provence-Alpes-Côte d'Azur;data.gouv;Non;
abc-de-la-motte-du-caire-la-motte-du-caire-2021;ABC de la Motte du Caire;La Motte-du-Caire;Commune;2021;termine;Terminé;;1;Alpes-de-Haute-Provence;Provence-Alpes-Côte d'Azur;data.gouv;Non;
abc-de-saint-geniez-saint-geniez-2024;ABC de Saint-Geniez;Saint-Geniez;Commune;2024;en_cours;En cours;;1;Alpes-de-Haute-Provence;Provence-Alpes-Côte d'Azur;data.gouv;Non;
abc-du-pnr-du-verdon-saint-jurs-et-saint-julien-du-verdon-verdon-2021;ABC du PNR du Verdon - Saint-Jurs et Saint-Julien-du-Verdon;Verdon;Parc naturel régional;2021;termine;Terminé;;2;Alpes-de-Haute-Provence;Provence-Alpes-Côte d'Azur;data.gouv;Non;
abc-de-saint-vincent-sur-jabron-saint-vincent-sur-jabron-2017;ABC de Saint Vincent Sur Jabron;Saint-Vincent-sur-Jabron;Commune;2017;termine;Terminé;;1;Alpes-de-Haute-Provence;Provence-Alpes-Côte d'Azur;data.gouv;Non;
abc-d-uvernet-fours-uvernet-fours-2017;ABC d'Uvernet-Fours;Uvernet-Fours;Commune;2017;termine;Terminé;;1;Alpes-de-Haute-Provence;Provence-Alpes-Côte d'Azur;data.gouv;Non;
abc-du-pnr-du-luberon-auribeau-lauris-puget-viens-et-volx-luberon-2023;ABC du PNR du Lubéron - Auribeau, Lauris, Puget, Viens et Volx;Luberon;Parc naturel régional;2023;en_cours;En cours;Potentiellement terminé (début 2023, durée ABC ~3 ans);5;Alpes-de-Haute-Provence;Provence-Alpes-Côte d'Azur;data.gouv;Non;
abc-du-pnr-des-baronnies-provencales-n-2-meouge-aval-barret-sur-meouge-et-saint-pierre-avez-baronnies-provencales-2022;ABC du PNR des Baronnies Provençales n°2 - Méouge aval - Barret-sur-Méouge et Saint-Pierre-Avez;Baronnies Provençales;Parc naturel régional;2022;termine;Terminé;;2;Hautes-Alpes;Provence-Alpes-Côte d'Azur;data.gouv;Non;
abc-de-briancon-briancon-2013;ABC de Briançon;Briançon;Commune;2013;termine;Terminé;;1;Hautes-Alpes;Provence-Alpes-Côte d'Azur;data.gouv;Non;
abc-d-embrun-embrun-2018;ABC d'Embrun;Embrun;Commune;2018;termine;Terminé;;1;Hautes-Alpes;Provence-Alpes-Côte d'Azur;data.gouv;Non;
abc-du-pnr-des-baronnies-provencales-eourres-et-val-buech-meouge-baronnies-provencales-2017;ABC du PNR des Baronnies Provençales - Éourres et Val Buëch-Méouge;Baronnies Provençales;Parc naturel régional;2017;termine;Terminé;;2;Hautes-Alpes;Provence-Alpes-Côte d'Azur;data.gouv;Non;
abc-de-saint-jean-saint-nicolas-saint-jean-saint-nicolas-2017;ABC de Saint Jean Saint Nicolas;Saint-Jean-Saint-Nicolas;Commune;2017;termine;Terminé;;1;Hautes-Alpes;Provence-Alpes-Côte d'Azur;data.gouv;Non;
abc-de-saint-leger-les-melezes-saint-leger-les-melezes-2018;ABC de Saint-Léger-Les-Mélèzes;Saint-Léger-les-Mélèzes;Commune;2018;termine;Terminé;;1;Hautes-Alpes;Provence-Alpes-Côte d'Azur;data.gouv;Non;
abc-d-antibes-antibes-2022;ABC d'Antibes;Antibes;Commune;2022;termine;Terminé;;1;Alpes-Maritimes;Provence-Alpes-Côte d'Azur;data.gouv;Non;
atlas-de-la-biodiversite-cotiere-de-la-metropole-nice-cote-d-azur-metropole-nice-cote-d-azur-2018;Atlas de la Biodiversité Côtière de la Métropole Nice Côte d'Azur;Métropole Nice Côte d'Azur;Etablissement public de coopération intercommunale (EPCI);2018;termine;Terminé;;8;Alpes-Maritimes;Provence-Alpes-Côte d'Azur;data.gouv;Non;
abc-de-cagnes-sur-mer-cagnes-sur-mer-2019;ABC de Cagnes-sur-Mer;Cagnes-sur-Mer;Commune;2019;termine;Terminé;Terminé (estimation) : statut officiel inconnu, projet débuté en 2019 (> 5 ans);1;Alpes-Maritimes;Provence-Alpes-Côte d'Azur;data.gouv;Non;
abc-de-cannes-cannes-2010;ABC de Cannes;Cannes;Commune;2010;termine;Terminé;Terminé (estimation) : statut officiel inconnu, projet débuté en 2010 (> 5 ans);1;Alpes-Maritimes;Provence-Alpes-Côte d'Azur;data.gouv;Non;
abc-de-chateauneuf-grasse-chateauneuf-grasse-2021;ABC de Châteauneuf-Grasse;Châteauneuf-Grasse;Commune;2021;termine;Terminé;;1;Alpes-Maritimes;Provence-Alpes-Côte d'Azur;data.gouv;Non;
abc-de-la-colle-sur-loup-la-colle-sur-loup-2022;ABC de La Colle sur Loup;La Colle-sur-Loup;Commune;2022;termine;Terminé;;1;Alpes-Maritimes;Provence-Alpes-Côte d'Azur;data.gouv;Non;
abc-de-grasse-grasse-2020;ABC de Grasse;Grasse;Commune;2020;termine;Terminé;;1;Alpes-Maritimes;Provence-Alpes-Côte d'Azur;data.gouv;Non;
abc-de-guillaumes-guillaumes-2018;ABC de Guillaumes;Guillaumes;Commune;2018;termine;Terminé;;1;Alpes-Maritimes;Provence-Alpes-Côte d'Azur;data.gouv;Non;
abc-de-villars-sur-var-et-de-massouins-villars-sur-var-2023;ABC de Villars sur Var et de Massouins;Villars-sur-Var;Commune;2023;en_cours;En cours;Potentiellement terminé (début 2023, durée ABC ~3 ans);2;Alpes-Maritimes;Provence-Alpes-Côte d'Azur;data.gouv;Non;
abc-de-mouans-sartoux-mouans-sartoux-2019;ABC de Mouans-Sartoux;Mouans-Sartoux;Commune;2019;termine;Terminé;;1;Alpes-Maritimes;Provence-Alpes-Côte d'Azur;data.gouv;Non;
abc-de-nice-metropole-nice-cote-d-azur-2025;ABC de Nice;Métropole Nice Côte d'Azur;Etablissement public de coopération intercommunale (EPCI);2025;en_cours;En cours;;1;Alpes-Maritimes;Provence-Alpes-Côte d'Azur;data.gouv;Non;
abc-du-tignet-et-peymeinade-le-tignet-2023;ABC du Tignet et Peymeinade;Le Tignet;Commune;2023;en_cours;En cours;Potentiellement terminé (début 2023, durée ABC ~3 ans);2;Alpes-Maritimes;Provence-Alpes-Côte d'Azur;data.gouv;Non;
abc-de-saint-jeannet-saint-jeannet-2022;ABC de Saint Jeannet;Saint-Jeannet;Commune;2022;termine;Terminé;;1;Alpes-Maritimes;Provence-Alpes-Côte d'Azur;data.gouv;Non;
abc-de-saint-paul-de-vence-saint-paul-de-vence-2021;ABC de Saint Paul de Vence;Saint-Paul-de-Vence;Commune;2021;termine;Terminé;;1;Alpes-Maritimes;Provence-Alpes-Côte d'Azur;data.gouv;Non;
abc-de-saint-sauveur-sur-tinee-saint-sauveur-sur-tinee-2018;ABC de Saint Sauveur Sur Tinée;Saint-Sauveur-sur-Tinée;Commune;2018;termine;Terminé;;1;Alpes-Maritimes;Provence-Alpes-Côte d'Azur;data.gouv;Non;
abc-de-sospel-sospel-2017;ABC de Sospel;Sospel;Commune;2017;termine;Terminé;;1;Alpes-Maritimes;Provence-Alpes-Côte d'Azur;data.gouv;Non;
abc-de-tournefort-et-la-tour-tournefort-2024;ABC de Tournefort et La Tour;Tournefort;Commune;2024;en_cours;En cours;;2;Alpes-Maritimes;Provence-Alpes-Côte d'Azur;data.gouv;Non;
abc-de-valbonne-valbonne-2022;ABC de Valbonne;Valbonne;Commune;2022;termine;Terminé;;1;Alpes-Maritimes;Provence-Alpes-Côte d'Azur;data.gouv;Non;
abc-de-vence-vence-2017;ABC de Vence;Vence;Commune;2017;termine;Terminé;;1;Alpes-Maritimes;Provence-Alpes-Côte d'Azur;data.gouv;Non;
abc-de-villeneuve-loubet-villeneuve-loubet-2024;ABC de Villeneuve-Loubet;Villeneuve-Loubet;Commune;2024;en_cours;En cours;;1;Alpes-Maritimes;Provence-Alpes-Côte d'Azur;data.gouv;Non;
abc-d-alba-la-romaine-alba-la-romaine-2024;ABC d'Alba-la-Romaine;Alba-la-Romaine;Commune;2024;en_cours;En cours;;1;Ardèche;Auvergne-Rhône-Alpes;data.gouv;Non;
abc-de-chateaubourg-chateaubourg-2021;ABC de Châteaubourg;Châteaubourg;Commune;2021;termine;Terminé;;1;Ardèche;Auvergne-Rhône-Alpes;data.gouv;Non;
abc-de-saint-paul-le-jeune-saint-paul-le-jeune-2018;ABC de Saint Paul Le Jeune;Saint-Paul-le-Jeune;Commune;2018;termine;Terminé;;1;Ardèche;Auvergne-Rhône-Alpes;data.gouv;Non;
abc-de-clavy-warby-clavy-warby-2021;ABC de Clavy-Warby;Clavy-Warby;Commune;2021;termine;Terminé;;1;Ardennes;Grand Est;data.gouv;Non;
abc-de-gespunsart-gespunsart-2024;ABC de Gespunsart;Gespunsart;Commune;2024;a_venir;Va débuter;Potentiellement en cours (début annoncé 2024, encore « va débuter »);1;Ardennes;Grand Est;data.gouv;Non;
abc-de-prix-les-mezieres-prix-les-mezieres-2021;ABC de Prix-Les-Mézières;Prix-lès-Mézières;Commune;2021;termine;Terminé;;1;Ardennes;Grand Est;data.gouv;Non;
abc-de-saint-loup-terrier-saint-loup-terrier-2020;ABC de Saint-Loup-Terrier;Saint-Loup-Terrier;Commune;2020;termine;Terminé;;1;Ardennes;Grand Est;data.gouv;Non;
abc-de-saint-menges-saint-menges-2023;ABC de Saint-Menges;Saint-Menges;Commune;2023;en_cours;En cours;Potentiellement terminé (début 2023, durée ABC ~3 ans);1;Ardennes;Grand Est;data.gouv;Non;
abc-pays-de-mirepoix-comcom-cc-du-pays-de-mirepoix-2017;ABC Pays De Mirepoix (ComCom);CC du Pays de Mirepoix;Etablissement public de coopération intercommunale (EPCI);2017;termine;Terminé;;17;Ariège;Occitanie;data.gouv;Non;
abc-portes-d-ariege-pyrenees-comcom-cc-des-portes-d-ariege-pyrenees-2021;ABC Portes d'Ariège Pyrénées (ComCom);CC des Portes d'Ariège Pyrénées;Etablissement public de coopération intercommunale (EPCI);2021;termine;Terminé;;6;Ariège;Occitanie;data.gouv;Non;
abc-vallee-de-la-trie-2024;ABC Vallée de la Trie;;Parc naturel régional;2024;en_cours;En cours;;8;Somme;Hauts-de-France;data.gouv;Non;
abc-montsegur-montsegur-2010;ABC Montségur;Montségur;Commune;2010;termine;Terminé;Terminé (estimation) : statut officiel inconnu, projet débuté en 2010 (> 5 ans);1;Ariège;Occitanie;data.gouv;Non;
abc-pailhes-pailhes-2022;ABC Pailhès;Pailhès;Commune;2022;en_cours;En cours;Potentiellement terminé (début 2022, durée ABC ~3 ans);1;Ariège;Occitanie;data.gouv;Non;
abc-de-la-communaute-de-communes-de-vendeuvre-soulaines-ccvs-cc-de-vendeuvre-soulaines-2022;ABC de la communauté de communes de Vendeuvre-Soulaines (CCVS);CC de Vendeuvre-Soulaines;Etablissement public de coopération intercommunale (EPCI);2022;en_cours;En cours;Potentiellement terminé (début 2022, durée ABC ~3 ans);38;Aube;Grand Est;data.gouv;Non;
diagnostic-de-la-biodiversite-communale-de-champignol-les-mondeville-champignol-lez-mondeville;Diagnostic de la Biodiversité Communale de Champignol-les-Mondeville;Champignol-lez-Mondeville;Commune;;termine;Terminé;;1;Aube;Grand Est;data.gouv;Non;
abc-de-ouistreham-ouistreham-2021;ABC de Ouistreham;Ouistreham;Commune;2021;termine;Terminé;;1;Calvados;Normandie;data.gouv;Non;
abc-de-saint-parres-aux-tertres-saint-parres-aux-tertres-2020;ABC de Saint-Parres-aux-Tertres;Saint-Parres-aux-Tertres;Commune;2020;termine;Terminé;;1;Aube;Grand Est;data.gouv;Non;
abc-de-zilia-zilia-2012;ABC de Zilia;Zilia;Commune;2012;termine;Terminé;Terminé (estimation) : statut officiel inconnu, projet débuté en 2012 (> 5 ans);1;Haute-Corse;Corse;data.gouv;Non;
abc-alzonne-alzonne-2021;ABC Alzonne;Alzonne;Commune;2021;termine;Terminé;;1;Aude;Occitanie;data.gouv;Non;
abc-des-gorges-et-piemonts-de-la-montagne-noire-ca-carcassonne-agglo-2024;ABC des Gorges et Piémonts de la Montagne Noire;CA Carcassonne Agglo;Etablissement public de coopération intercommunale (EPCI);2024;a_venir;Va débuter;Potentiellement en cours (début annoncé 2024, encore « va débuter »);5;Aude;Occitanie;data.gouv;Non;
abc-castelnaudary-castelnaudary-2021;ABC Castelnaudary;Castelnaudary;Commune;2021;termine;Terminé;;1;Aude;Occitanie;data.gouv;Non;
abc-bassin-versant-de-l-etang-de-salses-leucate-syndicat-mixte-rivage-2024;ABC bassin versant de l'étang de Salses-Leucate;Syndicat mixte Rivage;Syndicat mixte;2024;a_venir;Va débuter;Potentiellement en cours (début annoncé 2024, encore « va débuter »);9;Aude;Occitanie;data.gouv;Non;
abc-de-ouest-aveyron-communaute-2024;ABC  de Ouest Aveyron Communauté;;Etablissement public de coopération intercommunale (EPCI);2024;a_venir;Va débuter;Potentiellement en cours (début annoncé 2024, encore « va débuter »);29;Aveyron;Occitanie;data.gouv;Non;
abc-du-petr-du-haut-rouergue-pole-d-equilibre-territorial-et-rural-petr-du-haut-rouergue-2024;ABC du PETR du Haut-Rouergue;Pôle d’Équilibre Territorial et Rural (PETR) du Haut-Rouergue;Syndicat mixte;2024;a_venir;Va débuter;Potentiellement en cours (début annoncé 2024, encore « va débuter »);6;Aveyron;Occitanie;data.gouv;Non;
abc-pays-segali-communaute-epage-viaur-2024;ABC Pays Ségali Communauté;EPAGE Viaur;Syndicat mixte;2024;a_venir;Va débuter;Potentiellement en cours (début annoncé 2024, encore « va débuter »);23;Aveyron;Occitanie;data.gouv;Non;
abc-pnr-aubrac-aubrac-2017;ABC PNR Aubrac;Aubrac;Parc naturel régional;2017;termine;Terminé;;7;Aveyron;Occitanie;data.gouv;Non;
ibc-de-tours-2020;IBC de Tours;;;2020;en_cours;En cours;Potentiellement terminé (début 2020, durée ABC ~3 ans);1;Indre-et-Loire;Centre-Val de Loire;data.gouv;Non;
abc-rodez-agglo-comcom-ca-rodez-agglomeration-2022;ABC Rodez Agglo (Comcom);CA Rodez Agglomération;Etablissement public de coopération intercommunale (EPCI);2022;termine;Terminé;;8;Aveyron;Occitanie;data.gouv;Non;
abc-luc-la-primaube-luc-la-primaube-2010;ABC Luc-la-Primaube;Luc-la-Primaube;Commune;2010;termine;Terminé;Terminé (estimation) : statut officiel inconnu, projet débuté en 2010 (> 5 ans);1;Aveyron;Occitanie;data.gouv;Non;
abc-naucelle-naucelle-2010;ABC Naucelle;Naucelle;Commune;2010;termine;Terminé;Terminé (estimation) : statut officiel inconnu, projet débuté en 2010 (> 5 ans);1;Aveyron;Occitanie;data.gouv;Non;
abc-de-pussay-pussay-2018;ABC de Pussay;Pussay;Commune;2018;termine;Terminé;;1;Essonne;Île-de-France;data.gouv;Non;
abc-saint-affrique-saint-affrique-2010;ABC Saint-Affrique;Saint-Affrique;Commune;2010;termine;Terminé;Terminé (estimation) : statut officiel inconnu, projet débuté en 2010 (> 5 ans);1;Aveyron;Occitanie;data.gouv;Non;
abc-saint-geniez-d-olt-et-d-aubrac-saint-geniez-d-olt-et-d-aubrac-2023;ABC Saint Geniez d'Olt et d'Aubrac;Saint Geniez d'Olt et d'Aubrac;Commune;2023;en_cours;En cours;Potentiellement terminé (début 2023, durée ABC ~3 ans);1;Aveyron;Occitanie;data.gouv;Non;
abc-saint-rome-de-cernon-saint-rome-de-cernon-2021;ABC Saint-Rome de Cernon;Saint-Rome-de-Cernon;Commune;2021;en_cours;En cours;Potentiellement terminé (début 2021, durée ABC ~3 ans);1;Aveyron;Occitanie;data.gouv;Non;
abc-d-aix-en-provence-aix-en-provence-2021;ABC d'Aix en Provence;Aix-en-Provence;Commune;2021;termine;Terminé;;1;Bouches-du-Rhône;Provence-Alpes-Côte d'Azur;data.gouv;Non;
abc-de-la-metropole-aix-marseille-provence-metropole-d-aix-marseille-provence-2018;ABC de la Métropole Aix-Marseille-Provence;Métropole d'Aix-Marseille-Provence;Etablissement public de coopération intercommunale (EPCI);2018;termine;Terminé;;92;Bouches-du-Rhône;Provence-Alpes-Côte d'Azur;data.gouv;Non;
abc-d-alleins-alleins-2022;ABC d'Alleins;Alleins;Commune;2022;en_cours;En cours;Potentiellement terminé (début 2022, durée ABC ~3 ans);1;Bouches-du-Rhône;Provence-Alpes-Côte d'Azur;data.gouv;Non;
abc-d-aubagne-aubagne-2024;ABC d'Aubagne;Aubagne;Commune;2024;en_cours;En cours;;1;Bouches-du-Rhône;Provence-Alpes-Côte d'Azur;data.gouv;Non;
abc-du-pnr-des-alpilles-aureille-les-beaux-de-provence-eygalieres-paradou-et-saint-etienne-du-gres-alpilles-2021;ABC du PNR des Alpilles - Aureille, Les Beaux-de-Provence, Eygalières, Paradou et Saint-Étienne-du-Grès;Alpilles;Parc naturel régional;2021;termine;Terminé;;5;Bouches-du-Rhône;Provence-Alpes-Côte d'Azur;data.gouv;Non;
abc-de-barbentane-barbentane-2024;ABC de Barbentane;Barbentane;Commune;2024;en_cours;En cours;;1;Bouches-du-Rhône;Provence-Alpes-Côte d'Azur;data.gouv;Non;
abc-de-cabries-cabries-2023;ABC de Cabriès;Cabriès;Commune;2023;en_cours;En cours;Potentiellement terminé (début 2023, durée ABC ~3 ans);1;Bouches-du-Rhône;Provence-Alpes-Côte d'Azur;data.gouv;Non;
abc-d-ensues-la-redonne-ensues-la-redonne-2022;ABC d'Ensuès-La-Redonne;Ensuès-la-Redonne;Commune;2022;termine;Terminé;;1;Bouches-du-Rhône;Provence-Alpes-Côte d'Azur;data.gouv;Non;
abc-de-fuveau-greasque-fuveau-2019;ABC de Fuveau Gréasque;Fuveau;Commune;2019;termine;Terminé;Terminé (estimation) : statut officiel inconnu, projet débuté en 2019 (> 5 ans);2;Bouches-du-Rhône;Provence-Alpes-Côte d'Azur;data.gouv;Non;
abc-de-jouques-peyrolles-et-st-paul-les-durance-jouques-2022;ABC de Jouques, Peyrolles et St-Paul-Lès-Durance;Jouques;Commune;2022;termine;Terminé;;3;Bouches-du-Rhône;Provence-Alpes-Côte d'Azur;data.gouv;Non;
abc-de-lambesc-lambesc-2024;ABC de Lambesc;Lambesc;Commune;2024;en_cours;En cours;;1;Bouches-du-Rhône;Provence-Alpes-Côte d'Azur;data.gouv;Non;
abc-de-mallemort-mallemort-2022;ABC de Mallemort;Mallemort;Commune;2022;termine;Terminé;;1;Bouches-du-Rhône;Provence-Alpes-Côte d'Azur;data.gouv;Non;
abc-de-martigues-martigues-2023;ABC de Martigues;Martigues;Commune;2023;en_cours;En cours;Potentiellement terminé (début 2023, durée ABC ~3 ans);1;Bouches-du-Rhône;Provence-Alpes-Côte d'Azur;data.gouv;Non;
abc-de-miramas-miramas-2023;ABC de Miramas;Miramas;Commune;2023;en_cours;En cours;Potentiellement terminé (début 2023, durée ABC ~3 ans);1;Bouches-du-Rhône;Provence-Alpes-Côte d'Azur;data.gouv;Non;
abc-de-saint-chamas-saint-chamas-2021;ABC de Saint Chamas;Saint-Chamas;Commune;2021;termine;Terminé;;1;Bouches-du-Rhône;Provence-Alpes-Côte d'Azur;data.gouv;Non;
abc-de-salon-de-provence-salon-de-provence-2021;ABC de Salon de Provence;Salon-de-Provence;Commune;2021;termine;Terminé;;1;Bouches-du-Rhône;Provence-Alpes-Côte d'Azur;data.gouv;Non;
abc-de-sausset-les-pins-sausset-les-pins-2024;ABC de Sausset-les-Pins;Sausset-les-Pins;Commune;2024;en_cours;En cours;;1;Bouches-du-Rhône;Provence-Alpes-Côte d'Azur;data.gouv;Non;
abc-de-septemes-les-vallons-septemes-les-vallons-2017;ABC de Septèmes-Les-Vallons;Septèmes-les-Vallons;Commune;2017;termine;Terminé;;1;Bouches-du-Rhône;Provence-Alpes-Côte d'Azur;data.gouv;Non;
abc-de-simiane-collongue-simiane-collongue-2022;ABC de Simiane-Collongue;Simiane-Collongue;Commune;2022;termine;Terminé;;1;Bouches-du-Rhône;Provence-Alpes-Côte d'Azur;data.gouv;Non;
abc-de-la-couronne-la-couronne-2010;ABC de La Couronne;La Couronne;Commune;2010;termine;Terminé;Terminé (estimation) : statut officiel inconnu, projet débuté en 2010 (> 5 ans);1;Charente;Nouvelle-Aquitaine;data.gouv;Non;
abc-de-venelles-venelles-2024;ABC de Venelles;Venelles;Commune;2024;en_cours;En cours;;1;Bouches-du-Rhône;Provence-Alpes-Côte d'Azur;data.gouv;Non;
abc-de-vitrolles-vitrolles-2022;ABC de Vitrolles;Vitrolles;Commune;2022;termine;Terminé;;1;Bouches-du-Rhône;Provence-Alpes-Côte d'Azur;data.gouv;Non;
abc-c-ur-de-nacre-cc-coeur-de-nacre-2021;ABC Cœur de Nacre;CC Coeur de Nacre;Etablissement public de coopération intercommunale (EPCI);2021;en_cours;En cours;Potentiellement terminé (début 2021, durée ABC ~3 ans);12;Calvados;Normandie;data.gouv;Non;
abc-de-bavent-bavent-2010;ABC de Bavent;Bavent;Commune;2010;termine;Terminé;Terminé (estimation) : statut officiel inconnu, projet débuté en 2010 (> 5 ans);1;Calvados;Normandie;data.gouv;Non;
atlas-de-la-biodiversite-communale-de-benouville-benouville-2023;Atlas de la biodiversité communale de Bénouville;Bénouville;Commune;2023;a_venir;Va débuter;Potentiellement en cours (début annoncé 2023, encore « va débuter »);1;Calvados;Normandie;data.gouv;Non;
abc-de-thue-et-mue-thue-et-mue-2022;ABC de Thue et Mue;Thue et Mue;Commune;2022;en_cours;En cours;Potentiellement terminé (début 2022, durée ABC ~3 ans);1;Calvados;Normandie;data.gouv;Non;
abc-de-colombelles-giberville-colombelles-2021;ABC de Colombelles / Giberville;Colombelles;Commune;2021;termine;Terminé;;2;Calvados;Normandie;data.gouv;Non;
abc-de-cormelles-le-royal-cormelles-le-royal-2019;ABC de Cormelles Le Royal;Cormelles-le-Royal;Commune;2019;termine;Terminé;;1;Calvados;Normandie;data.gouv;Non;
abc-de-douvres-la-delivrande-douvres-la-delivrande-2010;ABC de Douvres-la-Délivrande;Douvres-la-Délivrande;Commune;2010;termine;Terminé;Terminé (estimation) : statut officiel inconnu, projet débuté en 2010 (> 5 ans);1;Calvados;Normandie;data.gouv;Non;
abc-de-merville-franceville-plage-merville-franceville-plage-2010;ABC de Merville-Franceville-Plage;Merville-Franceville-Plage;Commune;2010;termine;Terminé;Terminé (estimation) : statut officiel inconnu, projet débuté en 2010 (> 5 ans);1;Calvados;Normandie;data.gouv;Non;
abc-de-mondeville-mondeville-2020;ABC de Mondeville;Mondeville;Commune;2020;termine;Terminé;;1;Calvados;Normandie;data.gouv;Non;
abc-de-saint-loup-hors-saint-loup-hors-2021;ABC de Saint-Loup-Hors;Saint-Loup-Hors;Commune;2021;termine;Terminé;;1;Calvados;Normandie;data.gouv;Non;
atlas-de-la-biodiversite-communale-saint-remy-sur-orne-saint-remy-2024;Atlas de la biodiversité communale - Saint Rémy sur Orne;Saint-Rémy;Commune;2024;en_cours;En cours;;1;Calvados;Normandie;data.gouv;Non;
atlas-de-la-biodiversite-communale-de-villers-bocage-villers-bocage-2023;Atlas de la biodiversité communale de Villers-Bocage;Villers-Bocage;Commune;2023;a_venir;Va débuter;Potentiellement en cours (début annoncé 2023, encore « va débuter »);1;Calvados;Normandie;data.gouv;Non;
abc-du-sytec-syndicat-territoires-de-l-est-cantal-2017;ABC du SYTEC;Syndicat Territoires de l'Est Cantal;Syndicat intercommunal;2017;en_cours;En cours;Potentiellement terminé (début 2017, durée ABC ~3 ans);92;Cantal;Auvergne-Rhône-Alpes;data.gouv;Non;
abc-d-aurillac-aurillac-2018;ABC d'Aurillac;Aurillac;Commune;2018;termine;Terminé;;1;Cantal;Auvergne-Rhône-Alpes;data.gouv;Non;
abc-d-ayrens-ayrens-2012;ABC d'Ayrens;Ayrens;Commune;2012;termine;Terminé;;1;Cantal;Auvergne-Rhône-Alpes;data.gouv;Non;
abc-de-puycapel-puycapel-2020;ABC de Puycapel;Puycapel;Commune;2020;termine;Terminé;;1;Cantal;Auvergne-Rhône-Alpes;data.gouv;Non;
abc-de-mourjou-puycapel-2011;ABC de Mourjou;Puycapel;Commune;2011;termine;Terminé;;1;Cantal;Auvergne-Rhône-Alpes;data.gouv;Non;
abc-de-ladinhac-ladinhac-2020;ABC de Ladinhac;Ladinhac;Commune;2020;termine;Terminé;;1;Cantal;Auvergne-Rhône-Alpes;data.gouv;Non;
abc-de-naucelles-15-naucelles-2024;ABC de Naucelles (15);Naucelles;Commune;2024;en_cours;En cours;;1;Cantal;Auvergne-Rhône-Alpes;data.gouv;Non;
abc-de-saint-simon-saint-simon-2020;ABC de Saint Simon;Saint-Simon;Commune;2020;termine;Terminé;;1;Cantal;Auvergne-Rhône-Alpes;data.gouv;Non;
abc-d-ytrac-ytrac-2012;ABC d'Ytrac;Ytrac;Commune;2012;termine;Terminé;;1;Cantal;Auvergne-Rhône-Alpes;data.gouv;Non;
abc-de-la-communaute-de-commune-charente-limousine-cc-de-charente-limousine-2025;ABC de la Communauté de Commune Charente Limousine;CC de Charente Limousine;Etablissement public de coopération intercommunale (EPCI);2025;a_venir;Va débuter;;58;Charente;Nouvelle-Aquitaine;data.gouv;Non;
abc-de-la-ca-de-la-rochelle-2023;ABC de la CA de La Rochelle;;;2023;a_venir;Va débuter;Potentiellement en cours (début annoncé 2023, encore « va débuter »);28;Charente-Maritime;Nouvelle-Aquitaine;data.gouv;Non;
abc-communaute-d-agglomeration-grand-angouleme-ca-du-grand-angouleme-2020;ABC Communauté d'Agglomération Grand Angoulême;CA du Grand Angoulême;Etablissement public de coopération intercommunale (EPCI);2020;en_cours;En cours;Potentiellement terminé (début 2020, durée ABC ~3 ans);38;Charente;Nouvelle-Aquitaine;data.gouv;Non;
abc-d-angouleme-angouleme-2013;ABC d'Angoulême;Angoulême;Commune;2013;termine;Terminé;Terminé (estimation) : statut officiel inconnu, projet débuté en 2013 (> 5 ans);1;Charente;Nouvelle-Aquitaine;data.gouv;Non;
abc-de-cherves-richemont-cherves-richemont-2010;ABC de Cherves-Richemont;Cherves-Richemont;Commune;2010;termine;Terminé;Terminé (estimation) : statut officiel inconnu, projet débuté en 2010 (> 5 ans);1;Charente;Nouvelle-Aquitaine;data.gouv;Non;
ibc-de-vernouillet-vernouillet-2012;IBC de Vernouillet;Vernouillet;Commune;2012;termine;Terminé;;1;Eure-et-Loir;Centre-Val de Loire;data.gouv;Non;
abc-de-la-cc-aunis-sud-cc-aunis-sud-2025;ABC de la CC Aunis-Sud;CC Aunis Sud;Etablissement public de coopération intercommunale (EPCI);2025;a_venir;Va débuter;;24;Charente-Maritime;Nouvelle-Aquitaine;data.gouv;Non;
abc-de-bussac-sur-charente-bussac-sur-charente-2025;ABC de Bussac-sur-Charente;Bussac-sur-Charente;Commune;2025;a_venir;Va débuter;;1;Charente-Maritime;Nouvelle-Aquitaine;data.gouv;Non;
abc-de-cercoux-cercoux-2021;ABC de Cercoux;Cercoux;Commune;2021;termine;Terminé;;1;Charente-Maritime;Nouvelle-Aquitaine;data.gouv;Non;
abc-de-pontivy-communaute-cc-pontivy-communaute-2024;ABC de Pontivy Communauté;CC Pontivy Communauté;Etablissement public de coopération intercommunale (EPCI);2024;en_cours;En cours;;21;Côtes-d'Armor;Bretagne;data.gouv;Non;
abc-de-la-rochelle-la-rochelle-2010;ABC de La Rochelle;La Rochelle;Commune;2010;termine;Terminé;Terminé (estimation) : statut officiel inconnu, projet débuté en 2010 (> 5 ans);1;Charente-Maritime;Nouvelle-Aquitaine;data.gouv;Non;
abc-de-royan-royan-2010;ABC de Royan;Royan;Commune;2010;termine;Terminé;Terminé (estimation) : statut officiel inconnu, projet débuté en 2010 (> 5 ans);1;Charente-Maritime;Nouvelle-Aquitaine;data.gouv;Non;
abc-de-saint-augustin-saint-augustin-2023;ABC de Saint-Augustin;Saint-Augustin;Commune;2023;en_cours;En cours;Potentiellement terminé (début 2023, durée ABC ~3 ans);1;Charente-Maritime;Nouvelle-Aquitaine;data.gouv;Non;
abc-de-saint-jean-d-angely-saint-jean-d-angely-2021;ABC de Saint-Jean d'Angély;Saint-Jean-d'Angély;Commune;2021;termine;Terminé;Terminé (estimation) : statut officiel inconnu, projet débuté en 2021 (> 5 ans);1;Charente-Maritime;Nouvelle-Aquitaine;data.gouv;Non;
abc-de-saintes-saintes-2021;ABC de Saintes;Saintes;Commune;2021;termine;Terminé;;1;Charente-Maritime;Nouvelle-Aquitaine;data.gouv;Non;
ibc-des-aix-d-angillon-les-aix-d-angillon-2023;IBC des Aix-d'-Angillon;Les Aix-d'Angillon;Commune;2023;en_cours;En cours;Potentiellement terminé (début 2023, durée ABC ~3 ans);1;Cher;Centre-Val de Loire;data.gouv;Non;
ibc-d-argent-sur-sauldre-argent-sur-sauldre-2012;IBC d'Argent-sur-Sauldre;Argent-sur-Sauldre;Commune;2012;termine;Terminé;;1;Cher;Centre-Val de Loire;data.gouv;Non;
abc-de-la-communaute-de-communes-coeur-de-france-cc-coeur-de-france-2024;ABC de la Communauté de communes Coeur de France;CC Coeur de France;Etablissement public de coopération intercommunale (EPCI);2024;en_cours;En cours;;19;Cher;Centre-Val de Loire;data.gouv;Non;
ibc-de-aubigny-sur-nere-aubigny-sur-nere-2021;IBC de Aubigny-sur-Nère;Aubigny-sur-Nère;Commune;2021;en_cours;En cours;Potentiellement terminé (début 2021, durée ABC ~3 ans);1;Cher;Centre-Val de Loire;data.gouv;Non;
ibc-de-boulleret-boulleret-2016;IBC de Boulleret;Boulleret;Commune;2016;termine;Terminé;;1;Cher;Centre-Val de Loire;data.gouv;Non;
abc-intercommunal-de-l-agglomeration-de-blois-agglopolys-ca-de-blois-agglopolys-2022;ABC Intercommunal de l'agglomération de Blois - Agglopolys;CA de Blois Agglopolys;Etablissement public de coopération intercommunale (EPCI);2022;en_cours;En cours;Potentiellement terminé (début 2022, durée ABC ~3 ans);42;Loir-et-Cher;Centre-Val de Loire;data.gouv;Non;
ibc-de-la-celle-2017;IBC de La Celle;;;2017;termine;Terminé;;1;Cher;Centre-Val de Loire;data.gouv;Non;
ibc-de-chambon-chambon-2023;IBC de Chambon;Chambon;Commune;2023;en_cours;En cours;Potentiellement terminé (début 2023, durée ABC ~3 ans);1;Cher;Centre-Val de Loire;data.gouv;Non;
abi-de-la-cc-les-bertranges-cc-les-bertranges-2021;ABI de la CC Les Bertranges;CC Les Bertranges;Etablissement public de coopération intercommunale (EPCI);2021;termine;Terminé;;32;Cher;Centre-Val de Loire;data.gouv;Non;
ibc-de-charost-charost-2021;IBC de Charost;Chârost;Commune;2021;en_cours;En cours;Potentiellement terminé (début 2021, durée ABC ~3 ans);1;Cher;Centre-Val de Loire;data.gouv;Non;
ibc-de-drevant-drevant-2023;IBC de Drevant;Drevant;Commune;2023;en_cours;En cours;Potentiellement terminé (début 2023, durée ABC ~3 ans);1;Cher;Centre-Val de Loire;data.gouv;Non;
ibc-d-epineuil-le-fleuriel-epineuil-le-fleuriel-2023;IBC d'Epineuil-le-Fleuriel;Épineuil-le-Fleuriel;Commune;2023;en_cours;En cours;Potentiellement terminé (début 2023, durée ABC ~3 ans);1;Cher;Centre-Val de Loire;data.gouv;Non;
ibc-de-givardon-givardon;IBC de Givardon;Givardon;Commune;;en_cours;En cours;;1;Cher;Centre-Val de Loire;data.gouv;Non;
ibc-de-gracay-2020;IBC de Graçay;;;2020;en_cours;En cours;Potentiellement terminé (début 2020, durée ABC ~3 ans);1;Cher;Centre-Val de Loire;data.gouv;Non;
ibc-de-marcais-marcais-2018;IBC de Marçais;Marçais;Commune;2018;termine;Terminé;;1;Cher;Centre-Val de Loire;data.gouv;Non;
ibc-de-menetreol-sous-sancerre-2024;IBC de Ménétréol-sous-Sancerre;;Commune;2024;en_cours;En cours;;1;Cher;Centre-Val de Loire;data.gouv;Non;
ibc-de-mery-es-bois-mery-es-bois-2024;IBC de Méry-es-Bois;Méry-ès-Bois;Commune;2024;en_cours;En cours;;1;Cher;Centre-Val de Loire;data.gouv;Non;
ibc-de-plaimpied-givaudins-2020;IBC de Plaimpied-Givaudins;;;2020;en_cours;En cours;Potentiellement terminé (début 2020, durée ABC ~3 ans);1;Cher;Centre-Val de Loire;data.gouv;Non;
abc-de-saint-florent-sur-cher-saint-florent-sur-cher-2024;ABC de Saint-Florent-sur-Cher;Saint-Florent-sur-Cher;Commune;2024;en_cours;En cours;;1;Cher;Centre-Val de Loire;data.gouv;Non;
ibc-de-saint-hilaire-en-lignieres-saint-hilaire-en-lignieres-2021;IBC de Saint-Hilaire-en-Lignières;Saint-Hilaire-en-Lignières;Commune;2021;en_cours;En cours;Potentiellement terminé (début 2021, durée ABC ~3 ans);1;Cher;Centre-Val de Loire;data.gouv;Non;
ibc-de-saint-just-saint-just-2021;IBC de Saint-Just;Saint-Just;Commune;2021;en_cours;En cours;Potentiellement terminé (début 2021, durée ABC ~3 ans);1;Cher;Centre-Val de Loire;data.gouv;Non;
ibc-de-saint-martin-d-auxigny-2020;IBC de Saint-Martin-d'Auxigny;;;2020;termine;Terminé;;1;Cher;Centre-Val de Loire;data.gouv;Non;
ibc-de-sainte-montaine-sainte-montaine-2023;IBC de Sainte Montaine;Sainte-Montaine;Commune;2023;en_cours;En cours;Potentiellement terminé (début 2023, durée ABC ~3 ans);1;Cher;Centre-Val de Loire;data.gouv;Non;
ibc-de-saint-outrille-2021;IBC de Saint-outrille;;;2021;en_cours;En cours;Potentiellement terminé (début 2021, durée ABC ~3 ans);1;Cher;Centre-Val de Loire;data.gouv;Non;
ibc-de-saint-vitte-2020;IBC de Saint Vitte;;;2020;en_cours;En cours;Potentiellement terminé (début 2020, durée ABC ~3 ans);1;Cher;Centre-Val de Loire;data.gouv;Non;
ibc-de-savigny-en-sancerre-savigny-en-sancerre-2021;IBC de Savigny-en-Sancerre;Savigny-en-Sancerre;Commune;2021;en_cours;En cours;Potentiellement terminé (début 2021, durée ABC ~3 ans);1;Cher;Centre-Val de Loire;data.gouv;Non;
ibc-du-subdray-le-subdray-2016;IBC du Subdray;Le Subdray;Commune;2016;termine;Terminé;;1;Cher;Centre-Val de Loire;data.gouv;Non;
ibc-de-touchay-2016;IBC de Touchay;;;2016;termine;Terminé;;1;Cher;Centre-Val de Loire;data.gouv;Non;
ibc-de-vorly-2018;IBC de Vorly;;;2018;termine;Terminé;;1;Cher;Centre-Val de Loire;data.gouv;Non;
abc-de-la-vallee-de-la-dordogne-epidor-epidor-eptb-dordogne-2018;ABC de la Vallée de la Dordogne (Epidor);Epidor (EPTB Dordogne);Établissement public territorial de bassin (EPTB);2018;termine;Terminé;;4;Corrèze;Nouvelle-Aquitaine;data.gouv;Non;
abc-de-naves-naves-2022;ABC de Naves;Naves;Commune;2022;en_cours;En cours;Potentiellement terminé (début 2022, durée ABC ~3 ans);1;Corrèze;Nouvelle-Aquitaine;data.gouv;Non;
abi-du-syndicat-mixte-d-amenagement-de-la-moyenne-et-basse-vallee-de-l-ognon-syndicat-mixte-d-amenagement-de-la-moyenne-et-basse-vallee-de-l-ognon-2020;ABI du Syndicat Mixte d'Aménagement de la Moyenne et Basse Vallée de l'Ognon;syndicat mixte d'aménagement de la moyenne et basse vallée de l'Ognon;Syndicat mixte;2020;termine;Terminé;;9;Côte-d'Or;Bourgogne-Franche-Comté;data.gouv;Non;
abc-de-fleurey-sur-ouche-fleurey-sur-ouche-2021;ABC de Fleurey-sur-Ouche;Fleurey-sur-Ouche;Commune;2021;termine;Terminé;;1;Côte-d'Or;Bourgogne-Franche-Comté;data.gouv;Non;
abc-de-semur-en-auxois-semur-en-auxois-2021;ABC de Semur-en-Auxois;Semur-en-Auxois;Commune;2021;termine;Terminé;;1;Côte-d'Or;Bourgogne-Franche-Comté;data.gouv;Non;
abc-de-tart-tart-2021;ABC de Tart;Tart;Commune;2021;termine;Terminé;;1;Côte-d'Or;Bourgogne-Franche-Comté;data.gouv;Non;
abc-de-lamballe-terre-et-mer-ca-de-lamballe-terre-et-mer-lamballe-armor-2018;ABC de Lamballe Terre et Mer;CA de Lamballe Terre et Mer Lamballe-Armor;Etablissement public de coopération intercommunale (EPCI);2018;termine;Terminé;;38;Côtes-d'Armor;Bretagne;data.gouv;Non;
abc-de-lannion-tregor-communaute-ca-lannion-tregor-communaute-2018;ABC de Lannion-Trégor Communauté;CA Lannion-Trégor Communauté;Etablissement public de coopération intercommunale (EPCI);2018;termine;Terminé;;57;Côtes-d'Armor;Bretagne;data.gouv;Non;
abc-de-ca-saint-brieuc-armor-agglomeration-ca-saint-brieuc-armor-agglomeration-2022;ABC de CA Saint-Brieuc Armor Agglomération;CA Saint-Brieuc Armor Agglomération;Etablissement public de coopération intercommunale (EPCI);2022;en_cours;En cours;Potentiellement terminé (début 2022, durée ABC ~3 ans);32;Côtes-d'Armor;Bretagne;data.gouv;Non;
abc-de-boqueho-2022;ABC de Boquého;;Commune;2022;termine;Terminé;;1;Côtes-d'Armor;Bretagne;data.gouv;Non;
abc-de-la-communaute-de-communes-du-kreiz-breizh-cc-du-kreiz-breizh-cckb-2021;ABC de la Communauté de communes du Kreiz-Breizh;CC du Kreiz-Breizh (CCKB);Etablissement public de coopération intercommunale (EPCI);2021;termine;Terminé;;23;Côtes-d'Armor;Bretagne;data.gouv;Non;
deuxieme-abc-de-dinan-agglomeration-ca-dinan-agglomeration-2023;Deuxième ABC de Dinan Agglomeration;CA Dinan Agglomération;Etablissement public de coopération intercommunale (EPCI);2023;en_cours;En cours;Potentiellement terminé (début 2023, durée ABC ~3 ans);10;Côtes-d'Armor;Bretagne;data.gouv;Non;
abc-de-brest-metropole-brest-metropole-2017;ABC de Brest Métropole;Brest Métropole;Etablissement public de coopération intercommunale (EPCI);2017;termine;Terminé;;8;Finistère;Bretagne;data.gouv;Non;
premier-abc-de-dinan-agglomeration-ca-dinan-agglomeration-2020;Premier ABC de Dinan Agglomération;CA Dinan Agglomération;Etablissement public de coopération intercommunale (EPCI);2020;termine;Terminé;;20;Côtes-d'Armor;Bretagne;data.gouv;Non;
abc-de-langueux-langueux-2015;ABC de Langueux;Langueux;Commune;2015;termine;Terminé;;1;Côtes-d'Armor;Bretagne;data.gouv;Non;
abc-de-merdrignac-merdrignac-2022;ABC de Merdrignac;Merdrignac;Commune;2022;en_cours;En cours;Potentiellement terminé (début 2022, durée ABC ~3 ans);1;Côtes-d'Armor;Bretagne;data.gouv;Non;
abc-de-porspoder-porspoder-2021;ABC de Porspoder;Porspoder;Commune;2021;termine;Terminé;;1;Finistère;Bretagne;data.gouv;Non;
abc-de-pledran-pledran-2021;ABC de Plédran;Plédran;Commune;2021;termine;Terminé;;1;Côtes-d'Armor;Bretagne;data.gouv;Non;
abc-de-plerin-plerin-2010;ABC de Plérin;Plérin;Commune;2010;termine;Terminé;;1;Côtes-d'Armor;Bretagne;data.gouv;Non;
abc-de-la-vallee-de-l-homme-cc-de-la-vallee-de-l-homme-2021;ABC de la Vallée de l'Homme;CC de la Vallée de l'Homme;Etablissement public de coopération intercommunale (EPCI);2021;termine;Terminé;;26;Dordogne;Nouvelle-Aquitaine;data.gouv;Non;
abc-de-pouldreuzic-pouldreuzic-2017;ABC de Pouldreuzic;Pouldreuzic;Commune;2017;termine;Terminé;;1;Finistère;Bretagne;data.gouv;Non;
abc-de-saint-agathon-saint-agathon-2021;ABC de Saint-Agathon;Saint-Agathon;Commune;2021;termine;Terminé;;1;Côtes-d'Armor;Bretagne;data.gouv;Non;
abc-de-saint-brieuc-saint-brieuc-2012;ABC de Saint-Brieuc;Saint-Brieuc;Commune;2012;termine;Terminé;;1;Côtes-d'Armor;Bretagne;data.gouv;Non;
abc-du-pnr-du-vercors-2021-2023-vercors-2021;ABC du PNR du Vercors 2021 - 2023;Vercors;Parc naturel régional;2021;termine;Terminé;;33;Drôme;Auvergne-Rhône-Alpes;data.gouv;Non;
abc-de-la-ca-du-grand-gueret-ca-du-grand-gueret-2024;ABC de la CA du Grand Guéret;CA du Grand Guéret;Etablissement public de coopération intercommunale (EPCI);2024;en_cours;En cours;;25;Creuse;Nouvelle-Aquitaine;data.gouv;Non;
abc-de-la-celle-dunoise-la-celle-dunoise-2016;ABC de La Celle-Dunoise;La Celle-Dunoise;Commune;2016;en_cours;En cours;Potentiellement terminé (début 2016, durée ABC ~3 ans);1;Creuse;Nouvelle-Aquitaine;data.gouv;Non;
abc-de-faux-la-montagne-et-la-villedieu-faux-la-montagne-2024;ABC de Faux-la-Montagne et La Villedieu;Faux-la-Montagne;Commune;2024;en_cours;En cours;;2;Creuse;Nouvelle-Aquitaine;data.gouv;Non;
abc-de-gentioux-pigerolles-gentioux-pigerolles-2021;ABC de Gentioux-Pigerolles;Gentioux-Pigerolles;Commune;2021;termine;Terminé;;1;Creuse;Nouvelle-Aquitaine;data.gouv;Non;
abc-de-la-souterraine-la-souterraine-2020;ABC de La Souterraine;La Souterraine;Commune;2020;en_cours;En cours;Potentiellement terminé (début 2020, durée ABC ~3 ans);1;Creuse;Nouvelle-Aquitaine;data.gouv;Non;
abc-de-saint-martin-chateau-saint-martin-chateau-2024;ABC de Saint-Martin-Château;Saint-Martin-Château;Commune;2024;en_cours;En cours;;1;Creuse;Nouvelle-Aquitaine;data.gouv;Non;
abc-du-grand-perigueux-ca-le-grand-perigueux-smbi-syndicat-mixte-du-bassin-de-l-isle-2022;ABC du Grand Périgueux;CA Le Grand Périgueux  SMBI (Syndicat Mixte du Bassin de l'Isle);Etablissement public de coopération intercommunale (EPCI);2022;en_cours;En cours;Potentiellement terminé (début 2022, durée ABC ~3 ans);43;Dordogne;Nouvelle-Aquitaine;data.gouv;Non;
abc-de-brouchaud-syndicat-mixte-du-bassin-de-l-isle-2023;ABC de Brouchaud;Syndicat Mixte du Bassin de l'Isle;Syndicat mixte;2023;en_cours;En cours;Potentiellement terminé (début 2023, durée ABC ~3 ans);1;Dordogne;Nouvelle-Aquitaine;data.gouv;Non;
abc-du-bassin-de-l-isle-entre-causses-et-rivieres-syndica-mixte-du-bassin-versant-de-l-isle-smbi-2023;ABC du Bassin de l'Isle entre causses et rivières;Syndica mixte du bassin versant de l'isle (SMBI);Syndicat mixte;2023;a_venir;Va débuter;Potentiellement en cours (début annoncé 2023, encore « va débuter »);2;Dordogne;Nouvelle-Aquitaine;data.gouv;Non;
abc-de-marsac-sur-l-isle-smbi-syndicat-mixte-du-bassin-de-l-isle-2021;ABC de Marsac-sur-l'Isle;SMBI (Syndicat Mixte du Bassin de l'Isle);Syndicat mixte;2021;termine;Terminé;;1;Dordogne;Nouvelle-Aquitaine;data.gouv;Non;
abc-de-moulin-neuf-syndicat-mixte-du-bassin-de-l-isle-2023;ABC de Moulin-Neuf;Syndicat Mixte du Bassin de l'Isle;Syndicat mixte;2023;en_cours;En cours;Potentiellement terminé (début 2023, durée ABC ~3 ans);1;Dordogne;Nouvelle-Aquitaine;data.gouv;Non;
abc-du-bassin-de-l-isle-entre-isle-et-double-syndica-mixte-du-bassin-versant-de-l-isle-smbi-2023;ABC du Bassin de l'Isle entre Isle et Double;Syndica mixte du bassin versant de l'isle (SMBI);Syndicat mixte;2023;a_venir;Va débuter;Potentiellement en cours (début annoncé 2023, encore « va débuter »);3;Dordogne;Nouvelle-Aquitaine;data.gouv;Non;
abc-de-quimper-quimper-2021;ABC de Quimper;Quimper;Commune;2021;termine;Terminé;;1;Finistère;Bretagne;data.gouv;Non;
abc-des-sources-du-salembre-saint-aquilin-smbi-syndicat-mixte-du-bassin-de-l-isle-2022;ABC des sources du Salembre (Saint-Aquilin);SMBI (Syndicat Mixte du Bassin de l'Isle);Syndicat mixte;2022;en_cours;En cours;Potentiellement terminé (début 2022, durée ABC ~3 ans);1;Dordogne;Nouvelle-Aquitaine;data.gouv;Non;
abc-de-saint-barthelemy-de-bussiere-saint-barthelemy-de-bussiere-2010;ABC de Saint-Barthélemy-de-Bussière;Saint-Barthélemy-de-Bussière;Commune;2010;termine;Terminé;Terminé (estimation) : statut officiel inconnu, projet débuté en 2010 (> 5 ans);1;Dordogne;Nouvelle-Aquitaine;data.gouv;Non;
abc-de-saint-martial-d-albarede-syndicat-mixte-du-bassin-de-l-isle-2023;ABC de Saint-Martial-d'Albarède;Syndicat Mixte du Bassin de l'Isle;Syndicat mixte;2023;en_cours;En cours;Potentiellement terminé (début 2023, durée ABC ~3 ans);1;Dordogne;Nouvelle-Aquitaine;data.gouv;Non;
abc-de-saint-martial-d-artenset-syndicat-mixte-du-bassin-de-l-isle-2023;ABC de Saint-Martial-d'Artenset;Syndicat Mixte du Bassin de l'Isle;Syndicat mixte;2023;en_cours;En cours;Potentiellement terminé (début 2023, durée ABC ~3 ans);1;Dordogne;Nouvelle-Aquitaine;data.gouv;Non;
abc-de-st-michel-de-double-syndicat-mixte-du-bassin-de-l-isle-2023;ABC de St-Michel-de-Double;Syndicat Mixte du Bassin de l'Isle;Syndicat mixte;2023;en_cours;En cours;Potentiellement terminé (début 2023, durée ABC ~3 ans);1;Dordogne;Nouvelle-Aquitaine;data.gouv;Non;
abc-de-la-cc-castillon-pujols-cc-castillon-pujols-2023;ABC de la CC Castillon-Pujols;CC Castillon/Pujols;Etablissement public de coopération intercommunale (EPCI);2023;a_venir;Va débuter;Potentiellement en cours (début annoncé 2023, encore « va débuter »);31;Dordogne;Nouvelle-Aquitaine;data.gouv;Non;
abc-de-saint-pierre-de-frugie-saint-pierre-de-frugie-2010;ABC de Saint-Pierre-de-Frugie;Saint-Pierre-de-Frugie;Commune;2010;termine;Terminé;Terminé (estimation) : statut officiel inconnu, projet débuté en 2010 (> 5 ans);1;Dordogne;Nouvelle-Aquitaine;data.gouv;Non;
abc-de-doubs-doubs-2022;ABC de Doubs;Doubs;Commune;2022;en_cours;En cours;Potentiellement terminé (début 2022, durée ABC ~3 ans);1;Doubs;Bourgogne-Franche-Comté;data.gouv;Non;
abc-de-la-riviere-drugeon-la-riviere-drugeon-2010;ABC de La Rivière-Drugeon;La Rivière-Drugeon;Commune;2010;termine;Terminé;Terminé (estimation) : statut officiel inconnu, projet débuté en 2010 (> 5 ans);1;Doubs;Bourgogne-Franche-Comté;data.gouv;Non;
abc-de-vandoncourt-vandoncourt-2016;ABC de Vandoncourt;Vandoncourt;Commune;2016;termine;Terminé;Terminé (estimation) : statut officiel inconnu, projet débuté en 2016 (> 5 ans);1;Doubs;Bourgogne-Franche-Comté;data.gouv;Non;
abc-d-aouste-sur-sye-26-aouste-sur-sye-2024;ABC d'Aouste sur Sye (26);Aouste-sur-Sye;Commune;2024;en_cours;En cours;;1;Drôme;Auvergne-Rhône-Alpes;data.gouv;Non;
abc-de-valence-romans-agglo-ca-valence-romans-agglo-2017;ABC de Valence Romans Agglo;CA Valence Romans Agglo;Etablissement public de coopération intercommunale (EPCI);2017;termine;Terminé;;18;Drôme;Auvergne-Rhône-Alpes;data.gouv;Non;
abc-du-pnr-du-vercors-2023-pnr-du-vercors-2023;ABC du PNR du Vercors - 2023;PNR du Vercors;Syndicat mixte;2023;en_cours;En cours;Potentiellement terminé (début 2023, durée ABC ~3 ans);26;Drôme;Auvergne-Rhône-Alpes;data.gouv;Non;
abc-d-d-comme-dieulefit-dieulefit-2019;ABC D (D comme Dieulefit);Dieulefit;Commune;2019;termine;Terminé;;1;Drôme;Auvergne-Rhône-Alpes;data.gouv;Non;
abc-de-romans-sur-isere-romans-sur-isere-2013;ABC de Romans-sur-Isère;Romans-sur-Isère;Commune;2013;termine;Terminé;;1;Drôme;Auvergne-Rhône-Alpes;data.gouv;Non;
abc-du-plateau-du-roumois-pnr-des-boucles-de-la-seine-normande-boucles-de-la-seine-normande-2020;ABC du plateau du Roumois (PNR des Boucles de la Seine Normande);Boucles De La Seine Normande;Parc naturel régional;2020;en_cours;En cours;Potentiellement terminé (début 2020, durée ABC ~3 ans);15;Eure;Normandie;data.gouv;Non;
ibc-de-senantes-senantes-2024;IBC de Senantes;Senantes;Commune;2024;en_cours;En cours;;1;Eure-et-Loir;Centre-Val de Loire;data.gouv;Non;
ibc-d-anet-anet-2015;IBC d'Anet;Anet;Commune;2015;termine;Terminé;;1;Eure-et-Loir;Centre-Val de Loire;data.gouv;Non;
ibc-d-auneau-bleury-saint-symphorien-auneau-bleury-saint-symphorien-2023;IBC d'Auneau-Bleury-Saint-Symphorien;Auneau-Bleury-Saint-Symphorien;Commune;2023;en_cours;En cours;Potentiellement terminé (début 2023, durée ABC ~3 ans);1;Eure-et-Loir;Centre-Val de Loire;data.gouv;Non;
ibc-de-bailleau-armenonville-bailleau-armenonville-2015;IBC de Bailleau-Armenonville;Bailleau-Armenonville;;2015;termine;Terminé;;1;Eure-et-Loir;Centre-Val de Loire;data.gouv;Non;
ibc-de-barjouville-2020;IBC de Barjouville;;;2020;en_cours;En cours;Potentiellement terminé (début 2020, durée ABC ~3 ans);1;Eure-et-Loir;Centre-Val de Loire;data.gouv;Non;
ibc-de-bercheres-sur-vesgre-bercheres-sur-vesgre-2012;IBC de Berchères-sur-Vesgre;Berchères-sur-Vesgre;Commune;2012;termine;Terminé;;1;Eure-et-Loir;Centre-Val de Loire;data.gouv;Non;
ibc-du-boullay-mivoye-2015;IBC du Boullay-Mivoye;;;2015;termine;Terminé;;1;Eure-et-Loir;Centre-Val de Loire;data.gouv;Non;
ibc-de-champhol-champhol-2011;IBC de Champhol;Champhol;Commune;2011;termine;Terminé;;1;Eure-et-Loir;Centre-Val de Loire;data.gouv;Non;
abc-de-chapelle-royale-chapelle-royale-2025;ABC de Chapelle Royale;Chapelle-Royale;Commune;2025;en_cours;En cours;;1;Eure-et-Loir;Centre-Val de Loire;data.gouv;Non;
ibc-de-la-chaussee-d-ivry-2016;IBC de La Chaussée d'Ivry;;;2016;termine;Terminé;;1;Eure-et-Loir;Centre-Val de Loire;data.gouv;Non;
abc-de-dreux-dreux-2021;ABC de Dreux;Dreux;Commune;2021;termine;Terminé;;1;Eure-et-Loir;Centre-Val de Loire;data.gouv;Non;
abc-de-droue-sur-drouette-droue-sur-drouette-2025;ABC de Droue-sur-Drouette;Droue-sur-Drouette;Commune;2025;en_cours;En cours;;1;Eure-et-Loir;Centre-Val de Loire;data.gouv;Non;
ibc-d-epernon-2015;IBC d'Epernon;;;2015;termine;Terminé;;1;Eure-et-Loir;Centre-Val de Loire;data.gouv;Non;
ibc-de-gallardon-2016;IBC de Gallardon;;;2016;termine;Terminé;;1;Eure-et-Loir;Centre-Val de Loire;data.gouv;Non;
ibc-de-garancieres-en-drouais-2014;IBC de Garancières-en-Drouais;;;2014;termine;Terminé;;1;Eure-et-Loir;Centre-Val de Loire;data.gouv;Non;
ibc-de-garancieres-en-drouais-garancieres-en-drouais-2015;IBC de Garancières-en-Drouais;Garancières-en-Drouais;Commune;2015;termine;Terminé;;1;Eure-et-Loir;Centre-Val de Loire;data.gouv;Non;
ibc-de-gasville-oiseme-gasville-oiseme-2022;IBC de Gasville-Oiseme;Gasville-Oisème;Commune;2022;en_cours;En cours;Potentiellement terminé (début 2022, durée ABC ~3 ans);1;Eure-et-Loir;Centre-Val de Loire;data.gouv;Non;
atlas-de-la-biodiversite-communale-de-gommerville-gommerville-2023;Atlas de la biodiversité communale de Gommerville;Gommerville;Commune;2023;a_venir;Va débuter;Potentiellement en cours (début annoncé 2023, encore « va débuter »);1;Eure-et-Loir;Centre-Val de Loire;data.gouv;Non;
ibc-de-hanches-hanches-2023;IBC de Hanches;Hanches;Commune;2023;en_cours;En cours;Potentiellement terminé (début 2023, durée ABC ~3 ans);1;Eure-et-Loir;Centre-Val de Loire;data.gouv;Non;
ibc-de-leves-2020;IBC de Lèves;;;2020;termine;Terminé;;1;Eure-et-Loir;Centre-Val de Loire;data.gouv;Non;
abc-de-luce-luce-2024;ABC de Lucé;Lucé;Commune;2024;en_cours;En cours;;1;Eure-et-Loir;Centre-Val de Loire;data.gouv;Non;
ibc-de-luisant-2020;IBC de Luisant;;;2020;en_cours;En cours;Potentiellement terminé (début 2020, durée ABC ~3 ans);1;Eure-et-Loir;Centre-Val de Loire;data.gouv;Non;
ibc-de-mainvilliers-mainvilliers-2011;IBC de Mainvilliers;Mainvilliers;Commune;2011;termine;Terminé;;1;Eure-et-Loir;Centre-Val de Loire;data.gouv;Non;
ibc-de-morancez-ca-chartres-metropole-morancez-2022;IBC de Morancez;CA Chartres Métropole Morancez;Commune;2022;en_cours;En cours;Potentiellement terminé (début 2022, durée ABC ~3 ans);1;Eure-et-Loir;Centre-Val de Loire;data.gouv;Non;
ibc-de-nogent-le-roi-nogent-le-roi-2024;IBC de Nogent-le-Roi;Nogent-le-Roi;Commune;2024;en_cours;En cours;;1;Eure-et-Loir;Centre-Val de Loire;data.gouv;Non;
ibc-de-saint-lubin-des-joncherets-saint-lubin-des-joncherets-2014;IBC de Saint-Lubin-des-Joncherets;Saint-Lubin-des-Joncherets;Commune;2014;termine;Terminé;;1;Eure-et-Loir;Centre-Val de Loire;data.gouv;Non;
abc-de-la-communaute-de-commune-du-pays-d-iroise-cc-du-pays-d-iroise-2022;ABC de la communauté de commune du Pays d'Iroise;CC du Pays d'Iroise;Etablissement public de coopération intercommunale (EPCI);2022;en_cours;En cours;Potentiellement terminé (début 2022, durée ABC ~3 ans);18;Finistère;Bretagne;data.gouv;Non;
abc-de-concarneau-concarneau-2017;ABC de Concarneau;Concarneau;Commune;2017;termine;Terminé;;1;Finistère;Bretagne;data.gouv;Non;
abc-de-le-conquet-le-conquet-2010;ABC de Le Conquet;Le Conquet;Commune;2010;termine;Terminé;Terminé (estimation) : statut officiel inconnu, projet débuté en 2010 (> 5 ans);1;Finistère;Bretagne;data.gouv;Non;
abc-de-hopital-camfrout-hopital-camfrout-2010;ABC de Hôpital-Camfrout;Hôpital-Camfrout;Commune;2010;termine;Terminé;Terminé (estimation) : statut officiel inconnu, projet débuté en 2010 (> 5 ans);1;Finistère;Bretagne;data.gouv;Non;
abc-de-landerneau-landerneau-2024;ABC de Landerneau;Landerneau;Commune;2024;en_cours;En cours;;1;Finistère;Bretagne;data.gouv;Non;
abc-de-loperhet-loperhet-2010;ABC de Loperhet;Loperhet;Commune;2010;termine;Terminé;Terminé (estimation) : statut officiel inconnu, projet débuté en 2010 (> 5 ans);1;Finistère;Bretagne;data.gouv;Non;
abc-de-plabennec-plabennec-2010;ABC de Plabennec;Plabennec;Commune;2010;termine;Terminé;Terminé (estimation) : statut officiel inconnu, projet débuté en 2010 (> 5 ans);1;Finistère;Bretagne;data.gouv;Non;
abc-de-plougasnou-2022;ABC de Plougasnou;;;2022;termine;Terminé;;1;Finistère;Bretagne;data.gouv;Non;
abc-de-plougastel-daoulas-plougastel-daoulas-2014;ABC de Plougastel-Daoulas;Plougastel-Daoulas;Commune;2014;termine;Terminé;;1;Finistère;Bretagne;data.gouv;Non;
abc-de-plouguerneau-plouguerneau-2021;ABC de Plouguerneau;Plouguerneau;Commune;2021;termine;Terminé;;1;Finistère;Bretagne;data.gouv;Non;
abc-de-rosporden-rosporden-2024;ABC de Rosporden;Rosporden;Commune;2024;en_cours;En cours;;1;Finistère;Bretagne;data.gouv;Non;
abc-de-saint-jean-du-doigt-saint-jean-du-doigt-2019;ABC de Saint-Jean-du-Doigt;Saint-Jean-du-Doigt;Commune;2019;termine;Terminé;;1;Finistère;Bretagne;data.gouv;Non;
abc-de-saint-thegonnec-loc-eguiner-saint-thegonnec-loc-eguiner-2021;ABC de Saint-Thégonnec Loc-Eguiner;Saint-Thégonnec Loc-Eguiner;Commune;2021;termine;Terminé;;1;Finistère;Bretagne;data.gouv;Non;
abc-de-saint-yvi-saint-yvi-2021;ABC de Saint-Yvi;Saint-Yvi;Commune;2021;termine;Terminé;;1;Finistère;Bretagne;data.gouv;Non;
abc-d-afa-afa-2012;ABC d'Afa;Afa;Commune;2012;termine;Terminé;Terminé (estimation) : statut officiel inconnu, projet débuté en 2012 (> 5 ans);1;Corse-du-Sud;Corse;data.gouv;Non;
abc-d-ajaccio-ajaccio-2025;ABC d'Ajaccio;Ajaccio;Commune;2025;en_cours;En cours;;1;Corse-du-Sud;Corse;data.gouv;Non;
abc-d-alata-alata-2012;ABC d'Alata;Alata;Commune;2012;termine;Terminé;Terminé (estimation) : statut officiel inconnu, projet débuté en 2012 (> 5 ans);1;Corse-du-Sud;Corse;data.gouv;Non;
abc-d-appietto-appietto-2012;ABC d'Appietto;Appietto;Commune;2012;termine;Terminé;Terminé (estimation) : statut officiel inconnu, projet débuté en 2012 (> 5 ans);1;Corse-du-Sud;Corse;data.gouv;Non;
abc-de-bonifacio-bonifacio-2012;ABC de Bonifacio;Bonifacio;Commune;2012;termine;Terminé;Terminé (estimation) : statut officiel inconnu, projet débuté en 2012 (> 5 ans);1;Corse-du-Sud;Corse;data.gouv;Non;
abc-de-cuttoli-corticchiato-cuttoli-corticchiato-2012;ABC de Cuttoli-Corticchiato;Cuttoli-Corticchiato;Commune;2012;termine;Terminé;Terminé (estimation) : statut officiel inconnu, projet débuté en 2012 (> 5 ans);1;Corse-du-Sud;Corse;data.gouv;Non;
abc-d-evisa-evisa-2022;ABC d'Evisa;Évisa;Commune;2022;termine;Terminé;;1;Corse-du-Sud;Corse;data.gouv;Non;
abc-de-figari-figari-2022;ABC de Figari;Figari;Commune;2022;termine;Terminé;;1;Corse-du-Sud;Corse;data.gouv;Non;
abc-de-peri-peri-2010;ABC de Peri;Peri;Commune;2010;termine;Terminé;;1;Corse-du-Sud;Corse;data.gouv;Non;
abc-de-pianottoli-caldarello-pianottoli-caldarello-2023;ABC de Pianottoli-Caldarello;Pianottoli-Caldarello;Commune;2023;en_cours;En cours;Potentiellement terminé (début 2023, durée ABC ~3 ans);1;Corse-du-Sud;Corse;data.gouv;Non;
abc-de-porto-vecchio-porto-vecchio-2018;ABC de Porto Vecchio;Porto-Vecchio;Commune;2018;en_cours;En cours;Potentiellement terminé (début 2018, durée ABC ~3 ans);1;Corse-du-Sud;Corse;data.gouv;Non;
abc-de-sarrola-carcopino-sarrola-carcopino-2012;ABC de Sarrola-Carcopino;Sarrola-Carcopino;Commune;2012;termine;Terminé;Terminé (estimation) : statut officiel inconnu, projet débuté en 2012 (> 5 ans);1;Corse-du-Sud;Corse;data.gouv;Non;
abc-de-tavaco-tavaco-2012;ABC de Tavaco;Tavaco;Commune;2012;termine;Terminé;Terminé (estimation) : statut officiel inconnu, projet débuté en 2012 (> 5 ans);1;Corse-du-Sud;Corse;data.gouv;Non;
abc-de-valle-di-mezzana-valle-di-mezzana-2012;ABC de Valle-di-Mezzana;Valle-di-Mezzana;Commune;2012;termine;Terminé;Terminé (estimation) : statut officiel inconnu, projet débuté en 2012 (> 5 ans);1;Corse-du-Sud;Corse;data.gouv;Non;
abc-de-villanova-villanova-2012;ABC de Villanova;Villanova;Commune;2012;termine;Terminé;Terminé (estimation) : statut officiel inconnu, projet débuté en 2012 (> 5 ans);1;Corse-du-Sud;Corse;data.gouv;Non;
abc-d-algajola-algajola-2012;ABC d'Algajola;Algajola;Commune;2012;termine;Terminé;Terminé (estimation) : statut officiel inconnu, projet débuté en 2012 (> 5 ans);1;Haute-Corse;Corse;data.gouv;Non;
abc-d-aregno-aregno-2012;ABC d'Aregno;Aregno;Commune;2012;termine;Terminé;Terminé (estimation) : statut officiel inconnu, projet débuté en 2012 (> 5 ans);1;Haute-Corse;Corse;data.gouv;Non;
abc-d-avapessa-avapessa-2012;ABC d'Avapessa;Avapessa;Commune;2012;termine;Terminé;Terminé (estimation) : statut officiel inconnu, projet débuté en 2012 (> 5 ans);1;Haute-Corse;Corse;data.gouv;Non;
abc-du-grand-site-conca-d-oru-grand-site-conca-d-oru-vignoble-de-patrimonio-golfe-de-saint-florent-2024;ABC du Grand Site Conca d'Oru;Grand Site Conca d'Oru, vignoble de Patrimonio - golfe de Saint-Florent;Syndicat mixte;2024;en_cours;En cours;;6;Haute-Corse;Corse;data.gouv;Non;
abc-de-bastia-bastia-2017;ABC de Bastia;Bastia;Commune;2017;termine;Terminé;;1;Haute-Corse;Corse;data.gouv;Non;
abc-de-belgodere-belgodere-2015;ABC de Belgodère;Belgodère;Commune;2015;termine;Terminé;;1;Haute-Corse;Corse;data.gouv;Non;
abc-de-calenzana-calenzana-2012;ABC de Calenzana;Calenzana;Commune;2012;termine;Terminé;Terminé (estimation) : statut officiel inconnu, projet débuté en 2012 (> 5 ans);1;Haute-Corse;Corse;data.gouv;Non;
abc-de-calvi-calvi-2012;ABC de Calvi;Calvi;Commune;2012;termine;Terminé;Terminé (estimation) : statut officiel inconnu, projet débuté en 2012 (> 5 ans);1;Haute-Corse;Corse;data.gouv;Non;
abc-de-cateri-cateri-2012;ABC de Cateri;Cateri;Commune;2012;termine;Terminé;Terminé (estimation) : statut officiel inconnu, projet débuté en 2012 (> 5 ans);1;Haute-Corse;Corse;data.gouv;Non;
abc-de-la-costa-verde-cc-de-la-costa-verde-2024;ABC de la Costa Verde;CC de la Costa Verde;Etablissement public de coopération intercommunale (EPCI);2024;en_cours;En cours;;23;Haute-Corse;Corse;data.gouv;Non;
abc-de-corbara-corbara-2018;ABC de Corbara;Corbara;Commune;2018;termine;Terminé;;1;Haute-Corse;Corse;data.gouv;Non;
abc-de-corte-corte-2011;ABC de Corte;Corte;Commune;2011;termine;Terminé;;1;Haute-Corse;Corse;data.gouv;Non;
abc-de-costa-costa-2012;ABC de Costa;Costa;Commune;2012;termine;Terminé;Terminé (estimation) : statut officiel inconnu, projet débuté en 2012 (> 5 ans);1;Haute-Corse;Corse;data.gouv;Non;
abc-de-feliceto-feliceto-2012;ABC de Feliceto;Feliceto;Commune;2012;termine;Terminé;Terminé (estimation) : statut officiel inconnu, projet débuté en 2012 (> 5 ans);1;Haute-Corse;Corse;data.gouv;Non;
abc-de-galeria-galeria-2012;ABC de Galéria;Galéria;Commune;2012;termine;Terminé;Terminé (estimation) : statut officiel inconnu, projet débuté en 2012 (> 5 ans);1;Haute-Corse;Corse;data.gouv;Non;
abc-de-l-ile-rousse-l-ile-rousse-2012;ABC de L'Île-Rousse;L'Île-Rousse;Commune;2012;termine;Terminé;Terminé (estimation) : statut officiel inconnu, projet débuté en 2012 (> 5 ans);1;Haute-Corse;Corse;data.gouv;Non;
abc-de-lama-lama-2012;ABC de Lama;Lama;Commune;2012;termine;Terminé;Terminé (estimation) : statut officiel inconnu, projet débuté en 2012 (> 5 ans);1;Haute-Corse;Corse;data.gouv;Non;
abc-de-lavatoggio-lavatoggio-2012;ABC de Lavatoggio;Lavatoggio;Commune;2012;termine;Terminé;Terminé (estimation) : statut officiel inconnu, projet débuté en 2012 (> 5 ans);1;Haute-Corse;Corse;data.gouv;Non;
abc-de-linguizzetta-linguizzetta-2024;ABC de Linguizzetta;Linguizzetta;Commune;2024;en_cours;En cours;;1;Haute-Corse;Corse;data.gouv;Non;
abc-de-lumio-lumio-2012;ABC de Lumio;Lumio;Commune;2012;termine;Terminé;Terminé (estimation) : statut officiel inconnu, projet débuté en 2012 (> 5 ans);1;Haute-Corse;Corse;data.gouv;Non;
abc-de-manso-manso-2012;ABC de Manso;Manso;Commune;2012;termine;Terminé;Terminé (estimation) : statut officiel inconnu, projet débuté en 2012 (> 5 ans);1;Haute-Corse;Corse;data.gouv;Non;
abc-de-mausoleo-mausoleo-2012;ABC de Mausoléo;Mausoléo;Commune;2012;termine;Terminé;Terminé (estimation) : statut officiel inconnu, projet débuté en 2012 (> 5 ans);1;Haute-Corse;Corse;data.gouv;Non;
abc-de-moltifao-moltifao-2011;ABC de Moltifao;Moltifao;Commune;2011;termine;Terminé;;1;Haute-Corse;Corse;data.gouv;Non;
abc-de-moncale-moncale-2012;ABC de Moncale;Moncale;Commune;2012;termine;Terminé;Terminé (estimation) : statut officiel inconnu, projet débuté en 2012 (> 5 ans);1;Haute-Corse;Corse;data.gouv;Non;
abc-de-montegrosso-montegrosso-2012;ABC de Montegrosso;Montegrosso;Commune;2012;termine;Terminé;Terminé (estimation) : statut officiel inconnu, projet débuté en 2012 (> 5 ans);1;Haute-Corse;Corse;data.gouv;Non;
abc-de-monticello-monticello-2012;ABC de Monticello;Monticello;Commune;2012;termine;Terminé;Terminé (estimation) : statut officiel inconnu, projet débuté en 2012 (> 5 ans);1;Haute-Corse;Corse;data.gouv;Non;
abc-de-muro-muro-2012;ABC de Muro;Muro;Commune;2012;termine;Terminé;Terminé (estimation) : statut officiel inconnu, projet débuté en 2012 (> 5 ans);1;Haute-Corse;Corse;data.gouv;Non;
abc-de-nessa-nessa-2012;ABC de Nessa;Nessa;Commune;2012;termine;Terminé;Terminé (estimation) : statut officiel inconnu, projet débuté en 2012 (> 5 ans);1;Haute-Corse;Corse;data.gouv;Non;
abc-de-noceta-noceta-2011;ABC de Noceta;Noceta;Commune;2011;termine;Terminé;;1;Haute-Corse;Corse;data.gouv;Non;
abc-de-nonza-nonza-2023;ABC de Nonza;Nonza;Commune;2023;a_venir;Va débuter;Potentiellement en cours (début annoncé 2023, encore « va débuter »);1;Haute-Corse;Corse;data.gouv;Non;
abc-de-novella-novella-2012;ABC de Novella;Novella;Commune;2012;termine;Terminé;Terminé (estimation) : statut officiel inconnu, projet débuté en 2012 (> 5 ans);1;Haute-Corse;Corse;data.gouv;Non;
abc-d-occhiatana-occhiatana-2012;ABC d'Occhiatana;Occhiatana;Commune;2012;termine;Terminé;Terminé (estimation) : statut officiel inconnu, projet débuté en 2012 (> 5 ans);1;Haute-Corse;Corse;data.gouv;Non;
abc-d-olmi-cappella-olmi-cappella-2012;ABC d'Olmi-Cappella;Olmi-Cappella;Commune;2012;termine;Terminé;Terminé (estimation) : statut officiel inconnu, projet débuté en 2012 (> 5 ans);1;Haute-Corse;Corse;data.gouv;Non;
abc-de-palasca-palasca-2012;ABC de Palasca;Palasca;Commune;2012;termine;Terminé;Terminé (estimation) : statut officiel inconnu, projet débuté en 2012 (> 5 ans);1;Haute-Corse;Corse;data.gouv;Non;
abc-de-pietralba-pietralba-2012;ABC de Pietralba;Pietralba;Commune;2012;termine;Terminé;Terminé (estimation) : statut officiel inconnu, projet débuté en 2012 (> 5 ans);1;Haute-Corse;Corse;data.gouv;Non;
abc-de-pigna-pigna-2012;ABC de Pigna;Pigna;Commune;2012;termine;Terminé;Terminé (estimation) : statut officiel inconnu, projet débuté en 2012 (> 5 ans);1;Haute-Corse;Corse;data.gouv;Non;
abc-de-pioggiola-pioggiola-2012;ABC de Pioggiola;Pioggiola;Commune;2012;termine;Terminé;Terminé (estimation) : statut officiel inconnu, projet débuté en 2012 (> 5 ans);1;Haute-Corse;Corse;data.gouv;Non;
abc-de-prunelli-di-fiumorbo-prunelli-di-fiumorbo-2020;ABC de Prunelli di Fiumorbo;Prunelli-di-Fiumorbo;Commune;2020;termine;Terminé;;1;Haute-Corse;Corse;data.gouv;Non;
abc-de-speloncato-speloncato-2012;ABC de Speloncato;Speloncato;Commune;2012;termine;Terminé;Terminé (estimation) : statut officiel inconnu, projet débuté en 2012 (> 5 ans);1;Haute-Corse;Corse;data.gouv;Non;
abc-de-sant-antonino-sant-antonino-2012;ABC de Sant'Antonino;Sant'Antonino;Commune;2012;termine;Terminé;Terminé (estimation) : statut officiel inconnu, projet débuté en 2012 (> 5 ans);1;Haute-Corse;Corse;data.gouv;Non;
abc-de-san-giuliano-san-giuliano-2022;ABC de San Giuliano;San-Giuliano;Commune;2022;en_cours;En cours;Potentiellement terminé (début 2022, durée ABC ~3 ans);1;Haute-Corse;Corse;data.gouv;Non;
abc-de-san-martino-di-lota-san-martino-di-lota-2018;ABC de San Martino Di Lota;San-Martino-di-Lota;Commune;2018;termine;Terminé;;1;Haute-Corse;Corse;data.gouv;Non;
abc-de-santa-lucia-di-mercurio-santa-lucia-di-mercurio-2011;ABC de Santa-Lucia-di-Mercurio;Santa-Lucia-di-Mercurio;Commune;2011;termine;Terminé;;1;Haute-Corse;Corse;data.gouv;Non;
abc-de-santo-pietro-di-venaco-santo-pietro-di-venaco-2011;ABC de Santo-Pietro-di-Venaco;Santo-Pietro-di-Venaco;Commune;2011;termine;Terminé;;1;Haute-Corse;Corse;data.gouv;Non;
abc-de-santa-reparata-di-balagna-santa-reparata-di-balagna-2012;ABC de Santa-Reparata-di-Balagna;Santa-Reparata-di-Balagna;Commune;2012;termine;Terminé;Terminé (estimation) : statut officiel inconnu, projet débuté en 2012 (> 5 ans);1;Haute-Corse;Corse;data.gouv;Non;
abc-de-tallone-tallone-2022;ABC de Tallone;Tallone;Commune;2022;termine;Terminé;;1;Haute-Corse;Corse;data.gouv;Non;
abc-de-urtaca-urtaca-2012;ABC de Urtaca;Urtaca;Commune;2012;termine;Terminé;Terminé (estimation) : statut officiel inconnu, projet débuté en 2012 (> 5 ans);1;Haute-Corse;Corse;data.gouv;Non;
abc-de-vallica-vallica-2012;ABC de Vallica;Vallica;Commune;2012;termine;Terminé;Terminé (estimation) : statut officiel inconnu, projet débuté en 2012 (> 5 ans);1;Haute-Corse;Corse;data.gouv;Non;
abc-de-ville-di-paraso-ville-di-paraso-2012;ABC de Ville-di-Paraso;Ville-di-Paraso;Commune;2012;termine;Terminé;Terminé (estimation) : statut officiel inconnu, projet débuté en 2012 (> 5 ans);1;Haute-Corse;Corse;data.gouv;Non;
abc-syndicat-mixte-camargue-gardoise-syndicat-mixte-camargue-gardoise-2017;ABC Syndicat Mixte Camargue Gardoise;Syndicat Mixte Camargue Gardoise;Syndicat mixte;2017;termine;Terminé;;7;Gard;Occitanie;data.gouv;Non;
abc-alzon-arrigas-alzon-2021;ABC Alzon & Arrigas;Alzon;Commune;2021;termine;Terminé;;2;Gard;Occitanie;data.gouv;Non;
abc-arphy-arphy-2017;ABC Arphy;Arphy;Commune;2017;termine;Terminé;;1;Gard;Occitanie;data.gouv;Non;
abc-nimes-metropole-comcom-ca-de-nimes-metropole-2018;ABC Nîmes Métropole (ComCom);CA de Nîmes Métropole;Etablissement public de coopération intercommunale (EPCI);2018;termine;Terminé;;39;Gard;Occitanie;data.gouv;Non;
abc-congenies-congenies-2021;ABC Congénies;Congénies;Commune;2021;termine;Terminé;;1;Gard;Occitanie;data.gouv;Non;
abc-cros-cros-2023;ABC Cros;Cros;Commune;2023;en_cours;En cours;Potentiellement terminé (début 2023, durée ABC ~3 ans);1;Gard;Occitanie;data.gouv;Non;
abc-genolhac-genolhac-2017;ABC Génolhac;Génolhac;Commune;2017;termine;Terminé;;1;Gard;Occitanie;data.gouv;Non;
abc-le-grau-du-roi-le-grau-du-roi-2017;ABC Le Grau Du Roi;Le Grau-du-Roi;Commune;2017;termine;Terminé;;1;Gard;Occitanie;data.gouv;Non;
abc-mialet-mialet-2023;ABC Mialet;Mialet;Commune;2023;en_cours;En cours;Potentiellement terminé (début 2023, durée ABC ~3 ans);1;Gard;Occitanie;data.gouv;Non;
abc-milhaud-milhaud-2016;ABC Milhaud;Milhaud;Commune;2016;termine;Terminé;Terminé (estimation) : statut officiel inconnu, projet débuté en 2016 (> 5 ans);1;Gard;Occitanie;data.gouv;Non;
abc-montignargues-montignargues-2010;ABC Montignargues;Montignargues;Commune;2010;termine;Terminé;Terminé (estimation) : statut officiel inconnu, projet débuté en 2010 (> 5 ans);1;Gard;Occitanie;data.gouv;Non;
abc-st-andre-de-capceze-ponteils-et-bresis-ponteils-et-bresis-2020;ABC St André de Capcèze & Ponteils et Brésis;Ponteils-et-Brésis;Commune;2020;termine;Terminé;;2;Gard;Occitanie;data.gouv;Non;
abc-de-la-communaute-d-agglomeration-du-grand-avignon-ca-du-grand-avignon-coga-2023;ABC de la communauté d'agglomération du Grand Avignon;CA du Grand Avignon (COGA);Etablissement public de coopération intercommunale (EPCI);2023;en_cours;En cours;Potentiellement terminé (début 2023, durée ABC ~3 ans);8;Gard;Occitanie;data.gouv;Non;
abc-la-rouviere-la-rouviere-2010;ABC La Rouvière;La Rouvière;Commune;2010;termine;Terminé;Terminé (estimation) : statut officiel inconnu, projet débuté en 2010 (> 5 ans);1;Gard;Occitanie;data.gouv;Non;
abc-saint-martial-saint-martial-2017;ABC Saint-Martial;Saint-Martial;Commune;2017;en_cours;En cours;Potentiellement terminé (début 2017, durée ABC ~3 ans);1;Gard;Occitanie;data.gouv;Non;
abc-saint-roman-de-codieres-saint-roman-de-codieres-2017;ABC Saint Roman De Codières;Saint-Roman-de-Codières;Commune;2017;en_cours;En cours;Potentiellement terminé (début 2017, durée ABC ~3 ans);1;Gard;Occitanie;data.gouv;Non;
abc-sumene-sumene-2017;ABC Sumène;Sumène;Commune;2017;en_cours;En cours;Potentiellement terminé (début 2017, durée ABC ~3 ans);1;Gard;Occitanie;data.gouv;Non;
abc-valleraugue-val-d-aigoual-2017;ABC Valleraugue;Val-d'Aigoual;Commune;2017;termine;Terminé;;1;Gard;Occitanie;data.gouv;Non;
abc-arbas-arbas-2010;ABC Arbas;Arbas;Commune;2010;termine;Terminé;Terminé (estimation) : statut officiel inconnu, projet débuté en 2010 (> 5 ans);1;Haute-Garonne;Occitanie;data.gouv;Non;
abc-balma-balma-2024;ABC Balma;Balma;Commune;2024;a_venir;Va débuter;Potentiellement en cours (début annoncé 2024, encore « va débuter »);1;Haute-Garonne;Occitanie;data.gouv;Non;
abc-du-sicoval-ca-du-sicoval-2024;ABC du SICOVAL;CA du Sicoval;Etablissement public de coopération intercommunale (EPCI);2024;a_venir;Va débuter;Potentiellement en cours (début annoncé 2024, encore « va débuter »);3;Haute-Garonne;Occitanie;data.gouv;Non;
abc-blagnac-blagnac-2024;ABC Blagnac;Blagnac;Commune;2024;a_venir;Va débuter;Potentiellement en cours (début annoncé 2024, encore « va débuter »);1;Haute-Garonne;Occitanie;data.gouv;Non;
abc-c-ur-et-coteaux-du-comminges-comcom-cc-coeur-et-coteaux-du-comminges-2017;ABC Cœur Et Coteaux Du Comminges (ComCom);CC Coeur et Coteaux du Comminges;Etablissement public de coopération intercommunale (EPCI);2017;termine;Terminé;;3;Haute-Garonne;Occitanie;data.gouv;Non;
abc-volvestre-comcom-cc-du-volvestre-2022;ABC Volvestre (Comcom);CC du Volvestre;Etablissement public de coopération intercommunale (EPCI);2022;termine;Terminé;;4;Haute-Garonne;Occitanie;data.gouv;Non;
abc-sicoval-comcom-ca-du-sicoval-2021;ABC Sicoval (ComCom);CA du Sicoval;Etablissement public de coopération intercommunale (EPCI);2021;termine;Terminé;;2;Haute-Garonne;Occitanie;data.gouv;Non;
abc-castelnau-d-estretefonds-castelnau-d-estretefonds-2022;ABC Castelnau d'Estrétefonds;Castelnau-d'Estrétefonds;Commune;2022;en_cours;En cours;Potentiellement terminé (début 2022, durée ABC ~3 ans);1;Haute-Garonne;Occitanie;data.gouv;Non;
abc-cugnaux-cugnaux-2023;ABC Cugnaux;Cugnaux;Commune;2023;en_cours;En cours;Potentiellement terminé (début 2023, durée ABC ~3 ans);1;Haute-Garonne;Occitanie;data.gouv;Non;
abc-flourens-flourens-2021;ABC Flourens;Flourens;Commune;2021;termine;Terminé;;1;Haute-Garonne;Occitanie;data.gouv;Non;
abc-sur-six-communes-de-la-ccphg-malvezie-frontignan-de-comminges-saint-pe-d-ardet-cc-pyrenees-haut-garonnaises-2024;ABC sur six communes de la CCPHG : Malvezie, Frontignan de Comminges, Saint-Pé-d’Ardet;CC Pyrénées Haut Garonnaises;Etablissement public de coopération intercommunale (EPCI);2024;a_venir;Va débuter;Potentiellement en cours (début annoncé 2024, encore « va débuter »);3;Haute-Garonne;Occitanie;data.gouv;Non;
abc-grenade-grenade-2020;ABC Grenade;Grenade;Commune;2020;termine;Terminé;;1;Haute-Garonne;Occitanie;data.gouv;Non;
abc-lamasquere-lamasquere-2022;ABC Lamasquere;Lamasquère;Commune;2022;en_cours;En cours;Potentiellement terminé (début 2022, durée ABC ~3 ans);1;Haute-Garonne;Occitanie;data.gouv;Non;
abc-leguevin-leguevin-2020;ABC Léguevin;Léguevin;Commune;2020;termine;Terminé;;1;Haute-Garonne;Occitanie;data.gouv;Non;
abc-mondonville-mondonville-2023;ABC Mondonville;Mondonville;Commune;2023;en_cours;En cours;Potentiellement terminé (début 2023, durée ABC ~3 ans);1;Haute-Garonne;Occitanie;data.gouv;Non;
abc-montastruc-la-conseillere-montastruc-la-conseillere-2021;ABC Montastruc la Conseillère;Montastruc-la-Conseillère;Commune;2021;termine;Terminé;;1;Haute-Garonne;Occitanie;data.gouv;Non;
abc-ramonville-ramonville-saint-agne-2020;ABC Ramonville;Ramonville-Saint-Agne;Commune;2020;termine;Terminé;;1;Haute-Garonne;Occitanie;data.gouv;Non;
abc-sainte-foy-de-peyrolieres-sainte-foy-de-peyrolieres-2016;ABC Sainte-Foy-de-Peyrolières;Sainte-Foy-de-Peyrolières;Commune;2016;termine;Terminé;;1;Haute-Garonne;Occitanie;data.gouv;Non;
abc-saint-jean-saint-jean-2024;ABC Saint-Jean;Saint-Jean;Commune;2024;a_venir;Va débuter;Potentiellement en cours (début annoncé 2024, encore « va débuter »);1;Haute-Garonne;Occitanie;data.gouv;Non;
abc-saint-orens-de-gameville-saint-orens-de-gameville-2016;ABC Saint-Orens-de-Gameville;Saint-Orens-de-Gameville;Commune;2016;termine;Terminé;;1;Haute-Garonne;Occitanie;data.gouv;Non;
abc-salvetat-saint-gilles-la-salvetat-saint-gilles-2024;ABC Salvetat-Saint-Gilles;La Salvetat-Saint-Gilles;Commune;2024;a_venir;Va débuter;Potentiellement en cours (début annoncé 2024, encore « va débuter »);1;Haute-Garonne;Occitanie;data.gouv;Non;
abc-de-tournefeuille-tournefeuille-2020;ABC de Tournefeuille;Tournefeuille;Commune;2020;en_cours;En cours;Potentiellement terminé (début 2020, durée ABC ~3 ans);1;Haute-Garonne;Occitanie;data.gouv;Non;
abc-du-pnr-caps-et-marais-d-opale-caps-et-marais-d-opale-2021;ABC du PNR Caps et Marais d'Opale;Caps Et Marais D'Opale;Parc naturel régional;2021;termine;Terminé;;5;Pas-de-Calais;Hauts-de-France;data.gouv;Non;
abc-du-grand-auch-c-ur-de-gascogne-ca-grand-auch-coeur-de-gascogne-2018;ABC du Grand Auch Cœur de Gascogne;CA Grand Auch Coeur de Gascogne;Etablissement public de coopération intercommunale (EPCI);2018;en_cours;En cours;Potentiellement terminé (début 2018, durée ABC ~3 ans);34;Gers;Occitanie;data.gouv;Non;
abc-astarac-arros-en-gascogne-comcom-cc-astarac-arros-en-gascogne-2018;ABC Astarac Arros en Gascogne (ComCom);CC Astarac Arros en Gascogne;Etablissement public de coopération intercommunale (EPCI);2018;termine;Terminé;;37;Gers;Occitanie;data.gouv;Non;
abc-isle-jourdain-l-isle-jourdain-2020;ABC Isle-Jourdain;L'Isle-Jourdain;Commune;2020;en_cours;En cours;Potentiellement terminé (début 2020, durée ABC ~3 ans);1;Gers;Occitanie;data.gouv;Non;
abc-lagraulet-du-gers-lagraulet-du-gers-2022;ABC Lagraulet du Gers;Lagraulet-du-Gers;Commune;2022;termine;Terminé;;1;Gers;Occitanie;data.gouv;Non;
abc-marciac-marciac-2024;ABC Marciac;Marciac;Commune;2024;a_venir;Va débuter;Potentiellement en cours (début annoncé 2024, encore « va débuter »);1;Gers;Occitanie;data.gouv;Non;
abc-saint-clar-saint-clar-2017;ABC Saint-Clar;Saint-Clar;Commune;2017;termine;Terminé;;1;Gers;Occitanie;data.gouv;Non;
abc-de-bordeaux-metropole-bordeaux-metropole-2010;ABC de Bordeaux Métropole;Bordeaux Métropole;Etablissement public de coopération intercommunale (EPCI);2010;termine;Terminé;;1;Gironde;Nouvelle-Aquitaine;data.gouv;Non;
abc-du-pnr-landes-de-gascogne-landes-de-gascogne-2014;ABC du PNR Landes De Gascogne;Landes De Gascogne;Parc naturel régional;2014;en_cours;En cours;Potentiellement terminé (début 2014, durée ABC ~3 ans);50;Gironde;Nouvelle-Aquitaine;data.gouv;Non;
abc-de-montesquieu-cc-de-montesquieu-2017;ABC de Montesquieu;CC de Montesquieu;Etablissement public de coopération intercommunale (EPCI);2017;termine;Terminé;;13;Gironde;Nouvelle-Aquitaine;data.gouv;Non;
abc-de-castelmoron-d-albret-castelmoron-d-albret-2010;ABC de Castelmoron-d'Albret;Castelmoron-d'Albret;Commune;2010;termine;Terminé;Terminé (estimation) : statut officiel inconnu, projet débuté en 2010 (> 5 ans);1;Gironde;Nouvelle-Aquitaine;data.gouv;Non;
abc-de-ciba-2010;ABC de CIBA;;Etablissement public de coopération intercommunale (EPCI);2010;termine;Terminé;;3;Gironde;Nouvelle-Aquitaine;data.gouv;Non;
abc-d-izon-izon-2024;ABC d'Izon;Izon;Commune;2024;en_cours;En cours;;1;Gironde;Nouvelle-Aquitaine;data.gouv;Non;
abc-de-merignac-merignac-2013;ABC de Mérignac;Mérignac;Commune;2013;termine;Terminé;;1;Gironde;Nouvelle-Aquitaine;data.gouv;Non;
abc-de-pessac-pessac-2013;ABC de Pessac;Pessac;Commune;2013;termine;Terminé;;1;Gironde;Nouvelle-Aquitaine;data.gouv;Non;
abc-de-saint-andre-de-cubzac-saint-andre-de-cubzac-2014;ABC de Saint-André-de-Cubzac;Saint-André-de-Cubzac;Commune;2014;termine;Terminé;Terminé (estimation) : statut officiel inconnu, projet débuté en 2014 (> 5 ans);1;Gironde;Nouvelle-Aquitaine;data.gouv;Non;
abc-de-medulienne-le-porge-2010;ABC de Médulienne;Le Porge;Commune;2010;termine;Terminé;;1;Gironde;Nouvelle-Aquitaine;data.gouv;Non;
abc-vallee-de-l-herault-comcom-cc-vallee-de-l-herault-2020;ABC Vallée de l'Hérault (Comcom);CC Vallée de l'Hérault;Etablissement public de coopération intercommunale (EPCI);2020;termine;Terminé;;28;Hérault;Occitanie;data.gouv;Non;
abc-assas-assas-2024;ABC Assas;Assas;Commune;2024;a_venir;Va débuter;Potentiellement en cours (début annoncé 2024, encore « va débuter »);1;Hérault;Occitanie;data.gouv;Non;
abc-montpellier-mediterranee-metropole-3m-montpellier-mediterranee-metropole-2023;ABC Montpellier Méditerranée Métropole (3M);Montpellier Méditerranée Métropole;Etablissement public de coopération intercommunale (EPCI);2023;en_cours;En cours;Potentiellement terminé (début 2023, durée ABC ~3 ans);29;Hérault;Occitanie;data.gouv;Non;
abc-de-la-lagune-secteur-sete-marseillan-2021;ABC de la Lagune (secteur Sète);Marseillan;Commune;2021;termine;Terminé;;8;Hérault;Occitanie;data.gouv;Non;
abc-cazouls-d-herault-cazouls-d-herault-2017;ABC Cazouls D'Herault;Cazouls-d'Hérault;Commune;2017;termine;Terminé;;1;Hérault;Occitanie;data.gouv;Non;
abc-grabels-grabels-2020;ABC Grabels;Grabels;Commune;2020;en_cours;En cours;Potentiellement terminé (début 2020, durée ABC ~3 ans);1;Hérault;Occitanie;data.gouv;Non;
abc-lunel-viel-lunel-viel-2010;ABC Lunel-Viel;Lunel-Viel;Commune;2010;termine;Terminé;Terminé (estimation) : statut officiel inconnu, projet débuté en 2010 (> 5 ans);1;Hérault;Occitanie;data.gouv;Non;
abc-mas-de-londres-mas-de-londres-2012;ABC Mas-de-Londres;Mas-de-Londres;Commune;2012;termine;Terminé;Terminé (estimation) : statut officiel inconnu, projet débuté en 2012 (> 5 ans);1;Hérault;Occitanie;data.gouv;Non;
abc-montagnac-montagnac-2021;ABC Montagnac;Montagnac;Commune;2021;termine;Terminé;;2;Hérault;Occitanie;data.gouv;Non;
abc-garrigues-comcom-montbazin-poussan-et-villeveyrac-montbazin-2020;ABC Garrigues (ComCom) - Montbazin, Poussan et Villeveyrac.;Montbazin;Commune;2020;en_cours;En cours;Potentiellement terminé (début 2020, durée ABC ~3 ans);3;Hérault;Occitanie;data.gouv;Non;
abc-paulhan-paulhan-2010;ABC Paulhan;Paulhan;Commune;2010;termine;Terminé;Terminé (estimation) : statut officiel inconnu, projet débuté en 2010 (> 5 ans);1;Hérault;Occitanie;data.gouv;Non;
abc-pouzols-pouzols-2018;ABC Pouzols;Pouzols;Commune;2018;en_cours;En cours;Potentiellement terminé (début 2018, durée ABC ~3 ans);1;Hérault;Occitanie;data.gouv;Non;
abc-prades-le-lez-prades-le-lez-2021;ABC Prades le Lez;Prades-le-Lez;Commune;2021;en_cours;En cours;Potentiellement terminé (début 2021, durée ABC ~3 ans);1;Hérault;Occitanie;data.gouv;Non;
abc-saint-aunes-saint-aunes-2023;ABC Saint Aunès;Saint-Aunès;Commune;2023;en_cours;En cours;Potentiellement terminé (début 2023, durée ABC ~3 ans);1;Hérault;Occitanie;data.gouv;Non;
abc-saint-bauzille-de-montmel-saint-bauzille-de-montmel-2021;ABC Saint-Bauzille de Montmel;Saint-Bauzille-de-Montmel;Commune;2021;termine;Terminé;;1;Hérault;Occitanie;data.gouv;Non;
abc-teyran-teyran-2017;ABC Teyran;Teyran;Commune;2017;termine;Terminé;;1;Hérault;Occitanie;data.gouv;Non;
abc-vailhauques-vailhauques-2020;ABC Vailhauquès;Vailhauquès;Commune;2020;en_cours;En cours;Potentiellement terminé (début 2020, durée ABC ~3 ans);1;Hérault;Occitanie;data.gouv;Non;
abc-de-dol-de-bretagne-epiniac-et-baguer-piquan-2022;ABC de Dol de Bretagne, Epiniac et Baguer-Piquan;;Commune;2022;termine;Terminé;;3;Ille-et-Vilaine;Bretagne;data.gouv;Non;
abc-de-bains-sur-oust-bains-sur-oust-2024;ABC de Bains sur Oust;Bains-sur-Oust;Commune;2024;a_venir;Va débuter;Potentiellement en cours (début annoncé 2024, encore « va débuter »);1;Ille-et-Vilaine;Bretagne;data.gouv;Non;
abc-de-la-bouexiere-2022;ABC de La Bouëxière;;Commune;2022;termine;Terminé;;1;Ille-et-Vilaine;Bretagne;data.gouv;Non;
abc-de-broceliande-cc-de-broceliande-2019;ABC de Brocéliande;CC de Brocéliande;Etablissement public de coopération intercommunale (EPCI);2019;termine;Terminé;;8;Ille-et-Vilaine;Bretagne;data.gouv;Non;
abc-de-saint-malo-agglomeration-ca-du-pays-de-saint-malo-agglomeration-2023;ABC de Saint Malo Agglomération;CA du Pays de Saint Malo Agglomération;Etablissement public de coopération intercommunale (EPCI);2023;en_cours;En cours;Potentiellement terminé (début 2023, durée ABC ~3 ans);18;Ille-et-Vilaine;Bretagne;data.gouv;Non;
abc-de-pipriac-langon-saint-ganton-la-chapelle-de-brain-pipriac-2021;ABC de Pipriac, Langon, Saint-Ganton, La Chapelle-de-Brain;Pipriac;Commune;2021;en_cours;En cours;Potentiellement terminé (début 2021, durée ABC ~3 ans);4;Ille-et-Vilaine;Bretagne;data.gouv;Non;
abc-de-mordelles-le-rheu-chavagne-mordelles-2023;ABC de Mordelles - Le Rheu - Chavagne;Mordelles;Commune;2023;en_cours;En cours;Potentiellement terminé (début 2023, durée ABC ~3 ans);3;Ille-et-Vilaine;Bretagne;data.gouv;Non;
abc-de-domloup-domloup-2022;ABC de Domloup;Domloup;Commune;2022;termine;Terminé;;1;Ille-et-Vilaine;Bretagne;data.gouv;Non;
abc-de-guipel-guipel-2015;ABC de Guipel;Guipel;Commune;2015;termine;Terminé;;1;Ille-et-Vilaine;Bretagne;data.gouv;Non;
abc-de-laille-laille-2021;ABC de Laillé;Laillé;Commune;2021;termine;Terminé;;1;Ille-et-Vilaine;Bretagne;data.gouv;Non;
abc-de-melesse-melesse-2015;ABC de Melesse;Melesse;Commune;2015;termine;Terminé;Terminé (estimation) : statut officiel inconnu, projet débuté en 2015 (> 5 ans);1;Ille-et-Vilaine;Bretagne;data.gouv;Non;
abc-de-redon-1;ABC de Redon;;Commune;1;en_cours;En cours;;1;Ille-et-Vilaine;Bretagne;data.gouv;Non;
abc-de-rennes-rennes-2021;ABC de Rennes;Rennes;Commune;2021;en_cours;En cours;Potentiellement terminé (début 2021, durée ABC ~3 ans);1;Ille-et-Vilaine;Bretagne;data.gouv;Non;
abc-de-romille-romille-2021;ABC de Romillé;Romillé;Commune;2021;termine;Terminé;;1;Ille-et-Vilaine;Bretagne;data.gouv;Non;
abc-de-saint-aubin-du-cormier-saint-aubin-du-cormier-2017;ABC de Saint Aubin Du Cormier;Saint-Aubin-du-Cormier;Commune;2017;termine;Terminé;;1;Ille-et-Vilaine;Bretagne;data.gouv;Non;
abc-de-vitre-vitre-2010;ABC de Vitré;Vitré;Commune;2010;termine;Terminé;Terminé (estimation) : statut officiel inconnu, projet débuté en 2010 (> 5 ans);1;Ille-et-Vilaine;Bretagne;data.gouv;Non;
abc-intercommunal-de-l-agglomeration-de-chateauroux-ca-chateauroux-metropole-2021;ABC Intercommunal de l'Agglomération de Chateauroux;CA Châteauroux Métropole;Etablissement public de coopération intercommunale (EPCI);2021;termine;Terminé;;13;Indre;Centre-Val de Loire;data.gouv;Non;
abci-de-la-communaute-de-communes-val-de-l-indre-brenne-syndicat-mixte-du-pays-castelroussin-2024;ABCI de la Communauté de communes Val de l'Indre Brenne;Syndicat mixte du Pays Castelroussin;Syndicat mixte;2024;en_cours;En cours;;11;Indre;Centre-Val de Loire;data.gouv;Non;
ibc-de-buzancais-buzancais-2011;IBC de Buzançais;Buzançais;Commune;2011;termine;Terminé;Terminé (estimation) : statut officiel inconnu, projet débuté en 2011 (> 5 ans);1;Indre;Centre-Val de Loire;data.gouv;Non;
abc-de-chatillon-sur-indre-chatillon-sur-indre-2022;ABC de Chatillon-sur-Indre;Châtillon-sur-Indre;Commune;2022;termine;Terminé;;1;Indre;Centre-Val de Loire;data.gouv;Non;
ibc-de-cuzion-cuzion-2021;IBC de Cuzion;Cuzion;Commune;2021;en_cours;En cours;Potentiellement terminé (début 2021, durée ABC ~3 ans);1;Indre;Centre-Val de Loire;data.gouv;Non;
abc-intercommunal-d-ecueille-valancay-cc-ecueille-valencay-2023;ABC Intercommunal d'Ecueillé Valançay;CC Écueillé-Valençay;Etablissement public de coopération intercommunale (EPCI);2023;a_venir;Va débuter;Potentiellement en cours (début annoncé 2023, encore « va débuter »);5;Indre;Centre-Val de Loire;data.gouv;Non;
abci-de-la-communaute-de-communes-d-ecueille-valancay-phase-2-cc-ecueille-valencay-2024;ABCI de la Communauté de Communes d'Ecueillé Valançay - Phase 2;CC Écueillé-Valençay;Etablissement public de coopération intercommunale (EPCI);2024;en_cours;En cours;;7;Indre;Centre-Val de Loire;data.gouv;Non;
ibc-de-gargilesse-dampierre-gargilesse-dampierre-2024;IBC de Gargilesse-Dampierre;Gargilesse-Dampierre;Commune;2024;en_cours;En cours;;1;Indre;Centre-Val de Loire;data.gouv;Non;
ibc-de-lucay-le-male-lucay-le-male-2015;IBC de Luçay-le-Mâle;Luçay-le-Mâle;Commune;2015;termine;Terminé;;1;Indre;Centre-Val de Loire;data.gouv;Non;
abc-de-mers-sur-indre-mers-sur-indre-2017;ABC de Mers Sur Indre;Mers-sur-Indre;Commune;2017;termine;Terminé;;1;Indre;Centre-Val de Loire;data.gouv;Non;
abc-de-le-pechereau-le-pechereau-2017;ABC de Le Pechereau;Le Pêchereau;Commune;2017;termine;Terminé;;1;Indre;Centre-Val de Loire;data.gouv;Non;
ibc-du-poinconnet-2020;IBC du Poinçonnet;;;2020;termine;Terminé;;1;Indre;Centre-Val de Loire;data.gouv;Non;
ibc-de-saint-georges-sur-arnon-saint-georges-sur-arnon-2013;IBC de Saint-Georges-sur-Arnon;Saint-Georges-sur-Arnon;Commune;2013;termine;Terminé;;1;Indre;Centre-Val de Loire;data.gouv;Non;
ibc-de-sainte-lizaigne-sainte-lizaigne-2023;IBC de Sainte Lizaigne;Sainte-Lizaigne;Commune;2023;en_cours;En cours;Potentiellement terminé (début 2023, durée ABC ~3 ans);1;Indre;Centre-Val de Loire;data.gouv;Non;
abc-de-saint-plantaire-saint-plantaire-2023;ABC de Saint Plantaire;Saint-Plantaire;Commune;2023;en_cours;En cours;Potentiellement terminé (début 2023, durée ABC ~3 ans);1;Indre;Centre-Val de Loire;data.gouv;Non;
ibc-de-tranzault-tranzault-2023;IBC de Tranzault;Tranzault;Commune;2023;en_cours;En cours;Potentiellement terminé (début 2023, durée ABC ~3 ans);1;Indre;Centre-Val de Loire;data.gouv;Non;
abc-intercommunal-de-la-communaute-de-communes-du-val-d-amboise-cc-du-val-d-amboise-2022;ABC Intercommunal de la Communauté de Communes du Val d'Amboise;CC du Val d'Amboise;Etablissement public de coopération intercommunale (EPCI);2022;termine;Terminé;;14;Indre-et-Loire;Centre-Val de Loire;data.gouv;Non;
abc-d-anche-2018;ABC d'Anché;;Etablissement public de coopération intercommunale (EPCI);2018;termine;Terminé;;1;Indre-et-Loire;Centre-Val de Loire;data.gouv;Non;
abc-d-artannes-artannes-sur-indre-2024;ABC d'Artannes;Artannes-sur-Indre;Commune;2024;en_cours;En cours;;1;Indre-et-Loire;Centre-Val de Loire;data.gouv;Non;
abc-d-avoine-avoine-2014;ABC d'Avoine;Avoine;Etablissement public de coopération intercommunale (EPCI);2014;termine;Terminé;;1;Indre-et-Loire;Centre-Val de Loire;data.gouv;Non;
abc-de-ballan-mire-ballan-mire-2022;ABC de Ballan Miré;Ballan-Miré;Commune;2022;termine;Terminé;;1;Indre-et-Loire;Centre-Val de Loire;data.gouv;Non;
abc-de-beaumont-en-veron-beaumont-en-veron-2014;ABC de Beaumont-en-Véron;Beaumont-en-Véron;Etablissement public de coopération intercommunale (EPCI);2014;termine;Terminé;;1;Indre-et-Loire;Centre-Val de Loire;data.gouv;Non;
abci-de-la-communaute-de-communes-touraine-ouest-val-de-loire-phase-1-cc-touraine-ouest-val-de-loire-2023;ABCI de la Communauté de Communes Touraine Ouest Val de Loire - Phase 1;CC Touraine Ouest Val de Loire;Etablissement public de coopération intercommunale (EPCI);2023;en_cours;En cours;Potentiellement terminé (début 2023, durée ABC ~3 ans);4;Indre-et-Loire;Centre-Val de Loire;data.gouv;Non;
ibc-de-benais-benais-2014;IBC de Benais;Benais;Commune;2014;termine;Terminé;;1;Indre-et-Loire;Centre-Val de Loire;data.gouv;Non;
ibc-de-blere-2015;IBC de Bléré;;;2015;termine;Terminé;;1;Indre-et-Loire;Centre-Val de Loire;data.gouv;Non;
abc-de-candes-saint-martin-candes-saint-martin-2015;ABC de Candes-Saint-Martin;Candes-Saint-Martin;Commune;2015;termine;Terminé;;1;Indre-et-Loire;Centre-Val de Loire;data.gouv;Non;
ibc-de-chambray-les-tours-2019;IBC de Chambray-les-tours;;;2019;termine;Terminé;;1;Indre-et-Loire;Centre-Val de Loire;data.gouv;Non;
abci-de-la-communaute-de-communes-touraine-ouest-val-de-loire-phase-2-cc-touraine-ouest-val-de-loire-2025;ABCI de la Communauté de Communes Touraine Ouest Val de Loire - Phase 2;CC Touraine Ouest Val de Loire;Etablissement public de coopération intercommunale (EPCI);2025;en_cours;En cours;;3;Indre-et-Loire;Centre-Val de Loire;data.gouv;Non;
ibc-de-chateau-renault-2016;IBC de Chateau-Renault;;;2016;termine;Terminé;;1;Indre-et-Loire;Centre-Val de Loire;data.gouv;Non;
abc-de-sache-cheille-villaines-les-rochers-sache-2023;ABC de Saché-Cheillé-Villaines-les-Rochers;Saché;Commune;2023;en_cours;En cours;Potentiellement terminé (début 2023, durée ABC ~3 ans);3;Indre-et-Loire;Centre-Val de Loire;data.gouv;Non;
abc-de-chinon-chinon-2013;ABC de Chinon;Chinon;Commune;2013;termine;Terminé;;1;Indre-et-Loire;Centre-Val de Loire;data.gouv;Non;
abc-de-chouze-sur-loire-2018;ABC de Chouzé-sur-Loire;;Etablissement public de coopération intercommunale (EPCI);2018;termine;Terminé;;1;Indre-et-Loire;Centre-Val de Loire;data.gouv;Non;
abc-de-cinais-2016;ABC de Cinais;;Etablissement public de coopération intercommunale (EPCI);2016;termine;Terminé;;1;Indre-et-Loire;Centre-Val de Loire;data.gouv;Non;
abc-de-couziers-couziers-2015;ABC de Couziers;Couziers;Commune;2015;termine;Terminé;;1;Indre-et-Loire;Centre-Val de Loire;data.gouv;Non;
abc-de-cravant-les-coteaux-2018;ABC de Cravant-les-coteaux;;Etablissement public de coopération intercommunale (EPCI);2018;termine;Terminé;;1;Indre-et-Loire;Centre-Val de Loire;data.gouv;Non;
ibc-d-epeigne-les-bois-epeigne-les-bois-2021;IBC d'Epeigné-les-Bois;Épeigné-les-Bois;Commune;2021;termine;Terminé;;1;Indre-et-Loire;Centre-Val de Loire;data.gouv;Non;
ibc-d-esvres-esvres-2013;IBC d'Esvres;Esvres;Commune;2013;termine;Terminé;;1;Indre-et-Loire;Centre-Val de Loire;data.gouv;Non;
abc-de-huismes-huismes-2014;ABC de Huismes;Huismes;Commune;2014;termine;Terminé;;1;Indre-et-Loire;Centre-Val de Loire;data.gouv;Non;
abc-de-jaulnay-jaulnay-2022;ABC de Jaulnay;Jaulnay;Commune;2022;termine;Terminé;;1;Indre-et-Loire;Centre-Val de Loire;data.gouv;Non;
ibc-de-larcay-2016;IBC de Larçay;;;2016;termine;Terminé;;1;Indre-et-Loire;Centre-Val de Loire;data.gouv;Non;
abc-de-lerne-lerne-2015;ABC de Lerné;Lerné;Commune;2015;termine;Terminé;;1;Indre-et-Loire;Centre-Val de Loire;data.gouv;Non;
abc-de-thizay-thizay-2015;ABC de Thizay;Thizay;Commune;2015;termine;Terminé;;1;Indre-et-Loire;Centre-Val de Loire;data.gouv;Non;
abc-de-marcay-cc-chinon-vienne-et-loire-2015;ABC de Marçay;CC Chinon, Vienne et Loire;Etablissement public de coopération intercommunale (EPCI);2015;termine;Terminé;;1;Indre-et-Loire;Centre-Val de Loire;data.gouv;Non;
ibc-de-monnaie-monnaie-2021;IBC de Monnaie;Monnaie;Commune;2021;en_cours;En cours;Potentiellement terminé (début 2021, durée ABC ~3 ans);1;Indre-et-Loire;Centre-Val de Loire;data.gouv;Non;
ibc-de-montbazon-2020;IBC de Montbazon;;;2020;en_cours;En cours;Potentiellement terminé (début 2020, durée ABC ~3 ans);1;Indre-et-Loire;Centre-Val de Loire;data.gouv;Non;
abc-de-montlouis-sur-loire-montlouis-sur-loire-2024;ABC de Montlouis-sur-Loire;Montlouis-sur-Loire;Commune;2024;en_cours;En cours;;1;Indre-et-Loire;Centre-Val de Loire;data.gouv;Non;
ibc-de-monts-monts-2014;IBC de Monts;Monts;Commune;2014;termine;Terminé;;1;Indre-et-Loire;Centre-Val de Loire;data.gouv;Non;
ibc-de-notre-dame-d-oe-notre-dame-d-oe-2012;IBC de Notre-Dame-d'Oé;Notre-Dame-d'Oé;Commune;2012;termine;Terminé;;1;Indre-et-Loire;Centre-Val de Loire;data.gouv;Non;
ibc-du-petit-pressigny-2019;IBC du Petit Pressigny;;;2019;en_cours;En cours;Potentiellement terminé (début 2019, durée ABC ~3 ans);1;Indre-et-Loire;Centre-Val de Loire;data.gouv;Non;
abc-de-ports-sur-vienne-ports-2018;ABC de Ports-Sur-Vienne;Ports;Commune;2018;termine;Terminé;;1;Indre-et-Loire;Centre-Val de Loire;data.gouv;Non;
ibc-de-la-riche-2018;IBC de la Riche;;;2018;termine;Terminé;;1;Indre-et-Loire;Centre-Val de Loire;data.gouv;Non;
abc-de-riviere-riviere-2013;ABC de Rivière;Rivière;Commune;2013;termine;Terminé;;1;Indre-et-Loire;Centre-Val de Loire;data.gouv;Non;
abc-de-la-roche-clermault-2016;ABC de La Roche-Clermault;;Etablissement public de coopération intercommunale (EPCI);2016;termine;Terminé;;1;Indre-et-Loire;Centre-Val de Loire;data.gouv;Non;
abc-de-saint-avertin-tours-metropole-val-de-loire-2023;ABC de Saint Avertin;Tours Métropole Val de Loire;Etablissement public de coopération intercommunale (EPCI);2023;en_cours;En cours;Potentiellement terminé (début 2023, durée ABC ~3 ans);1;Indre-et-Loire;Centre-Val de Loire;data.gouv;Non;
abc-de-saint-benoit-la-foret-saint-benoit-la-foret-2013;ABC de Saint-Benoît-la-Forêt;Saint-Benoît-la-Forêt;Commune;2013;termine;Terminé;;1;Indre-et-Loire;Centre-Val de Loire;data.gouv;Non;
ibc-de-saint-epain-2020;IBC de Saint-Epain;;;2020;en_cours;En cours;Potentiellement terminé (début 2020, durée ABC ~3 ans);1;Indre-et-Loire;Centre-Val de Loire;data.gouv;Non;
abc-de-saint-germain-sur-vienne-saint-germain-sur-vienne-2015;ABC de Saint-Germain-sur-Vienne;Saint-Germain-sur-Vienne;Commune;2015;termine;Terminé;;1;Indre-et-Loire;Centre-Val de Loire;data.gouv;Non;
ibc-de-sainte-maure-de-touraine-sainte-maure-de-touraine-2012;IBC de Sainte-Maure-de-Touraine;Sainte-Maure-de-Touraine;Commune;2012;termine;Terminé;;1;Indre-et-Loire;Centre-Val de Loire;data.gouv;Non;
abc-de-savigny-en-veron-savigny-en-veron-2014;ABC de Savigny-en-Véron;Savigny-en-Véron;Commune;2014;termine;Terminé;;1;Indre-et-Loire;Centre-Val de Loire;data.gouv;Non;
abc-de-seuilly-2016;ABC de Seuilly;;Etablissement public de coopération intercommunale (EPCI);2016;termine;Terminé;;1;Indre-et-Loire;Centre-Val de Loire;data.gouv;Non;
ibc-d-yzeures-sur-creuse-2012;IBC d'Yzeures-sur-creuse;;;2012;termine;Terminé;;1;Indre-et-Loire;Centre-Val de Loire;data.gouv;Non;
abc-des-balcons-du-dauphine-cc-les-balcons-du-dauphine-2022;ABC des Balcons du Dauphiné;CC Les Balcons du Dauphiné;Etablissement public de coopération intercommunale (EPCI);2022;termine;Terminé;;20;Isère;Auvergne-Rhône-Alpes;data.gouv;Non;
abc-de-la-buisse-la-buisse-2022;ABC de La Buisse;La Buisse;Commune;2022;termine;Terminé;;1;Isère;Auvergne-Rhône-Alpes;data.gouv;Non;
abc-des-cotes-de-corps-les-cotes-de-corps-2021;ABC des Côtes de Corps;Les Côtes-de-Corps;Commune;2021;termine;Terminé;;1;Isère;Auvergne-Rhône-Alpes;data.gouv;Non;
abc-de-four-four-2013;ABC de Four;Four;Commune;2013;termine;Terminé;;1;Isère;Auvergne-Rhône-Alpes;data.gouv;Non;
abc-de-l-isle-d-abeau-l-isle-d-abeau-2010;ABC de L'Isle-d'Abeau;L'Isle-d'Abeau;Commune;2010;termine;Terminé;;1;Isère;Auvergne-Rhône-Alpes;data.gouv;Non;
abc-de-jarrie-jarrie-2011;ABC de Jarrie;Jarrie;Commune;2011;termine;Terminé;;1;Isère;Auvergne-Rhône-Alpes;data.gouv;Non;
abc-de-meylan-meylan-2019;ABC de Meylan;Meylan;Commune;2019;en_cours;En cours;Potentiellement terminé (début 2019, durée ABC ~3 ans);1;Isère;Auvergne-Rhône-Alpes;data.gouv;Non;
abc-de-monteynard-monteynard-2024;ABC de Monteynard;Monteynard;Commune;2024;en_cours;En cours;;1;Isère;Auvergne-Rhône-Alpes;data.gouv;Non;
abc-de-la-motte-d-aveillans-la-motte-d-aveillans-2025;ABC de La Motte d'Aveillans;La Motte-d'Aveillans;Commune;2025;en_cours;En cours;;1;Isère;Auvergne-Rhône-Alpes;data.gouv;Non;
abc-de-la-motte-saint-martin-la-motte-saint-martin-2020;ABC de La Motte Saint Martin;La Motte-Saint-Martin;Commune;2020;termine;Terminé;;1;Isère;Auvergne-Rhône-Alpes;data.gouv;Non;
abc-de-saint-martin-d-uriage-saint-martin-d-uriage-2021;ABC de Saint Martin d'Uriage;Saint-Martin-d'Uriage;Commune;2021;termine;Terminé;;1;Isère;Auvergne-Rhône-Alpes;data.gouv;Non;
abc-de-saint-maurice-l-exil-saint-maurice-l-exil-2022;ABC de Saint Maurice l'Exil;Saint-Maurice-l'Exil;Commune;2022;en_cours;En cours;Potentiellement terminé (début 2022, durée ABC ~3 ans);1;Isère;Auvergne-Rhône-Alpes;data.gouv;Non;
abc-de-salaise-sur-sanne-salaise-sur-sanne-2024;ABC de Salaise sur Sanne;Salaise-sur-Sanne;Commune;2024;en_cours;En cours;;1;Isère;Auvergne-Rhône-Alpes;data.gouv;Non;
abi-de-la-cc-arbois-poligny-salins-c-ur-du-jura-cc-arbois-poligny-salins-coeur-du-jura-2019;ABI de la CC Arbois, Poligny, Salins, Cœur du Jura;CC Arbois, Poligny, Salins, Coeur du Jura;Etablissement public de coopération intercommunale (EPCI);2019;termine;Terminé;;8;Jura;Bourgogne-Franche-Comté;data.gouv;Non;
abi-de-la-cc-du-val-d-amour-cc-du-val-d-amour-2022;ABI de la CC du Val d'Amour;CC du Val d'Amour;Etablissement public de coopération intercommunale (EPCI);2022;en_cours;En cours;Potentiellement terminé (début 2022, durée ABC ~3 ans);24;Jura;Bourgogne-Franche-Comté;data.gouv;Non;
abc-d-esserval-tartre-esserval-tartre-2010;ABC d'Esserval-Tartre;Esserval-Tartre;Commune;2010;termine;Terminé;Terminé (estimation) : statut officiel inconnu, projet débuté en 2010 (> 5 ans);1;Jura;Bourgogne-Franche-Comté;data.gouv;Non;
abi-de-la-grandvalliere-haut-jura-2017;ABI de la Grandvallière;Haut-Jura;Parc naturel régional;2017;termine;Terminé;;8;Jura;Bourgogne-Franche-Comté;data.gouv;Non;
abc-de-biarrotte-biarrotte-2010;ABC de Biarrotte;Biarrotte;Commune;2010;termine;Terminé;Terminé (estimation) : statut officiel inconnu, projet débuté en 2010 (> 5 ans);1;Landes;Nouvelle-Aquitaine;data.gouv;Non;
abc-de-biaudos-biaudos-2010;ABC de Biaudos;Biaudos;Commune;2010;termine;Terminé;Terminé (estimation) : statut officiel inconnu, projet débuté en 2010 (> 5 ans);1;Landes;Nouvelle-Aquitaine;data.gouv;Non;
abc-des-grands-lacs-cc-des-grands-lacs-2021;ABC des Grands Lacs;CC des Grands Lacs;Etablissement public de coopération intercommunale (EPCI);2021;en_cours;En cours;Potentiellement terminé (début 2021, durée ABC ~3 ans);7;Landes;Nouvelle-Aquitaine;data.gouv;Non;
abc-d-ondres-ondres-2010;ABC d'Ondres;Ondres;Commune;2010;termine;Terminé;Terminé (estimation) : statut officiel inconnu, projet débuté en 2010 (> 5 ans);1;Landes;Nouvelle-Aquitaine;data.gouv;Non;
abc-d-orx-orx-2021;ABC d'Orx;Orx;Commune;2021;termine;Terminé;;1;Landes;Nouvelle-Aquitaine;data.gouv;Non;
abc-de-saint-andre-de-seignanx-saint-andre-de-seignanx-2010;ABC de Saint-André-de-Seignanx;Saint-André-de-Seignanx;Commune;2010;termine;Terminé;Terminé (estimation) : statut officiel inconnu, projet débuté en 2010 (> 5 ans);1;Landes;Nouvelle-Aquitaine;data.gouv;Non;
abc-de-saint-barthelemy-saint-barthelemy-2010;ABC de Saint-Barthélemy;Saint-Barthélemy;Commune;2010;termine;Terminé;Terminé (estimation) : statut officiel inconnu, projet débuté en 2010 (> 5 ans);1;Landes;Nouvelle-Aquitaine;data.gouv;Non;
abc-de-saint-laurent-de-gosse-saint-laurent-de-gosse-2010;ABC de Saint-Laurent-de-Gosse;Saint-Laurent-de-Gosse;Commune;2010;termine;Terminé;Terminé (estimation) : statut officiel inconnu, projet débuté en 2010 (> 5 ans);1;Landes;Nouvelle-Aquitaine;data.gouv;Non;
abc-de-saint-martin-de-seignanx-saint-martin-de-seignanx-2010;ABC de Saint-Martin-de-Seignanx;Saint-Martin-de-Seignanx;Commune;2010;termine;Terminé;Terminé (estimation) : statut officiel inconnu, projet débuté en 2010 (> 5 ans);1;Landes;Nouvelle-Aquitaine;data.gouv;Non;
abc-de-vendome-vendome-2010;ABC de Vendôme;Vendôme;Commune;2010;termine;Terminé;Terminé (estimation) : statut officiel inconnu, projet débuté en 2010 (> 5 ans);1;Loir-et-Cher;Centre-Val de Loire;data.gouv;Non;
abc-de-soustons-soustons-2022;ABC de Soustons;Soustons;Commune;2022;en_cours;En cours;Potentiellement terminé (début 2022, durée ABC ~3 ans);1;Landes;Nouvelle-Aquitaine;data.gouv;Non;
abc-de-tarnos-tarnos-2010;ABC de Tarnos;Tarnos;Commune;2010;termine;Terminé;Terminé (estimation) : statut officiel inconnu, projet débuté en 2010 (> 5 ans);1;Landes;Nouvelle-Aquitaine;data.gouv;Non;
abc-intercommunal-de-la-communaute-de-communes-du-grand-chambord-cc-du-grand-chambord-2021;ABC Intercommunal de la Communauté de Communes du Grand Chambord;CC du Grand Chambord;Etablissement public de coopération intercommunale (EPCI);2021;termine;Terminé;;15;Loir-et-Cher;Centre-Val de Loire;data.gouv;Non;
ibc-de-cheverny-cheverny-2012;IBC de Cheverny;Cheverny;Commune;2012;termine;Terminé;;1;Loir-et-Cher;Centre-Val de Loire;data.gouv;Non;
ibc-de-controis-en-sologne-le-controis-en-sologne-2021;IBC de Controis-en-Sologne;Le Controis-en-Sologne;Commune;2021;en_cours;En cours;Potentiellement terminé (début 2021, durée ABC ~3 ans);1;Loir-et-Cher;Centre-Val de Loire;data.gouv;Non;
ibc-d-epuisay-2020;IBC d'Epuisay;;;2020;termine;Terminé;;1;Loir-et-Cher;Centre-Val de Loire;data.gouv;Non;
ibc-de-mazange-2017;IBC de Mazangé;;;2017;termine;Terminé;;1;Loir-et-Cher;Centre-Val de Loire;data.gouv;Non;
ibc-de-mennetou-sur-cher-2016;IBC de Mennetou-sur-cher;;;2016;termine;Terminé;;1;Loir-et-Cher;Centre-Val de Loire;data.gouv;Non;
ibc-de-mesland-2019;IBC de Mesland;;;2019;en_cours;En cours;Potentiellement terminé (début 2019, durée ABC ~3 ans);1;Loir-et-Cher;Centre-Val de Loire;data.gouv;Non;
ibc-de-valencisse-2020;IBC de Valencisse;;;2020;termine;Terminé;;1;Loir-et-Cher;Centre-Val de Loire;data.gouv;Non;
ibc-de-mondoubleau-mondoubleau-2012;IBC de Mondoubleau;Mondoubleau;Commune;2012;termine;Terminé;;1;Loir-et-Cher;Centre-Val de Loire;data.gouv;Non;
ibc-des-montils-les-montils-2015;IBC des Montils;Les Montils;Commune;2015;termine;Terminé;;1;Loir-et-Cher;Centre-Val de Loire;data.gouv;Non;
ibc-de-naveil-naveil-2014;IBC de Naveil;Naveil;Commune;2014;termine;Terminé;;1;Loir-et-Cher;Centre-Val de Loire;data.gouv;Non;
ibc-de-pouille-pouille-2022;IBC de Pouillé;Pouillé;Commune;2022;en_cours;En cours;Potentiellement terminé (début 2022, durée ABC ~3 ans);1;Loir-et-Cher;Centre-Val de Loire;data.gouv;Non;
ibc-de-romorantin-lanthenay-romorantin-lanthenay-2011;IBC de Romorantin-Lanthenay;Romorantin-Lanthenay;Commune;2011;termine;Terminé;;1;Loir-et-Cher;Centre-Val de Loire;data.gouv;Non;
ibc-de-saint-firmin-des-pres-saint-firmin-des-pres-2024;IBC de Saint-Firmin-des-Prés;Saint-Firmin-des-Prés;Commune;2024;en_cours;En cours;;1;Loir-et-Cher;Centre-Val de Loire;data.gouv;Non;
ibc-de-saint-hilaire-la-gravelle-saint-hilaire-la-gravelle-2011;IBC de Saint-Hilaire-la-Gravelle;Saint-Hilaire-la-Gravelle;Commune;2011;termine;Terminé;;1;Loir-et-Cher;Centre-Val de Loire;data.gouv;Non;
ibc-de-saint-laurent-nouan-saint-laurent-nouan-2014;IBC de Saint-Laurent-Nouan;Saint-Laurent-Nouan;Commune;2014;termine;Terminé;;1;Loir-et-Cher;Centre-Val de Loire;data.gouv;Non;
ibc-de-salbris-2017;IBC de Salbris;;;2017;termine;Terminé;;1;Loir-et-Cher;Centre-Val de Loire;data.gouv;Non;
abc-de-sarge-sur-braye-sarge-sur-braye-2021;ABC de Sargé-sur-Braye;Sargé-sur-Braye;Commune;2021;en_cours;En cours;Potentiellement terminé (début 2021, durée ABC ~3 ans);1;Loir-et-Cher;Centre-Val de Loire;data.gouv;Non;
ibc-de-sassay-sassay-2024;IBC de Sassay;Sassay;Commune;2024;en_cours;En cours;;1;Loir-et-Cher;Centre-Val de Loire;data.gouv;Non;
ibc-de-theillay-theillay-2024;IBC de Theillay;Theillay;Commune;2024;en_cours;En cours;;1;Loir-et-Cher;Centre-Val de Loire;data.gouv;Non;
ibc-de-valaire-2020;IBC de Valaire;;;2020;en_cours;En cours;Potentiellement terminé (début 2020, durée ABC ~3 ans);1;Loir-et-Cher;Centre-Val de Loire;data.gouv;Non;
abc-de-vendome-vendome-2011;ABC de Vendôme;Vendôme;Commune;2011;termine;Terminé;;1;Loir-et-Cher;Centre-Val de Loire;data.gouv;Non;
ibc-de-villebarou-villebarou-2012;IBC de Villebarou;Villebarou;Commune;2012;termine;Terminé;;1;Loir-et-Cher;Centre-Val de Loire;data.gouv;Non;
ibc-de-villefranche-sur-cher-villefranche-sur-cher-2021;IBC de Villefranche-sur-cher;Villefranche-sur-Cher;Commune;2021;en_cours;En cours;Potentiellement terminé (début 2021, durée ABC ~3 ans);1;Loir-et-Cher;Centre-Val de Loire;data.gouv;Non;
ibc-de-villetrun-2016;IBC de Villetrun;;;2016;termine;Terminé;;1;Loir-et-Cher;Centre-Val de Loire;data.gouv;Non;
ibc-de-villiers-sur-loir-villiers-sur-loir-2012;IBC de Villiers-sur-Loir;Villiers-sur-Loir;Commune;2012;termine;Terminé;;1;Loir-et-Cher;Centre-Val de Loire;data.gouv;Non;
abc-de-saint-etienne-metropole-saint-etienne-metropole-2021;ABC de Saint Etienne Métropole;Saint-Etienne Métropole;Etablissement public de coopération intercommunale (EPCI);2021;en_cours;En cours;Potentiellement terminé (début 2021, durée ABC ~3 ans);53;Loire;Auvergne-Rhône-Alpes;data.gouv;Non;
abc-loire-forez-agglomeration-n-3-2023-ca-loire-forez-agglomeration-2023;ABC loire Forez agglomération n°3 (2023);CA Loire Forez Agglomération;Etablissement public de coopération intercommunale (EPCI);2023;en_cours;En cours;Potentiellement terminé (début 2023, durée ABC ~3 ans);19;Loire;Auvergne-Rhône-Alpes;data.gouv;Non;
abc-de-loire-forez-agglomeration-2018-ca-loire-forez-agglomeration-2018;ABC de Loire Forez Agglomération (2018);CA Loire Forez Agglomération;Etablissement public de coopération intercommunale (EPCI);2018;termine;Terminé;;25;Loire;Auvergne-Rhône-Alpes;data.gouv;Non;
abc-de-loire-forez-agglo-2021-2023-ca-loire-forez-agglomeration-2021;ABC de Loire Forez Agglo (2021-2023);CA Loire Forez Agglomération;Etablissement public de coopération intercommunale (EPCI);2021;termine;Terminé;;8;Loire;Auvergne-Rhône-Alpes;data.gouv;Non;
abc-du-parc-du-pilat-pilat-2017;ABC du Parc du Pilat;Pilat;Parc naturel régional;2017;termine;Terminé;;48;Loire;Auvergne-Rhône-Alpes;data.gouv;Non;
abc-de-la-cc-forez-est-42-cc-de-forez-est-2024;ABC de la CC Forez est (42);CC de Forez-Est;Etablissement public de coopération intercommunale (EPCI);2024;en_cours;En cours;;16;Loire;Auvergne-Rhône-Alpes;data.gouv;Non;
atlas-de-biodiversite-des-gorges-de-la-loire-syndicat-mixte-d-amenagement-des-gorges-de-la-loire-2017;Atlas de biodiversité des Gorges de la Loire;Syndicat Mixte d'aménagement des Gorges de la Loire;Syndicat mixte;2017;termine;Terminé;;6;Loire;Auvergne-Rhône-Alpes;data.gouv;Non;
abc-de-lentigny-lentigny-2021;ABC de Lentigny;Lentigny;Commune;2021;termine;Terminé;;1;Loire;Auvergne-Rhône-Alpes;data.gouv;Non;
abc-de-montbrison-42-montbrison-2024;ABC de Montbrison (42);Montbrison;Commune;2024;en_cours;En cours;;1;Loire;Auvergne-Rhône-Alpes;data.gouv;Non;
abc-de-planfoy-planfoy-2010;ABC de Planfoy;Planfoy;Commune;2010;termine;Terminé;;1;Loire;Auvergne-Rhône-Alpes;data.gouv;Non;
abc-de-poncins-poncins-2015;ABC de Poncins;Poncins;Commune;2015;termine;Terminé;;1;Loire;Auvergne-Rhône-Alpes;data.gouv;Non;
abc-de-saint-germain-laval-42-saint-germain-laval-2024;ABC de Saint Germain Laval (42);Saint-Germain-Laval;Commune;2024;en_cours;En cours;;1;Loire;Auvergne-Rhône-Alpes;data.gouv;Non;
ibc-de-pannes-pannes-2021;IBC de Pannes;Pannes;Commune;2021;termine;Terminé;;1;Loiret;Centre-Val de Loire;data.gouv;Non;
abc-saint-just-saint-rambert-par-le-smagl-saint-just-saint-rambert-syndicat-mixte-d-amenagement-des-gorges-de-la-loire-2020;ABC Saint-Just-Saint-Rambert (par le SMAGL);Saint-Just-Saint-Rambert Syndicat Mixte d'Aménagement des Gorges de la Loire;Syndicat mixte;2020;termine;Terminé;;1;Loire;Auvergne-Rhône-Alpes;data.gouv;Non;
abc-d-aurec-sur-loire-aurec-sur-loire-2021;ABC d'Aurec-sur-Loire;Aurec-sur-Loire;Commune;2021;termine;Terminé;;1;Haute-Loire;Auvergne-Rhône-Alpes;data.gouv;Non;
abc-de-chadron-chadron-2015;ABC de Chadron;Chadron;Commune;2015;termine;Terminé;;1;Haute-Loire;Auvergne-Rhône-Alpes;data.gouv;Non;
abc-de-chambon-sur-lignon-le-chambon-sur-lignon-2024;ABC de Chambon sur Lignon;Le Chambon-sur-Lignon;Commune;2024;en_cours;En cours;;1;Haute-Loire;Auvergne-Rhône-Alpes;data.gouv;Non;
abc-de-chenereilles-chenereilles-2024;ABC de Chenereilles;Chenereilles;Commune;2024;en_cours;En cours;;1;Haute-Loire;Auvergne-Rhône-Alpes;data.gouv;Non;
abc-de-landos-landos-2012;ABC de Landos;Landos;Commune;2012;termine;Terminé;;1;Haute-Loire;Auvergne-Rhône-Alpes;data.gouv;Non;
abc-de-langeac-langeac-2012;ABC de Langeac;Langeac;Commune;2012;termine;Terminé;;1;Haute-Loire;Auvergne-Rhône-Alpes;data.gouv;Non;
abc-meygal-sucs-volcaniques-43-saint-julien-chapteuil-2024;ABC Meygal - Sucs volcaniques (43);Saint-Julien-Chapteuil;Commune;2024;en_cours;En cours;;2;Haute-Loire;Auvergne-Rhône-Alpes;data.gouv;Non;
abc-du-pnr-briere-territoire-est-briere-2019;ABC du PNR Brière (Territoire Est);Brière;Parc naturel régional;2019;termine;Terminé;;9;Loire-Atlantique;Pays de la Loire;data.gouv;Non;
atlas-de-la-biodiversite-metropolitaine-de-nantes-metropole-nantes-metropole-2017;Atlas de la Biodiversité Métropolitaine de Nantes Métropole;Nantes Métropole;Etablissement public de coopération intercommunale (EPCI);2017;termine;Terminé;;24;Loire-Atlantique;Pays de la Loire;data.gouv;Non;
abc-de-cap-atlantique-communes-de-batz-sur-mer-la-turballe-le-croisic-le-pouliguen-et-piriac-sur-mer-ca-de-la-presqu-ile-de-guerande-atlantique-cap-atlantique-2024;ABC de CAP Atlantique : communes de Batz-sur-Mer, La Turballe, Le Croisic, Le Pouliguen et Piriac-sur-Mer;CA de la Presqu'île de Guérande Atlantique (Cap Atlantique);Etablissement public de coopération intercommunale (EPCI);2024;en_cours;En cours;;5;Loire-Atlantique;Pays de la Loire;data.gouv;Non;
abc-de-le-bignon-le-bignon-2023;ABC de Le Bignon;Le Bignon;Commune;2023;en_cours;En cours;Potentiellement terminé (début 2023, durée ABC ~3 ans);1;Loire-Atlantique;Pays de la Loire;data.gouv;Non;
abc-de-boussay-boussay-2022;ABC de Boussay;Boussay;Commune;2022;termine;Terminé;;1;Loire-Atlantique;Pays de la Loire;data.gouv;Non;
abc-de-bouvron-bouvron-2021;ABC de Bouvron;Bouvron;Commune;2021;termine;Terminé;;1;Loire-Atlantique;Pays de la Loire;data.gouv;Non;
abc-du-pnr-briere-territoire-ouest-briere-2021;ABC du PNR Brière (Territoire Ouest);Brière;Parc naturel régional;2021;termine;Terminé;;13;Loire-Atlantique;Pays de la Loire;data.gouv;Non;
abc-de-la-chapelle-heulin-la-chapelle-heulin-2021;ABC de La Chapelle-Heulin;La Chapelle-Heulin;Commune;2021;termine;Terminé;;1;Loire-Atlantique;Pays de la Loire;data.gouv;Non;
abc-de-clisson-clisson-2020;ABC de Clisson;Clisson;Commune;2020;en_cours;En cours;Potentiellement terminé (début 2020, durée ABC ~3 ans);1;Loire-Atlantique;Pays de la Loire;data.gouv;Non;
abc-de-couffe-couffe-2021;ABC de Couffé;Couffé;Commune;2021;termine;Terminé;;1;Loire-Atlantique;Pays de la Loire;data.gouv;Non;
abc-d-erdre-et-gesvres-les-touches-petit-mars-saint-mars-du-desert-grandchamp-des-fontaines-fay-de-bretagne-cc-d-erdre-et-gesvres-2023;ABC d'Erdre et Gesvres : Les Touches, Petit-Mars, Saint-Mars-du-Désert, Grandchamp-des-Fontaines, Fay-de-Bretagne;CC d'Erdre et Gesvres;Etablissement public de coopération intercommunale (EPCI);2023;en_cours;En cours;Potentiellement terminé (début 2023, durée ABC ~3 ans);5;Loire-Atlantique;Pays de la Loire;data.gouv;Non;
abc-de-la-haie-fouassiere-la-haie-fouassiere-2021;ABC de la Haie-Fouassière;La Haie-Fouassière;Commune;2021;termine;Terminé;;1;Loire-Atlantique;Pays de la Loire;data.gouv;Non;
abc-du-loroux-bottereau-le-loroux-bottereau-2023;ABC du Loroux-Bottereau;Le Loroux-Bottereau;Commune;2023;en_cours;En cours;Potentiellement terminé (début 2023, durée ABC ~3 ans);1;Loire-Atlantique;Pays de la Loire;data.gouv;Non;
abc-de-machecoul-saint-meme-machecoul-saint-meme-2021;ABC de Machecoul-Saint-Même;Machecoul-Saint-Même;Commune;2021;termine;Terminé;;1;Loire-Atlantique;Pays de la Loire;data.gouv;Non;
abc-de-maisdon-sur-sevre-maisdon-sur-sevre-2023;ABC de Maisdon-sur-Sèvre;Maisdon-sur-Sèvre;Commune;2023;en_cours;En cours;Potentiellement terminé (début 2023, durée ABC ~3 ans);1;Loire-Atlantique;Pays de la Loire;data.gouv;Non;
abc-de-montbert-2023;ABC de Montbert;;Commune;2023;en_cours;En cours;Potentiellement terminé (début 2023, durée ABC ~3 ans);1;Loire-Atlantique;Pays de la Loire;data.gouv;Non;
abc-d-oudon-oudon-2023;ABC d'Oudon;Oudon;Commune;2023;en_cours;En cours;Potentiellement terminé (début 2023, durée ABC ~3 ans);1;Loire-Atlantique;Pays de la Loire;data.gouv;Non;
abc-de-le-pouliguen-le-pouliguen-2010;ABC de Le Pouliguen;Le Pouliguen;Commune;2010;termine;Terminé;Terminé (estimation) : statut officiel inconnu, projet débuté en 2010 (> 5 ans);1;Loire-Atlantique;Pays de la Loire;data.gouv;Non;
abc-de-saint-colomban-saint-colomban-2021;ABC de Saint-Colomban;Saint-Colomban;Commune;2021;termine;Terminé;;1;Loire-Atlantique;Pays de la Loire;data.gouv;Non;
abc-de-corcoue-sur-logne-2023;ABC de Corcoué-sur-Logne;;Commune;2023;en_cours;En cours;Potentiellement terminé (début 2023, durée ABC ~3 ans);1;Loire-Atlantique;Pays de la Loire;data.gouv;Non;
abc-de-vair-sur-loire-vair-sur-loire-2010;ABC de Vair-sur-Loire;Vair-sur-Loire;Commune;2010;termine;Terminé;Terminé (estimation) : statut officiel inconnu, projet débuté en 2010 (> 5 ans);1;Loire-Atlantique;Pays de la Loire;data.gouv;Non;
abc-de-sainte-pazanne-2022;ABC de Sainte-Pazanne;;Commune;2022;termine;Terminé;;1;Loire-Atlantique;Pays de la Loire;data.gouv;Non;
abc-savenay-savenay-2023;ABC Savenay;Savenay;Commune;2023;en_cours;En cours;Potentiellement terminé (début 2023, durée ABC ~3 ans);1;Loire-Atlantique;Pays de la Loire;data.gouv;Non;
ibc-de-ormes-ormes-2024;IBC de Ormes;Ormes;Commune;2024;en_cours;En cours;;1;Loiret;Centre-Val de Loire;data.gouv;Non;
ibc-de-aillant-sur-milleron-aillant-sur-milleron-2021;IBC de Aillant-sur-Milleron;Aillant-sur-Milleron;Commune;2021;en_cours;En cours;Potentiellement terminé (début 2021, durée ABC ~3 ans);1;Loiret;Centre-Val de Loire;data.gouv;Non;
ibc-de-ardon-ardon-2021;IBC de Ardon;Ardon;Commune;2021;termine;Terminé;;1;Loiret;Centre-Val de Loire;data.gouv;Non;
ibc-d-artenay-artenay-2023;IBC d'Artenay;Artenay;Commune;2023;termine;Terminé;;1;Loiret;Centre-Val de Loire;data.gouv;Non;
ibc-de-beaugency-beaugency-2024;IBC de Beaugency;Beaugency;Commune;2024;en_cours;En cours;;1;Loiret;Centre-Val de Loire;data.gouv;Non;
abc-de-beaulieu-sur-loire-beaulieu-sur-loire-2025;ABC de Beaulieu-sur-Loire;Beaulieu-sur-Loire;Commune;2025;en_cours;En cours;;1;Loiret;Centre-Val de Loire;data.gouv;Non;
abc-intercommunal-d-orleans-metropole-orleans-metropole-2018;ABC Intercommunal d'Orléans Métropole;Orléans Métropole;Etablissement public de coopération intercommunale (EPCI);2018;en_cours;En cours;Potentiellement terminé (début 2018, durée ABC ~3 ans);5;Loiret;Centre-Val de Loire;data.gouv;Non;
ibc-de-bou-orleans-metropole-bou-2022;IBC de Bou;Orléans Métropole Bou;Etablissement public de coopération intercommunale (EPCI);2022;en_cours;En cours;Potentiellement terminé (début 2022, durée ABC ~3 ans);1;Loiret;Centre-Val de Loire;data.gouv;Non;
ibc-de-cepoy-cepoy-2023;IBC de Cepoy;Cepoy;Commune;2023;en_cours;En cours;Potentiellement terminé (début 2023, durée ABC ~3 ans);1;Loiret;Centre-Val de Loire;data.gouv;Non;
ibc-de-chalette-sur-loing-chalette-sur-loing-2021;IBC de Chalette-sur-Loing;Châlette-sur-Loing;Commune;2021;termine;Terminé;;1;Loiret;Centre-Val de Loire;data.gouv;Non;
ibc-intercommunal-orleans-metropole-la-chapelle-saint-prive-saint-hilaire-orleans-metropole-la-chapelle-saint-mesmin-2022;IBC Intercommunal Orléans Métropôle La Chapelle - Saint Privé - Saint Hilaire;Orléans Métropole La Chapelle-Saint-Mesmin;Etablissement public de coopération intercommunale (EPCI);2022;en_cours;En cours;Potentiellement terminé (début 2022, durée ABC ~3 ans);3;Loiret;Centre-Val de Loire;data.gouv;Non;
ibc-de-le-charme-le-charme-2021;IBC de Le Charme;Le Charme;Commune;2021;en_cours;En cours;Potentiellement terminé (début 2021, durée ABC ~3 ans);1;Loiret;Centre-Val de Loire;data.gouv;Non;
ibc-de-checy-2015;IBC de Chécy;;;2015;termine;Terminé;;1;Loiret;Centre-Val de Loire;data.gouv;Non;
ibc-de-combleux-orleans-metropole-combleux-2022;IBC de Combleux;Orléans Métropole Combleux;Etablissement public de coopération intercommunale (EPCI);2022;en_cours;En cours;Potentiellement terminé (début 2022, durée ABC ~3 ans);1;Loiret;Centre-Val de Loire;data.gouv;Non;
ibc-de-courtenay-2020;IBC de Courtenay;;;2020;en_cours;En cours;Potentiellement terminé (début 2020, durée ABC ~3 ans);1;Loiret;Centre-Val de Loire;data.gouv;Non;
ibc-de-donnery-donnery-2024;IBC de Donnery;Donnery;Commune;2024;en_cours;En cours;;1;Loiret;Centre-Val de Loire;data.gouv;Non;
ibc-de-fay-aux-loges-fay-aux-loges-2021;IBC de Fay-aux-loges;Fay-aux-Loges;Commune;2021;en_cours;En cours;Potentiellement terminé (début 2021, durée ABC ~3 ans);1;Loiret;Centre-Val de Loire;data.gouv;Non;
ibc-de-la-ferte-saint-aubin-la-ferte-saint-aubin-2012;IBC de La Ferté-Saint-Aubin;La Ferté-Saint-Aubin;Commune;2012;termine;Terminé;;1;Loiret;Centre-Val de Loire;data.gouv;Non;
ibc-de-gien-gien-2024;IBC de Gien;Gien;Commune;2024;en_cours;En cours;;1;Loiret;Centre-Val de Loire;data.gouv;Non;
ibc-de-griselles-griselles-2024;IBC de Griselles;Griselles;Commune;2024;en_cours;En cours;;1;Loiret;Centre-Val de Loire;data.gouv;Non;
ibc-d-ingre;IBC d'Ingré;;;;termine;Terminé;;1;Loiret;Centre-Val de Loire;data.gouv;Non;
ibc-de-jargeau-2018;IBC de Jargeau;;;2018;termine;Terminé;;1;Loiret;Centre-Val de Loire;data.gouv;Non;
ibc-de-mareau-aux-pres-mareau-aux-pres-2015;IBC de Mareau-aux-Prés;Mareau-aux-Prés;Commune;2015;termine;Terminé;;1;Loiret;Centre-Val de Loire;data.gouv;Non;
ibc-de-mezieres-lez-clery-mezieres-lez-clery-2015;IBC de Mézières-lez-Cléry;Mézières-lez-Cléry;Commune;2015;termine;Terminé;;1;Loiret;Centre-Val de Loire;data.gouv;Non;
ibc-de-montargis-2017;IBC de Montargis;;;2017;termine;Terminé;;1;Loiret;Centre-Val de Loire;data.gouv;Non;
ibc-de-nogent-sur-vernisson-nogent-sur-vernisson-2010;IBC de Nogent-sur-vernisson;Nogent-sur-Vernisson;Commune;2010;termine;Terminé;;1;Loiret;Centre-Val de Loire;data.gouv;Non;
ibc-d-olivet-2018;IBC d'Olivet;;;2018;termine;Terminé;;1;Loiret;Centre-Val de Loire;data.gouv;Non;
ibc-d-orleans-orleans-2011;IBC d'Orléans;Orléans;Commune;2011;termine;Terminé;;1;Loiret;Centre-Val de Loire;data.gouv;Non;
ibc-de-pithiviers-pithiviers-2023;IBC de Pithiviers;Pithiviers;Commune;2023;en_cours;En cours;Potentiellement terminé (début 2023, durée ABC ~3 ans);1;Loiret;Centre-Val de Loire;data.gouv;Non;
ibc-de-saint-denis-en-val-saint-denis-en-val-2024;IBC de Saint-Denis-en-Val;Saint-Denis-en-Val;Commune;2024;en_cours;En cours;;1;Loiret;Centre-Val de Loire;data.gouv;Non;
ibc-de-saint-germain-des-pres-saint-germain-des-pres;IBC de Saint-Germain-des-Prés;Saint-Germain-des-Prés;Commune;;termine;Terminé;;1;Loiret;Centre-Val de Loire;data.gouv;Non;
ibc-de-saint-jean-de-braye-saint-jean-de-braye-2017;IBC de Saint-Jean-de-Braye;Saint-Jean-de-Braye;Commune;2017;termine;Terminé;;1;Loiret;Centre-Val de Loire;data.gouv;Non;
ibc-de-saint-jean-de-la-ruelle-saint-jean-de-la-ruelle-2024;IBC de Saint-jean-de-la-ruelle;Saint-Jean-de-la-Ruelle;Commune;2024;en_cours;En cours;;1;Loiret;Centre-Val de Loire;data.gouv;Non;
ibc-de-saint-jean-le-blanc-saint-jean-le-blanc-2024;IBC de Saint-Jean-le-Blanc;Saint-Jean-le-Blanc;Commune;2024;en_cours;En cours;;1;Loiret;Centre-Val de Loire;data.gouv;Non;
ibc-de-saran-saran-2016;IBC de Saran;Saran;Commune;2016;termine;Terminé;;1;Loiret;Centre-Val de Loire;data.gouv;Non;
ibc-de-semoy-semoy-2016;IBC de Semoy;Semoy;Commune;2016;termine;Terminé;;1;Loiret;Centre-Val de Loire;data.gouv;Non;
ibc-de-tigy-tigy-2021;IBC de Tigy;Tigy;Commune;2021;en_cours;En cours;Potentiellement terminé (début 2021, durée ABC ~3 ans);1;Loiret;Centre-Val de Loire;data.gouv;Non;
ibc-de-trainou-trainou-2013;IBC de Traînou;Traînou;Commune;2013;termine;Terminé;;1;Loiret;Centre-Val de Loire;data.gouv;Non;
ibc-de-vannes-sur-cosson-2022;IBC de Vannes-sur-Cosson;;;2022;en_cours;En cours;Potentiellement terminé (début 2022, durée ABC ~3 ans);1;Loiret;Centre-Val de Loire;data.gouv;Non;
ibc-de-vienne-en-val-2020;IBC de Vienne-en-val;;;2020;en_cours;En cours;Potentiellement terminé (début 2020, durée ABC ~3 ans);1;Loiret;Centre-Val de Loire;data.gouv;Non;
abc-bio-bio-2024;ABC Bio;Bio;Commune;2024;a_venir;Va débuter;Potentiellement en cours (début annoncé 2024, encore « va débuter »);1;Lot;Occitanie;data.gouv;Non;
abc-cahors-cahors-2024;ABC Cahors;Cahors;Commune;2024;a_venir;Va débuter;Potentiellement en cours (début annoncé 2024, encore « va débuter »);1;Lot;Occitanie;data.gouv;Non;
abc-figeac-figeac-2018;ABC Figeac;Figeac;Commune;2018;termine;Terminé;;1;Lot;Occitanie;data.gouv;Non;
abc-grand-figeac-comcom-cc-grand-figeac-2017;ABC Grand-Figeac (ComCom);CC Grand-Figeac;Etablissement public de coopération intercommunale (EPCI);2017;termine;Terminé;;11;Lot;Occitanie;data.gouv;Non;
abc-lalbenque-lalbenque-2022;ABC Lalbenque;Lalbenque;Commune;2022;termine;Terminé;;1;Lot;Occitanie;data.gouv;Non;
abc-de-la-ca-du-grand-villeneuvois-ca-du-grand-villeneuvois-2023;ABC de la CA du Grand Villeneuvois;CA du Grand Villeneuvois;Etablissement public de coopération intercommunale (EPCI);2023;a_venir;Va débuter;Potentiellement en cours (début annoncé 2023, encore « va débuter »);19;Lot-et-Garonne;Nouvelle-Aquitaine;data.gouv;Non;
abc-de-fauillet-fauillet-2016;ABC de Fauillet;Fauillet;Commune;2016;termine;Terminé;;1;Lot-et-Garonne;Nouvelle-Aquitaine;data.gouv;Non;
abc-de-fourques-sur-garonne-fourques-sur-garonne-2010;ABC de Fourques-sur-Garonne;Fourques-sur-Garonne;Commune;2010;termine;Terminé;;1;Lot-et-Garonne;Nouvelle-Aquitaine;data.gouv;Non;
abc-de-nerac-nerac-2021;ABC de Nerac;Nérac;Commune;2021;en_cours;En cours;Potentiellement terminé (début 2021, durée ABC ~3 ans);1;Lot-et-Garonne;Nouvelle-Aquitaine;data.gouv;Non;
abc-de-villeneuve-sur-lot-villeneuve-sur-lot-2018;ABC de Villeneuve-Sur-Lot;Villeneuve-sur-Lot;Commune;2018;termine;Terminé;;1;Lot-et-Garonne;Nouvelle-Aquitaine;data.gouv;Non;
abc-bedoues-cocures-bedoues-cocures-2024;ABC Bédouès-Cocurès;Bédouès-Cocurès;Commune;2024;a_venir;Va débuter;Potentiellement en cours (début annoncé 2024, encore « va débuter »);1;Lozère;Occitanie;data.gouv;Non;
abc-florac-trois-rivieres-florac-trois-rivieres-2017;ABC Florac Trois Rivières;Florac Trois Rivières;Commune;2017;termine;Terminé;;1;Lozère;Occitanie;data.gouv;Non;
abc-ispagnac-ispagnac-2020;ABC Ispagnac;Ispagnac;Commune;2020;en_cours;En cours;Potentiellement terminé (début 2020, durée ABC ~3 ans);1;Lozère;Occitanie;data.gouv;Non;
abc-la-malene-la-malene-2018;ABC La Malène;La Malène;Commune;2018;termine;Terminé;;1;Lozère;Occitanie;data.gouv;Non;
abc-pont-de-montvert-sud-mont-lozere-pont-de-montvert-sud-mont-lozere-2017;ABC Pont De Montvert - Sud Mont Lozère;Pont de Montvert - Sud Mont Lozère;Commune;2017;termine;Terminé;;1;Lozère;Occitanie;data.gouv;Non;
abc-saint-germain-de-calberte-saint-germain-de-calberte-2022;ABC Saint-Germain de Calberte;Saint-Germain-de-Calberte;Commune;2022;en_cours;En cours;Potentiellement terminé (début 2022, durée ABC ~3 ans);1;Lozère;Occitanie;data.gouv;Non;
abc-saint-martin-de-lansuscle-saint-martin-de-lansuscle-2018;ABC Saint Martin De Lansuscle;Saint-Martin-de-Lansuscle;Commune;2018;en_cours;En cours;Potentiellement terminé (début 2018, durée ABC ~3 ans);1;Lozère;Occitanie;data.gouv;Non;
abc-saint-michel-de-deze-saint-michel-de-deze-2018;ABC Saint Michel De Dèze;Saint-Michel-de-Dèze;Commune;2018;en_cours;En cours;Potentiellement terminé (début 2018, durée ABC ~3 ans);1;Lozère;Occitanie;data.gouv;Non;
abc-saint-privat-de-vallongue-saint-privat-de-vallongue-2017;ABC Saint-Privat-De-Vallongue;Saint-Privat-de-Vallongue;Commune;2017;termine;Terminé;;1;Lozère;Occitanie;data.gouv;Non;
abc-vialas-vialas-2022;ABC Vialas;Vialas;Commune;2022;en_cours;En cours;Potentiellement terminé (début 2022, durée ABC ~3 ans);1;Lozère;Occitanie;data.gouv;Non;
abc-d-angers-loire-metropole-cu-angers-loire-metropole-2023;ABC d'Angers Loire Métropole;CU Angers Loire Métropole;Etablissement public de coopération intercommunale (EPCI);2023;en_cours;En cours;Potentiellement terminé (début 2023, durée ABC ~3 ans);22;Maine-et-Loire;Pays de la Loire;data.gouv;Non;
abc-de-loire-layon-aubance-cc-loire-layon-aubance-2023;ABC de Loire Layon Aubance;CC Loire Layon Aubance;Etablissement public de coopération intercommunale (EPCI);2023;en_cours;En cours;Potentiellement terminé (début 2023, durée ABC ~3 ans);19;Maine-et-Loire;Pays de la Loire;data.gouv;Non;
abc-de-beaupreau-en-mauges-beaupreau-en-mauges-2021;ABC de Beaupreau-En-Mauges;Beaupréau-en-Mauges;Commune;2021;termine;Terminé;;1;Maine-et-Loire;Pays de la Loire;data.gouv;Non;
abc-de-bouchemaine-bouchemaine-2010;ABC de Bouchemaine;Bouchemaine;Commune;2010;termine;Terminé;Terminé (estimation) : statut officiel inconnu, projet débuté en 2010 (> 5 ans);1;Maine-et-Loire;Pays de la Loire;data.gouv;Non;
abc-de-chalonnes-sur-loire-chalonnes-sur-loire-2015;ABC de Chalonnes-sur-Loire;Chalonnes-sur-Loire;Commune;2015;termine;Terminé;;1;Maine-et-Loire;Pays de la Loire;data.gouv;Non;
abc-de-fontevraud-l-abbaye-et-montsoreau-loire-anjou-touraine-2022;ABC de Fontevraud-l’Abbaye et Montsoreau;Loire-Anjou-Touraine;Parc naturel régional;2022;termine;Terminé;;2;Maine-et-Loire;Pays de la Loire;data.gouv;Non;
abc-de-saint-jean-des-mauvrets-les-garennes-sur-loire-2015;ABC de Saint-Jean-des-Mauvrets;Les Garennes sur Loire;Commune;2015;termine;Terminé;Terminé (estimation) : statut officiel inconnu, projet débuté en 2015 (> 5 ans);1;Maine-et-Loire;Pays de la Loire;data.gouv;Non;
abc-de-murs-erigne-murs-erigne-2022;ABC de Mûrs-Erigné;Mûrs-Erigné;Commune;2022;termine;Terminé;;1;Maine-et-Loire;Pays de la Loire;data.gouv;Non;
abc-de-nuaille-nuaille-2010;ABC de Nuaillé;Nuaillé;Commune;2010;termine;Terminé;;1;Maine-et-Loire;Pays de la Loire;data.gouv;Non;
abc-le-tampon-le-tampon-2023;ABC Le Tampon;Le Tampon;Commune;2023;en_cours;En cours;Potentiellement terminé (début 2023, durée ABC ~3 ans);1;La Réunion;La Réunion;data.gouv;Non;
abc-de-soulaines-sur-aubance-soulaines-sur-aubance-2022;ABC de Soulaines-sur-Aubance;Soulaines-sur-Aubance;Commune;2022;termine;Terminé;;1;Maine-et-Loire;Pays de la Loire;data.gouv;Non;
abc-d-erdre-en-anjou-erdre-en-anjou-2018;ABC d'Erdre-en-Anjou;Erdre-en-Anjou;Commune;2018;termine;Terminé;;1;Maine-et-Loire;Pays de la Loire;data.gouv;Non;
abc-de-carolles-carolles-2021;ABC de Carolles;Carolles;Commune;2021;en_cours;En cours;Potentiellement terminé (début 2021, durée ABC ~3 ans);1;Manche;Normandie;data.gouv;Non;
abc-de-dragey-ronthon-genets-saint-jean-le-thomas-dragey-ronthon-2022;ABC de Dragey-Ronthon / Genêts / Saint-Jean-le-Thomas;Dragey-Ronthon;Commune;2022;termine;Terminé;;3;Manche;Normandie;data.gouv;Non;
abc-de-remilly-les-marais-remilly-les-marais-2024;ABC de Rémilly Les Marais;Remilly Les Marais;Commune;2024;en_cours;En cours;;1;Manche;Normandie;data.gouv;Non;
abc-de-saint-pair-sur-mer-saint-pair-sur-mer-2024;ABC de Saint Pair sur Mer;Saint-Pair-sur-Mer;Commune;2024;en_cours;En cours;;1;Manche;Normandie;data.gouv;Non;
abc-de-saint-sauveur-villages-saint-sauveur-villages-2021;ABC de Saint-Sauveur-Villages;Saint-Sauveur-Villages;Commune;2021;termine;Terminé;;1;Manche;Normandie;data.gouv;Non;
abc-intercommunale-de-la-communaute-d-agglomeration-de-chalons-en-champagne-ca-de-chalons-en-champagne-2022;ABC intercommunale de la Communauté d’Agglomération de Châlons-en-Champagne;CA de Châlons-en-Champagne;Etablissement public de coopération intercommunale (EPCI);2022;en_cours;En cours;Potentiellement terminé (début 2022, durée ABC ~3 ans);46;Marne;Grand Est;data.gouv;Non;
abc-du-pnr-montagne-de-reims-montagne-de-reims-2018;ABC du PNR Montagne De Reims;Montagne De Reims;Parc naturel régional;2018;termine;Terminé;;17;Marne;Grand Est;data.gouv;Non;
abc-de-la-communaute-d-agglomeration-de-saint-dizier-der-blaise-ca-de-saint-dizier-der-et-blaise-2023;ABC de la Communauté d'Agglomération de Saint Dizier, Der & Blaise;CA de Saint-Dizier Der et Blaise;Etablissement public de coopération intercommunale (EPCI);2023;a_venir;Va débuter;Potentiellement en cours (début annoncé 2023, encore « va débuter »);59;Marne;Grand Est;data.gouv;Non;
abc-de-bazancourt-bazancourt-2021;ABC de Bazancourt;Bazancourt;Commune;2021;termine;Terminé;;1;Marne;Grand Est;data.gouv;Non;
abc-de-gueux-gueux-2010;ABC de Gueux;Gueux;Commune;2010;termine;Terminé;Terminé (estimation) : statut officiel inconnu, projet débuté en 2010 (> 5 ans);1;Marne;Grand Est;data.gouv;Non;
abc-d-haussimont-haussimont-2010;ABC d'Haussimont;Haussimont;Commune;2010;termine;Terminé;Terminé (estimation) : statut officiel inconnu, projet débuté en 2010 (> 5 ans);1;Marne;Grand Est;data.gouv;Non;
abc-de-noirlieu-noirlieu-2012;ABC de Noirlieu;Noirlieu;Commune;2012;termine;Terminé;Terminé (estimation) : statut officiel inconnu, projet débuté en 2012 (> 5 ans);1;Marne;Grand Est;data.gouv;Non;
diagnostic-de-la-biodiversite-communale-de-val-de-vesle-2013;Diagnostic de la Biodiversité Communale de Val-de-Vesle;;;2013;termine;Terminé;;1;Marne;Grand Est;data.gouv;Non;
abc-de-celles-en-bassigny-celles-en-bassigny-2021;ABC de Celles-en-Bassigny;Celles-en-Bassigny;Commune;2021;en_cours;En cours;Potentiellement terminé (début 2021, durée ABC ~3 ans);1;Haute-Marne;Grand Est;data.gouv;Non;
abc-de-val-de-tilles-et-de-colmier-le-haut-2021;ABC de Val-de-Tilles et de Colmier-le-Haut;;Parc national;2021;en_cours;En cours;Potentiellement terminé (début 2021, durée ABC ~3 ans);2;Haute-Marne;Grand Est;data.gouv;Non;
abc-de-mayenne-communaute-cc-mayenne-communaute-2015;ABC de Mayenne Communauté;CC Mayenne Communauté;Etablissement public de coopération intercommunale (EPCI);2015;termine;Terminé;;33;Mayenne;Pays de la Loire;data.gouv;Non;
abc-de-l-ernee-2022;ABC de l'Ernée;;Etablissement public de coopération intercommunale (EPCI);2022;en_cours;En cours;Potentiellement terminé (début 2022, durée ABC ~3 ans);15;Mayenne;Pays de la Loire;data.gouv;Non;
abc-de-le-genest-saint-isle-le-genest-saint-isle-2010;ABC de Le Genest-Saint-Isle;Le Genest-Saint-Isle;Commune;2010;termine;Terminé;Terminé (estimation) : statut officiel inconnu, projet débuté en 2010 (> 5 ans);1;Mayenne;Pays de la Loire;data.gouv;Non;
abc-de-renaze-renaze-2010;ABC de Renazé;Renazé;Commune;2010;termine;Terminé;Terminé (estimation) : statut officiel inconnu, projet débuté en 2010 (> 5 ans);1;Mayenne;Pays de la Loire;data.gouv;Non;
abc-d-aboncourt-aboncourt-2010;ABC d'Aboncourt;Aboncourt;Commune;2010;termine;Terminé;Terminé (estimation) : statut officiel inconnu, projet débuté en 2010 (> 5 ans);1;Meurthe-et-Moselle;Grand Est;data.gouv;Non;
abc-d-allain-allain-2010;ABC d'Allain;Allain;Commune;2010;termine;Terminé;Terminé (estimation) : statut officiel inconnu, projet débuté en 2010 (> 5 ans);1;Meurthe-et-Moselle;Grand Est;data.gouv;Non;
abc-d-allamps-allamps-2010;ABC d'Allamps;Allamps;Commune;2010;termine;Terminé;Terminé (estimation) : statut officiel inconnu, projet débuté en 2010 (> 5 ans);1;Meurthe-et-Moselle;Grand Est;data.gouv;Non;
abc-du-parc-naturel-regional-de-lorraine-lorraine-2025;ABC du Parc Naturel Régional de Lorraine;Lorraine;Parc naturel régional;2025;a_venir;Va débuter;;181;Meurthe-et-Moselle;Grand Est;data.gouv;Non;
abc-du-grand-nancy-metropole-du-grand-nancy-2020;ABC du Grand Nancy;Métropole du Grand Nancy;Etablissement public de coopération intercommunale (EPCI);2020;termine;Terminé;;20;Meurthe-et-Moselle;Grand Est;data.gouv;Non;
abc-de-bagneux-bagneux-2010;ABC de Bagneux;Bagneux;Commune;2010;termine;Terminé;Terminé (estimation) : statut officiel inconnu, projet débuté en 2010 (> 5 ans);1;Meurthe-et-Moselle;Grand Est;data.gouv;Non;
abc-de-barisey-au-plain-barisey-au-plain-2010;ABC de Barisey-au-Plain;Barisey-au-Plain;Commune;2010;termine;Terminé;Terminé (estimation) : statut officiel inconnu, projet débuté en 2010 (> 5 ans);1;Meurthe-et-Moselle;Grand Est;data.gouv;Non;
abc-de-barisey-la-cote-barisey-la-cote-2010;ABC de Barisey-la-Côte;Barisey-la-Côte;Commune;2010;termine;Terminé;Terminé (estimation) : statut officiel inconnu, projet débuté en 2010 (> 5 ans);1;Meurthe-et-Moselle;Grand Est;data.gouv;Non;
abc-de-battigny-battigny-2010;ABC de Battigny;Battigny;Commune;2010;termine;Terminé;Terminé (estimation) : statut officiel inconnu, projet débuté en 2010 (> 5 ans);1;Meurthe-et-Moselle;Grand Est;data.gouv;Non;
abc-de-beuvezin-beuvezin-2010;ABC de Beuvezin;Beuvezin;Commune;2010;termine;Terminé;Terminé (estimation) : statut officiel inconnu, projet débuté en 2010 (> 5 ans);1;Meurthe-et-Moselle;Grand Est;data.gouv;Non;
abc-de-blenod-les-toul-blenod-les-toul-2010;ABC de Blénod-lès-Toul;Blénod-lès-Toul;Commune;2010;termine;Terminé;Terminé (estimation) : statut officiel inconnu, projet débuté en 2010 (> 5 ans);1;Meurthe-et-Moselle;Grand Est;data.gouv;Non;
abc-de-bulligny-bulligny-2010;ABC de Bulligny;Bulligny;Commune;2010;termine;Terminé;Terminé (estimation) : statut officiel inconnu, projet débuté en 2010 (> 5 ans);1;Meurthe-et-Moselle;Grand Est;data.gouv;Non;
abc-de-colombey-les-belles-colombey-les-belles-2010;ABC de Colombey-les-Belles;Colombey-les-Belles;Commune;2010;termine;Terminé;Terminé (estimation) : statut officiel inconnu, projet débuté en 2010 (> 5 ans);1;Meurthe-et-Moselle;Grand Est;data.gouv;Non;
abc-de-courcelles-courcelles-2010;ABC de Courcelles;Courcelles;Commune;2010;termine;Terminé;Terminé (estimation) : statut officiel inconnu, projet débuté en 2010 (> 5 ans);1;Meurthe-et-Moselle;Grand Est;data.gouv;Non;
abc-de-crepey-crepey-2010;ABC de Crépey;Crépey;Commune;2010;termine;Terminé;Terminé (estimation) : statut officiel inconnu, projet débuté en 2010 (> 5 ans);1;Meurthe-et-Moselle;Grand Est;data.gouv;Non;
abc-de-crezilles-crezilles-2010;ABC de Crézilles;Crézilles;Commune;2010;termine;Terminé;Terminé (estimation) : statut officiel inconnu, projet débuté en 2010 (> 5 ans);1;Meurthe-et-Moselle;Grand Est;data.gouv;Non;
abc-de-dolcourt-dolcourt-2010;ABC de Dolcourt;Dolcourt;Commune;2010;termine;Terminé;Terminé (estimation) : statut officiel inconnu, projet débuté en 2010 (> 5 ans);1;Meurthe-et-Moselle;Grand Est;data.gouv;Non;
abc-de-favieres-favieres-2010;ABC de Favières;Favières;Commune;2010;termine;Terminé;Terminé (estimation) : statut officiel inconnu, projet débuté en 2010 (> 5 ans);1;Meurthe-et-Moselle;Grand Est;data.gouv;Non;
abc-de-fecocourt-fecocourt-2010;ABC de Fécocourt;Fécocourt;Commune;2010;termine;Terminé;Terminé (estimation) : statut officiel inconnu, projet débuté en 2010 (> 5 ans);1;Meurthe-et-Moselle;Grand Est;data.gouv;Non;
abc-de-gelaucourt-gelaucourt-2010;ABC de Gélaucourt;Gélaucourt;Commune;2010;termine;Terminé;Terminé (estimation) : statut officiel inconnu, projet débuté en 2010 (> 5 ans);1;Meurthe-et-Moselle;Grand Est;data.gouv;Non;
abc-de-gemonville-gemonville-2010;ABC de Gémonville;Gémonville;Commune;2010;termine;Terminé;Terminé (estimation) : statut officiel inconnu, projet débuté en 2010 (> 5 ans);1;Meurthe-et-Moselle;Grand Est;data.gouv;Non;
abc-de-germiny-germiny-2010;ABC de Germiny;Germiny;Commune;2010;termine;Terminé;Terminé (estimation) : statut officiel inconnu, projet débuté en 2010 (> 5 ans);1;Meurthe-et-Moselle;Grand Est;data.gouv;Non;
abc-de-gibeaumeix-gibeaumeix-2010;ABC de Gibeaumeix;Gibeaumeix;Commune;2010;termine;Terminé;Terminé (estimation) : statut officiel inconnu, projet débuté en 2010 (> 5 ans);1;Meurthe-et-Moselle;Grand Est;data.gouv;Non;
abc-de-grimonviller-grimonviller-2010;ABC de Grimonviller;Grimonviller;Commune;2010;termine;Terminé;Terminé (estimation) : statut officiel inconnu, projet débuté en 2010 (> 5 ans);1;Meurthe-et-Moselle;Grand Est;data.gouv;Non;
abc-de-mont-l-etroit-mont-l-etroit-2010;ABC de Mont-l'Étroit;Mont-l'Étroit;Commune;2010;termine;Terminé;Terminé (estimation) : statut officiel inconnu, projet débuté en 2010 (> 5 ans);1;Meurthe-et-Moselle;Grand Est;data.gouv;Non;
abc-de-mont-le-vignoble-mont-le-vignoble-2010;ABC de Mont-le-Vignoble;Mont-le-Vignoble;Commune;2010;termine;Terminé;Terminé (estimation) : statut officiel inconnu, projet débuté en 2010 (> 5 ans);1;Meurthe-et-Moselle;Grand Est;data.gouv;Non;
abc-de-moutrot-moutrot-2010;ABC de Moutrot;Moutrot;Commune;2010;termine;Terminé;Terminé (estimation) : statut officiel inconnu, projet débuté en 2010 (> 5 ans);1;Meurthe-et-Moselle;Grand Est;data.gouv;Non;
abc-d-ochey-ochey-2010;ABC d'Ochey;Ochey;Commune;2010;termine;Terminé;Terminé (estimation) : statut officiel inconnu, projet débuté en 2010 (> 5 ans);1;Meurthe-et-Moselle;Grand Est;data.gouv;Non;
abc-de-pulney-pulney-2010;ABC de Pulney;Pulney;Commune;2010;termine;Terminé;Terminé (estimation) : statut officiel inconnu, projet débuté en 2010 (> 5 ans);1;Meurthe-et-Moselle;Grand Est;data.gouv;Non;
abc-de-saulxures-les-vannes-saulxures-les-vannes-2010;ABC de Saulxures-lès-Vannes;Saulxures-lès-Vannes;Commune;2010;termine;Terminé;Terminé (estimation) : statut officiel inconnu, projet débuté en 2010 (> 5 ans);1;Meurthe-et-Moselle;Grand Est;data.gouv;Non;
abc-de-selaincourt-selaincourt-2010;ABC de Selaincourt;Selaincourt;Commune;2010;termine;Terminé;Terminé (estimation) : statut officiel inconnu, projet débuté en 2010 (> 5 ans);1;Meurthe-et-Moselle;Grand Est;data.gouv;Non;
abc-de-sexey-aux-forges-sexey-aux-forges-2010;ABC de Sexey-aux-Forges;Sexey-aux-Forges;Commune;2010;termine;Terminé;Terminé (estimation) : statut officiel inconnu, projet débuté en 2010 (> 5 ans);1;Meurthe-et-Moselle;Grand Est;data.gouv;Non;
abc-de-thuilley-aux-groseilles-thuilley-aux-groseilles-2010;ABC de Thuilley-aux-Groseilles;Thuilley-aux-Groseilles;Commune;2010;termine;Terminé;Terminé (estimation) : statut officiel inconnu, projet débuté en 2010 (> 5 ans);1;Meurthe-et-Moselle;Grand Est;data.gouv;Non;
abc-de-tramont-emy-tramont-emy-2010;ABC de Tramont-Émy;Tramont-Émy;Commune;2010;termine;Terminé;Terminé (estimation) : statut officiel inconnu, projet débuté en 2010 (> 5 ans);1;Meurthe-et-Moselle;Grand Est;data.gouv;Non;
abc-de-tramont-lassus-tramont-lassus-2010;ABC de Tramont-Lassus;Tramont-Lassus;Commune;2010;termine;Terminé;Terminé (estimation) : statut officiel inconnu, projet débuté en 2010 (> 5 ans);1;Meurthe-et-Moselle;Grand Est;data.gouv;Non;
abc-de-tramont-saint-andre-tramont-saint-andre-2010;ABC de Tramont-Saint-André;Tramont-Saint-André;Commune;2010;termine;Terminé;Terminé (estimation) : statut officiel inconnu, projet débuté en 2010 (> 5 ans);1;Meurthe-et-Moselle;Grand Est;data.gouv;Non;
abc-de-uruffe-uruffe-2010;ABC de Uruffe;Uruffe;Commune;2010;termine;Terminé;Terminé (estimation) : statut officiel inconnu, projet débuté en 2010 (> 5 ans);1;Meurthe-et-Moselle;Grand Est;data.gouv;Non;
abc-de-vandeleville-vandeleville-2010;ABC de Vandeléville;Vandeléville;Commune;2010;termine;Terminé;Terminé (estimation) : statut officiel inconnu, projet débuté en 2010 (> 5 ans);1;Meurthe-et-Moselle;Grand Est;data.gouv;Non;
abc-de-vannes-le-chatel-vannes-le-chatel-2010;ABC de Vannes-le-Châtel;Vannes-le-Châtel;Commune;2010;termine;Terminé;Terminé (estimation) : statut officiel inconnu, projet débuté en 2010 (> 5 ans);1;Meurthe-et-Moselle;Grand Est;data.gouv;Non;
abc-de-villey-le-sec-villey-le-sec-2010;ABC de Villey-le-Sec;Villey-le-Sec;Commune;2010;termine;Terminé;Terminé (estimation) : statut officiel inconnu, projet débuté en 2010 (> 5 ans);1;Meurthe-et-Moselle;Grand Est;data.gouv;Non;
abc-d-etain-etain-2021;ABC d'Etain;Étain;Commune;2021;termine;Terminé;;1;Meuse;Grand Est;data.gouv;Non;
abc-d-allaire-allaire-2023;ABC d'Allaire;Allaire;Commune;2023;en_cours;En cours;Potentiellement terminé (début 2023, durée ABC ~3 ans);1;Morbihan;Bretagne;data.gouv;Non;
premier-abc-du-pnr-golfe-du-morbihan-golfe-du-morbihan-2017;Premier ABC du PNR Golfe Du Morbihan;Golfe Du Morbihan;Parc naturel régional;2017;termine;Terminé;;11;Morbihan;Bretagne;data.gouv;Non;
deuxieme-abc-du-pnr-golfe-du-morbihan-golfe-du-morbihan-2020;Deuxième ABC du PNR Golfe du Morbihan;Golfe Du Morbihan;Parc naturel régional;2020;termine;Terminé;;15;Morbihan;Bretagne;data.gouv;Non;
abc-de-arzal-2022;ABC de Arzal;;Commune;2022;termine;Terminé;;1;Morbihan;Bretagne;data.gouv;Non;
quatrieme-abc-du-pnr-golfe-du-morbihan-golfe-du-morbihan-2022;Quatrième ABC du PNR Golfe du Morbihan;Golfe Du Morbihan;Parc naturel régional;2022;termine;Terminé;;4;Morbihan;Bretagne;data.gouv;Non;
troisieme-abc-du-pnr-du-golfe-du-morbihan-golfe-du-morbihan-2021;Troisième ABC du PNR du Golfe du Morbihan;Golfe Du Morbihan;Parc naturel régional;2021;termine;Terminé;;6;Morbihan;Bretagne;data.gouv;Non;
abc-de-lorient-agglomeration-ca-lorient-agglomeration-2017;ABC de Lorient Agglomération;CA Lorient Agglomération;Etablissement public de coopération intercommunale (EPCI);2017;termine;Terminé;;25;Morbihan;Bretagne;data.gouv;Non;
abc-de-brandivy-brandivy-2024;ABC de Brandivy;Brandivy;Commune;2024;en_cours;En cours;;1;Morbihan;Bretagne;data.gouv;Non;
abc-de-concoret-concoret-2021;ABC de Concoret;Concoret;Commune;2021;termine;Terminé;;1;Morbihan;Bretagne;data.gouv;Non;
abc-de-guidel-guidel-2016;ABC de Guidel;Guidel;Commune;2016;termine;Terminé;;1;Morbihan;Bretagne;data.gouv;Non;
abc-de-josselin-josselin-2019;ABC de Josselin;Josselin;Commune;2019;termine;Terminé;;1;Morbihan;Bretagne;data.gouv;Non;
abc-de-kervignac-kervignac-2024;ABC de Kervignac;Kervignac;Commune;2024;en_cours;En cours;;1;Morbihan;Bretagne;data.gouv;Non;
abc-de-plougoumelen-plougoumelen-2016;ABC de Plougoumelen;Plougoumelen;Commune;2016;termine;Terminé;;1;Morbihan;Bretagne;data.gouv;Non;
abc-de-pluvigner-pluvigner-2023;ABC de Pluvigner;Pluvigner;Commune;2023;en_cours;En cours;Potentiellement terminé (début 2023, durée ABC ~3 ans);1;Morbihan;Bretagne;data.gouv;Non;
abc-de-questembert-questembert-2024;ABC de Questembert;Questembert;Commune;2024;en_cours;En cours;;1;Morbihan;Bretagne;data.gouv;Non;
abc-de-quiberon-quiberon-2023;ABC de Quiberon;Quiberon;Commune;2023;en_cours;En cours;Potentiellement terminé (début 2023, durée ABC ~3 ans);1;Morbihan;Bretagne;data.gouv;Non;
abc-de-sainte-helene-sainte-helene-2019;ABC de Sainte-Hélène;Sainte-Hélène;Commune;2019;termine;Terminé;;1;Morbihan;Bretagne;data.gouv;Non;
abc-de-saint-jean-brevelay-saint-jean-brevelay-2018;ABC de Saint-Jean-Brevelay;Saint-Jean-Brévelay;Commune;2018;termine;Terminé;;1;Morbihan;Bretagne;data.gouv;Non;
abc-de-saint-pierre-de-quiberon-saint-pierre-quiberon-2022;ABC de Saint Pierre de Quiberon;Saint-Pierre-Quiberon;Commune;2022;en_cours;En cours;Potentiellement terminé (début 2022, durée ABC ~3 ans);1;Morbihan;Bretagne;data.gouv;Non;
abic-de-la-communaute-d-agglomeration-de-thionville-portes-de-france-ca-portes-de-france-thionville-2023;ABiC de la Communauté d'agglomération de Thionville - Portes de France;CA Portes de France-Thionville;Etablissement public de coopération intercommunale (EPCI);2023;en_cours;En cours;Potentiellement terminé (début 2023, durée ABC ~3 ans);13;Moselle;Grand Est;data.gouv;Non;
abc-du-pnr-avesnois-avesnois-2018;ABC du PNR Avesnois;Avesnois;Parc naturel régional;2018;termine;Terminé;;24;Nord;Hauts-de-France;data.gouv;Non;
abc-petr-du-pays-de-sarrebourg-cc-sarrebourg-moselle-sud-petr-du-pays-de-sarrebourg-2024;ABC PETR du pays de Sarrebourg;CC Sarrebourg Moselle Sud  PETR du pays de Sarrebourg;Syndicat mixte;2024;a_venir;Va débuter;Potentiellement en cours (début annoncé 2024, encore « va débuter »);10;Moselle;Grand Est;data.gouv;Non;
abc-du-pnr-vosges-du-nord-vosges-du-nord-2017;ABC du PNR Vosges Du Nord;Vosges Du Nord;Parc naturel régional;2017;termine;Terminé;;21;Moselle;Grand Est;data.gouv;Non;
abc-de-longeville-les-metz-longeville-les-metz-2021;ABC de Longeville-Les-Metz;Longeville-lès-Metz;Commune;2021;en_cours;En cours;Potentiellement terminé (début 2021, durée ABC ~3 ans);1;Moselle;Grand Est;data.gouv;Non;
abc-de-la-ville-de-metz-metz-2022;ABC de la ville de Metz;Metz;Commune;2022;en_cours;En cours;Potentiellement terminé (début 2022, durée ABC ~3 ans);1;Moselle;Grand Est;data.gouv;Non;
abc-de-cosne-cours-sur-loire-cosne-cours-sur-loire-2023;ABC de Cosne-Cours-sur-Loire;Cosne-Cours-sur-Loire;Commune;2023;a_venir;Va débuter;Potentiellement en cours (début annoncé 2023, encore « va débuter »);1;Nièvre;Bourgogne-Franche-Comté;data.gouv;Non;
abc-de-coulanges-les-nevers-coulanges-les-nevers-2021;ABC de Coulanges-lès-Nevers;Coulanges-lès-Nevers;Commune;2021;termine;Terminé;;1;Nièvre;Bourgogne-Franche-Comté;data.gouv;Non;
abc-de-nevers-nevers-2021;ABC de Nevers;Nevers;Commune;2021;en_cours;En cours;Potentiellement terminé (début 2021, durée ABC ~3 ans);1;Nièvre;Bourgogne-Franche-Comté;data.gouv;Non;
abc-du-pnr-de-l-avesnois-iii-avesnois-2023;ABC du PNR de l'Avesnois III;Avesnois;Parc naturel régional;2023;a_venir;Va débuter;Potentiellement en cours (début annoncé 2023, encore « va débuter »);20;Nord;Hauts-de-France;data.gouv;Non;
abc-du-pnr-de-l-avesnois-ii-avesnois-2021;ABC du PNR de l'Avesnois II;Avesnois;Parc naturel régional;2021;en_cours;En cours;Potentiellement terminé (début 2021, durée ABC ~3 ans);18;Nord;Hauts-de-France;data.gouv;Non;
abc-d-amfroipret-amfroipret-2010;ABC d'Amfroipret;Amfroipret;Commune;2010;termine;Terminé;Terminé (estimation) : statut officiel inconnu, projet débuté en 2010 (> 5 ans);1;Nord;Hauts-de-France;data.gouv;Non;
abc-de-la-communaute-d-agglomeration-du-douaisis-roost-warendin-2024;ABC de la Communauté d'agglomération du Douaisis;Roost-Warendin;;2024;a_venir;Va débuter;Potentiellement en cours (début annoncé 2024, encore « va débuter »);34;Nord;Hauts-de-France;data.gouv;Non;
abc-de-metropole-europeenne-de-lille-metropole-europeenne-de-lille-2018;ABC de Métropole Européenne de Lille;Métropole Européenne de Lille;Etablissement public de coopération intercommunale (EPCI);2018;termine;Terminé;;90;Nord;Hauts-de-France;data.gouv;Non;
abc-de-bellignies-bellignies-2010;ABC de Bellignies;Bellignies;Commune;2010;termine;Terminé;Terminé (estimation) : statut officiel inconnu, projet débuté en 2010 (> 5 ans);1;Nord;Hauts-de-France;data.gouv;Non;
abc-de-bergues-bergues-2010;ABC de Bergues;Bergues;Commune;2010;termine;Terminé;;1;Nord;Hauts-de-France;data.gouv;Non;
abc-de-5-communes-du-pnr-scarpe-escaut-scarpe-escaut-2021;ABC de 5 communes du PNR Scarpe Escaut;Scarpe-Escaut;Parc naturel régional;2021;termine;Terminé;;5;Nord;Hauts-de-France;data.gouv;Non;
abc-de-fort-mardyck-dunkerque-2021;ABC de Fort Mardyck (Dunkerque);;Commune;2021;termine;Terminé;;1;Nord;Hauts-de-France;data.gouv;Non;
abc-de-dunkerque-dunkerque-2017;ABC de Dunkerque;Dunkerque;Commune;2017;termine;Terminé;;1;Nord;Hauts-de-France;data.gouv;Non;
abc-d-eringhem-eringhem-2021;ABC d'Eringhem;Eringhem;Commune;2021;termine;Terminé;;1;Nord;Hauts-de-France;data.gouv;Non;
abc-communaute-de-communes-flandres-lys-2024;ABC Communauté de Communes Flandres Lys;;;2024;a_venir;Va débuter;Potentiellement en cours (début annoncé 2024, encore « va débuter »);8;Nord;Hauts-de-France;data.gouv;Non;
abc-pnr-scarpe-escaut-ii-scarpe-escaut-2024;ABC PNR Scarpe Escaut II;Scarpe-Escaut;Parc naturel régional;2024;en_cours;En cours;;5;Nord;Hauts-de-France;data.gouv;Non;
abc-de-la-cu-de-dunkerque-cu-de-dunkerque-2015;ABC de la CU de Dunkerque;CU de Dunkerque;Etablissement public de coopération intercommunale (EPCI);2015;en_cours;En cours;Potentiellement terminé (début 2015, durée ABC ~3 ans);2;Nord;Hauts-de-France;data.gouv;Non;
abc-d-haubourdin-haubourdin-2010;ABC d'Haubourdin;Haubourdin;Commune;2010;termine;Terminé;Terminé (estimation) : statut officiel inconnu, projet débuté en 2010 (> 5 ans);1;Nord;Hauts-de-France;data.gouv;Non;
abc-de-hon-hergies-hon-hergies-2015;ABC de Hon-Hergies;Hon-Hergies;Commune;2015;termine;Terminé;Terminé (estimation) : statut officiel inconnu, projet débuté en 2015 (> 5 ans);1;Nord;Hauts-de-France;data.gouv;Non;
abc-pevele-carembault-cc-pevele-carembault-2021;ABC Pévèle-Carembault;CC Pévèle-Carembault;Etablissement public de coopération intercommunale (EPCI);2021;a_venir;Va débuter;Potentiellement en cours (début annoncé 2021, encore « va débuter »);1;Nord;Hauts-de-France;data.gouv;Non;
abc-de-volvic-volvic-2013;ABC de Volvic;Volvic;Commune;2013;termine;Terminé;;1;Puy-de-Dôme;Auvergne-Rhône-Alpes;data.gouv;Non;
abc-de-la-communaute-d-agglomeration-du-beauvaisis-ca-du-beauvaisis-2023;ABC de la Communauté d’Agglomération du Beauvaisis;CA du Beauvaisis;Etablissement public de coopération intercommunale (EPCI);2023;en_cours;En cours;Potentiellement terminé (début 2023, durée ABC ~3 ans);53;Oise;Hauts-de-France;data.gouv;Non;
abc-de-3-communes-du-pnr-oise-pays-de-france-oise-pays-de-france-2022;ABC de 3 communes du PNR Oise Pays de France;Oise-Pays De France;Parc naturel régional;2022;en_cours;En cours;Potentiellement terminé (début 2022, durée ABC ~3 ans);3;Oise;Hauts-de-France;data.gouv;Non;
abc-de-la-vallee-doree-cc-du-liancourtois-2018;ABC de la Vallée dorée;CC du Liancourtois;Etablissement public de coopération intercommunale (EPCI);2018;termine;Terminé;;10;Oise;Hauts-de-France;data.gouv;Non;
abc-des-deux-vallees-cc-des-deux-vallees-2018;ABC des Deux Vallées;CC des Deux Vallées;Etablissement public de coopération intercommunale (EPCI);2018;termine;Terminé;;16;Oise;Hauts-de-France;data.gouv;Non;
abc-de-la-communaute-d-agglomeration-creil-sud-oise-ca-creil-sud-oise-2021;ABC de la communauté d'agglomération Creil Sud Oise;CA Creil Sud Oise;Etablissement public de coopération intercommunale (EPCI);2021;termine;Terminé;;11;Oise;Hauts-de-France;data.gouv;Non;
abc-de-crepy-en-valois-crepy-en-valois-2012;ABC de Crépy-en-Valois;Crépy-en-Valois;Commune;2012;termine;Terminé;Terminé (estimation) : statut officiel inconnu, projet débuté en 2012 (> 5 ans);1;Oise;Hauts-de-France;data.gouv;Non;
abc-cc-picardie-verte-cc-de-la-picardie-verte-2022;ABC CC Picardie Verte;CC de la Picardie Verte;Etablissement public de coopération intercommunale (EPCI);2022;en_cours;En cours;Potentiellement terminé (début 2022, durée ABC ~3 ans);1;Oise;Hauts-de-France;data.gouv;Non;
abc-de-la-communaute-d-agglomeration-de-la-baie-de-somme-2024;ABC de la Communauté d’Agglomération de la Baie de Somme;;Commune;2024;a_venir;Va débuter;Potentiellement en cours (début annoncé 2024, encore « va débuter »);40;Somme;Hauts-de-France;data.gouv;Non;
abc-de-noailles-noailles-2021;ABC de Noailles;Noailles;Commune;2021;termine;Terminé;;1;Oise;Hauts-de-France;data.gouv;Non;
abc-d-alencon-alencon-2022;ABC d'Alençon;Alençon;Commune;2022;en_cours;En cours;Potentiellement terminé (début 2022, durée ABC ~3 ans);1;Orne;Normandie;data.gouv;Non;
abc-d-argentan-argentan-2022;ABC d'Argentan;Argentan;Commune;2022;en_cours;En cours;Potentiellement terminé (début 2022, durée ABC ~3 ans);1;Orne;Normandie;data.gouv;Non;
abc-de-la-vallee-de-la-haute-sarthe-pnr-normandie-maine-normandie-maine-2021;ABC de la Vallée de la Haute Sarthe (PNR Normandie-Maine);Normandie-Maine;Parc naturel régional;2021;en_cours;En cours;Potentiellement terminé (début 2021, durée ABC ~3 ans);10;Orne;Normandie;data.gouv;Non;
atlas-de-la-biodiversite-communale-des-sources-de-l-orne-normandie-maine-2023;Atlas de la biodiversité communale des Sources de l'Orne;Normandie-Maine;Parc naturel régional;2023;a_venir;Va débuter;Potentiellement en cours (début annoncé 2023, encore « va débuter »);10;Orne;Normandie;data.gouv;Non;
abc-de-caligny-caligny-2010;ABC de Caligny;Caligny;Commune;2010;termine;Terminé;Terminé (estimation) : statut officiel inconnu, projet débuté en 2010 (> 5 ans);1;Orne;Normandie;data.gouv;Non;
abc-d-andaine-passais-pnr-normandie-maine-normandie-maine-2018;ABC d'Andaine-Passais (PNR Normandie-Maine);Normandie-Maine;Parc naturel régional;2018;termine;Terminé;;5;Orne;Normandie;data.gouv;Non;
abc-de-putanges-le-lac-putanges-le-lac-2010;ABC de Putanges-le-Lac;Putanges-le-Lac;Commune;2010;termine;Terminé;Terminé (estimation) : statut officiel inconnu, projet débuté en 2010 (> 5 ans);1;Orne;Normandie;data.gouv;Non;
abc-de-sainte-honorine-la-guillaume-sainte-honorine-la-guillaume-2010;ABC de Sainte-Honorine-la-Guillaume;Sainte-Honorine-la-Guillaume;Commune;2010;termine;Terminé;Terminé (estimation) : statut officiel inconnu, projet débuté en 2010 (> 5 ans);1;Orne;Normandie;data.gouv;Non;
abc-d-auxi-le-chateau-auxi-le-chateau-2010;ABC d'Auxi-le-Château;Auxi-le-Château;Commune;2010;termine;Terminé;Terminé (estimation) : statut officiel inconnu, projet débuté en 2010 (> 5 ans);1;Pas-de-Calais;Hauts-de-France;data.gouv;Non;
abc-communaute-d-agglomeration-henin-carvin;ABC Communauté d'Agglomération Hénin Carvin;;;;en_cours;En cours;;14;Pas-de-Calais;Hauts-de-France;data.gouv;Non;
abc-de-bonnieres-bonnieres-2013;ABC de Bonnières;Bonnières;Commune;2013;termine;Terminé;Terminé (estimation) : statut officiel inconnu, projet débuté en 2013 (> 5 ans);1;Pas-de-Calais;Hauts-de-France;data.gouv;Non;
abc-de-buire-au-bois-buire-au-bois-2010;ABC de Buire-au-Bois;Buire-au-Bois;Commune;2010;termine;Terminé;Terminé (estimation) : statut officiel inconnu, projet débuté en 2010 (> 5 ans);1;Pas-de-Calais;Hauts-de-France;data.gouv;Non;
abc-d-etaples-sur-mer-etaples-2019;ABC d'Etaples-Sur-Mer;Étaples;Commune;2019;en_cours;En cours;Potentiellement terminé (début 2019, durée ABC ~3 ans);1;Pas-de-Calais;Hauts-de-France;data.gouv;Non;
abc-de-leforest-leforest-2018;ABC de Leforest;Leforest;Commune;2018;termine;Terminé;;1;Pas-de-Calais;Hauts-de-France;data.gouv;Non;
abc-de-lestrem-lestrem-2018;ABC de Lestrem;Lestrem;Commune;2018;termine;Terminé;;1;Pas-de-Calais;Hauts-de-France;data.gouv;Non;
abc-de-lievin-lievin-2021;ABC de Liévin;Liévin;Commune;2021;termine;Terminé;;1;Pas-de-Calais;Hauts-de-France;data.gouv;Non;
abc-de-loos-en-gohelle-loos-en-gohelle-2010;ABC de Loos-en-Gohelle;Loos-en-Gohelle;Commune;2010;termine;Terminé;;1;Pas-de-Calais;Hauts-de-France;data.gouv;Non;
abc-de-noeux-les-auxi-n-ux-les-auxi-2013;ABC de Noeux-lès-Auxi;N½ux-lès-Auxi;Commune;2013;termine;Terminé;Terminé (estimation) : statut officiel inconnu, projet débuté en 2013 (> 5 ans);1;Pas-de-Calais;Hauts-de-France;data.gouv;Non;
abc-le-portel-le-portel-2023;ABC Le Portel;Le Portel;Commune;2023;en_cours;En cours;Potentiellement terminé (début 2023, durée ABC ~3 ans);1;Pas-de-Calais;Hauts-de-France;data.gouv;Non;
abc-de-roeux-r-ux-2010;ABC de Roeux;R½ux;Commune;2010;termine;Terminé;Terminé (estimation) : statut officiel inconnu, projet débuté en 2010 (> 5 ans);1;Pas-de-Calais;Hauts-de-France;data.gouv;Non;
abc-de-saint-laurent-blangy-saint-laurent-blangy-2010;ABC de Saint-Laurent-Blangy;Saint-Laurent-Blangy;Commune;2010;termine;Terminé;Terminé (estimation) : statut officiel inconnu, projet débuté en 2010 (> 5 ans);1;Pas-de-Calais;Hauts-de-France;data.gouv;Non;
abc-de-beauvoir-wavans-beauvoir-wavans-2015;ABC de Beauvoir-Wavans;Beauvoir-Wavans;Commune;2015;termine;Terminé;Terminé (estimation) : statut officiel inconnu, projet débuté en 2015 (> 5 ans);1;Pas-de-Calais;Hauts-de-France;data.gouv;Non;
abc-de-willencourt-willencourt-2010;ABC de Willencourt;Willencourt;Commune;2010;termine;Terminé;Terminé (estimation) : statut officiel inconnu, projet débuté en 2010 (> 5 ans);1;Pas-de-Calais;Hauts-de-France;data.gouv;Non;
c-biodiv-l-atlas-de-la-biodiversite-de-la-metropole-clermontoise-clermont-auvergne-metropole-2019;C.Biodiv, l’Atlas de la Biodiversité de la métropole clermontoise;Clermont Auvergne Métropole;Etablissement public de coopération intercommunale (EPCI);2019;en_cours;En cours;Potentiellement terminé (début 2019, durée ABC ~3 ans);21;Puy-de-Dôme;Auvergne-Rhône-Alpes;data.gouv;Non;
abc-riom-limagne-et-volcans-ca-riom-limagne-et-volcans-2021;ABC Riom Limagne et Volcans;CA Riom Limagne et Volcans;Etablissement public de coopération intercommunale (EPCI);2021;termine;Terminé;;31;Puy-de-Dôme;Auvergne-Rhône-Alpes;data.gouv;Non;
abc-de-chatel-guyon-chatel-guyon-2010;ABC de Châtel-Guyon;Châtel-Guyon;Commune;2010;termine;Terminé;;1;Puy-de-Dôme;Auvergne-Rhône-Alpes;data.gouv;Non;
abc-de-la-maye-baie-de-somme-3-vallees-2021;ABC de la Maye;Baie de somme 3 Vallées;Syndicat mixte;2021;en_cours;En cours;Potentiellement terminé (début 2021, durée ABC ~3 ans);15;Somme;Hauts-de-France;data.gouv;Non;
abc-de-veyre-monton-veyre-monton-2021;ABC de Veyre-Monton;Veyre-Monton;Commune;2021;termine;Terminé;;1;Puy-de-Dôme;Auvergne-Rhône-Alpes;data.gouv;Non;
abc-de-vic-le-comte-vic-le-comte-2023;ABC de Vic le Comte;Vic-le-Comte;Commune;2023;en_cours;En cours;Potentiellement terminé (début 2023, durée ABC ~3 ans);1;Puy-de-Dôme;Auvergne-Rhône-Alpes;data.gouv;Non;
abc-parc-national-pyrenees-parc-national-des-pyrenees-2013;ABC Parc National Pyrénées;Parc national des Pyrénées;Parc national;2013;en_cours;En cours;Potentiellement terminé (début 2013, durée ABC ~3 ans);10;Pyrénées-Atlantiques;Nouvelle-Aquitaine;data.gouv;Non;
abc-d-arudy-parc-national-des-pyrenees-2024;ABC d'Arudy;Parc national des Pyrénées;Parc national;2024;a_venir;Va débuter;Potentiellement en cours (début annoncé 2024, encore « va débuter »);1;Pyrénées-Atlantiques;Nouvelle-Aquitaine;data.gouv;Non;
abc-d-assat-assat-2015;ABC d'Assat;Assat;Commune;2015;termine;Terminé;Terminé (estimation) : statut officiel inconnu, projet débuté en 2015 (> 5 ans);1;Pyrénées-Atlantiques;Nouvelle-Aquitaine;data.gouv;Non;
abc-de-bayonne-bayonne-2024;ABC de Bayonne;Bayonne;Commune;2024;en_cours;En cours;;1;Pyrénées-Atlantiques;Nouvelle-Aquitaine;data.gouv;Non;
abc-de-bergouey-viellenave-bergouey-viellenave-2023;ABC de Bergouey-Viellenave;Bergouey-Viellenave;Commune;2023;a_venir;Va débuter;Potentiellement en cours (début annoncé 2023, encore « va débuter »);1;Pyrénées-Atlantiques;Nouvelle-Aquitaine;data.gouv;Non;
abc-de-billere-billere-2010;ABC de Billère;Billère;Commune;2010;termine;Terminé;Terminé (estimation) : statut officiel inconnu, projet débuté en 2010 (> 5 ans);1;Pyrénées-Atlantiques;Nouvelle-Aquitaine;data.gouv;Non;
abc-de-charritte-de-bas-charritte-de-bas-2010;ABC de Charritte-de-Bas;Charritte-de-Bas;Commune;2010;termine;Terminé;Terminé (estimation) : statut officiel inconnu, projet débuté en 2010 (> 5 ans);1;Pyrénées-Atlantiques;Nouvelle-Aquitaine;data.gouv;Non;
abc-d-etsaut-etsaut-parc-national-des-pyrenees-2017;ABC d'Etsaut ;Etsaut Parc national des Pyrénées;Parc national;2017;termine;Terminé;;1;Pyrénées-Atlantiques;Nouvelle-Aquitaine;data.gouv;Non;
abc-de-guethary-guethary-2010;ABC de Guéthary;Guéthary;Commune;2010;termine;Terminé;Terminé (estimation) : statut officiel inconnu, projet débuté en 2010 (> 5 ans);1;Pyrénées-Atlantiques;Nouvelle-Aquitaine;data.gouv;Non;
abc-de-lahonce-lahonce-2021;ABC de Lahonce;Lahonce;Commune;2021;en_cours;En cours;Potentiellement terminé (début 2021, durée ABC ~3 ans);1;Pyrénées-Atlantiques;Nouvelle-Aquitaine;data.gouv;Non;
abc-de-lasseube-lasseube-2020;ABC de Lasseube;Lasseube;Commune;2020;termine;Terminé;;1;Pyrénées-Atlantiques;Nouvelle-Aquitaine;data.gouv;Non;
abc-de-louvie-soubiron-louvie-soubiron-parc-national-des-pyrenees;ABC de Louvie-Soubiron;Louvie-Soubiron Parc national des Pyrénées;Parc national;;termine;Terminé;;1;Pyrénées-Atlantiques;Nouvelle-Aquitaine;data.gouv;Non;
deuxieme-abc-de-louvie-soubiron-louvie-soubiron-2018;Deuxième ABC de Louvie-Soubiron;Louvie-Soubiron;Commune;2018;en_cours;En cours;Potentiellement terminé (début 2018, durée ABC ~3 ans);1;Pyrénées-Atlantiques;Nouvelle-Aquitaine;data.gouv;Non;
abc-de-lys-parc-national-des-pyrenees-2024;ABC de Lys;Parc national des Pyrénées;Parc national;2024;a_venir;Va débuter;Potentiellement en cours (début annoncé 2024, encore « va débuter »);1;Pyrénées-Atlantiques;Nouvelle-Aquitaine;data.gouv;Non;
abc-de-navarrenx-navarrenx-2025;ABC de Navarrenx;Navarrenx;Commune;2025;a_venir;Va débuter;;1;Pyrénées-Atlantiques;Nouvelle-Aquitaine;data.gouv;Non;
abc-de-saint-jean-de-luz-saint-jean-de-luz-2014;ABC de Saint-Jean-de-Luz;Saint-Jean-de-Luz;Commune;2014;termine;Terminé;Terminé (estimation) : statut officiel inconnu, projet débuté en 2014 (> 5 ans);1;Pyrénées-Atlantiques;Nouvelle-Aquitaine;data.gouv;Non;
abc-de-sevignacq-meyracq-parc-national-des-pyrenees-2024;ABC de Sévignacq-Meyracq;Parc national des Pyrénées;Parc national;2024;a_venir;Va débuter;Potentiellement en cours (début annoncé 2024, encore « va débuter »);1;Pyrénées-Atlantiques;Nouvelle-Aquitaine;data.gouv;Non;
abc-d-urrugne-urrugne-2023;ABC d'Urrugne;Urrugne;Commune;2023;a_venir;Va débuter;Potentiellement en cours (début annoncé 2023, encore « va débuter »);1;Pyrénées-Atlantiques;Nouvelle-Aquitaine;data.gouv;Non;
abc-antist-antist-2010;ABC Antist;Antist;Commune;2010;termine;Terminé;Terminé (estimation) : statut officiel inconnu, projet débuté en 2010 (> 5 ans);1;Hautes-Pyrénées;Occitanie;data.gouv;Non;
abc-argeles-bagneres-argeles-bagneres-2010;ABC Argelès-Bagnères;Argelès-Bagnères;Commune;2010;termine;Terminé;Terminé (estimation) : statut officiel inconnu, projet débuté en 2010 (> 5 ans);1;Hautes-Pyrénées;Occitanie;data.gouv;Non;
abc-argeles-gazost-argeles-gazost-2021;ABC Argelès-Gazost;Argelès-Gazost;Commune;2021;termine;Terminé;;1;Hautes-Pyrénées;Occitanie;data.gouv;Non;
abc-astugue-astugue-2010;ABC Astugue;Astugue;Commune;2010;termine;Terminé;Terminé (estimation) : statut officiel inconnu, projet débuté en 2010 (> 5 ans);1;Hautes-Pyrénées;Occitanie;data.gouv;Non;
abc-ayros-arbouix-ayros-arbouix-2012;ABC Ayros-Arbouix;Ayros-Arbouix;Commune;2012;termine;Terminé;;1;Hautes-Pyrénées;Occitanie;data.gouv;Non;
abc-bagneres-de-bigorre-bagneres-de-bigorre-2010;ABC Bagnères-de-Bigorre;Bagnères-de-Bigorre;Commune;2010;termine;Terminé;Terminé (estimation) : statut officiel inconnu, projet débuté en 2010 (> 5 ans);1;Hautes-Pyrénées;Occitanie;data.gouv;Non;
abc-bagneres-de-bigorre-bagneres-de-bigorre-2024;ABC Bagnères-de-Bigorre;Bagnères-de-Bigorre;Commune;2024;a_venir;Va débuter;Potentiellement en cours (début annoncé 2024, encore « va débuter »);1;Hautes-Pyrénées;Occitanie;data.gouv;Non;
abc-banios-banios-2010;ABC Banios;Banios;Commune;2010;termine;Terminé;Terminé (estimation) : statut officiel inconnu, projet débuté en 2010 (> 5 ans);1;Hautes-Pyrénées;Occitanie;data.gouv;Non;
abc-bazus-aure-bazus-aure-2017;ABC Bazus-Aure;Bazus-Aure;Commune;2017;termine;Terminé;;1;Hautes-Pyrénées;Occitanie;data.gouv;Non;
abc-beaudean-beaudean-2010;ABC Beaudéan;Beaudéan;Commune;2010;termine;Terminé;Terminé (estimation) : statut officiel inconnu, projet débuté en 2010 (> 5 ans);1;Hautes-Pyrénées;Occitanie;data.gouv;Non;
abc-betpouey-betpouey-2017;ABC Betpouey ;Betpouey;Commune;2017;termine;Terminé;;1;Hautes-Pyrénées;Occitanie;data.gouv;Non;
abc-bettes-bettes-2010;ABC Bettes;Bettes;Commune;2010;termine;Terminé;Terminé (estimation) : statut officiel inconnu, projet débuté en 2010 (> 5 ans);1;Hautes-Pyrénées;Occitanie;data.gouv;Non;
abc-campan-campan-2010;ABC Campan;Campan;Commune;2010;termine;Terminé;Terminé (estimation) : statut officiel inconnu, projet débuté en 2010 (> 5 ans);1;Hautes-Pyrénées;Occitanie;data.gouv;Non;
abc-cieutat-cieutat-2010;ABC Cieutat;Cieutat;Commune;2010;termine;Terminé;Terminé (estimation) : statut officiel inconnu, projet débuté en 2010 (> 5 ans);1;Hautes-Pyrénées;Occitanie;data.gouv;Non;
abc-gaillagos-gaillagos-2017;ABC Gaillagos;Gaillagos;Commune;2017;termine;Terminé;;1;Hautes-Pyrénées;Occitanie;data.gouv;Non;
abc-gerde-gerde-2010;ABC Gerde;Gerde;Commune;2010;termine;Terminé;Terminé (estimation) : statut officiel inconnu, projet débuté en 2010 (> 5 ans);1;Hautes-Pyrénées;Occitanie;data.gouv;Non;
abc-hauban-hauban-2010;ABC Hauban;Hauban;Commune;2010;termine;Terminé;Terminé (estimation) : statut officiel inconnu, projet débuté en 2010 (> 5 ans);1;Hautes-Pyrénées;Occitanie;data.gouv;Non;
abc-hiis-hiis-2010;ABC Hiis;Hiis;Commune;2010;termine;Terminé;Terminé (estimation) : statut officiel inconnu, projet débuté en 2010 (> 5 ans);1;Hautes-Pyrénées;Occitanie;data.gouv;Non;
abc-labassere-labassere-2010;ABC Labassère;Labassère;Commune;2010;termine;Terminé;Terminé (estimation) : statut officiel inconnu, projet débuté en 2010 (> 5 ans);1;Hautes-Pyrénées;Occitanie;data.gouv;Non;
abc-lies-lies-2010;ABC Lies;Lies;Commune;2010;termine;Terminé;Terminé (estimation) : statut officiel inconnu, projet débuté en 2010 (> 5 ans);1;Hautes-Pyrénées;Occitanie;data.gouv;Non;
abc-marsas-marsas-2010;ABC Marsas;Marsas;Commune;2010;termine;Terminé;Terminé (estimation) : statut officiel inconnu, projet débuté en 2010 (> 5 ans);1;Hautes-Pyrénées;Occitanie;data.gouv;Non;
abc-merilheu-merilheu-2010;ABC Mérilheu;Mérilheu;Commune;2010;termine;Terminé;Terminé (estimation) : statut officiel inconnu, projet débuté en 2010 (> 5 ans);1;Hautes-Pyrénées;Occitanie;data.gouv;Non;
abc-montgaillard-montgaillard-2010;ABC Montgaillard;Montgaillard;Commune;2010;termine;Terminé;Terminé (estimation) : statut officiel inconnu, projet débuté en 2010 (> 5 ans);1;Hautes-Pyrénées;Occitanie;data.gouv;Non;
abc-neuilh-neuilh-2010;ABC Neuilh;Neuilh;Commune;2010;termine;Terminé;Terminé (estimation) : statut officiel inconnu, projet débuté en 2010 (> 5 ans);1;Hautes-Pyrénées;Occitanie;data.gouv;Non;
abc-ordizan-ordizan-2010;ABC Ordizan;Ordizan;Commune;2010;termine;Terminé;Terminé (estimation) : statut officiel inconnu, projet débuté en 2010 (> 5 ans);1;Hautes-Pyrénées;Occitanie;data.gouv;Non;
abc-orignac-orignac-2010;ABC Orignac;Orignac;Commune;2010;termine;Terminé;Terminé (estimation) : statut officiel inconnu, projet débuté en 2010 (> 5 ans);1;Hautes-Pyrénées;Occitanie;data.gouv;Non;
abc-pouzac-pouzac-2010;ABC Pouzac;Pouzac;Commune;2010;termine;Terminé;Terminé (estimation) : statut officiel inconnu, projet débuté en 2010 (> 5 ans);1;Hautes-Pyrénées;Occitanie;data.gouv;Non;
abc-uzer-uzer-2010;ABC Uzer;Uzer;Commune;2010;termine;Terminé;Terminé (estimation) : statut officiel inconnu, projet débuté en 2010 (> 5 ans);1;Hautes-Pyrénées;Occitanie;data.gouv;Non;
abc-du-capcir-les-angles-2024;ABC du Capcir;Les Angles;Commune;2024;a_venir;Va débuter;Potentiellement en cours (début annoncé 2024, encore « va débuter »);6;Pyrénées-Orientales;Occitanie;data.gouv;Non;
abc-argeles-sur-mer-argeles-sur-mer-2021;ABC Argelès sur Mer;Argelès-sur-Mer;Commune;2021;termine;Terminé;;1;Pyrénées-Orientales;Occitanie;data.gouv;Non;
abc-des-aspres-cc-des-aspres-2024;ABC des Aspres;CC des Aspres;Etablissement public de coopération intercommunale (EPCI);2024;a_venir;Va débuter;Potentiellement en cours (début annoncé 2024, encore « va débuter »);19;Pyrénées-Orientales;Occitanie;data.gouv;Non;
abc-elne-elne-2021;ABC Elne;Elne;Commune;2021;termine;Terminé;;1;Pyrénées-Orientales;Occitanie;data.gouv;Non;
abc-thuir-thuir-2021;ABC Thuir;Thuir;Commune;2021;termine;Terminé;;1;Pyrénées-Orientales;Occitanie;data.gouv;Non;
abc-torreilles-torreilles-2023;ABC Torreilles;Torreilles;Commune;2023;en_cours;En cours;Potentiellement terminé (début 2023, durée ABC ~3 ans);1;Pyrénées-Orientales;Occitanie;data.gouv;Non;
abc-de-l-eurometropole-de-strasbourg-eurometropole-de-strasbourg-2020;ABC de l'Eurométropole de Strasbourg;Eurométropole de Strasbourg;Etablissement public de coopération intercommunale (EPCI);2020;termine;Terminé;;33;Bas-Rhin;Grand Est;data.gouv;Non;
abc-d-erstein-erstein-2024;ABC d'Erstein;Erstein;Commune;2024;en_cours;En cours;;1;Bas-Rhin;Grand Est;data.gouv;Non;
abc-de-muttersholtz-muttersholtz-2010;ABC de Muttersholtz;Muttersholtz;Commune;2010;termine;Terminé;;1;Bas-Rhin;Grand Est;data.gouv;Non;
abc-de-schiltigheim-schiltigheim-2023;ABC de Schiltigheim;Schiltigheim;Commune;2023;a_venir;Va débuter;Potentiellement en cours (début annoncé 2023, encore « va débuter »);1;Bas-Rhin;Grand Est;data.gouv;Non;
abc-de-mulhouse-alsace-agglomeration-ca-mulhouse-alsace-agglomeration-2017;ABC de Mulhouse Alsace Agglomération;CA Mulhouse Alsace Agglomération;Etablissement public de coopération intercommunale (EPCI);2017;termine;Terminé;;39;Haut-Rhin;Grand Est;data.gouv;Non;
abc-de-belleville-en-beaujolais-belleville-en-beaujolais-2021;ABC de Belleville en Beaujolais;Belleville-en-Beaujolais;Commune;2021;termine;Terminé;;1;Rhône;Auvergne-Rhône-Alpes;data.gouv;Non;
abc-de-neuf-brisach-neuf-brisach-2010;ABC de Neuf-Brisach;Neuf-Brisach;Commune;2010;termine;Terminé;Terminé (estimation) : statut officiel inconnu, projet débuté en 2010 (> 5 ans);1;Haut-Rhin;Grand Est;data.gouv;Non;
ville-de-saint-louis-68-atlas-de-la-biodiversite-communale-diagnostic-des-trames-vertes-et-bleues-2008;Ville de Saint-Louis (68) - Atlas de la Biodiversité Communale -  Diagnostic des trames vertes et bleues;;;2008;termine;Terminé;;1;Haut-Rhin;Grand Est;data.gouv;Non;
abc-du-syndicat-mixte-plaines-monts-d-or-smpmo-syndicat-mixte-plaines-monts-d-or-smpmo-2023;ABC du Syndicat Mixte Plaines Monts d’Or (SMPMO);Syndicat Mixte Plaines Monts d’Or (SMPMO);Syndicat mixte;2023;en_cours;En cours;Potentiellement terminé (début 2023, durée ABC ~3 ans);15;Rhône;Auvergne-Rhône-Alpes;data.gouv;Non;
abc-de-chaponost-chaponost-2011;ABC de Chaponost;Chaponost;Commune;2011;termine;Terminé;;1;Rhône;Auvergne-Rhône-Alpes;data.gouv;Non;
abc-de-chatillon-d-azergues-chatillon-2016;ABC de Châtillon d'Azergues;Châtillon;Commune;2016;termine;Terminé;;1;Rhône;Auvergne-Rhône-Alpes;data.gouv;Non;
abc-de-courzieu-courzieu-2021;ABC de Courzieu;Courzieu;Commune;2021;termine;Terminé;;1;Rhône;Auvergne-Rhône-Alpes;data.gouv;Non;
abc-de-craponne-craponne-2020;ABC de Craponne;Craponne;Commune;2020;termine;Terminé;;1;Rhône;Auvergne-Rhône-Alpes;data.gouv;Non;
abc-d-ecully-ecully-2021;ABC d'Ecully;Écully;Commune;2021;termine;Terminé;;1;Rhône;Auvergne-Rhône-Alpes;data.gouv;Non;
abc-de-francheville-francheville-2021;ABC de Francheville;Francheville;Commune;2021;termine;Terminé;;1;Rhône;Auvergne-Rhône-Alpes;data.gouv;Non;
abc-du-syndicat-mixte-du-rhone-des-isles-et-des-losnes-smiril-69-syndicat-mixte-du-rhone-des-isles-et-des-losnes-2024;ABC du Syndicat Mixte Du Rhône des Isles et des Losnes (SMIRIL) (69);Syndicat Mixte du Rhône des Isles et des Losnes;Syndicat mixte;2024;en_cours;En cours;;9;Rhône;Auvergne-Rhône-Alpes;data.gouv;Non;
abc-de-lamure-sur-azergues-lamure-sur-azergues-2010;ABC de Lamure-sur-Azergues;Lamure-sur-Azergues;Commune;2010;termine;Terminé;;1;Rhône;Auvergne-Rhône-Alpes;data.gouv;Non;
atlas-de-la-biodiversite-lyonnaise-lyon;Atlas de la biodiversité lyonnaise;Lyon;Commune;;en_cours;En cours;;1;Rhône;Auvergne-Rhône-Alpes;data.gouv;Non;
abc-de-ranchal-ranchal-2024;ABC de Ranchal;Ranchal;Commune;2024;en_cours;En cours;;1;Rhône;Auvergne-Rhône-Alpes;data.gouv;Non;
abi-de-la-cc-du-val-de-gray-cc-val-de-gray-2022;ABI de la CC du Val de Gray;CC Val de Gray;Etablissement public de coopération intercommunale (EPCI);2022;en_cours;En cours;Potentiellement terminé (début 2022, durée ABC ~3 ans);46;Haute-Saône;Bourgogne-Franche-Comté;data.gouv;Non;
abc-de-dampierre-sur-linotte-dampierre-sur-linotte-2021;ABC de Dampierre-sur-Linotte;Dampierre-sur-Linotte;Commune;2021;termine;Terminé;;1;Haute-Saône;Bourgogne-Franche-Comté;data.gouv;Non;
abc-de-saint-remy-en-comte-saint-remy-en-comte-2010;ABC de Saint-Rémy-en-Comté;Saint-Rémy-en-Comté;Commune;2010;termine;Terminé;Terminé (estimation) : statut officiel inconnu, projet débuté en 2010 (> 5 ans);1;Haute-Saône;Bourgogne-Franche-Comté;data.gouv;Non;
abc-d-anost-anost-2016;ABC d'Anost;Anost;Commune;2016;termine;Terminé;Terminé (estimation) : statut officiel inconnu, projet débuté en 2016 (> 5 ans);1;Saône-et-Loire;Bourgogne-Franche-Comté;data.gouv;Non;
abc-d-autun-autun-2021;ABC d'Autun;Autun;Commune;2021;termine;Terminé;;1;Saône-et-Loire;Bourgogne-Franche-Comté;data.gouv;Non;
abi-de-la-cc-sud-cote-chalonnaise-2022;ABI de la CC Sud Côte Chalonnaise;;Établissement public territorial de bassin (EPTB);2022;en_cours;En cours;Potentiellement terminé (début 2022, durée ABC ~3 ans);23;Saône-et-Loire;Bourgogne-Franche-Comté;data.gouv;Non;
abc-de-epertully-epertully-2021;ABC de Epertully;Épertully;Commune;2021;termine;Terminé;;1;Saône-et-Loire;Bourgogne-Franche-Comté;data.gouv;Non;
abc-de-granges-granges-2021;ABC de Granges;Granges;Commune;2021;termine;Terminé;;1;Saône-et-Loire;Bourgogne-Franche-Comté;data.gouv;Non;
abc-de-louhans-chateaurenaud-louhans-2023;ABC de Louhans-Châteaurenaud;Louhans;Commune;2023;a_venir;Va débuter;Potentiellement en cours (début annoncé 2023, encore « va débuter »);1;Saône-et-Loire;Bourgogne-Franche-Comté;data.gouv;Non;
abc-de-montceaux-ragny-montceaux-ragny-2010;ABC de Montceaux-Ragny;Montceaux-Ragny;Commune;2010;termine;Terminé;Terminé (estimation) : statut officiel inconnu, projet débuté en 2010 (> 5 ans);1;Saône-et-Loire;Bourgogne-Franche-Comté;data.gouv;Non;
abc-perseigne-pnr-normandie-maine-ligerien-normandie-maine-2020;"ABC '"Perseigne'" PNR Normandie-Maine (ligérien)";Normandie-Maine;Parc naturel régional;2020;termine;Terminé;;7;Sarthe;Pays de la Loire;data.gouv;Non;
abc-du-pays-flechois-cc-du-pays-flechois-2020;ABC du Pays Fléchois;CC du Pays Fléchois;Etablissement public de coopération intercommunale (EPCI);2020;termine;Terminé;;14;Sarthe;Pays de la Loire;data.gouv;Non;
abc-haute-sarthe-alpes-mancelles-pnr-normandie-maine-ligerien-normandie-maine-2023;"ABC '"Haute Sarthe Alpes Mancelles'" PNR Normandie-Maine (ligérien)";Normandie-Maine;Parc naturel régional;2023;en_cours;En cours;Potentiellement terminé (début 2023, durée ABC ~3 ans);5;Sarthe;Pays de la Loire;data.gouv;Non;
abc-en-pays-du-mans-pays-du-mans-2024;ABC en Pays du Mans;Pays du Mans;Syndicat mixte;2024;a_venir;Va débuter;Potentiellement en cours (début annoncé 2024, encore « va débuter »);8;Sarthe;Pays de la Loire;data.gouv;Non;
abc-de-crannes-en-champagne-crannes-en-champagne-2010;ABC de Crannes-en-Champagne;Crannes-en-Champagne;Commune;2010;termine;Terminé;;1;Sarthe;Pays de la Loire;data.gouv;Non;
abc-de-nogent-le-bernard-nogent-le-bernard-2021;ABC de Nogent-Le-Bernard;Nogent-le-Bernard;Commune;2021;en_cours;En cours;Potentiellement terminé (début 2021, durée ABC ~3 ans);1;Sarthe;Pays de la Loire;data.gouv;Non;
abc-de-sainte-sabine-sur-longeve-sainte-sabine-sur-longeve-2010;ABC de Sainte-Sabine-sur-Longève;Sainte-Sabine-sur-Longève;Commune;2010;termine;Terminé;Terminé (estimation) : statut officiel inconnu, projet débuté en 2010 (> 5 ans);1;Sarthe;Pays de la Loire;data.gouv;Non;
abc-du-pnr-des-bauges-pnr-des-bauges-2023;ABC du PNR des Bauges;PNR des Bauges;Syndicat mixte;2023;en_cours;En cours;Potentiellement terminé (début 2023, durée ABC ~3 ans);14;Savoie;Auvergne-Rhône-Alpes;data.gouv;Non;
abc-du-bourget-du-lac-le-bourget-du-lac-2021;ABC du Bourget du Lac;Le Bourget-du-Lac;Commune;2021;termine;Terminé;;1;Savoie;Auvergne-Rhône-Alpes;data.gouv;Non;
abc-de-la-motte-servolex-la-motte-servolex-2021;ABC de La Motte-Servolex;La Motte-Servolex;Commune;2021;termine;Terminé;;1;Savoie;Auvergne-Rhône-Alpes;data.gouv;Non;
abc-de-courchevel-courchevel-2022;ABC de Courchevel;Courchevel;Commune;2022;en_cours;En cours;Potentiellement terminé (début 2022, durée ABC ~3 ans);1;Savoie;Auvergne-Rhône-Alpes;data.gouv;Non;
abc-de-saint-jeoire-prieure-saint-jeoire-prieure-2010;ABC de Saint-Jeoire-Prieuré;Saint-Jeoire-Prieuré;Commune;2010;termine;Terminé;;1;Savoie;Auvergne-Rhône-Alpes;data.gouv;Non;
abc-de-les-belleville-les-belleville-2018;ABC de Les Belleville;Les Belleville;Commune;2018;termine;Terminé;;1;Savoie;Auvergne-Rhône-Alpes;data.gouv;Non;
abc-du-pays-d-evian-vallee-d-abondance-cc-pays-d-evian-vallee-d-abondance-2017;ABC du Pays d'Évian Vallée d'Abondance;CC Pays d'Évian Vallée d'Abondance;Etablissement public de coopération intercommunale (EPCI);2017;termine;Terminé;;6;Haute-Savoie;Auvergne-Rhône-Alpes;data.gouv;Non;
abc-du-pays-de-gatine-2018;ABC du Pays de Gâtine;;Syndicat intercommunal;2018;termine;Terminé;;78;Deux-Sèvres;Nouvelle-Aquitaine;data.gouv;Non;
abc-de-cluses-cluses-2010;ABC de Cluses;Cluses;Commune;2010;termine;Terminé;;1;Haute-Savoie;Auvergne-Rhône-Alpes;data.gouv;Non;
abc-de-combloux-74-combloux-2024;ABC de Combloux (74);Combloux;Commune;2024;en_cours;En cours;;1;Haute-Savoie;Auvergne-Rhône-Alpes;data.gouv;Non;
abc-de-gruffy-gruffy-2010;ABC de Gruffy;Gruffy;Commune;2010;termine;Terminé;;1;Haute-Savoie;Auvergne-Rhône-Alpes;data.gouv;Non;
abc-de-saint-alban-leysse-saint-alban-leysse-2011;ABC de Saint-Alban-Leysse;Saint-Alban-Leysse;Commune;2011;termine;Terminé;;1;Savoie;Auvergne-Rhône-Alpes;data.gouv;Non;
abc-de-marignier-marignier-2019;ABC de Marignier;Marignier;Commune;2019;en_cours;En cours;Potentiellement terminé (début 2019, durée ABC ~3 ans);1;Haute-Savoie;Auvergne-Rhône-Alpes;data.gouv;Non;
atlas-de-la-biodiversite-communale-seine-et-caux-boucles-de-la-seine-normande-2023;Atlas de la biodiversité communale Seine et Caux;Boucles De La Seine Normande;Parc naturel régional;2023;a_venir;Va débuter;Potentiellement en cours (début annoncé 2023, encore « va débuter »);16;Seine-Maritime;Normandie;data.gouv;Non;
atlas-participatif-de-la-biodiversite-amfrevillaise-amfreville-la-mi-voie-2021;Atlas participatif de la biodiversité amfrevillaise;Amfreville-la-Mi-Voie;Commune;2021;termine;Terminé;;1;Seine-Maritime;Normandie;data.gouv;Non;
abc-d-amfreville-la-mivoie-amfreville-la-mi-voie-2024;ABC d'Amfreville-la-Mivoie;Amfreville-la-Mi-Voie;Commune;2024;en_cours;En cours;;2;Seine-Maritime;Normandie;data.gouv;Non;
abc-de-la-ca-de-la-region-dieppoise-dieppe-maritime-ca-de-la-region-dieppoise-2024;ABC de la CA de la Région Dieppoise - Dieppe Maritime;CA de la Région Dieppoise;Etablissement public de coopération intercommunale (EPCI);2024;en_cours;En cours;;15;Seine-Maritime;Normandie;data.gouv;Non;
abc-de-la-cc-falaises-du-talou-cc-falaises-du-talou-2024;ABC de la CC Falaises du Talou;CC Falaises du Talou;Etablissement public de coopération intercommunale (EPCI);2024;en_cours;En cours;;24;Seine-Maritime;Normandie;data.gouv;Non;
abc-falaises-du-talou-cc-falaises-du-talou-2021;ABC Falaises du Talou;CC Falaises du Talou;Etablissement public de coopération intercommunale (EPCI);2021;termine;Terminé;;24;Seine-Maritime;Normandie;data.gouv;Non;
abc-de-caux-seine-agglo-ca-caux-seine-agglo-2021;ABC de Caux Seine agglo;CA Caux Seine Agglo;Etablissement public de coopération intercommunale (EPCI);2021;termine;Terminé;;16;Seine-Maritime;Normandie;data.gouv;Non;
abc-du-petr-du-pays-de-bray-cc-du-pays-de-bray-2021;ABC du PETR du Pays de BRAY;CC du Pays de Bray;Etablissement public de coopération intercommunale (EPCI);2021;termine;Terminé;;7;Seine-Maritime;Normandie;data.gouv;Non;
abc-de-canteleu-canteleu-2021;ABC de Canteleu;Canteleu;Commune;2021;termine;Terminé;;1;Seine-Maritime;Normandie;data.gouv;Non;
abc-du-syndicat-intercommunal-bassin-versant-de-l-yeres-et-de-la-cote-syndicat-intercommunal-du-bassin-versant-de-l-yeres-et-de-la-cote-2018;ABC du Syndicat Intercommunal Bassin Versant De L'Yères Et De La Côte;Syndicat intercommunal du Bassin versant de l'Yères et de la côte;Syndicat mixte;2018;termine;Terminé;;3;Seine-Maritime;Normandie;data.gouv;Non;
abc-de-dieppe-dieppe-2015;ABC de Dieppe;Dieppe;Commune;2015;termine;Terminé;Terminé (estimation) : statut officiel inconnu, projet débuté en 2015 (> 5 ans);1;Seine-Maritime;Normandie;data.gouv;Non;
abc-le-grand-quevilly-le-grand-quevilly-2021;ABC Le Grand-Quevilly;Le Grand-Quevilly;Commune;2021;termine;Terminé;;1;Seine-Maritime;Normandie;data.gouv;Non;
abc-du-havre-le-havre-2021;ABC du Havre;Le Havre;Commune;2021;termine;Terminé;;1;Seine-Maritime;Normandie;data.gouv;Non;
abc-de-malaunay-malaunay-2021;ABC de Malaunay;Malaunay;Commune;2021;termine;Terminé;;1;Seine-Maritime;Normandie;data.gouv;Non;
abc-de-mesnieres-en-bray-mesnieres-en-bray-2022;ABC de Mesnières-en-Bray;Mesnières-en-Bray;Commune;2022;en_cours;En cours;Potentiellement terminé (début 2022, durée ABC ~3 ans);1;Seine-Maritime;Normandie;data.gouv;Non;
abc-de-montivilliers-montivilliers-2021;ABC de Montivilliers;Montivilliers;Commune;2021;termine;Terminé;;1;Seine-Maritime;Normandie;data.gouv;Non;
abc-de-melle-melle-2010;ABC de Melle;Melle;Commune;2010;termine;Terminé;Terminé (estimation) : statut officiel inconnu, projet débuté en 2010 (> 5 ans);1;Deux-Sèvres;Nouvelle-Aquitaine;data.gouv;Non;
atlas-de-la-biodiversite-communale-de-la-poterie-cap-d-antifer-la-poterie-cap-d-antifer-2023;Atlas de la biodiversité communale de la Poterie-Cap-d 'Antifer;La Poterie-Cap-d'Antifer;Commune;2023;a_venir;Va débuter;Potentiellement en cours (début annoncé 2023, encore « va débuter »);1;Seine-Maritime;Normandie;data.gouv;Non;
abc-de-saint-jouin-bruneval-saint-jouin-bruneval-2010;ABC de Saint-Jouin-Bruneval;Saint-Jouin-Bruneval;Commune;2010;termine;Terminé;Terminé (estimation) : statut officiel inconnu, projet débuté en 2010 (> 5 ans);1;Seine-Maritime;Normandie;data.gouv;Non;
abc-de-sandouville-sandouville-2014;ABC de Sandouville;Sandouville;Commune;2014;termine;Terminé;Terminé (estimation) : statut officiel inconnu, projet débuté en 2014 (> 5 ans);1;Seine-Maritime;Normandie;data.gouv;Non;
abc-de-la-cc-plaines-et-monts-de-france-cc-plaines-et-monts-de-france-2024;ABC de la CC Plaines et Monts de France;CC Plaines et Monts de France;Etablissement public de coopération intercommunale (EPCI);2024;a_venir;Va débuter;Potentiellement en cours (début annoncé 2024, encore « va débuter »);20;Seine-et-Marne;Île-de-France;data.gouv;Non;
abc-de-bois-le-roi-bois-le-roi-2021;ABC de Bois-le-Roi;Bois-le-Roi;Commune;2021;termine;Terminé;;1;Seine-et-Marne;Île-de-France;data.gouv;Non;
abc-de-la-communaute-d-agglomeration-melun-val-de-seine-ca-melun-val-de-seine-2023;ABC de la Communauté d'agglomération Melun Val de Seine;CA Melun Val de Seine;Etablissement public de coopération intercommunale (EPCI);2023;en_cours;En cours;Potentiellement terminé (début 2023, durée ABC ~3 ans);20;Seine-et-Marne;Île-de-France;data.gouv;Non;
abc-communaute-agglomeration-paris-vallee-de-la-marne-ca-paris-vallee-de-la-marne-2022;ABC Communauté agglomération Paris Vallée de la Marne;CA Paris - Vallée de la Marne;Etablissement public de coopération intercommunale (EPCI);2022;en_cours;En cours;Potentiellement terminé (début 2022, durée ABC ~3 ans);12;Seine-et-Marne;Île-de-France;data.gouv;Non;
abc-du-grand-paris-sud-seine-essonne-senart-ca-grand-paris-sud-seine-essonne-senart-2018;ABC du Grand Paris Sud Seine Essonne Sénart;CA Grand Paris Sud Seine Essonne Sénart;Etablissement public de coopération intercommunale (EPCI);2018;en_cours;En cours;Potentiellement terminé (début 2018, durée ABC ~3 ans);23;Seine-et-Marne;Île-de-France;data.gouv;Non;
abc-de-changis-sur-marne-changis-sur-marne-2024;ABC de Changis-sur-Marne;Changis-sur-Marne;Commune;2024;a_venir;Va débuter;Potentiellement en cours (début annoncé 2024, encore « va débuter »);1;Seine-et-Marne;Île-de-France;data.gouv;Non;
abc-de-combs-la-ville-combs-la-ville-2010;ABC de Combs-la-Ville;Combs-la-Ville;Commune;2010;termine;Terminé;;1;Seine-et-Marne;Île-de-France;data.gouv;Non;
abc-de-mitry-mory-mitry-mory-2024;ABC de Mitry-Mory;Mitry-Mory;Commune;2024;a_venir;Va débuter;Potentiellement en cours (début annoncé 2024, encore « va débuter »);1;Seine-et-Marne;Île-de-France;data.gouv;Non;
abc-de-moret-loing-et-orvanne-moret-loing-et-orvanne-2021;ABC de Moret-Loing-et-Orvanne;Moret-Loing-et-Orvanne;Commune;2021;termine;Terminé;;1;Seine-et-Marne;Île-de-France;data.gouv;Non;
abc-de-chauconin-neufmontiers-chauconin-neufmontiers-2021;ABC de Chauconin-Neufmontiers;Chauconin-Neufmontiers;Commune;2021;termine;Terminé;;1;Seine-et-Marne;Île-de-France;data.gouv;Non;
abc-de-trilport-trilport-2023;ABC de Trilport;Trilport;Commune;2023;en_cours;En cours;Potentiellement terminé (début 2023, durée ABC ~3 ans);1;Seine-et-Marne;Île-de-France;data.gouv;Non;
abc-d-ury-ury-2021;ABC d'Ury;Ury;Commune;2021;termine;Terminé;;1;Seine-et-Marne;Île-de-France;data.gouv;Non;
abc-le-vaudoue-le-vaudoue-2024;ABC Le Vaudoué;Le Vaudoué;Commune;2024;a_venir;Va débuter;Potentiellement en cours (début annoncé 2024, encore « va débuter »);1;Seine-et-Marne;Île-de-France;data.gouv;Non;
abc-vaux-le-penil-vaux-le-penil-2021;ABC Vaux-le-Penil;Vaux-le-Pénil;Commune;2021;termine;Terminé;;1;Seine-et-Marne;Île-de-France;data.gouv;Non;
abc-villenoy-villenoy-2023;ABC Villenoy;Villenoy;Commune;2023;en_cours;En cours;Potentiellement terminé (début 2023, durée ABC ~3 ans);1;Seine-et-Marne;Île-de-France;data.gouv;Non;
abc-de-ville-saint-jacques-ville-saint-jacques-2020;ABC de Ville-Saint-Jacques;Ville-Saint-Jacques;Commune;2020;termine;Terminé;;1;Seine-et-Marne;Île-de-France;data.gouv;Non;
abc-de-la-communaute-urbaine-du-grand-paris-seine-oise-cu-grand-paris-seine-et-oise-2023;ABC de la Communauté urbaine du Grand Paris Seine & Oise;CU Grand Paris Seine et Oise;Etablissement public de coopération intercommunale (EPCI);2023;a_venir;Va débuter;Potentiellement en cours (début annoncé 2023, encore « va débuter »);73;Yvelines;Île-de-France;data.gouv;Non;
abc-de-beynes-beynes-2021;ABC de Beynes;Beynes;Commune;2021;termine;Terminé;;1;Yvelines;Île-de-France;data.gouv;Non;
abc-de-jouy-en-josas-buc-bievres-jouy-en-josas-2024;ABC de Jouy-en-Josas, Buc, Bièvres;Jouy-en-Josas;Commune;2024;a_venir;Va débuter;Potentiellement en cours (début annoncé 2024, encore « va débuter »);3;Yvelines;Île-de-France;data.gouv;Non;
abc-de-la-ca-saint-quentin-en-yvelines-ca-de-saint-quentin-en-yvelines-2024;ABC de la CA Saint-Quentin-en-Yvelines;CA de Saint-Quentin-en-Yvelines;Etablissement public de coopération intercommunale (EPCI);2024;a_venir;Va débuter;Potentiellement en cours (début annoncé 2024, encore « va débuter »);11;Yvelines;Île-de-France;data.gouv;Non;
abc-de-coignieres-coignieres-2021;ABC de Coignières;Coignières;Commune;2021;en_cours;En cours;Potentiellement terminé (début 2021, durée ABC ~3 ans);1;Yvelines;Île-de-France;data.gouv;Non;
abc-de-louveciennes-louveciennes-2024;ABC de Louveciennes;Louveciennes;Commune;2024;a_venir;Va débuter;Potentiellement en cours (début annoncé 2024, encore « va débuter »);1;Yvelines;Île-de-France;data.gouv;Non;
abc-de-montesson-montesson-2023;ABC de Montesson;Montesson;Commune;2023;termine;Terminé;;1;Yvelines;Île-de-France;data.gouv;Non;
abc-de-saint-germain-en-laye-saint-germain-en-laye-2017;ABC de Saint-Germain-en-Laye;Saint-Germain-en-Laye;Commune;2017;termine;Terminé;;1;Yvelines;Île-de-France;data.gouv;Non;
abc-de-verneuil-sur-seine-verneuil-sur-seine-2024;ABC de Verneuil-sur-Seine;Verneuil-sur-Seine;Commune;2024;a_venir;Va débuter;Potentiellement en cours (début annoncé 2024, encore « va débuter »);1;Yvelines;Île-de-France;data.gouv;Non;
abc-le-vesinet-le-vesinet-2023;ABC le Vésinet;Le Vésinet;Commune;2023;a_venir;Va débuter;Potentiellement en cours (début annoncé 2023, encore « va débuter »);1;Yvelines;Île-de-France;data.gouv;Non;
abc-de-villennes-sur-seine-villennes-sur-seine-2024;ABC de Villennes-sur-Seine;Villennes-sur-Seine;Commune;2024;a_venir;Va débuter;Potentiellement en cours (début annoncé 2024, encore « va débuter »);1;Yvelines;Île-de-France;data.gouv;Non;
abc-du-haut-val-de-sevre-cc-haut-val-de-sevre-2020;ABC du Haut Val de Sèvre;CC Haut Val de Sèvre;Etablissement public de coopération intercommunale (EPCI);2020;termine;Terminé;;19;Deux-Sèvres;Nouvelle-Aquitaine;data.gouv;Non;
abc-d-amiens-metropole-ca-amiens-metropole-2023;ABC d’Amiens Métropole;CA Amiens Métropole;Etablissement public de coopération intercommunale (EPCI);2023;en_cours;En cours;Potentiellement terminé (début 2023, durée ABC ~3 ans);38;Somme;Hauts-de-France;data.gouv;Non;
abc-de-barly-barly-2017;ABC de Barly;Barly;Commune;2017;en_cours;En cours;Potentiellement terminé (début 2017, durée ABC ~3 ans);1;Somme;Hauts-de-France;data.gouv;Non;
apc-du-cpie-vallee-de-somme-2017;APC du CPIE Vallée de Somme;;;2017;termine;Terminé;;7;Somme;Hauts-de-France;data.gouv;Non;
abc-de-champien-champien-2010;ABC de Champien;Champien;Commune;2010;termine;Terminé;Terminé (estimation) : statut officiel inconnu, projet débuté en 2010 (> 5 ans);1;Somme;Hauts-de-France;data.gouv;Non;
abc-de-chatellerault-chatellerault-2024;ABC de Châtellerault;Châtellerault;Commune;2024;en_cours;En cours;;1;Vienne;Nouvelle-Aquitaine;data.gouv;Non;
abc-de-gezaincourt-gezaincourt-2017;ABC de Gézaincourt;Gézaincourt;Commune;2017;en_cours;En cours;Potentiellement terminé (début 2017, durée ABC ~3 ans);1;Somme;Hauts-de-France;data.gouv;Non;
abc-de-longuevillette-longuevillette-2017;ABC de Longuevillette;Longuevillette;Commune;2017;en_cours;En cours;Potentiellement terminé (début 2017, durée ABC ~3 ans);1;Somme;Hauts-de-France;data.gouv;Non;
abc-de-lucheux-lucheux-2017;ABC de Lucheux;Lucheux;Commune;2017;en_cours;En cours;Potentiellement terminé (début 2017, durée ABC ~3 ans);1;Somme;Hauts-de-France;data.gouv;Non;
abc-de-montdidier-montdidier-2023;ABC de Montdidier;Montdidier;Commune;2023;en_cours;En cours;Potentiellement terminé (début 2023, durée ABC ~3 ans);1;Somme;Hauts-de-France;data.gouv;Non;
abc-d-occoches-occoches-2017;ABC d'Occoches;Occoches;Commune;2017;en_cours;En cours;Potentiellement terminé (début 2017, durée ABC ~3 ans);1;Somme;Hauts-de-France;data.gouv;Non;
abc-d-outrebois-outrebois-2017;ABC d'Outrebois;Outrebois;Commune;2017;en_cours;En cours;Potentiellement terminé (début 2017, durée ABC ~3 ans);1;Somme;Hauts-de-France;data.gouv;Non;
abc-de-sains-en-amienois-sains-en-amienois-2022;ABC de Sains en Amiénois;Sains-en-Amiénois;Commune;2022;en_cours;En cours;Potentiellement terminé (début 2022, durée ABC ~3 ans);1;Somme;Hauts-de-France;data.gouv;Non;
abc-de-vignacourt-vignacourt-cpie-vallee-de-somme-2017;ABC de Vignacourt;Vignacourt CPIE Vallée de Somme;Commune;2017;termine;Terminé;;1;Somme;Hauts-de-France;data.gouv;Non;
abc-albi-albi-2017;ABC Albi;Albi;Commune;2017;termine;Terminé;;1;Tarn;Occitanie;data.gouv;Non;
abc-du-carmausin-segala-cc-carmausin-segala-2024;ABC du Carmausin-Ségala;CC Carmausin-Ségala;Etablissement public de coopération intercommunale (EPCI);2024;a_venir;Va débuter;Potentiellement en cours (début annoncé 2024, encore « va débuter »);31;Tarn;Occitanie;data.gouv;Non;
abc-brassac-brassac-2010;ABC Brassac;Brassac;Commune;2010;termine;Terminé;Terminé (estimation) : statut officiel inconnu, projet débuté en 2010 (> 5 ans);1;Tarn;Occitanie;data.gouv;Non;
abc-labruguiere-labruguiere-2021;ABC Labruguiere;Labruguière;Commune;2021;termine;Terminé;;1;Tarn;Occitanie;data.gouv;Non;
abc-de-penne-penne-2020;ABC de Penne;Penne;Commune;2020;termine;Terminé;;1;Tarn;Occitanie;data.gouv;Non;
abc-tecou-tecou-2021;ABC Tecou;Técou;Commune;2021;termine;Terminé;;1;Tarn;Occitanie;data.gouv;Non;
abc-saint-antonin-noble-val-saint-antonin-noble-val-2024;ABC Saint-Antonin-Noble-Val;Saint-Antonin-Noble-Val;Commune;2024;a_venir;Va débuter;Potentiellement en cours (début annoncé 2024, encore « va débuter »);1;Tarn-et-Garonne;Occitanie;data.gouv;Non;
abc-du-pnr-de-la-sainte-baume-n-2-le-beausset-evenos-signes-trets-pourcieux-et-pourrieres-la-sainte-baume-2021;ABC du PNR de La Sainte-Baume n°2 - Le Beausset, Évenos, Signes, Trets, Pourcieux et Pourrières;La Sainte-Baume;Parc naturel régional;2021;termine;Terminé;;6;Bouches-du-Rhône;Provence-Alpes-Côte d'Azur;data.gouv;Non;
abc-de-bormes-les-mimosas-bormes-les-mimosas-2024;ABC de Bormes Les Mimosas;Bormes-les-Mimosas;Commune;2024;en_cours;En cours;;1;Var;Provence-Alpes-Côte d'Azur;data.gouv;Non;
abc-du-cannet-des-maures-le-cannet-des-maures-2021;ABC du Cannet des Maures;Le Cannet-des-Maures;Commune;2021;termine;Terminé;;1;Var;Provence-Alpes-Côte d'Azur;data.gouv;Non;
abc-de-la-metropole-toulon-provence-mediterranee-metropole-toulon-provence-mediterranee-2023;ABC de la Métropole Toulon Provence Méditerranée;Métropole Toulon-Provence-Méditerranée;Etablissement public de coopération intercommunale (EPCI);2023;en_cours;En cours;Potentiellement terminé (début 2023, durée ABC ~3 ans);12;Var;Provence-Alpes-Côte d'Azur;data.gouv;Non;
abc-du-pnr-de-la-sainte-baume-la-celle-et-roquebrussanne-la-sainte-baume-2018;ABC du PNR de La Sainte-Baume - La Celle et Roquebrussanne;La Sainte-Baume;Parc naturel régional;2018;termine;Terminé;;2;Var;Provence-Alpes-Côte d'Azur;data.gouv;Non;
abc-de-collobrieres-collobrieres-2018;ABC de Collobrières;Collobrières;Commune;2018;termine;Terminé;;1;Var;Provence-Alpes-Côte d'Azur;data.gouv;Non;
abc-de-correns-correns-2017;ABC de Correns;Correns;Commune;2017;termine;Terminé;;1;Var;Provence-Alpes-Côte d'Azur;data.gouv;Non;
abc-de-cotignac-et-ponteves-cotignac-2021;ABC de Cotignac et Pontevès;Cotignac;Commune;2021;termine;Terminé;;2;Var;Provence-Alpes-Côte d'Azur;data.gouv;Non;
abc-de-la-croix-valmer-la-croix-valmer-2025;ABC de La Croix Valmer;La Croix-Valmer;Commune;2025;en_cours;En cours;;1;Var;Provence-Alpes-Côte d'Azur;data.gouv;Non;
abc-de-hyeres-hyeres-2010;ABC de Hyères;Hyères;Commune;2010;termine;Terminé;Terminé (estimation) : statut officiel inconnu, projet débuté en 2010 (> 5 ans);1;Var;Provence-Alpes-Côte d'Azur;data.gouv;Non;
abc-de-mazaugues-mazaugues-2014;ABC de Mazaugues;Mazaugues;Commune;2014;termine;Terminé;;1;Var;Provence-Alpes-Côte d'Azur;data.gouv;Non;
abc-des-sorgues-du-comtat-cc-des-sorgues-du-comtat-2024;ABC des Sorgues du Comtat;CC des Sorgues du Comtat;Etablissement public de coopération intercommunale (EPCI);2024;en_cours;En cours;;5;Vaucluse;Provence-Alpes-Côte d'Azur;data.gouv;Non;
abc-d-avignon-avignon-2017;ABC d'Avignon;Avignon;Commune;2017;termine;Terminé;;1;Vaucluse;Provence-Alpes-Côte d'Azur;data.gouv;Non;
abc-de-saumane-de-vaucluse-saumane-de-vaucluse-2021;ABC de Saumane de Vaucluse;Saumane-de-Vaucluse;Commune;2021;termine;Terminé;;1;Vaucluse;Provence-Alpes-Côte d'Azur;data.gouv;Non;
abc-de-la-roche-sur-yon-agglomeration-ca-la-roche-sur-yon-agglomeration-2023;ABC de La Roche-sur-Yon Agglomération;CA La Roche-sur-Yon Agglomération;Etablissement public de coopération intercommunale (EPCI);2023;en_cours;En cours;Potentiellement terminé (début 2023, durée ABC ~3 ans);12;Vendée;Pays de la Loire;data.gouv;Non;
abc-intercommunal-du-pays-des-herbiers-cc-du-pays-des-herbiers-2025;ABC intercommunal du Pays des Herbiers;CC du Pays des Herbiers;Etablissement public de coopération intercommunale (EPCI);2025;a_venir;Va débuter;;8;Vendée;Pays de la Loire;data.gouv;Non;
abc-de-sevremont-sevremont-2010;ABC de Sèvremont;Sèvremont;Commune;2010;termine;Terminé;Terminé (estimation) : statut officiel inconnu, projet débuté en 2010 (> 5 ans);1;Vendée;Pays de la Loire;data.gouv;Non;
abc-de-le-perrier-cc-ocean-marais-de-monts-2025;ABC de Le Perrier;CC Océan Marais de Monts;Etablissement public de coopération intercommunale (EPCI);2025;a_venir;Va débuter;;1;Vendée;Pays de la Loire;data.gouv;Non;
abc-de-la-roche-sur-yon-2022;ABC de La Roche-sur-Yon;;;2022;termine;Terminé;;1;Vendée;Pays de la Loire;data.gouv;Non;
abc-de-rives-de-l-yon-rives-de-l-yon-2020;ABC de Rives de l'Yon;Rives de l'Yon;Commune;2020;termine;Terminé;Terminé (estimation) : statut officiel inconnu, projet débuté en 2020 (> 5 ans);1;Vendée;Pays de la Loire;data.gouv;Non;
abc-de-saint-gilles-croix-de-vie-2022;ABC de Saint-Gilles-Croix-de-Vie;;Commune;2022;termine;Terminé;;1;Vendée;Pays de la Loire;data.gouv;Non;
abc-de-saint-hilaire-de-riez-saint-hilaire-de-riez-2021;ABC de Saint-Hilaire-de-RIEZ;Saint-Hilaire-de-Riez;Commune;2021;termine;Terminé;;1;Vendée;Pays de la Loire;data.gouv;Non;
abc-du-grand-poitiers-cu-du-grand-poitiers-2021;ABC du Grand Poitiers;CU du Grand Poitiers;Etablissement public de coopération intercommunale (EPCI);2021;termine;Terminé;;40;Vienne;Nouvelle-Aquitaine;data.gouv;Non;
abc-de-dissay-dissay-2018;ABC de Dissay;Dissay;Commune;2018;termine;Terminé;;1;Vienne;Nouvelle-Aquitaine;data.gouv;Non;
abc-de-lathus-saint-remy-et-saulge-lathus-saint-remy-2021;ABC de Lathus-Saint-Rémy et Saulgé;Lathus-Saint-Rémy;Commune;2021;termine;Terminé;;2;Vienne;Nouvelle-Aquitaine;data.gouv;Non;
abc-de-maire-maire-2024;ABC de Mairé;Mairé;Commune;2024;en_cours;En cours;;1;Vienne;Nouvelle-Aquitaine;data.gouv;Non;
abc-de-montmorillon-montmorillon-2021;ABC de Montmorillon;Montmorillon;Commune;2021;termine;Terminé;;1;Vienne;Nouvelle-Aquitaine;data.gouv;Non;
abc-de-le-dorat-le-dorat-2012;ABC de Le Dorat;Le Dorat;Commune;2012;termine;Terminé;Terminé (estimation) : statut officiel inconnu, projet débuté en 2012 (> 5 ans);1;Haute-Vienne;Nouvelle-Aquitaine;data.gouv;Non;
abc-de-glanges-glanges-2023;ABC de Glanges;Glanges;Commune;2023;a_venir;Va débuter;Potentiellement en cours (début annoncé 2023, encore « va débuter »);1;Haute-Vienne;Nouvelle-Aquitaine;data.gouv;Non;
abc-de-razes-razes-2024;ABC de Razès;Razès;Commune;2024;en_cours;En cours;;1;Haute-Vienne;Nouvelle-Aquitaine;data.gouv;Non;
abc-de-saint-priest-sous-aixe-saint-priest-sous-aixe-2012;ABC de Saint-Priest-sous-Aixe;Saint-Priest-sous-Aixe;Commune;2012;termine;Terminé;Terminé (estimation) : statut officiel inconnu, projet débuté en 2012 (> 5 ans);1;Haute-Vienne;Nouvelle-Aquitaine;data.gouv;Non;
abc-du-scot-des-vosges-centrales-scot-des-vosges-centrales-2024;ABC du SCOT des Vosges Centrales;SCOT des Vosges Centrales;Syndicat mixte;2024;a_venir;Va débuter;Potentiellement en cours (début annoncé 2024, encore « va débuter »);153;Vosges;Grand Est;data.gouv;Non;
abc-d-aroffe-aroffe-2010;ABC d'Aroffe;Aroffe;Commune;2010;termine;Terminé;Terminé (estimation) : statut officiel inconnu, projet débuté en 2010 (> 5 ans);1;Vosges;Grand Est;data.gouv;Non;
abic-de-la-communaute-de-communes-bruyeres-vallons-des-vosges-cc-bruyeres-vallons-des-vosges-2020;ABiC de la Communauté de Communes Bruyères Vallons des Vosges;CC Bruyères-Vallons des Vosges;Etablissement public de coopération intercommunale (EPCI);2020;termine;Terminé;;34;Vosges;Grand Est;data.gouv;Non;
abc-de-la-haute-vallee-de-la-moselle-ballons-des-vosges-2021;ABC de la “HAUTE VALLEE DE LA MOSELLE”;Ballons Des Vosges;Parc naturel régional;2021;termine;Terminé;;8;Vosges;Grand Est;data.gouv;Non;
epinal-epinal-2019;EPINAL;Épinal;Commune;2019;en_cours;En cours;Potentiellement terminé (début 2019, durée ABC ~3 ans);1;Vosges;Grand Est;data.gouv;Non;
abc-de-vicherey-vicherey-2010;ABC de Vicherey;Vicherey;Commune;2010;termine;Terminé;Terminé (estimation) : statut officiel inconnu, projet débuté en 2010 (> 5 ans);1;Vosges;Grand Est;data.gouv;Non;
le-tholy-le-tholy-2022;Le Tholy;Le Tholy;Commune;2022;termine;Terminé;;1;Vosges;Grand Est;data.gouv;Non;
abc-de-bassou-bassou-2020;ABC de Bassou;Bassou;Commune;2020;termine;Terminé;;1;Yonne;Bourgogne-Franche-Comté;data.gouv;Non;
abi-de-la-cc-de-puisaye-forterre-cc-de-puisaye-forterre-2021;ABI de la CC de Puisaye-Forterre;CC de Puisaye-Forterre;Etablissement public de coopération intercommunale (EPCI);2021;termine;Terminé;;4;Yonne;Bourgogne-Franche-Comté;data.gouv;Non;
abi-de-la-ca-grand-belfort-ca-grand-belfort-2023;ABI de la CA Grand Belfort;CA Grand Belfort;Etablissement public de coopération intercommunale (EPCI);2023;a_venir;Va débuter;Potentiellement en cours (début annoncé 2023, encore « va débuter »);25;Territoire de Belfort;Bourgogne-Franche-Comté;data.gouv;Non;
abc-de-danjoutin-danjoutin-2010;ABC de Danjoutin;Danjoutin;Commune;2010;termine;Terminé;Terminé (estimation) : statut officiel inconnu, projet débuté en 2010 (> 5 ans);1;Territoire de Belfort;Bourgogne-Franche-Comté;data.gouv;Non;
abc-d-angerville-angerville-2023;ABC d'Angerville;Angerville;Commune;2023;a_venir;Va débuter;Potentiellement en cours (début annoncé 2023, encore « va débuter »);1;Essonne;Île-de-France;data.gouv;Non;
abc-de-ca-paris-saclay-ca-communaute-paris-saclay-2020;ABC de CA Paris-Saclay;CA Communauté Paris-Saclay;Etablissement public de coopération intercommunale (EPCI);2020;termine;Terminé;;27;Essonne;Île-de-France;data.gouv;Non;
abc-de-la-communaute-d-agglomeration-val-d-yerres-val-de-seine-ca-val-d-yerres-val-de-seine-2023;ABC de la Communauté d'agglomération Val d'Yerres Val de Seine;CA Val d'Yerres Val de Seine;Etablissement public de coopération intercommunale (EPCI);2023;en_cours;En cours;Potentiellement terminé (début 2023, durée ABC ~3 ans);9;Essonne;Île-de-France;data.gouv;Non;
abc-de-bretigny-sur-orge-bretigny-sur-orge-2023;ABC de Brétigny-sur-Orge;Brétigny-sur-Orge;Commune;2023;en_cours;En cours;Potentiellement terminé (début 2023, durée ABC ~3 ans);1;Essonne;Île-de-France;data.gouv;Non;
abc-de-breuillet-breuillet-2022;ABC de Breuillet;Breuillet;Commune;2022;termine;Terminé;;1;Essonne;Île-de-France;data.gouv;Non;
abc-des-vallees-de-la-louette-et-de-la-chalouette-chalo-saint-mars-2024;ABC des vallées de la Louette et de la Chalouette;Chalo-Saint-Mars;Commune;2024;a_venir;Va débuter;Potentiellement en cours (début annoncé 2024, encore « va débuter »);3;Essonne;Île-de-France;data.gouv;Non;
abc-de-champlan-champlan-2019;ABC de Champlan;Champlan;Commune;2019;en_cours;En cours;Potentiellement terminé (début 2019, durée ABC ~3 ans);1;Essonne;Île-de-France;data.gouv;Non;
abc-de-corbeil-essonnes-corbeil-essonnes-2021;ABC de Corbeil-Essonnes;Corbeil-Essonnes;Commune;2021;termine;Terminé;;1;Essonne;Île-de-France;data.gouv;Non;
abc-de-mennecy-mennecy-2021;ABC de Mennecy;Mennecy;Commune;2021;en_cours;En cours;Potentiellement terminé (début 2021, durée ABC ~3 ans);1;Essonne;Île-de-France;data.gouv;Non;
abc-de-sainte-genevieve-des-bois-sainte-genevieve-des-bois-2021;ABC de Sainte-Geneviève-des-Bois;Sainte-Geneviève-des-Bois;Commune;2021;termine;Terminé;;1;Essonne;Île-de-France;data.gouv;Non;
abc-de-saint-germain-les-arpajon-saint-germain-les-arpajon-2021;ABC de Saint-Germain-lès-Arpajon;Saint-Germain-lès-Arpajon;Commune;2021;en_cours;En cours;Potentiellement terminé (début 2021, durée ABC ~3 ans);1;Essonne;Île-de-France;data.gouv;Non;
abc-de-saint-pierre-du-perray-saint-pierre-du-perray-2024;ABC de Saint-Pierre-du-Perray;Saint-Pierre-du-Perray;Commune;2024;a_venir;Va débuter;Potentiellement en cours (début annoncé 2024, encore « va débuter »);1;Essonne;Île-de-France;data.gouv;Non;
abc-de-villebon-sur-yvette-villebon-sur-yvette-2010;ABC de Villebon-sur-Yvette;Villebon-sur-Yvette;Commune;2010;termine;Terminé;;1;Essonne;Île-de-France;data.gouv;Non;
abc-la-ville-du-bois-la-ville-du-bois-2017;ABC La Ville-du-Bois;La Ville-du-Bois;Commune;2017;termine;Terminé;;1;Essonne;Île-de-France;data.gouv;Non;
abc-de-metropole-du-grand-paris-metropole-du-grand-paris-2017;ABC de Métropole du Grand Paris;Métropole du Grand Paris;Etablissement public de coopération intercommunale (EPCI);2017;termine;Terminé;;15;Hauts-de-Seine;Île-de-France;data.gouv;Non;
abc-de-dugny-dugny-2021;ABC de Dugny;Dugny;Commune;2021;termine;Terminé;;1;Seine-Saint-Denis;Île-de-France;data.gouv;Non;
abc-de-livry-gargan-livry-gargan-2021;ABC de Livry-Gargan;Livry-Gargan;Commune;2021;termine;Terminé;;1;Seine-Saint-Denis;Île-de-France;data.gouv;Non;
abc-de-noisy-le-grand-noisy-le-grand-2023;ABC de Noisy-le-Grand;Noisy-le-Grand;Commune;2023;en_cours;En cours;Potentiellement terminé (début 2023, durée ABC ~3 ans);1;Seine-Saint-Denis;Île-de-France;data.gouv;Non;
abc-d-orly-orly-2021;ABC d'Orly;Orly;Commune;2021;termine;Terminé;;1;Val-de-Marne;Île-de-France;data.gouv;Non;
abc-de-montigny-les-cormeilles-montigny-les-cormeilles-2021;ABC de Montigny-lès-Cormeilles;Montigny-lès-Cormeilles;Commune;2021;termine;Terminé;;1;Val-d'Oise;Île-de-France;data.gouv;Non;
abc-d-osny-osny-2021;ABC d'Osny;Osny;Commune;2021;en_cours;En cours;Potentiellement terminé (début 2021, durée ABC ~3 ans);1;Val-d'Oise;Île-de-France;data.gouv;Non;
abc-de-vaureal-vaureal-2018;ABC de Vauréal;Vauréal;Commune;2018;en_cours;En cours;Potentiellement terminé (début 2018, durée ABC ~3 ans);1;Val-d'Oise;Île-de-France;data.gouv;Non;
abc-des-mares-du-nord-grande-terre-ca-du-nord-grande-terre-2019;ABC des mares du Nord Grande-Terre;CA du Nord Grande Terre;Etablissement public de coopération intercommunale (EPCI);2019;en_cours;En cours;Potentiellement terminé (début 2019, durée ABC ~3 ans);5;Guadeloupe;Guadeloupe;data.gouv;Non;
abc-de-baie-mahault-2029;ABC de Baie-Mahault;;Commune;2029;a_venir;Va débuter;;1;Guadeloupe;Guadeloupe;data.gouv;Non;
abc-de-bouillante-bouillante-parc-national-de-la-guadeloupe-2010;ABC de Bouillante;Bouillante Parc national de la Guadeloupe;Parc national;2010;termine;Terminé;;1;Guadeloupe;Guadeloupe;data.gouv;Non;
abc-de-gourbeyre-parc-national-de-la-guadeloupe-2022;ABC de Gourbeyre;Parc national de la Guadeloupe;Parc national;2022;en_cours;En cours;Potentiellement terminé (début 2022, durée ABC ~3 ans);1;Guadeloupe;Guadeloupe;data.gouv;Non;
abc-de-deshaies-parc-national-de-la-guadeloupe-2022;ABC de Deshaies;Parc national de la Guadeloupe;Parc national;2022;a_venir;Va débuter;Potentiellement en cours (début annoncé 2022, encore « va débuter »);1;Guadeloupe;Guadeloupe;data.gouv;Non;
abc-du-gosier-le-gosier-2021;ABC du Gosier;Le Gosier;Commune;2021;en_cours;En cours;Potentiellement terminé (début 2021, durée ABC ~3 ans);1;Guadeloupe;Guadeloupe;data.gouv;Non;
abc-de-goyave-goyave-parc-national-de-la-guadeloupe;ABC de Goyave;Goyave Parc national de la Guadeloupe;Parc national;;en_cours;En cours;;1;Guadeloupe;Guadeloupe;data.gouv;Non;
abc-de-morne-a-l-eau-morne-a-l-eau-parc-national-de-la-guadeloupe;ABC de Morne-à-l'Eau;Morne-à-l'Eau Parc national de la Guadeloupe;Parc national;;en_cours;En cours;;1;Guadeloupe;Guadeloupe;data.gouv;Non;
abc-de-petit-bourg-2023;ABC de Petit-Bourg;;Commune;2023;a_venir;Va débuter;Potentiellement en cours (début annoncé 2023, encore « va débuter »);1;Guadeloupe;Guadeloupe;data.gouv;Non;
abc-de-saint-claude-saint-claude-2022;ABC de Saint-Claude;Saint-Claude;Commune;2022;a_venir;Va débuter;Potentiellement en cours (début annoncé 2022, encore « va débuter »);1;Guadeloupe;Guadeloupe;data.gouv;Non;
abc-de-saint-francois-saint-francois-2020;ABC de Saint-François;Saint-François;Commune;2020;en_cours;En cours;Potentiellement terminé (début 2020, durée ABC ~3 ans);1;Guadeloupe;Guadeloupe;data.gouv;Non;
abc-de-sainte-anne-sainte-anne-2021;ABC de Sainte-Anne;Sainte-Anne;Commune;2021;en_cours;En cours;Potentiellement terminé (début 2021, durée ABC ~3 ans);1;Guadeloupe;Guadeloupe;data.gouv;Non;
abc-de-terre-de-bas-2023;ABC de Terre-de-Bas;;Commune;2023;a_venir;Va débuter;Potentiellement en cours (début annoncé 2023, encore « va débuter »);1;Guadeloupe;Guadeloupe;data.gouv;Non;
abc-de-terre-de-haut-2023;ABC de Terre-de-Haut;;Commune;2023;a_venir;Va débuter;Potentiellement en cours (début annoncé 2023, encore « va débuter »);1;Guadeloupe;Guadeloupe;data.gouv;Non;
abc-de-trois-rivieres-2023;ABC de Trois-Rivières;;Commune;2023;a_venir;Va débuter;Potentiellement en cours (début annoncé 2023, encore « va débuter »);1;Guadeloupe;Guadeloupe;data.gouv;Non;
abc-de-vieux-habitant-parc-national-de-la-guadeloupe-2021;ABC de Vieux-Habitant;Parc national de la Guadeloupe;Parc national;2021;en_cours;En cours;Potentiellement terminé (début 2021, durée ABC ~3 ans);1;Guadeloupe;Guadeloupe;data.gouv;Non;
abc-de-matoury-2022;ABC de Matoury;;;2022;en_cours;En cours;Potentiellement terminé (début 2022, durée ABC ~3 ans);1;Guyane;Guyane;data.gouv;Non;
abc-de-remire-montjoly-2021;ABC de Rémire-Montjoly;;;2021;termine;Terminé;;1;Guyane;Guyane;data.gouv;Non;
abc-de-montsinery-tonnegrande-nature-et-culture-les-racines-profondes-de-notre-terroir-tourne-vers-l-avenir-2023;ABC de Montsinéry-Tonnégrande : « Nature et Culture, les racines profondes de notre terroir, tourné vers l’avenir »;;;2023;en_cours;En cours;Potentiellement terminé (début 2023, durée ABC ~3 ans);1;Guyane;Guyane;data.gouv;Non;
abc-de-saul-saul-parc-amazonien-de-guyane-2018;ABC de Saül;Saül Parc amazonien de Guyane;Parc national;2018;termine;Terminé;;1;Guyane;Guyane;data.gouv;Non;
abc-de-papaichton-parc-amazonien-de-guyane-2019;ABC de Papaïchton;Parc amazonien de Guyane;Parc national;2019;termine;Terminé;;1;Guyane;Guyane;data.gouv;Non;
abc-de-la-plaine-des-palmistes-la-plaine-des-palmistes-2010;ABC de La Plaine-des-Palmistes;La Plaine-des-Palmistes;Commune;2010;termine;Terminé;;1;La Réunion;La Réunion;data.gouv;Non;
abc-la-possession-la-possession-2020;ABC La Possession;La Possession;Commune;2020;en_cours;En cours;Potentiellement terminé (début 2020, durée ABC ~3 ans);1;La Réunion;La Réunion;data.gouv;Non;
abc-saint-leu-saint-leu-2023;ABC Saint-Leu;Saint-Leu;Commune;2023;en_cours;En cours;Potentiellement terminé (début 2023, durée ABC ~3 ans);1;La Réunion;La Réunion;data.gouv;Non;
abc-du-nord-de-la-martinique-martinique;ABC du Nord de la Martinique;Martinique;Parc naturel régional;;inconnu;Statut inconnu;;10;Martinique;Martinique;data.gouv;Non;
abc-communaute-de-communes-du-nord-de-mayotte-cc-du-nord-de-mayotte-2024;ABC Communauté de Communes du Nord de Mayotte;CC du Nord de Mayotte;Etablissement public de coopération intercommunale (EPCI);2024;a_venir;Va débuter;Potentiellement en cours (début annoncé 2024, encore « va débuter »);4;Mayotte;Mayotte;data.gouv;Non;
abi-communaute-de-communes-sud-cc-du-sud-2020;ABI Communauté de Communes Sud;CC du Sud;Etablissement public de coopération intercommunale (EPCI);2020;en_cours;En cours;Potentiellement terminé (début 2020, durée ABC ~3 ans);4;Mayotte;Mayotte;data.gouv;Non;
abc-du-centre-ouest-cc-du-centre-ouest-2017;ABC du Centre-Ouest;CC du Centre-Ouest;Etablissement public de coopération intercommunale (EPCI);2017;a_venir;Va débuter;Potentiellement en cours (début annoncé 2017, encore « va débuter »);5;Mayotte;Mayotte;data.gouv;Non;
abi-communaute-de-communes-de-petite-terre-cc-de-petite-terre-2020;ABI Communauté de communes de Petite-Terre;CC de Petite-Terre;Etablissement public de coopération intercommunale (EPCI);2020;en_cours;En cours;Potentiellement terminé (début 2020, durée ABC ~3 ans);2;Mayotte;Mayotte;data.gouv;Non;
abc-de-tsingoni-tsingoni-2016;ABC de Tsingoni;Tsingoni;Commune;2016;termine;Terminé;Terminé (estimation) : statut officiel inconnu, projet débuté en 2016 (> 5 ans);1;Mayotte;Mayotte;data.gouv;Non;
abc-saint-maurice-navacelles-saint-maurice-navacelles-2010;ABC Saint-Maurice-Navacelles;Saint-Maurice-Navacelles;Commune;2010;termine;Terminé;Terminé (estimation) : statut officiel inconnu, projet débuté en 2010 (> 5 ans);1;Hérault;Occitanie;data.gouv;Non;
abc-sorbs-sorbs-2022;ABC Sorbs;Sorbs;Commune;2022;termine;Terminé;;1;Hérault;Occitanie;data.gouv;Non;
abc-d-arles-arles-2018;ABC d'Arles;Arles;Commune;2018;termine;Terminé;;1;Bouches-du-Rhône;Provence-Alpes-Côte d'Azur;data.gouv;Non;
abc-du-pnr-marais-poitevin-marais-poitevin-2023;ABC du PNR Marais Poitevin;Marais Poitevin;Parc naturel régional;2023;a_venir;Va débuter;Potentiellement en cours (début annoncé 2023, encore « va débuter »);10;Charente-Maritime;Nouvelle-Aquitaine;data.gouv;Non;
abc-de-la-communaute-de-communes-cote-d-emeraude-cc-cote-d-emeraude-2021;ABC de la Communauté de communes Côte d'Emeraude;CC Côte d'Émeraude;Etablissement public de coopération intercommunale (EPCI);2021;termine;Terminé;;9;Côtes-d'Armor;Bretagne;data.gouv;Non;
abc-de-castelnau-de-medoc-castelnau-de-medoc-2023;ABC de Castelnau-de-Médoc;Castelnau-de-Médoc;Commune;2023;a_venir;Va débuter;Potentiellement en cours (début annoncé 2023, encore « va débuter »);1;Gironde;Nouvelle-Aquitaine;data.gouv;Non;
abc-de-medoc-atlantique-le-verdon-sur-mer-2014;ABC de Médoc Atlantique;Le Verdon-sur-Mer;Commune;2014;termine;Terminé;;1;Gironde;Nouvelle-Aquitaine;data.gouv;Non;
abc-de-saint-lunaire-saint-lunaire-2017;ABC de Saint Lunaire;Saint-Lunaire;Commune;2017;termine;Terminé;;1;Ille-et-Vilaine;Bretagne;data.gouv;Non;
abc-de-coteaux-du-lizon-coteaux-du-lizon-2016;ABC de Coteaux du Lizon;Coteaux du Lizon;Commune;2016;termine;Terminé;Terminé (estimation) : statut officiel inconnu, projet débuté en 2016 (> 5 ans);1;Jura;Bourgogne-Franche-Comté;data.gouv;Non;
abc-de-fay-sur-lignon-fay-sur-lignon-2023;ABC de Fay sur Lignon;Fay-sur-Lignon;Commune;2023;en_cours;En cours;Potentiellement terminé (début 2023, durée ABC ~3 ans);1;Haute-Loire;Auvergne-Rhône-Alpes;data.gouv;Non;
abc-du-pnr-haute-vallee-de-chevreuse-haute-vallee-de-chevreuse-2021;ABC du PNR Haute Vallée de Chevreuse;Haute Vallée De Chevreuse;Parc naturel régional;2021;en_cours;En cours;Potentiellement terminé (début 2021, durée ABC ~3 ans);19;Yvelines;Île-de-France;data.gouv;Non;
abc-de-niort-niort-2021;ABC de Niort;Niort;Commune;2021;termine;Terminé;;1;Deux-Sèvres;Nouvelle-Aquitaine;data.gouv;Non;
abc-de-longpre-les-corps-saints-longpre-les-corps-saints-2010;ABC de Longpré-les-Corps-Saints;Longpré-les-Corps-Saints;Commune;2010;termine;Terminé;Terminé (estimation) : statut officiel inconnu, projet débuté en 2010 (> 5 ans);1;Somme;Hauts-de-France;data.gouv;Non;
abc-de-vironchaux-vironchaux-2017;ABC de Vironchaux;Vironchaux;Commune;2017;en_cours;En cours;Potentiellement terminé (début 2017, durée ABC ~3 ans);1;Somme;Hauts-de-France;data.gouv;Non;
abc-du-pnr-mont-ventoux-n-2-le-beaucet-mazan-methamis-mormoiron-saint-didier-saint-pierre-de-vassols-venasque-et-villes-sur-auzon-2023;ABC du PNR Mont Ventoux n°2 - Le Beaucet, Mazan, Méthamis, Mormoiron, Saint-Didier, Saint-Pierre-de-Vassols, Venasque et Villes-sur-Auzon;;Parc naturel régional;2023;en_cours;En cours;Potentiellement terminé (début 2023, durée ABC ~3 ans);8;Vaucluse;Provence-Alpes-Côte d'Azur;data.gouv;Non;
abc-du-pnr-du-mont-ventoux-crestet-entrechaux-faucon-puymeras-et-vaison-la-romaine-2021;ABC du PNR du Mont Ventoux - Crestet, Entrechaux, Faucon, Puyméras et Vaison-la-Romaine;;Parc naturel régional;2021;termine;Terminé;;5;Vaucluse;Provence-Alpes-Côte d'Azur;data.gouv;Non;
abc-de-l-aiguillon-la-presqu-ile-la-faute-sur-mer-2021;ABC de L'Aiguillon-la-Presqu'île;La Faute-sur-Mer;Commune;2021;termine;Terminé;;1;Vendée;Pays de la Loire;data.gouv;Non;
abc-de-saint-denis-du-payre-saint-denis-du-payre-2010;ABC de Saint-Denis-du-Payré;Saint-Denis-du-Payré;Commune;2010;termine;Terminé;Terminé (estimation) : statut officiel inconnu, projet débuté en 2010 (> 5 ans);1;Vendée;Pays de la Loire;data.gouv;Non;
abc-du-lamentin-2023;ABC du Lamentin;;Commune;2023;a_venir;Va débuter;Potentiellement en cours (début annoncé 2023, encore « va débuter »);1;Martinique;Martinique;data.gouv;Non;
abc-de-mana-2019;ABC de Mana;;;2019;termine;Terminé;;1;Guyane;Guyane;data.gouv;Non;
abc-de-sinnamary-2025;ABC de Sinnamary;;;2025;en_cours;En cours;;1;Guyane;Guyane;data.gouv;Non;
abc-breuillet-2022;ABC Breuillet;;Commune;2022;a_venir;Va débuter;Statut issu des archives 2022, à vérifier;1;;;wayback;Oui;
abc-communaute-agglomeration-paris-vallee-de-la-marne-ca-paris-vallee-de-la-marne;ABC Communauté agglomération Paris Vallée de la Marne;CA Paris - Vallée de la Marne;Etablissement public de coopération intercommunale (EPCI);;a_venir;Va débuter;Statut issu des archives 2022, à vérifier;12;;;wayback;Oui;
abc-d-ajaccio-ajaccio-2012;ABC d'Ajaccio;Ajaccio;Commune;2012;termine;Terminé;Statut issu des archives 2022, à vérifier ; Terminé (estimation) : statut officiel inconnu, projet débuté en 2012 (> 5 ans);1;;;wayback;Non;
abc-d-arradon-arradon-2010;ABC d'Arradon;Arradon;Commune;2010;termine;Terminé;Statut issu des archives 2022, à vérifier ; Terminé (estimation) : statut officiel inconnu, projet débuté en 2010 (> 5 ans);1;;;wayback;Non;
abc-d-auntun-autun-2021;ABC d'Auntun;Autun;Commune;2021;en_cours;En cours;Potentiellement terminé (début 2021, durée ABC ~3 ans) ; Statut issu des archives 2022, à vérifier;1;;;wayback;Oui;
abc-d-epeigne-les-bois-epeigne-les-bois-2021;ABC d'Epeigné-les-Bois;Épeigné-les-Bois;Commune;2021;en_cours;En cours;Potentiellement terminé (début 2021, durée ABC ~3 ans) ; Statut issu des archives 2022, à vérifier;1;;;wayback;Non;
abc-d-epuisay-2020;ABC d'Epuisay;;;2020;en_cours;En cours;Potentiellement terminé (début 2020, durée ABC ~3 ans) ; Statut issu des archives 2022, à vérifier;1;;;wayback;Non;
abc-d-etsaut-etsaut-2017;ABC d'Etsaut ;Etsaut;Commune;2017;en_cours;En cours;Potentiellement terminé (début 2017, durée ABC ~3 ans) ; Statut issu des archives 2022, à vérifier;1;;;wayback;Oui;
abc-d-ezanville-ezanville-2010;ABC d'Ézanville;Ézanville;Commune;2010;termine;Terminé;Statut issu des archives 2022, à vérifier ; Terminé (estimation) : statut officiel inconnu, projet débuté en 2010 (> 5 ans);1;;;wayback;Non;
abc-d-orleans-metropole-orleans-metropole-2018;ABC d'Orléans Métropole;Orléans Métropole;Etablissement public de coopération intercommunale (EPCI);2018;en_cours;En cours;Potentiellement terminé (début 2018, durée ABC ~3 ans) ; Statut issu des archives 2022, à vérifier;5;;;wayback;Oui;
abc-d-orly-2021;ABC d'Orly;;;2021;en_cours;En cours;Potentiellement terminé (début 2021, durée ABC ~3 ans) ; Statut issu des archives 2022, à vérifier;1;;;wayback;Oui;
abc-de-aillant-sur-milleron-aillant-sur-milleron-2021;ABC de Aillant-sur-Milleron;Aillant-sur-Milleron;Commune;2021;en_cours;En cours;Potentiellement terminé (début 2021, durée ABC ~3 ans) ; Statut issu des archives 2022, à vérifier;1;;;wayback;Non;
abc-de-ardon-ardon-2021;ABC de Ardon;Ardon;Commune;2021;en_cours;En cours;Potentiellement terminé (début 2021, durée ABC ~3 ans) ; Statut issu des archives 2022, à vérifier;1;;;wayback;Non;
abc-de-aubigny-sur-nere-aubigny-sur-nere-2021;ABC de Aubigny-sur-Nère;Aubigny-sur-Nère;Commune;2021;en_cours;En cours;Potentiellement terminé (début 2021, durée ABC ~3 ans) ; Statut issu des archives 2022, à vérifier;1;;;wayback;Non;
abc-de-bazancourt-bazancourt-2020;ABC de Bazancourt;Bazancourt;Commune;2020;en_cours;En cours;Potentiellement terminé (début 2020, durée ABC ~3 ans) ; Statut issu des archives 2022, à vérifier;1;;;wayback;Oui;
abc-de-bou-orleans-metropole-bou-2022;ABC de Bou;Orléans Métropole Bou;Etablissement public de coopération intercommunale (EPCI);2022;en_cours;En cours;Potentiellement terminé (début 2022, durée ABC ~3 ans) ; Statut issu des archives 2022, à vérifier;1;;;wayback;Non;
abc-de-cellettes-cellettes-2022;ABC de Cellettes;Cellettes;Commune;2022;a_venir;Va débuter;Statut issu des archives 2022, à vérifier;1;;;wayback;Non;
abc-de-chalette-sur-loing-chalette-sur-loing-2021;ABC de Chalette-sur-Loing;Châlette-sur-Loing;Commune;2021;en_cours;En cours;Potentiellement terminé (début 2021, durée ABC ~3 ans) ; Statut issu des archives 2022, à vérifier;1;;;wayback;Non;
abc-de-champlan-2019;ABC de Champlan;;Commune;2019;en_cours;En cours;Potentiellement terminé (début 2019, durée ABC ~3 ans) ; Statut issu des archives 2022, à vérifier;1;;;wayback;Non;
abc-de-charost-charost-2021;ABC de Charost;Chârost;Commune;2021;en_cours;En cours;Potentiellement terminé (début 2021, durée ABC ~3 ans) ; Statut issu des archives 2022, à vérifier;1;;;wayback;Non;
abc-de-chauconin-neufmontiers-2021;ABC de Chauconin-Neufmontiers;;Commune;2021;en_cours;En cours;Potentiellement terminé (début 2021, durée ABC ~3 ans) ; Statut issu des archives 2022, à vérifier;1;;;wayback;Oui;
abc-de-coignieres-2021;ABC de Coignières;;Commune;2021;en_cours;En cours;Potentiellement terminé (début 2021, durée ABC ~3 ans) ; Statut issu des archives 2022, à vérifier;1;;;wayback;Non;
abc-de-combleux-orleans-metropole-combleux-2022;ABC de Combleux;Orléans Métropole Combleux;Etablissement public de coopération intercommunale (EPCI);2022;en_cours;En cours;Potentiellement terminé (début 2022, durée ABC ~3 ans) ; Statut issu des archives 2022, à vérifier;1;;;wayback;Non;
abc-de-controis-en-sologne-le-controis-en-sologne-2021;ABC de Controis-en-Sologne;Le Controis-en-Sologne;Commune;2021;en_cours;En cours;Potentiellement terminé (début 2021, durée ABC ~3 ans) ; Statut issu des archives 2022, à vérifier;1;;;wayback;Non;
abc-de-coulanges-les-nevers-2021;ABC de Coulanges-lès-Nevers;;Commune;2021;a_venir;Va débuter;Statut issu des archives 2022, à vérifier;1;;;wayback;Oui;
abc-de-cuzion-cuzion-2021;ABC de Cuzion;Cuzion;Commune;2021;en_cours;En cours;Potentiellement terminé (début 2021, durée ABC ~3 ans) ; Statut issu des archives 2022, à vérifier;1;;;wayback;Non;
abc-de-dampierre-sur-linotte-2021;ABC de Dampierre-sur-Linotte;;;2021;a_venir;Va débuter;Statut issu des archives 2022, à vérifier;1;;;wayback;Oui;
abc-de-dinan-agglomeration-ca-dinan-agglomeration-2020;ABC de Dinan Agglomération;CA Dinan Agglomération;Etablissement public de coopération intercommunale (EPCI);2020;en_cours;En cours;Potentiellement terminé (début 2020, durée ABC ~3 ans) ; Statut issu des archives 2022, à vérifier;1;;;wayback;Oui;http://www.dinan-agglomeration.fr/Environnement-developpement-durable/Protection-des-ressources-et-…
abc-de-fay-aux-loges-fay-aux-loges-2021;ABC de Fay-aux-loges;Fay-aux-Loges;Commune;2021;en_cours;En cours;Potentiellement terminé (début 2021, durée ABC ~3 ans) ; Statut issu des archives 2022, à vérifier;1;;;wayback;Non;
abc-de-fericy-fericy-2010;ABC de Féricy;Féricy;Commune;2010;en_cours;En cours;Potentiellement terminé (début 2010, durée ABC ~3 ans) ; Statut issu des archives 2022, à vérifier;1;;;wayback;Non;
abc-de-gasville-oiseme-gasville-oiseme-2022;ABC de Gasville-Oiseme;Gasville-Oisème;Commune;2022;en_cours;En cours;Potentiellement terminé (début 2022, durée ABC ~3 ans) ; Statut issu des archives 2022, à vérifier;1;;;wayback;Non;
abc-de-grand-angouleme-ca-du-grand-angouleme-2020;ABC de Grand Angoulême;CA du Grand Angoulême;Etablissement public de coopération intercommunale (EPCI);2020;en_cours;En cours;Potentiellement terminé (début 2020, durée ABC ~3 ans) ; Statut issu des archives 2022, à vérifier;38;;;wayback;Oui;
abc-de-la-chapelle-saint-mesmin-orleans-metropole-la-chapelle-saint-mesmin-2022;ABC de la Chapelle-Saint-Mesmin;Orléans Métropole La Chapelle-Saint-Mesmin;Etablissement public de coopération intercommunale (EPCI);2022;a_venir;Va débuter;Statut issu des archives 2022, à vérifier;1;;;wayback;Non;
abc-de-la-communaute-de-communes-commentry-montmarault-neris-communaute-cc-commentry-montmarault-neris-communaute-2020;ABC de la communauté de communes Commentry - Montmarault - Néris communauté;CC Commentry Montmarault Néris Communauté;Etablissement public de coopération intercommunale (EPCI);2020;en_cours;En cours;Potentiellement terminé (début 2020, durée ABC ~3 ans) ; Statut issu des archives 2022, à vérifier;33;;;wayback;Oui;http://www.cmnc03.fr/Envi/atlas-de-la-biodiversit%C3%A9-communautaire
abc-de-la-croix-valmer-la-croix-valmer-2021;ABC de La Croix Valmer;La Croix-Valmer;Commune;2021;en_cours;En cours;Potentiellement terminé (début 2021, durée ABC ~3 ans) ; Statut issu des archives 2022, à vérifier;1;;;wayback;Oui;
abc-de-la-vallee-doree-2018;ABC de la Vallée dorée;;Etablissement public de coopération intercommunale (EPCI);2018;en_cours;En cours;Potentiellement terminé (début 2018, durée ABC ~3 ans) ; Statut issu des archives 2022, à vérifier;10;;;wayback;Oui;
abc-de-le-charme-le-charme-2021;ABC de Le Charme;Le Charme;Commune;2021;en_cours;En cours;Potentiellement terminé (début 2021, durée ABC ~3 ans) ; Statut issu des archives 2022, à vérifier;1;;;wayback;Non;
abc-de-le-plessis-pate-le-plessis-pate-2010;ABC de Le Plessis-Pâté;Le Plessis-Pâté;Commune;2010;termine;Terminé;Statut issu des archives 2022, à vérifier ; Terminé (estimation) : statut officiel inconnu, projet débuté en 2010 (> 5 ans);1;;;wayback;Non;
abc-de-liergues-porte-des-pierres-dorees-2015;ABC de Liergues;Porte des Pierres Dorées;Commune;2015;termine;Terminé;Statut issu des archives 2022, à vérifier;1;;;wayback;Non;
abc-de-locmariaquer-locmariaquer-2010;ABC de Locmariaquer;Locmariaquer;Commune;2010;termine;Terminé;Statut issu des archives 2022, à vérifier ; Terminé (estimation) : statut officiel inconnu, projet débuté en 2010 (> 5 ans);1;;;wayback;Non;
abc-de-loire-forez-agglo-2021-ca-loire-forez-agglomeration-2021;ABC de Loire Forez Agglo (2021);CA Loire Forez Agglomération;Etablissement public de coopération intercommunale (EPCI);2021;en_cours;En cours;Potentiellement terminé (début 2021, durée ABC ~3 ans) ; Statut issu des archives 2022, à vérifier;8;;;wayback;Oui;
abc-de-marsac-sur-l-isle-2021;ABC de Marsac-sur-l'Isle;;Établissement public territorial de bassin (EPTB);2021;en_cours;En cours;Potentiellement terminé (début 2021, durée ABC ~3 ans) ; Statut issu des archives 2022, à vérifier;1;;;wayback;Oui;
abc-de-matoury;ABC de Matoury;;;;a_venir;Va débuter;Statut issu des archives 2022, à vérifier;1;;;wayback;Non;
abc-de-mennecy-2021;ABC de Mennecy;;Commune;2021;en_cours;En cours;Potentiellement terminé (début 2021, durée ABC ~3 ans) ; Statut issu des archives 2022, à vérifier;1;;;wayback;Non;
abc-de-monnaie-monnaie-2021;ABC de Monnaie;Monnaie;Commune;2021;en_cours;En cours;Potentiellement terminé (début 2021, durée ABC ~3 ans) ; Statut issu des archives 2022, à vérifier;1;;;wayback;Non;
abc-de-morancez-ca-chartres-metropole-2022;ABC de Morancez;CA Chartres Métropole;Etablissement public de coopération intercommunale (EPCI);2022;a_venir;Va débuter;Statut issu des archives 2022, à vérifier;1;;;wayback;Non;
abc-de-nogent-sur-vernisson-nogent-sur-vernisson-2010;ABC de Nogent-sur-vernisson;Nogent-sur-Vernisson;Commune;2010;termine;Terminé;Statut issu des archives 2022, à vérifier;1;;;wayback;Non;
abc-de-pannes-pannes-2021;ABC de Pannes;Pannes;Commune;2021;en_cours;En cours;Potentiellement terminé (début 2021, durée ABC ~3 ans) ; Statut issu des archives 2022, à vérifier;1;;;wayback;Non;
abc-de-plerin-plerin-2016;ABC de Plérin;Plérin;Commune;2016;termine;Terminé;Statut issu des archives 2022, à vérifier ; Terminé (estimation) : statut officiel inconnu, projet débuté en 2016 (> 5 ans);1;;;wayback;Non;
abc-de-pommeuse-pommeuse-2010;ABC de Pommeuse;Pommeuse;Commune;2010;en_cours;En cours;Potentiellement terminé (début 2010, durée ABC ~3 ans) ; Statut issu des archives 2022, à vérifier;1;;;wayback;Non;
abc-de-saint-brieuc-saint-brieuc-2014;ABC de Saint-Brieuc;Saint-Brieuc;Commune;2014;termine;Terminé;Statut issu des archives 2022, à vérifier ; Terminé (estimation) : statut officiel inconnu, projet débuté en 2014 (> 5 ans);1;;;wayback;Non;
abc-de-saint-germain-des-pres-saint-germain-des-pres;ABC de Saint-Germain-des-Prés;Saint-Germain-des-Prés;Commune;;en_cours;En cours;Statut issu des archives 2022, à vérifier;1;;;wayback;Non;
abc-de-saint-germain-les-arpajon-2021;ABC de Saint-Germain-lès-Arpajon;;Commune;2021;en_cours;En cours;Potentiellement terminé (début 2021, durée ABC ~3 ans) ; Statut issu des archives 2022, à vérifier;1;;;wayback;Non;
abc-de-saint-hilaire-en-lignieres-saint-hilaire-en-lignieres-2021;ABC de Saint-Hilaire-en-Lignières;Saint-Hilaire-en-Lignières;Commune;2021;en_cours;En cours;Potentiellement terminé (début 2021, durée ABC ~3 ans) ; Statut issu des archives 2022, à vérifier;1;;;wayback;Non;
abc-de-saint-hilaire-saint-mesmin-orleans-metropole-saint-hilaire-saint-mesmin-2022;ABC de Saint-Hilaire-Saint-Mesmin;Orléans Métropole Saint-Hilaire-Saint-Mesmin;Etablissement public de coopération intercommunale (EPCI);2022;a_venir;Va débuter;Statut issu des archives 2022, à vérifier;1;;;wayback;Non;
abc-de-saint-just-saint-just-2021;ABC de Saint-Just;Saint-Just;Commune;2021;en_cours;En cours;Potentiellement terminé (début 2021, durée ABC ~3 ans) ; Statut issu des archives 2022, à vérifier;1;;;wayback;Non;
abc-de-saint-pryve-saint-mesmin-orleans-metropole-2022;ABC de Saint-Pryvé-Saint-Mesmin;Orléans Métropole;Etablissement public de coopération intercommunale (EPCI);2022;a_venir;Va débuter;Statut issu des archives 2022, à vérifier;1;;;wayback;Non;
abc-de-savigny-en-sancerre-savigny-en-sancerre-2021;ABC de Savigny-en-Sancerre;Savigny-en-Sancerre;Commune;2021;en_cours;En cours;Potentiellement terminé (début 2021, durée ABC ~3 ans) ; Statut issu des archives 2022, à vérifier;1;;;wayback;Non;
abc-de-sermaise-sermaise-2010;ABC de Sermaise;Sermaise;Commune;2010;termine;Terminé;Statut issu des archives 2022, à vérifier ; Terminé (estimation) : statut officiel inconnu, projet débuté en 2010 (> 5 ans);1;;;wayback;Non;http://www.mairie-sermaise.com/environnement.php
abc-de-soulaines-sur-aubance-2022;ABC de Soulaines-sur-Aubance;;Commune;2022;a_venir;Va débuter;Statut issu des archives 2022, à vérifier;1;;;wayback;Oui;
abc-de-st-chamas-saint-chamas-2021;ABC de St Chamas;Saint-Chamas;Commune;2021;en_cours;En cours;Potentiellement terminé (début 2021, durée ABC ~3 ans) ; Statut issu des archives 2022, à vérifier;1;;;wayback;Oui;
abc-de-tigy-tigy-2021;ABC de Tigy;Tigy;Commune;2021;en_cours;En cours;Potentiellement terminé (début 2021, durée ABC ~3 ans) ; Statut issu des archives 2022, à vérifier;1;;;wayback;Non;
abc-de-valencay-valencay-2010;ABC de Valençay;Valençay;Commune;2010;termine;Terminé;Statut issu des archives 2022, à vérifier ; Terminé (estimation) : statut officiel inconnu, projet débuté en 2010 (> 5 ans);1;;;wayback;Non;
abc-de-vannes-sur-cosson-2022;ABC de Vannes-sur-Cosson;;;2022;en_cours;En cours;Potentiellement terminé (début 2022, durée ABC ~3 ans) ; Statut issu des archives 2022, à vérifier;1;;;wayback;Non;
abc-de-villefranche-sur-cher-villefranche-sur-cher-2021;ABC de Villefranche-sur-cher;Villefranche-sur-Cher;Commune;2021;en_cours;En cours;Potentiellement terminé (début 2021, durée ABC ~3 ans) ; Statut issu des archives 2022, à vérifier;1;;;wayback;Non;
abc-des-sources-du-salembre-saint-aquilin-2022;ABC des sources du Salembre (Saint-Aquilin);;Établissement public territorial de bassin (EPTB);2022;a_venir;Va débuter;Statut issu des archives 2022, à vérifier;1;;;wayback;Oui;
abc-du-pnr-de-la-sainte-baume-la-sainte-baume-2018;ABC du PNR de La Sainte-Baume;La Sainte-Baume;Parc naturel régional;2018;termine;Terminé;Statut issu des archives 2022, à vérifier;2;;;wayback;Oui;https://www.pnr-saintebaume.fr/en-actions/patrimoine-naturel/atlas-de-biodiversite-communale-abc/
abc-du-pnr-de-la-sainte-baume-2-la-sainte-baume-2021;ABC du PNR de La Sainte-Baume (2);La Sainte-Baume;Parc naturel régional;2021;en_cours;En cours;Potentiellement terminé (début 2021, durée ABC ~3 ans) ; Statut issu des archives 2022, à vérifier;6;;;wayback;Oui;https://www.pnr-saintebaume.fr/en-actions/patrimoine-naturel/atlas-de-biodiversite-communale-abc
abc-du-pnr-des-alpilles-alpilles-2021;ABC du PNR des Alpilles;Alpilles;Parc naturel régional;2021;en_cours;En cours;Potentiellement terminé (début 2021, durée ABC ~3 ans) ; Statut issu des archives 2022, à vérifier;5;;;wayback;Oui;https://www.parc-alpilles.fr/projet/les-abc-des-alpilles/
abc-du-pnr-des-baronnies-provencales-baronnies-provencales-2017;ABC du PNR des Baronnies Provençales;Baronnies Provençales;Parc naturel régional;2017;termine;Terminé;Statut issu des archives 2022, à vérifier;2;;;wayback;Oui;https://www.baronnies-provencales.fr/publication/atlas-de-la-biodiversite-communale/
abc-du-pnr-des-baronnies-provencales-n-2-meouge-aval-baronnies-provencales-2022;ABC du PNR des Baronnies Provençales n°2 - Méouge aval;Baronnies Provençales;Parc naturel régional;2022;en_cours;En cours;Potentiellement terminé (début 2022, durée ABC ~3 ans) ; Statut issu des archives 2022, à vérifier;2;;;wayback;Oui;
abc-du-pnr-du-mont-ventoux-2021;ABC du PNR du Mont Ventoux;;Parc naturel régional;2021;en_cours;En cours;Potentiellement terminé (début 2021, durée ABC ~3 ans) ; Statut issu des archives 2022, à vérifier;5;;;wayback;Oui;https://www.parcduventoux.fr/latlas-de-biodiversite-communale-abc/
abc-du-pnr-du-mont-ventoux-n-2-2023;ABC du PNR du Mont Ventoux n°2;;Parc naturel régional;2023;a_venir;Va débuter;Statut issu des archives 2022, à vérifier;8;;;wayback;Oui;
abc-du-pnr-du-vercors-vercors-2021;ABC du PNR du Vercors;Vercors;Parc naturel régional;2021;en_cours;En cours;Potentiellement terminé (début 2021, durée ABC ~3 ans) ; Statut issu des archives 2022, à vérifier;33;;;wayback;Oui;
abc-du-pnr-du-verdon-verdon-2021;ABC du PNR du Verdon;Verdon;Parc naturel régional;2021;en_cours;En cours;Potentiellement terminé (début 2021, durée ABC ~3 ans) ; Statut issu des archives 2022, à vérifier;2;;;wayback;Oui;
abc-du-syndicat-mixte-baie-de-somme-3-vallees-baie-de-somme-3-vallees-2021;ABC du Syndicat mixte  Baie de Somme 3 Vallées;Baie de somme 3 Vallées;Syndicat mixte;2021;a_venir;Va débuter;Statut issu des archives 2022, à vérifier;15;;;wayback;Oui;
abc-la-ville-du-bois-2017;ABC La Ville-du-Bois;;Commune;2017;termine;Terminé;Statut issu des archives 2022, à vérifier;1;;;wayback;Non;
abc-lagraulet-du-gers-lagraulet-du-gers-2021;ABC Lagraulet du Gers;Lagraulet-du-Gers;Commune;2021;en_cours;En cours;Potentiellement terminé (début 2021, durée ABC ~3 ans) ; Statut issu des archives 2022, à vérifier;1;;;wayback;Oui;
abc-sorbs-sorbs-2021;ABC Sorbs;Sorbs;Commune;2021;en_cours;En cours;Potentiellement terminé (début 2021, durée ABC ~3 ans) ; Statut issu des archives 2022, à vérifier;1;;;wayback;Oui;
abic-de-la-communaute-de-communes-bruyeres-vallons-des-vosges-2020;ABiC de la Communauté de Communes Bruyères Vallons des Vosges;;Syndicat intercommunal;2020;en_cours;En cours;Potentiellement terminé (début 2020, durée ABC ~3 ans) ; Statut issu des archives 2022, à vérifier;34;;;wayback;Non;
atlas-de-la-biodiversite-communale-de-fontevraud-l-abbaye-et-montsoreau-loire-anjou-touraine-2022;Atlas de la biodiversité communale de Fontevraud-l’Abbaye et Montsoreau;Loire-Anjou-Touraine;Parc naturel régional;2022;a_venir;Va débuter;Statut issu des archives 2022, à vérifier;2;;;wayback;Oui;https://www.parc-loire-anjou-touraine.fr/atlas-de-la-biodiversite-communale-de-montsoreau-et-fontev…
atlas-de-la-biodiversite-communale-de-l-ernee-2022;Atlas de la Biodiversité communale de l'Ernée;;Etablissement public de coopération intercommunale (EPCI);2022;a_venir;Va débuter;Statut issu des archives 2022, à vérifier;15;;;wayback;Oui;
atlas-de-la-biodiversite-communale-pour-les-communes-de-dreffeac-severac-saint-gildas-des-bois-sainte-anne-sur-brivet-et-guenrouet-2022;Atlas de la Biodiversité Communale pour les communes de Drefféac, Sévérac, Saint-Gildas-des-Bois, Sainte Anne sur Brivet et Guenrouët;;Etablissement public de coopération intercommunale (EPCI);2022;a_venir;Va débuter;Statut issu des archives 2022, à vérifier;5;;;wayback;Oui;
deuxieme-abc-du-pnr-golfe-du-morbihan-golfe-du-morbihan-2021;Deuxième ABC du PNR Golfe du Morbihan;Golfe Du Morbihan;Parc naturel régional;2021;en_cours;En cours;Potentiellement terminé (début 2021, durée ABC ~3 ans) ; Statut issu des archives 2022, à vérifier;15;;;wayback;Oui;https://www.parc-golfe-morbihan.bzh/atlas-de-la-biodiversite-communale/
pnr-scarpe-escaut-scarpe-escaut-2021;PNR Scarpe Escaut;Scarpe-Escaut;Parc naturel régional;2021;en_cours;En cours;Potentiellement terminé (début 2021, durée ABC ~3 ans) ; Statut issu des archives 2022, à vérifier;5;;;wayback;Oui;http://www.pnr-scarpe-escaut.fr/rubriques/atlas-de-la-biodiversite-communale-abc
premier-abc-de-louvie-soubiron-louvie-soubiron-2014;Premier ABC de Louvie-Soubiron;Louvie-Soubiron;Commune;2014;termine;Terminé;Statut issu des archives 2022, à vérifier ; Terminé (estimation) : statut officiel inconnu, projet débuté en 2014 (> 5 ans);1;;;wayback;Non;
programme-de-restauration-des-arbres-tetards-et-plan-d-actions-post-abc-2024;Programme de restauration des arbres têtards et plan d'actions post-ABC;;;;a_venir;Va débuter;;0;;;fondsvert-p113-2024;Oui;
realisation-d-un-atlas-de-la-biodiversite-communale-pour-la-commune-de-monteynard-commune-de-monteynard-2024;Réalisation d'un atlas de la biodiversité communale pour la commune de Monteynard;COMMUNE DE MONTEYNARD;;;a_venir;Va débuter;;0;;;fondsvert-p113-2024;Oui;
realisation-d-un-atlas-de-la-biodiversite-communale-abc-commune-d-alba-la-romaine-2024;Réalisation d'un Atlas de la Biodiversité Communale (ABC);COMMUNE D ALBA LA ROMAINE;;;a_venir;Va débuter;;0;;;fondsvert-p113-2024;Oui;
atlas-de-la-biodiversite-communale-de-ranchal-commune-de-ranchal-2024;Atlas de la Biodiversité communale de RANCHAL;COMMUNE DE RANCHAL;;;a_venir;Va débuter;;0;;;fondsvert-p113-2024;Oui;
atlas-de-la-biodiversite-communale-commune-de-salaise-sur-sanne-2024;Atlas de la biodiversité communale;COMMUNE DE SALAISE SUR SANNE;;;a_venir;Va débuter;;0;;;fondsvert-p113-2024;Oui;
atlas-de-la-biodiversite-communale-du-chambon-sur-lignon-commune-de-chambon-sur-lignon-2024;Atlas de la Biodiversité Communale du Chambon-sur-Lignon;COMMUNE DE CHAMBON-SUR-LIGNON;;;a_venir;Va débuter;;0;;;fondsvert-p113-2024;Oui;
atlas-de-la-biodiversite-communale-de-chenereilles-commune-de-chenereilles-2024;Atlas de la Biodiversité Communale de Chenereilles;COMMUNE DE CHENEREILLES;;;a_venir;Va débuter;;0;;;fondsvert-p113-2024;Oui;
atlas-de-la-biodiversite-communale-de-saint-germain-laval-commune-de-saint-germain-laval-2024;Atlas de la Biodiversité Communale de Saint-Germain-Laval;COMMUNE DE SAINT GERMAIN LAVAL;;;a_venir;Va débuter;;0;;;fondsvert-p113-2024;Oui;
etablir-un-atlas-de-la-biodiversite-communale-commune-de-montbrison-2024;Etablir un atlas de la biodiversité communale;COMMUNE DE MONTBRISON;;;a_venir;Va débuter;;0;;;fondsvert-p113-2024;Oui;
atlas-de-la-biodiversite-communale-des-iles-lones-et-coteaux-du-rhone-s-m-du-rhone-des-iles-et-des-losnes-2024;Atlas de la biodiversité communale des îles, lônes et coteaux du Rhône;S.M. DU RHONE DES ILES ET DES LOSNES;;;a_venir;Va débuter;;0;;;fondsvert-p113-2024;Oui;
realisation-de-7-atlas-de-la-biodiversite-communale-cc-arbois-poligny-salins-coeur-du-jura-2024;réalisation de 7 atlas de la biodiversité communale;CC ARBOIS, POLIGNY, SALINS, COEUR DU JURA;;;a_venir;Va débuter;;0;;;fondsvert-p113-2024;Oui;
atlas-de-la-biodiversite-communale-commune-de-questembert-2024;ATLAS DE LA BIODIVERSITE COMMUNALE;COMMUNE DE QUESTEMBERT;;;a_venir;Va débuter;;0;;;fondsvert-p113-2024;Oui;
realisation-d-un-atlas-de-la-biodiversite-communale-commune-de-kervignac-2024;Réalisation d'un Atlas de la Biodiversité Communale;COMMUNE DE KERVIGNAC;;;a_venir;Va débuter;;0;;;fondsvert-p113-2024;Oui;
atlas-de-la-biodiversite-communale-de-la-ville-de-landerneau-commune-de-landerneau-2024;ATLAS DE LA BIODIVERSITÉ COMMUNALE de la Ville de LANDERNEAU;COMMUNE DE LANDERNEAU;;;a_venir;Va débuter;;0;;;fondsvert-p113-2024;Oui;
abc-biodiversite-sur-brandivy-commune-de-brandivy-2024;ABC biodiversité sur Brandivy;COMMUNE DE BRANDIVY;;;a_venir;Va débuter;;0;;;fondsvert-p113-2024;Oui;
atlas-de-la-biodiversite-communale-de-luce-commune-de-luce-2024;Atlas de la Biodiversité Communale de Lucé;COMMUNE DE LUCE;;;a_venir;Va débuter;;0;;;fondsvert-p113-2024;Oui;
atlas-de-la-biodiversite-communale-commune-d-artannes-sur-indre-2024;Atlas de la Biodiversité Communale;COMMUNE D'ARTANNES SUR INDRE;;;a_venir;Va débuter;;0;;;fondsvert-p113-2024;Oui;
atlas-de-la-biodiversite-communale-de-la-commune-de-saint-florent-sur-cher-commune-de-saint-florent-sur-cher-2024;Atlas de la biodiversité communale de la Commune de Saint-Florent-sur-Cher;COMMUNE DE SAINT FLORENT SUR CHER;;;a_venir;Va débuter;;0;;;fondsvert-p113-2024;Oui;
atlas-de-la-biodiversite-communale-de-montlouis-sur-loire-commune-de-montlouis-sur-loire-2024;Atlas de la biodiversité communale de Montlouis-sur-Loire;COMMUNE DE MONTLOUIS SUR LOIRE;;;a_venir;Va débuter;;0;;;fondsvert-p113-2024;Oui;
poursuite-du-projet-de-l-abc-sur-la-communaute-de-communes-ecueille-valencay-2eme-etape-communaute-de-communes-ecueille-valencay-2024;Poursuite du projet de l'ABC sur la Communauté de Communes Écueillé-Valençay (2ème étape);COMMUNAUTE DE COMMUNES ECUEILLE-VALENCAY;;;a_venir;Va débuter;;0;;;fondsvert-p113-2024;Oui;
atlas-de-la-biodiversite-communale-de-linguizzetta-commune-de-linguizzetta-2024;Atlas de la biodiversité communale de LINGUIZZETTA;COMMUNE DE LINGUIZZETTA;;;a_venir;Va débuter;;0;;;fondsvert-p113-2024;Oui;
atlas-de-la-biodiversite-communale-du-grand-site-de-france-conca-d-oru-vignoble-de-patrimonio-golfe-de-saint-florent-grand-site-de-conca-d-oru-vignoble-de-patrimonio-golfe-de-saint-florent-2024;Atlas de la biodiversité communale du Grand Site de France Conca d’Oru, vignoble de Patrimonio – golfe de Saint-Florent;GRAND SITE DE CONCA D'ORU, VIGNOBLE DE PATRIMONIO - GOLFE DE SAINT-FLORENT;;;a_venir;Va débuter;;0;;;fondsvert-p113-2024;Oui;
atlas-de-la-biodiversite-communale-de-la-ville-d-erstein-commune-de-erstein-2024;Atlas de la Biodiversité communale de la ville d'Erstein;COMMUNE DE ERSTEIN;;;a_venir;Va débuter;;0;;;fondsvert-p113-2024;Oui;
atlas-de-la-biodiversite-communale-de-gespunsart-commune-de-gespunsart-2024;ATLAS DE LA BIODIVERSITE COMMUNALE DE GESPUNSART;COMMUNE DE GESPUNSART;;;a_venir;Va débuter;;0;;;fondsvert-p113-2024;Oui;
actualisation-des-atlas-de-la-biodiversite-communale-du-parc-naturel-regional-de-lorraine-pnr-de-lorraine-2024;Actualisation des Atlas de la Biodiversité Communale du parc naturel régional de Lorraine;PNR DE LORRAINE;;;a_venir;Va débuter;;0;;;fondsvert-p113-2024;Oui;
atlas-de-la-biodiversite-communale-de-l-anse-bertrand-commune-d-anse-bertrand-2024;Atlas de la Biodiversité communale de l'Anse-Bertrand;COMMUNE D ANSE BERTRAND;;;a_venir;Va débuter;;0;;;fondsvert-p113-2024;Oui;
atlas-de-la-biodiversite-communale-de-marie-galante-communaute-de-communes-de-marie-galante-2024;Atlas de la Biodiversité Communale de Marie-Galante;COMMUNAUTE DE COMMUNES DE MARIE GALANTE;;;a_venir;Va débuter;;0;;;fondsvert-p113-2024;Oui;
atlas-de-la-biodiversite-communale-de-sinnamary-groupe-etude-protection-oiseaux-guyane-2024;Atlas de la Biodiversité Communale de Sinnamary;GROUPE ETUDE PROTECTION OISEAUX GUYANE;;;a_venir;Va débuter;;0;;;fondsvert-p113-2024;Oui;
abc-vallee-de-la-somme-de-l-ancre-et-de-l-hallue-communaute-de-communes-du-val-de-somme-cc-val-de-somme-2024;ABC "Vallée de la Somme, de l'Ancre et de l'Hallue" - Communauté de Communes du Val de Somme;CC VAL DE SOMME;;;a_venir;Va débuter;;0;;;fondsvert-p113-2024;Oui;
atlas-de-la-biodiversite-communale-communaute-d-agglomeration-de-la-baie-de-somme-pnr-baie-de-somme-3-vallees-2024;Atlas de la Biodiversité Communale - Communauté d'Agglomération de la Baie de Somme;PNR BAIE DE SOMME 3 VALLEES;;;a_venir;Va débuter;;0;;;fondsvert-p113-2024;Oui;
atlas-de-la-biodiversite-communale-des-vallees-de-la-louette-et-de-la-chalouette-chalo-saint-mars-chalou-moulineux-saint-hilaire-commune-de-chalo-saint-mars-2024;Atlas de la Biodiversité Communale des Vallées de la Louette et de la Chalouette (Châlo Saint Mars, Chalou Moulineux, Saint Hilaire);COMMUNE DE CHALO SAINT MARS;;;a_venir;Va débuter;;0;;;fondsvert-p113-2024;Oui;
realisation-d-atlas-de-la-biodiversite-communale-commune-de-villennes-sur-seine-2024;Réalisation d'Atlas de la Biodiversité Communale;COMMUNE DE VILLENNES-SUR-SEINE;;;a_venir;Va débuter;;0;;;fondsvert-p113-2024;Oui;
atlas-de-la-biodiversite-communale-de-mitry-mory-commune-mitry-mory-2024;ATLAS DE LA BIODIVERSITE COMMUNALE DE MITRY-MORY;COMMUNE MITRY MORY;;;a_venir;Va débuter;;0;;;fondsvert-p113-2024;Oui;
la-commune-de-changis-sur-marne-uvre-en-faveur-de-la-biodiversite-et-souhaite-mettre-en-place-un-atlas-de-la-biodiversite-communale-qui-renforcera-la-connaissance-des-richesses-naturelles-du-territoire-oiseaux-papillons-plantes-mammiferes-poissons-amphibiens-et-reptiles-recenses-pendant-2-ans-afin-de-mieux-les-preserver-afin-que-chaque-acteur-du-territoire-puisse-apporter-sa-contribution-et-participer-activement-a-la-preservation-du-patrimoine-naturel-les-differents-outils-de-recensement-des-especes-seront-presentes-lors-de-manifestations-specifiques-commune-changis-sur-marne-2024;La commune de Changis-sur-Marne œuvre en faveur de la biodiversité et souhaite mettre en place un Atlas de la Biodiversité Communale qui renforcera la connaissance des richesses naturelles du territoire. Oiseaux, papillons, plantes, mammifères, poissons, amphibiens et reptiles (recensés pendant 2 ans) afin de mieux les préserver. Afin que chaque acteur du territoire puisse apporter sa contribution et participer activement à la préservation du patrimoine naturel, les différents outils de recensement des espèces seront présentés lors de manifestations spécifiques.;COMMUNE CHANGIS SUR MARNE;;;a_venir;Va débuter;;0;;;fondsvert-p113-2024;Oui;
atlas-de-la-biodiversite-communale-des-villes-de-jouy-en-josas-bievres-et-buc-commune-de-jouy-en-josas-2024;ATLAS DE LA BIODIVERSITE COMMUNALE DES VILLES DE JOUY-EN-JOSAS, BIEVRES ET BUC;COMMUNE DE JOUY EN JOSAS;;;a_venir;Va débuter;;0;;;fondsvert-p113-2024;Oui;
realisation-d-un-atlas-de-la-biodiversite-communale-commune-de-saint-pierre-du-perray-2024;REALISATION D'UN ATLAS DE LA BIODIVERSITE COMMUNALE;COMMUNE DE SAINT PIERRE DU PERRAY;;;a_venir;Va débuter;;0;;;fondsvert-p113-2024;Oui;
atlas-de-la-biodiversite-communale-de-louveciennes-commune-de-louveciennes-2024;Atlas de la Biodiversité Communale de Louveciennes;COMMUNE DE LOUVECIENNES;;;a_venir;Va débuter;;0;;;fondsvert-p113-2024;Oui;
atlas-de-la-biodiversite-communale-de-verneuil-sur-seine-commune-de-verneuil-sur-seine-2024;Atlas de la Biodiversité Communale de Verneuil-sur-Seine;COMMUNE DE VERNEUIL-SUR-SEINE;;;a_venir;Va débuter;;0;;;fondsvert-p113-2024;Oui;
atlas-de-la-biodiversite-communale-2025-2027-des-communes-du-parc-naturel-regional-de-la-haute-vallee-de-chevreuse-pnr-hvc-2024;Atlas de la biodiversité communale 2025 - 2027 des communes du Parc naturel régional de la Haute Vallée de Chevreuse;PNR HVC;;;a_venir;Va débuter;;0;;;fondsvert-p113-2024;Oui;
abc-de-remilly-les-marais-commune-de-remilly-les-marais-2024;ABC de Rémilly Les Marais;COMMUNE DE REMILLY LES MARAIS;;;a_venir;Va débuter;;0;;;fondsvert-p113-2024;Oui;
realisation-d-un-atlas-de-la-biodiversite-communale-commune-de-saint-pair-sur-mer-2024;Réalisation d'un Atlas de la Biodiversité Communale;COMMUNE DE SAINT PAIR SUR MER;;;a_venir;Va débuter;;0;;;fondsvert-p113-2024;Oui;
atlas-de-la-biodiversite-communale-dieppe-maritime-communaute-d-agglomeration-de-la-region-dieppoise-2024;Atlas de la Biodiversité Communale - Dieppe-Maritime;COMMUNAUTE D AGGLOMERATION DE LA REGION DIEPPOISE;;;a_venir;Va débuter;;0;;;fondsvert-p113-2024;Oui;
realisation-d-un-atlas-de-la-biodiversite-communale-sur-le-territoire-de-la-communaute-de-communes-falaises-du-talou-communaute-de-communes-falaises-du-talou-2024;Réalisation d'un Atlas de la Biodiversité Communale sur le territoire de la Communauté de communes Falaises du Talou;COMMUNAUTE DE COMMUNES FALAISES DU TALOU;;;a_venir;Va débuter;;0;;;fondsvert-p113-2024;Oui;
realisation-d-un-atlas-de-la-biodiversite-communale-commune-de-navarrenx-2024;Réalisation d'un Atlas de la Biodiversité Communale;COMMUNE DE NAVARRENX;;;a_venir;Va débuter;;0;;;fondsvert-p113-2024;Oui;
atlas-de-la-biodiversite-communale-de-maire-commune-de-maire-2024;Atlas de la Biodiversité Communale de MAIRÉ;COMMUNE DE MAIRE;;;a_venir;Va débuter;;0;;;fondsvert-p113-2024;Oui;
atlas-de-la-biodiversite-communale-de-saint-martin-chateau-commune-de-saint-martin-chateau-2024;Atlas de la biodiversité communale de Saint Martin Château;COMMUNE DE SAINT MARTIN CHATEAU;;;a_venir;Va débuter;;0;;;fondsvert-p113-2024;Oui;
atlas-de-la-biodiversite-communale-de-bayonne-commune-de-bayonne-2024;Atlas de la biodiversité communale de Bayonne;COMMUNE DE BAYONNE;;;a_venir;Va débuter;;0;;;fondsvert-p113-2024;Oui;
atlas-de-la-biodiversite-communale-commune-d-izon-2024;Atlas de la biodiversité communale;COMMUNE D'IZON;;;a_venir;Va débuter;;0;;;fondsvert-p113-2024;Oui;
abc-de-bussac-sur-charente-commune-de-bussac-2024;ABC de Bussac-sur-charente;COMMUNE DE BUSSAC;;;a_venir;Va débuter;;0;;;fondsvert-p113-2024;Oui;
atlas-de-la-biodiversite-communale-intercommunal-de-la-communaute-de-communes-aunis-sud-cc-aunis-sud-2024;Atlas de la Biodiversité Communale intercommunal de la communauté de Communes Aunis Sud;CC AUNIS SUD;;;a_venir;Va débuter;;0;;;fondsvert-p113-2024;Oui;
atlas-de-la-biodiversite-communale-de-cahors-commune-de-cahors-2024;Atlas de la biodiversité communale de Cahors;COMMUNE DE CAHORS;;;a_venir;Va débuter;;0;;;fondsvert-p113-2024;Oui;
realisation-d-un-abc-biodiversite-commune-de-saint-antonin-noble-val-2024;Réalisation d'un ABC Biodiversité;COMMUNE DE SAINT ANTONIN NOBLE VAL;;;a_venir;Va débuter;;0;;;fondsvert-p113-2024;Oui;
atlas-de-la-biodiversite-communale-de-bedoues-cocures-commune-de-bedoues-cocures-2024;Atlas de la biodiversité communale de Bédouès-Cocurès;COMMUNE DE BEDOUES-COCURES;;;a_venir;Va débuter;;0;;;fondsvert-p113-2024;Oui;
atlas-de-la-biodiversite-communale-d-assas-commune-d-assas-2024;Atlas de la biodiversité communale d'Assas;COMMUNE D ASSAS;;;a_venir;Va débuter;;0;;;fondsvert-p113-2024;Oui;
realisation-d-un-atlas-de-la-biodiversite-communale-commune-de-la-salvetat-saint-gilles-2024;Réalisation d'un Atlas de la Biodiversité Communale;COMMUNE DE LA SALVETAT SAINT GILLES;;;a_venir;Va débuter;;0;;;fondsvert-p113-2024;Oui;
atlas-de-la-biodiversite-communale-de-blagnac-commune-de-blagnac-2024;Atlas de la biodiversité communale de Blagnac;COMMUNE DE BLAGNAC;;;a_venir;Va débuter;;0;;;fondsvert-p113-2024;Oui;
atlas-de-la-biodiversite-communale-de-bagneres-de-bigorre-commune-de-bagneres-de-bigorre-2024;Atlas de la Biodiversité Communale de Bagnères de Bigorre;COMMUNE DE BAGNERES DE BIGORRE;;;a_venir;Va débuter;;0;;;fondsvert-p113-2024;Oui;
atlas-de-la-biodiversite-communale-commune-de-bio-2024;Atlas de la Biodiversité Communale;COMMUNE DE BIO;;;a_venir;Va débuter;;0;;;fondsvert-p113-2024;Oui;
realisation-d-un-atlas-de-la-biodiversite-communale-commune-de-marciac-2024;Réalisation d'un atlas de la biodiversité communale;COMMUNE DE MARCIAC;;;a_venir;Va débuter;;0;;;fondsvert-p113-2024;Oui;
atlas-de-la-biodiversite-communale-commune-de-saint-jean-2024;Atlas de la Biodiversité Communale;COMMUNE DE SAINT JEAN;;;a_venir;Va débuter;;0;;;fondsvert-p113-2024;Oui;
atlas-de-la-biodiversite-communale-de-balma-commune-de-balma-2024;Atlas de la Biodiversité Communale de Balma;COMMUNE DE BALMA;;;a_venir;Va débuter;;0;;;fondsvert-p113-2024;Oui;
atlas-de-la-biodiversite-communale-sur-trois-communes-de-la-ccphg-frontignan-de-comminges-malvezie-et-saint-pe-d-ardet-cc-pyrenees-haut-garonnaises-2024;Atlas de la Biodiversité Communale sur trois communes de la CCPHG : Frontignan-de-Comminges, Malvezie et Saint-Pé-d’Ardet;CC PYRENEES HAUT GARONNAISES;;;a_venir;Va débuter;;0;;;fondsvert-p113-2024;Oui;
atlas-de-la-biodiversite-communale-du-petr-du-haut-rouergue-petr-du-haut-rouergue-2024;Atlas de la Biodiversité Communale du PETR du Haut-Rouergue;PETR DU HAUT ROUERGUE;;;a_venir;Va débuter;;0;;;fondsvert-p113-2024;Oui;
atlas-de-la-biodiversite-communale-abc-en-pays-du-mans-sm-du-pays-du-mans-2024;Atlas de la Biodiversité Communale (ABC) en Pays du Mans;SM DU PAYS DU MANS;;;a_venir;Va débuter;;0;;;fondsvert-p113-2024;Oui;
atlas-de-la-biodiversite-communale-commune-de-barbentane-2024;Atlas de la biodiversité communale;COMMUNE DE BARBENTANE;;;a_venir;Va débuter;;0;;;fondsvert-p113-2024;Oui;
atlas-de-la-biodiversite-communale-de-clamensane-commune-de-clamensane-2024;ATLAS DE LA BIODIVERSITE COMMUNALE DE CLAMENSANE;COMMUNE DE CLAMENSANE;;;a_venir;Va débuter;;0;;;fondsvert-p113-2024;Oui;
atlas-de-la-biodiversite-communale-commune-de-la-croix-valmer-2024;Atlas de la Biodiversité Communale;COMMUNE DE LA CROIX VALMER;;;a_venir;Va débuter;;0;;;fondsvert-p113-2024;Oui;
mobiliser-pour-mieux-connaitre-et-mieux-agir-avec-l-atlas-de-la-biodiversite-communale-commune-de-sausset-les-pins-2024;Mobiliser pour mieux Connaître et mieux Agir avec l'Atlas de la Biodiversité Communale;COMMUNE DE SAUSSET LES PINS;;;a_venir;Va débuter;;0;;;fondsvert-p113-2024;Oui;
atlas-de-la-biodiversite-communale-commune-d-aubagne-2024;Atlas de la Biodiversité communale;COMMUNE D AUBAGNE;;;a_venir;Va débuter;;0;;;fondsvert-p113-2024;Oui;
abc-de-la-biodiversite-sur-le-territoire-de-tournefort-et-la-tour-commune-de-tournefort-2024;Abc de la Biodiversité sur le territoire de TOURNEFORT et La TOUR;COMMUNE DE TOURNEFORT;;;a_venir;Va débuter;;0;;;fondsvert-p113-2024;Oui;
atlas-de-la-biodiversite-communale-de-villeneuve-loubet-commune-de-villeneuve-loubet-2024;Atlas de la Biodiversité Communale de Villeneuve Loubet;COMMUNE DE VILLENEUVE LOUBET;;;a_venir;Va débuter;;0;;;fondsvert-p113-2024;Oui;
atlas-de-la-biodiversite-communale-commune-de-lambesc-2024;Atlas de la biodiversité communale;COMMUNE DE LAMBESC;;;a_venir;Va débuter;;0;;;fondsvert-p113-2024;Oui;
realisation-de-7-atlas-de-la-biodiversite-communale-metropole-nice-cote-d-azur-2024;réalisation de 7 atlas de la biodiversité communale;METROPOLE NICE COTE D AZUR;;;a_venir;Va débuter;;0;;;fondsvert-p113-2024;Oui;
atlas-de-la-biodiversite-communale-du-parc-naturel-regional-du-verdon-communes-de-rougon-04-et-esparron-de-verdon-04-pnr-du-verdon-2024;Atlas de la biodiversité communale du Parc naturel régional du Verdon : communes de Rougon (04) et Esparron-de-Verdon (04);PNR DU VERDON;;;a_venir;Va débuter;;0;;;fondsvert-p113-2024;Oui;
atlas-de-la-biodiversite-communale-des-communes-du-mercantour-parc-national-du-mercantour-2024;Atlas de la biodiversité communale des communes du Mercantour;PARC NATIONAL DU MERCANTOUR;;;a_venir;Va débuter;;0;;;fondsvert-p113-2024;Oui;
atlas-de-la-biodiversite-intercommunale-de-la-carl-communaute-d-agglomeration-la-riviera-du-levant-2025;Atlas de la Biodiversité Intercommunale de la CARL;COMMUNAUTE D'AGGLOMERATION "LA RIVIERA DU LEVANT";;;a_venir;Va débuter;;1;Guadeloupe;Guadeloupe;fondsvert-p113-2025;Oui;
realisation-d-un-atlas-de-la-biodiversite-communale-commune-de-bram-2025;Réalisation d'un Atlas de la biodiversité communale;COMMUNE DE BRAM;;;a_venir;Va débuter;;1;Aude;Occitanie;fondsvert-p113-2025;Oui;
atlas-de-la-biodiversite-de-la-commune-de-st-laurent-d-agny-commune-de-saint-laurent-d-agny-2025;Atlas de la Biodiversité de la Commune de St Laurent d'Agny;COMMUNE DE SAINT LAURENT D AGNY;;;a_venir;Va débuter;;1;Rhône;Auvergne-Rhône-Alpes;fondsvert-p113-2025;Oui;
atlas-de-la-biodiversite-communale-commune-de-vitre-2025;Atlas de la Biodiversité Communale;COMMUNE DE VITRE;;;a_venir;Va débuter;;1;Ille-et-Vilaine;Bretagne;fondsvert-p113-2025;Oui;
realisation-d-un-atlas-de-la-biodiversite-communale-commune-de-bourg-la-reine-2025;Réalisation d'un Atlas de la Biodiversité Communale;COMMUNE DE BOURG LA REINE;;;a_venir;Va débuter;;1;Hauts-de-Seine;Île-de-France;fondsvert-p113-2025;Oui;
l-atlas-de-la-biodiversite-communale-de-sucy-en-brie-commune-de-sucy-en-brie-2025;L’ATLAS DE LA BIODIVERSITÉ COMMUNALE DE SUCY-EN-BRIE;COMMUNE DE SUCY EN BRIE;;;a_venir;Va débuter;;1;Val-de-Marne;Île-de-France;fondsvert-p113-2025;Oui;
amenagement-ecologique-des-batiments-en-faveur-de-la-faune-dite-anthropophile-syndicat-mixte-de-gestion-du-parc-naturel-regional-de-l-avesnois-2025;Aménagement écologique des bâtiments en faveur de la faune dite anthropophile;SYNDICAT MIXTE DE GESTION DU PARC NATUREL REGIONAL DE L AVESNOIS;;;a_venir;Va débuter;;1;Nord;Hauts-de-France;fondsvert-p113-2025;Oui;
atlas-de-la-biodiversite-communale-de-nice-metropole-nice-cote-d-azur-2025;Atlas de la biodiversité communale de Nice;METROPOLE NICE COTE D AZUR;;;a_venir;Va débuter;;1;Alpes-Maritimes;Provence-Alpes-Côte d'Azur;fondsvert-p113-2025;Oui;
atlas-de-la-biodiversite-communale-communaute-de-communes-du-pays-des-herbiers-2025;Atlas de la biodiversité communale;COMMUNAUTE DE COMMUNES DU PAYS DES HERBIERS;;;a_venir;Va débuter;;1;Vendée;Pays de la Loire;fondsvert-p113-2025;Oui;
atlas-de-la-biodiversite-communale-de-megeve-commune-de-megeve-2025;Atlas de la biodiversité communale de Megève;COMMUNE DE MEGEVE;;;a_venir;Va débuter;;1;Haute-Savoie;Auvergne-Rhône-Alpes;fondsvert-p113-2025;Oui;
atlas-de-la-biodiversite-communale-commune-de-beaulieu-sur-loire-commune-de-beaulieu-sur-loire-2025;Atlas de la Biodiversité Communale : commune de Beaulieu sur Loire;COMMUNE DE BEAULIEU SUR LOIRE;;;a_venir;Va débuter;;1;Loiret;Centre-Val de Loire;fondsvert-p113-2025;Oui;
abc-de-la-motte-d-aveillans-commune-de-la-motte-d-aveillans-2025;ABC de la Motte d'Aveillans;COMMUNE DE LA MOTTE D AVEILLANS;;;a_venir;Va débuter;;1;Isère;Auvergne-Rhône-Alpes;fondsvert-p113-2025;Oui;
atlas-de-la-biodiversite-communale-d-aubry-du-hainaut-conde-sur-l-escaut-crespin-quarouble-quievrechain-saint-aybert-et-thivencelle-sur-le-territoire-du-parc-naturel-regional-scarpe-escaut-edition-n-3-syndicat-mixte-de-gestion-du-parc-naturel-regional-scarpe-escaut-2025;Atlas de la biodiversité communale d’Aubry-du-Hainaut, Condé-sur-l’Escaut, Crespin, Quarouble, Quiévrechain, Saint-Aybert et Thivencelle, sur le territoire du Parc naturel régional Scarpe Escaut – édition n°3;SYNDICAT MIXTE DE GESTION DU PARC NATUREL REGIONAL SCARPE-ESCAUT;;;a_venir;Va débuter;;1;Nord;Hauts-de-France;fondsvert-p113-2025;Oui;
actions-de-l-atlas-de-la-biodiversite-communale-2024-2025-commune-de-argeles-gazost-2025;Actions de l'Atlas de la Biodiversité Communale 2024-2025;COMMUNE DE ARGELES GAZOST;;;a_venir;Va débuter;;1;Hautes-Pyrénées;Occitanie;fondsvert-p113-2025;Oui;
atlas-de-la-biodiversite-communale-de-montreuil-commune-de-montreuil-2025;Atlas de la biodiversité communale de Montreuil;COMMUNE DE MONTREUIL;;;a_venir;Va débuter;;1;Seine-Saint-Denis;Île-de-France;fondsvert-p113-2025;Oui;
atlas-de-la-biodiversite-communale-de-droue-sur-drouette-commune-de-droue-sur-drouette-2025;Atlas de la Biodiversité Communale de DROUE-sur-DROUETTE;COMMUNE DE DROUE SUR DROUETTE;;;a_venir;Va débuter;;1;Eure-et-Loir;Centre-Val de Loire;fondsvert-p113-2025;Oui;
atlas-de-la-biodiversite-communale-de-eternoz-vallee-du-lison-commune-d-eternoz-2025;Atlas de la biodiversité communale de Eternoz-Vallée-du-Lison;COMMUNE D'ETERNOZ;;;a_venir;Va débuter;;1;Doubs;Bourgogne-Franche-Comté;fondsvert-p113-2025;Oui;
atlas-de-la-biodiversite-communal-de-la-ville-d-ajaccio-commune-d-ajaccio-2025;Atlas de la biodiversité communal de la ville D'ajaccio;COMMUNE D AJACCIO;;;a_venir;Va débuter;;1;Corse-du-Sud;Corse;fondsvert-p113-2025;Oui;
atlas-de-la-biodiversite-communale-de-le-perrier-communaute-de-communes-ocean-marais-de-monts-2025;Atlas de la biodiversité communale de Le Perrier;COMMUNAUTE DE COMMUNES OCEAN MARAIS DE MONTS;;;a_venir;Va débuter;;1;Vendée;Pays de la Loire;fondsvert-p113-2025;Oui;
atlas-de-la-biodiversite-communale-abc-de-nueil-les-aubiers-commune-de-nueil-les-aubiers-2025;Atlas de la biodiversité communale (ABC) de Nueil-Les-Aubiers;COMMUNE DE NUEIL LES AUBIERS;;;a_venir;Va débuter;;1;Deux-Sèvres;Nouvelle-Aquitaine;fondsvert-p113-2025;Oui;
atlas-biodiversite-communal-commune-de-chapelle-royale-2025;atlas biodiversité communal;COMMUNE DE CHAPELLE ROYALE;;;a_venir;Va débuter;;1;Eure-et-Loir;Centre-Val de Loire;fondsvert-p113-2025;Oui;
realisation-d-un-atlas-de-la-biodiversite-communale-commune-de-genissac-2025;Réalisation d'un atlas de la biodiversité communale;COMMUNE DE GENISSAC;;;a_venir;Va débuter;;1;Gironde;Nouvelle-Aquitaine;fondsvert-p113-2025;Oui;
atlas-de-la-biodiversite-communale-le-pin-commune-de-le-pin-2025;Atlas de la biodiversité communale LE PIN;COMMUNE DE LE PIN;;;a_venir;Va débuter;;1;Gard;Occitanie;fondsvert-p113-2025;Oui;
atlas-de-la-biodiversite-communale-du-pnr-de-chartreuse-synd-mixte-parc-naturel-reg-chartreuse-2025;Atlas de la Biodiversité Communale du PNR de Chartreuse;SYND MIXTE PARC NATUREL REG CHARTREUSE;;;a_venir;Va débuter;;1;Isère;Auvergne-Rhône-Alpes;fondsvert-p113-2025;Oui;
atlas-de-la-biodiversite-intercommunale-grand-lac-grand-lac-communaute-d-agglomeration-2025;Atlas de la biodiversité intercommunale Grand Lac;GRAND LAC, COMMUNAUTE D'AGGLOMERATION;;;a_venir;Va débuter;;1;Savoie;Auvergne-Rhône-Alpes;fondsvert-p113-2025;Oui;
atlas-de-la-biodiversite-communale-channay-sur-lathan-coteaux-sur-loire-et-rille-touraine-ouest-val-de-loire-2025;Atlas de la biodiversité communale, Channay-sur-Lathan, Coteaux-sur-Loire et Rillé;TOURAINE OUEST VAL DE LOIRE;;;a_venir;Va débuter;;1;Indre-et-Loire;Centre-Val de Loire;fondsvert-p113-2025;Oui;
atlas-de-la-biodiversite-communale-de-chaumont-commune-de-chaumont-2025;Atlas de la biodiversité communale de Chaumont;COMMUNE DE CHAUMONT;;;a_venir;Va débuter;;1;Haute-Marne;Grand Est;fondsvert-p113-2025;Oui;
atlas-de-la-biodiversite-communale-du-projet-de-pnr-de-l-astarac-syndicat-mixte-de-prefiguration-du-parc-naturel-regional-de-l-astarac-2025;Atlas de la Biodiversité Communale du projet de PNR de l'Astarac;SYNDICAT MIXTE DE PREFIGURATION DU PARC NATUREL REGIONAL DE L'ASTARAC;;;a_venir;Va débuter;;1;Gers;Occitanie;fondsvert-p113-2025;Oui;
connaitre-et-proteger-la-biodiversite-du-quotidien-commune-de-huningue-2025;Connaître et protéger la biodiversité du quotidien;COMMUNE DE HUNINGUE;;;a_venir;Va débuter;;1;Haut-Rhin;Grand Est;fondsvert-p113-2025;Oui;
atlas-de-la-biodiversite-communale-de-warnecourt-commune-de-warnecourt-2025;Atlas de la biodiversité communale de Warnécourt;COMMUNE DE WARNECOURT;;;a_venir;Va débuter;;1;Ardennes;Grand Est;fondsvert-p113-2025;Oui;
atlas-de-la-biodiversite-communale-de-villefort-et-pourcharesses-commune-de-villefort-2025;Atlas de la biodiversité communale de VILLEFORT et POURCHARESSES;COMMUNE DE VILLEFORT;;;a_venir;Va débuter;;1;Lozère;Occitanie;fondsvert-p113-2025;Oui;
abc-ain-cerdon-communaute-de-communes-rives-de-l-ain-pays-du-cerdon-2025;ABC Ain-Cerdon;COMMUNAUTE DE COMMUNES RIVES DE L'AIN PAYS DU CERDON;;;a_venir;Va débuter;;1;Ain;Auvergne-Rhône-Alpes;fondsvert-p113-2025;Oui;
abc-de-la-commune-de-mandagout-commune-de-mandagout-2025;ABC de la commune de Mandagout;COMMUNE DE MANDAGOUT;;;a_venir;Va débuter;;1;Gard;Occitanie;fondsvert-p113-2025;Oui;
atlas-de-la-biodiversite-communale-de-saint-josse-commune-de-saint-josse-2025;Atlas de la biodiversité communale de Saint-Josse;COMMUNE DE SAINT JOSSE;;;a_venir;Va débuter;;1;Pas-de-Calais;Hauts-de-France;fondsvert-p113-2025;Oui;
atlas-de-la-biodiversite-communale-de-dumbea-province-sud-2025;Atlas de la biodiversité communale de Dumbéa;PROVINCE SUD;;;a_venir;Va débuter;;1;Nouvelle-Calédonie;Nouvelle-Calédonie;fondsvert-p113-2025;Oui;
atlas-de-la-biodiversite-communale-foix-2025-2028-commune-de-foix-2025;Atlas de la biodiversité communale Foix 2025 - 2028;COMMUNE DE FOIX;;;a_venir;Va débuter;;1;Ariège;Occitanie;fondsvert-p113-2025;Oui;
realisation-d-un-abc-sur-la-commune-de-geneston-commune-de-geneston-2025;Réalisation d'un ABC sur la commune de Geneston.;COMMUNE DE GENESTON;;;a_venir;Va débuter;;1;Loire-Atlantique;Pays de la Loire;fondsvert-p113-2025;Oui;
abc-de-maze-milon-synd-mixte-parc-nat-loire-anjou-touraine-2025;ABC de Mazé-Milon;SYND MIXTE PARC NAT LOIRE ANJOU TOURAINE;;;a_venir;Va débuter;;1;Maine-et-Loire;Pays de la Loire;fondsvert-p113-2025;Oui;
atlas-de-la-biodiversite-communale-abc-commune-de-treves-2025;Atlas de la biodiversité communale (ABC);COMMUNE DE TREVES;;;a_venir;Va débuter;;1;Gard;Occitanie;fondsvert-p113-2025;Oui;
abc-arche-agglo-drome-ardeche-avec-12-communes-volontaires-ca-arche-agglo-2025;ABC ARCHE Agglo Drôme-Ardèche avec 12 communes volontaires;CA ARCHE AGGLO;;;a_venir;Va débuter;;1;Ardèche;Auvergne-Rhône-Alpes;fondsvert-p113-2025;Oui;
atlas-de-la-biodiversite-communale-de-biriatou-commune-de-biriatou-2025;Atlas de la Biodiversité Communale de Biriatou;COMMUNE DE BIRIATOU;;;a_venir;Va débuter;;1;Pyrénées-Atlantiques;Nouvelle-Aquitaine;fondsvert-p113-2025;Oui;
atlas-de-la-biodiversite-communale-de-la-commune-de-boubers-sur-canche-commune-de-boubers-sur-canche-2025;Atlas de la Biodiversité Communale de la commune de Boubers-sur-Canche;COMMUNE DE BOUBERS SUR CANCHE;;;a_venir;Va débuter;;1;Pas-de-Calais;Hauts-de-France;fondsvert-p113-2025;Oui;
atlas-de-la-biodiversite-communale-du-parc-naturel-regional-du-massif-des-bauges-decline-a-9-communes-syndicat-mixte-parc-naturel-regional-massif-des-bauges-2025;Atlas de la biodiversité communale du Parc naturel régional du Massif des Bauges décliné à 9 communes;SYNDICAT MIXTE PARC NATUREL REGIONAL MASSIF DES BAUGES;;;a_venir;Va débuter;;1;Savoie;Auvergne-Rhône-Alpes;fondsvert-p113-2025;Oui;
atlas-de-la-biodiversite-nocturne-marseillaise-commune-de-marseille-2025;Atlas de la biodiversité nocturne marseillaise;COMMUNE DE MARSEILLE;;;a_venir;Va débuter;;1;Bouches-du-Rhône;Provence-Alpes-Côte d'Azur;fondsvert-p113-2025;Oui;
atlas-de-la-biodiversite-communale-de-louviers-commune-de-louviers-2025;ATLAS DE LA BIODIVERSITE COMMUNALE DE LOUVIERS;COMMUNE DE LOUVIERS;;;a_venir;Va débuter;;1;Eure;Normandie;fondsvert-p113-2025;Oui;
atlas-de-la-biodiversite-communale-abc-des-communes-de-lodeve-olmet-et-villecun-le-puech-et-celles-communaute-de-communes-lodevois-et-larzac-2025;Atlas de la Biodiversité Communale (ABC) des communes de Lodève, Olmet-et-Villecun, Le Puech et Celles;COMMUNAUTE DE COMMUNES LODEVOIS ET LARZAC;;;a_venir;Va débuter;;1;Hérault;Occitanie;fondsvert-p113-2025;Oui;
realisation-d-un-atlas-de-la-biodiversite-communale-commune-de-maule-2025;Réalisation d'un Atlas de la Biodiversité Communale;COMMUNE DE MAULE;;;a_venir;Va débuter;;1;Yvelines;Île-de-France;fondsvert-p113-2025;Oui;
atlas-de-la-biodiversite-communale-commune-de-thiescourt-2025;Atlas de la Biodiversité Communale;COMMUNE DE THIESCOURT;;;a_venir;Va débuter;;1;Oise;Hauts-de-France;fondsvert-p113-2025;Oui;
atlas-de-la-biodiversite-communale-de-koumac-commune-de-koumac-2025;Atlas de la biodiversité communale de Koumac;COMMUNE DE KOUMAC;;;a_venir;Va débuter;;1;Nouvelle-Calédonie;Nouvelle-Calédonie;fondsvert-p113-2025;Oui;
atlas-de-la-biodiversite-communale-commune-de-montauroux-2025;Atlas de la biodiversite communale;COMMUNE DE MONTAUROUX;;;a_venir;Va débuter;;1;Var;Provence-Alpes-Côte d'Azur;fondsvert-p113-2025;Oui;
atlas-de-la-biodiversite-communale-commune-de-pouzac-2025;Atlas de la Biodiversité communale;COMMUNE DE POUZAC;;;a_venir;Va débuter;;1;Hautes-Pyrénées;Occitanie;fondsvert-p113-2025;Oui;
atlas-de-la-biodiversite-communale-de-le-thor-commune-le-thor-2025;Atlas de la Biodiversité Communale de Le Thor;COMMUNE LE THOR;;;a_venir;Va débuter;;1;Vaucluse;Provence-Alpes-Côte d'Azur;fondsvert-p113-2025;Oui;
atlas-de-la-biodiversite-communale-de-quint-fonsegrives-commune-de-quint-fonsegrives-2025;Atlas de la Biodiversité Communale de Quint-Fonsegrives;COMMUNE DE QUINT-FONSEGRIVES;;;a_venir;Va débuter;;1;Haute-Garonne;Occitanie;fondsvert-p113-2025;Oui;
atlas-de-la-biodiversite-communale-d-argenvilliers-charbonnieres-et-manou-synd-mixte-gesti-parc-naturel-reg-perche-2025;Atlas de la biodiversité communale d'Argenvilliers, Charbonnières et Manou;SYND MIXTE GESTI PARC NATUREL REG PERCHE;;;a_venir;Va débuter;;1;Eure-et-Loir;Centre-Val de Loire;fondsvert-p113-2025;Oui;
atlas-de-la-biodiversite-communale-de-la-fare-les-oliviers-commune-de-la-fare-les-oliviers-2025;Atlas de la biodiversité communale de La Fare les Oliviers;COMMUNE DE LA FARE LES OLIVIERS;;;a_venir;Va débuter;;1;Bouches-du-Rhône;Provence-Alpes-Côte d'Azur;fondsvert-p113-2025;Oui;
atlas-de-la-biodiversite-intercommunale-de-la-communaute-de-communes-du-pays-des-vans-en-cevennes-cc-pays-des-vans-en-cevennes-2025;ATLAS DE LA BIODIVERSITE INTERCOMMUNALE DE LA COMMUNAUTE DE COMMUNES DU PAYS DES VANS EN CEVENNES;CC PAYS DES VANS EN CEVENNES;;;a_venir;Va débuter;;1;Ardèche;Auvergne-Rhône-Alpes;fondsvert-p113-2025;Oui;
atlas-de-la-biodiversite-intercommunal-de-la-communaute-de-communes-terres-du-haut-berry-cc-terres-du-haut-berry-2025;Atlas de la biodiversité intercommunal de la Communauté de Communes Terres du Haut Berry;CC TERRES DU HAUT BERRY;;;a_venir;Va débuter;;1;Cher;Centre-Val de Loire;fondsvert-p113-2025;Oui;
atlas-de-la-biodiversite-communale-de-belleville-sur-meuse-commune-de-belleville-sur-meuse-2025;Atlas de la biodiversité communale de Belleville sur Meuse;COMMUNE DE BELLEVILLE SUR MEUSE;;;a_venir;Va débuter;;1;Meuse;Grand Est;fondsvert-p113-2025;Oui;
atlas-de-la-biodiversite-communale-de-jumieges-commune-de-jumieges-2025;Atlas de la biodiversité communale de Jumièges;COMMUNE DE JUMIEGES;;;a_venir;Va débuter;;1;Seine-Maritime;Normandie;fondsvert-p113-2025;Oui;
mieux-connaitre-et-mobiliser-pour-agir-en-pays-ajaccien-communaute-d-agglomeration-du-pays-ajaccien-2025;Mieux connaître et mobiliser pour agir en pays ajaccien;COMMUNAUTE D AGGLOMERATION DU PAYS AJACCIEN;;;a_venir;Va débuter;;1;Corse-du-Sud;Corse;fondsvert-p113-2025;Oui;
atlas-de-la-biodiversite-communale-commune-de-coudoux-2025;atlas de la biodiversité communale;COMMUNE DE COUDOUX;;;a_venir;Va débuter;;1;Bouches-du-Rhône;Provence-Alpes-Côte d'Azur;fondsvert-p113-2025;Oui;
atlas-de-la-biodiversite-communale-de-tarbes-commune-de-tarbes-2025;Atlas de la biodiversité communale de Tarbes;COMMUNE DE TARBES;;;a_venir;Va débuter;;1;Hautes-Pyrénées;Occitanie;fondsvert-p113-2025;Oui;
atlas-de-biodiversite-communale-commune-de-beaumotte-les-pin-2025;Atlas de Biodiversité Communale;COMMUNE DE BEAUMOTTE LES PIN;;;a_venir;Va débuter;;1;Haute-Saône;Bourgogne-Franche-Comté;fondsvert-p113-2025;Oui;
atlas-dynamique-de-la-biodiversite-des-communes-de-fleury-sur-orne-saint-andre-sur-orne-et-ifs-commune-de-fleury-sur-orne-2025;Atlas dynamique de la biodiversité des communes de Fleury-sur-Orne, Saint-André-sur-Orne et Ifs;COMMUNE DE FLEURY SUR ORNE;;;a_venir;Va débuter;;1;Calvados;Normandie;fondsvert-p113-2025;Oui;
realisation-d-un-atlas-de-la-biodiversite-communale-a-noisy-le-sec-commune-de-noisy-le-sec-2025;Réalisation d'un atlas de la biodiversité communale à Noisy-le-Sec;COMMUNE DE NOISY LE SEC;;;a_venir;Va débuter;;1;Seine-Saint-Denis;Île-de-France;fondsvert-p113-2025;Oui;
